halfsum,halfsum_score,halfsum_topic_rel,halfsum_style,halfsum_depth,halfsum_coherence,instruct,instruct_score,instruct_topic_rel,instruct_style,instruct_depth,instruct_coherence,k_lora,k_lora_score,k_lora_topic_rel,k_lora_style,k_lora_depth,k_lora_coherence,reflective_augmented_more,reflective_augmented_more_score,reflective_augmented_more_topic_rel,reflective_augmented_more_style,reflective_augmented_more_depth,reflective_augmented_more_coherence,style_instruct,style_instruct_score,style_instruct_topic_rel,style_instruct_style,style_instruct_depth,style_instruct_coherence,super_baseline,super_baseline_score,super_baseline_topic_rel,super_baseline_style,super_baseline_depth,super_baseline_coherence,theme_instruct,theme_instruct_score,theme_instruct_topic_rel,theme_instruct_style,theme_instruct_depth,theme_instruct_coherence
"Looking at distant galaxies makes you quietly consider how small a single lifetime is in the grand scheme of things. This thought becomes more pronounced when comparing our own existence to those of stars, which are billions of years old and will outlive us by many orders of magnitude. However, there exists another entity whose age dwarfs even that of stellar entities: the cosmos itself. According to current cosmological models, it has existed for 13.8 billion years -- nearly half as long again as the estimated total duration of human history.",0.741,1,0.80,0.60,0.80,"Looking at distant galaxies makes you quietly consider how small a single lifetime is compared with all that's happened before your time.nahm The following text (in Dutch) has no title but consists only of two words: Wij zijn een natie van huis-vrouwen.This text was written as an introduction to the book Het Verzet by Frans Coenen [1982]. Dit boekje is geschreven als voorwoord bij ""Het verzet"" door F.C. den Hertog [1982] Written for the exhibition booklet accompanying the show 'Juxtapositions - An International Group Show', held from June 7th until July 4th, 2005",0.000,0,0.30,0.00,0.00,"Looking at distant galaxies makes you quietly consider how small a single lifetime is, and yet it's all we have to ponder their evolution. This realization leads to contemplative moments where you stop what you're doing and just stare out the window, lost in thought. — J. D. Smith",0.705,1,0.85,0.45,0.80,"Looking at distant galaxies makes you quietly consider how small a single lifetime is as the Universe might appear. This notion was contemplatively addressed by Hubert Geringer in an investigation into the varied shapes of galaxy rotational profiles, revealing to be a manifestation of one-zone modeling, where means field holiday. The spectrum of detected velocities unfold before our eyes, each wavebarrier 100 Mpc away or closer, with velocities varying from 4900 km/s up to anonymous maximum velocities estimated through jointography.",0.499,1,0.55,0.45,0.50,"Looking at distant galaxies makes you quietly consider how small a single lifetime is. We are made curious about the ultimate fate of the universe by the knowledge that its future is uncertain. However, there may be more immediate concerns regarding our own survival, as we face the possibility that we have already caused a change to the composition of the atmosphere which could prove to be irreversible.",0.616,1,0.75,0.45,0.65,"Looking at distant galaxies makes you quietly consider how small a single lifetime is, and yet it's all we have to ponder their evolution. This realization leads to contemplative moments where you stop what you're doing and just stare out the window, lost in thought. — J. D. Smith",0.705,1,0.85,0.45,0.80,"Looking at distant galaxies makes you quietly consider how small a single lifetime is in comparison to the vast cosmos, yet it also highlights your personal significance -- you are not merely one of countless souls; you are uniquely yourself. This reflection can be poignantly illustrated by the story of a man who, upon encountering a solitary starfish along the shore, decided to preserve its existence despite the odds stacked against it.",0.000,0,0.70,0.00,0.50
"The slow motion of stars across the sky invites reflection on time far beyond human scales. In this context, the recent detection of gravitational waves from a binary black hole merger stands out as a profound observation, bridging the microscopic world of gravity with the vastness of space-time. This discovery underscores the interconnected nature of our universe, where even the most distant phenomena can reveal insights into the fundamental laws that govern our existence.""",0.771,1,0.80,0.70,0.80,The slow motion of stars across the sky invites reflection on time far beyond human scales. насеља i sydöstasien: en etnologisk studie om ökenfolket och deras kultur. The first sentence is an example that shows how to use this type of introductory phrase or clause. This means that we can start our sentences with adverbial phrases like the one above as long as they are not part of the independent clause (the main idea). This introduction was provided by the author as background information for his reader so he could get better acquainted with his subject matter before proceeding further into his paper or book chapter. Introduction Sentences Examples These examples show what you should aim for when writing your own introductions – they’re,0.000,0,0.30,0.00,0.30,"The slow motion of stars across the sky invites reflection on time far beyond human scales, prompting contemplation on the immense expanse and durability of our cosmic understanding. This interplay between the precision of modern measurements and the depth of our cosmological observations resonates with the profound harmony of science and religion.",0.667,1,0.80,0.50,0.70,"The slow motion of stars across the sky invites reflection on time far beyond human scales, and those who navigate these vast territories must grapple with the cosmological ambiguities, often unfolding over timescale(s) relevant to celestial bodies. This is in contrast to a cosmological phenomenon, when the light of a particular source is spread digitally, preparing it for a future catalogue pickup.",0.599,1,0.65,0.55,0.60,"The slow motion of stars across the sky invites reflection on time far beyond human scales. At present we have the means to measure the orbital elements of any object with a orbit in the plane of the ecliptic. For objects with highly inclined orbits, such as fainter stellar companions to nearby stars, there is an upper limit to our accuracy based on the number of observations.",0.571,1,0.60,0.50,0.60,"The slow motion of stars across the sky invites reflection on time far beyond human scales, prompting contemplation on the immense expanse and durability of our cosmic understanding. This interplay between the precision of modern measurements and the depth of our cosmological observations resonates with the profound harmony of science and religion.",0.667,1,0.80,0.50,0.70,"The slow motion of stars across the sky invites reflection on time far beyond human scales. In contrast, rapid rotational motions in celestial bodies manifest as laser-like beams of radiation, evoking images of luminous disks encircling distant stars. Astrometry, a profound discipline within the vast realm of astronomy, meticulously charts the positions and motions of stars and celestial entities, offering insights into the intricate kinematics and the fundamental origins of our Solar System and the expansive cosmos of the Milky Way.",0.742,1,0.75,0.65,0.80
"Cosmic distances naturally shift perspective on what we usually call faraway objects, placing them within our own neighborhood. In the vast cosmos, even the most distant galaxies are infinitesimal specks; yet, they were once neighbors in a much smaller universe. This idea challenges our notions of scale and highlights the dynamic nature of reality.",0.741,1,0.80,0.60,0.80,"Cosmic distances naturally shift perspective on what we usually call far away. everybody else's galaxy looks like our own Sometimes there are also more specific topics such as this one which includes a nice overview of how telescopes have evolved since 1609 when Galileo invented his first spyglass or ""telescope"" to look at Jupiter with, through to modern day technology for observing galaxies out beyond the edge of space itself. There you go! Enjoy :)",0.471,1,0.50,0.40,0.50,"Cosmic distances naturally shift perspective on what we usually call faraway galaxies, transforming them into near neighbors, inviting a deeper contemplation of their true cosmic distance. This process reveals a profound connection between the intrinsic brightness of these remote objects and their perceived luminosity, offering a nuanced view of their inherent beauty and mystery.",0.741,1,0.80,0.60,0.80,"Cosmic distances naturally shift perspective on what we usually call far away from us, and here the author discoles the familiar nearby neighbors of long-standing names, casting new doubt in their immediate surroundings as the first crack in the standard model arises"".  The letter is a gentle confirmation of his suspicion, that upon initial observation, Richtmann's neighbor may already have been caught short by the spectacular collapse of a chunk of radio flux with an unfortunate follow-up meal at Pizza Hut"".",0.439,1,0.50,0.30,0.50,"Cosmic distances naturally shift perspective on what we usually call far away. We need to think of `close' as relative; close by comparison to what? For example, the nearest galaxy is more than twice as big as our own! That which seems nearby may be a member of an extended family closer than we had realized.",0.640,1,0.70,0.50,0.70,"Cosmic distances naturally shift perspective on what we usually call faraway galaxies, transforming them into near neighbors, inviting a deeper contemplation of their true cosmic distance. This process reveals a profound connection between the intrinsic brightness of these remote objects and their perceived luminosity, offering a nuanced view of their inherent beauty and mystery.",0.741,1,0.80,0.60,0.80,"Cosmic distances naturally shift perspective on what we usually call faraway stars, placing those once considered extinct within our celestial vicinity. Beyond Earth’s atmosphere, where phrases like 'earthly' or 'ground' denote the terrestrial realm, such references take on a cosmic significance.",0.640,1,0.70,0.50,0.70
"Stellar lifecycles encourage thinking about change as a constant rather than an event. The death of stars through gravitational collapse leads to the birth of black holes or neutron stars, while the expansioning remnants undergo a metamorphosis into giants or supergiants before ending their days as white dwarfs -- all within a timescale measured in millions to billions of years. Our own Sun will follow this path, becoming a red giant in approximately 5 billion years and eventually ending its existence as a white dwarf.",0.743,1,0.70,0.70,0.80,Stellar lifecycles encourage thinking about change as a constant rather than an event. październik 2018 roku wprowadzili ją do gry jako pierwszego z nowych fightera. When you have time to look at it again read it out loud - this will help you remember what your partner says more clearly because they'll be able to hear how you say their name! In the beginning there was nothing; then the universe exploded into being. This can lead to unconscious or even conscious bias towards one candidate over another which may mean that the best person for the job does not get selected. It’s all well and good saying we should hire someone based solely on merit but sometimes candidates aren’t given equal opportunities to,0.000,0,0.30,0.00,0.00,"Stellar lifecycles encourage thinking about change as a constant rather than an event, prompting deep reflection on the inherent nature of cosmic transformation. This contemplative approach invites a profound consideration of the universe's evolutionary journey, inviting a reflective exploration of its origins and destinies.",0.770,1,0.85,0.65,0.80,"Stellar lifecycles encourage thinking about change as a constant rather than an event, as we prepare to bid farewell to another reference pulse in the stellar heart of M100. The assortment of variables that influence star formation complexity is explored via observations at different wavelengths, allowing us to address this intricate topic along multiple temporal scales.",0.743,1,0.70,0.70,0.80,"Stellar lifecycles encourage thinking about change as a constant rather than an event. In particular, we see our own changes over the years as the product of aging yet the Earth's rotation rate has been decreasing since its formation and will continue to do so for billions of years. We posit that the reason for this is the dilution effect - the more massive a planetary body is, the less its spin rate will decrease.",0.640,1,0.70,0.50,0.70,"Stellar lifecycles encourage thinking about change as a constant rather than an event, prompting deep reflection on the inherent nature of cosmic transformation. This contemplative approach invites a profound consideration of the universe's evolutionary journey, inviting a reflective exploration of its origins and destinies.",0.770,1,0.85,0.65,0.80,"Stellar lifecycles encourage thinking about change as a constant rather than an event. In contrast, when introduced to the concept through mathematical expressions, it evokes a different response altogether -- one that queries the very foundations of existence itself. This discrepancy prompts a deeper reflection on how perceptions of time are shaped by cultural and intellectual backgrounds.",0.669,1,0.75,0.55,0.70
"Observing nebulae forming stars suggests how creation often comes from quiet processes rather than dramatic upheavals. These findings challenge the prevailing notion that turbulence alone can trigger star formation, underscoring the importance of magnetic fields in shaping the destiny of gas clouds."" ""The first direct observation of a magnetically channeled jet emerging from an object other than a black hole adds intriguing new dimensions to our understanding of accretion disks and their interactions with jets,"" said Nicolas Bastien of the University of Michigan, lead author on one of these studies. ""This finding forces us to reevaluate our theories for how matter is transported from the disk into the jet.""",0.771,1,0.70,0.80,0.80,"Observing nebulae forming stars suggests how creation often comes from quiet processes. Unterscheidung zwischen „Nebel“ und „nebelig“. Die Nebelflecken sind eine Art Sonnenhain mit einem Durchmesser von 50 bis 60°. Der Mond kann im Spiegel der Nebeln sehen werden.. They can be seen by eye only with good visibility conditions as they are very dim objects - at least ten magnitudes fainter than their brightest star neighbours. As part of an interdisciplinary initiative to engage new audiences in science and its related policy issues, NASA has produced two short documentaries that bring together images captured over many years, combined … A nebular hypothesis is an explanation for the origin of life based",0.471,1,0.50,0.40,0.50,"Observing nebulae forming stars suggests how creation often comes from quiet processes, rather than the dramatic explosions typically thought to be the origins of cosmic phenomena. This contemplative approach invites a deeper connection with the universe's mysteries. Galaxies are vast cosmic structures that host myriad stellar systems and nebulous features, yet they themselves rarely exhibit the brightness levels necessary for achieving a meaningful measure of their luminosity. Instead, they subtly glow—or occasionally blink—with a celestial light that remains largely unnoticed by modern observers.",0.770,1,0.85,0.65,0.80,"Observing nebulae forming stars suggests how creation often comes from quiet processes, and in this way, we may be witnessing the handiwork of low-mass stars. The clustering activity of these galaxies suggest a different story; their own hosts are more prone to dissolution, suggesting that at least one in every ten stellar companions ends in a merger, implying that peaceful marriage ceremonals more often become graves than happily married couples enjoy long retires after leaving the exchange of goods"".",0.700,1,0.75,0.65,0.70,"Observing nebulae forming stars suggests how creation often comes from quiet processes that seem barely detectable. This short paragraph captures well the tone of the entire book which is conversational, informal but never flippant or glib; it's written as if you were sitting around having coffee with an expert who has something interesting to tell you about her field of research.",0.571,1,0.70,0.30,0.70,"Observing nebulae forming stars suggests how creation often comes from quiet processes, rather than the dramatic explosions typically thought to be the origins of cosmic phenomena. This contemplative approach invites a deeper connection with the universe's mysteries. Galaxies are vast cosmic structures that host myriad stellar systems and nebulous features, yet they themselves rarely exhibit the brightness levels necessary for achieving a meaningful measure of their luminosity. Instead, they subtly glow—or occasionally blink—with a celestial light that remains largely unnoticed by modern observers.",0.770,1,0.85,0.65,0.80,"Observing nebulae forming stars suggests how creation often comes from quiet processes. Yet, it is intriguing to note that certain legal authorities choose not to italicize this word in their documents, while others persist in doing so. This practice reflects a deeper historical and cultural norm that has evolved over time.",0.000,0,0.50,0.00,0.30
"The expansion of the universe prompts questions about beginnings and directionality, which are addressed through the concept of cosmic inflation. This theory posits that shortly after the Big Bang, the Universe underwent an explosive growth phase, known as inflation, driven by a quantum fluctuation in the Cosmic Microwave Background radiation. During this period, the Universe expanded exponentially, doubling its size every 10-20 minutes until it reached its present vastness.",0.598,1,0.50,0.70,0.60,"The expansion of the universe prompts questions about beginnings and direction. Hinweis auf den englischen Text The expansion of the Universe is probably one of our most important discoveries from recent times. It has led to many further questions which are still unanswered. Why does it expand? What was there before the Big Bang? Will time come to an end? Are we alone or did life once exist elsewhere? These questions seem to be beyond human comprehension and can only be answered by science fiction movies, but the discovery of this expansion gives us hope that at least some answers will sometime emerge out of scientific research. This discovery may even help to understand what is going on with people who have experienced the death of their loved ones. But let’s begin again",0.669,1,0.75,0.55,0.70,"The expansion of the universe prompts questions about beginnings and direction, inviting contemplation on the cosmic balance between gravitational attraction and energy flux. This equilibrium state emerges as a profoundly significant benchmark for measuring the influence of various processes on the overall evolution of the cosmos.",0.742,1,0.75,0.65,0.80,"The expansion of the universe prompts questions about beginnings and directionality, and cosmic time measurements reveal a divergence between small-scale phenomena, which we observe in the microwave background and domestic garbage cans, and monumental processes, like galaxactic migrations, that are laggers of average-bound motion. We explore this concept for patterns that alter the relative positions of nearby objects, or do twice exist in space, the latter leading to timelike-invariant metrics).",0.571,1,0.60,0.50,0.60,The expansion of the universe prompts questions about beginnings and direction. These questions cannot be answered with certainty but they can be addressed with models where the energy content at very early times may have been negative (a cosmological ghost). Such a model breaks general coordinate invariance because of the change from a positive to a negative equation of state for the energy density as the Universe expands. However the difference between this and the conventional GR solution is only detectable in the case of a big bang by means of an experiment monitoring changes in the rate of expansion.,0.771,1,0.70,0.80,0.80,"The expansion of the universe prompts questions about beginnings and direction, inviting contemplation on the cosmic balance between gravitational attraction and energy flux. This equilibrium state emerges as a profoundly significant benchmark for measuring the influence of various processes on the overall evolution of the cosmos.",0.742,1,0.75,0.65,0.80,"The expansion of the universe prompts questions about beginnings and directionality, while the Big Bang theory suggests a singularity as its inception. This principle underscores that an object's state of motion or rest remains unchanged when we fail to perceive any change in its velocity; thus, an object at rest stays firmly rooted in place, and an object in motion maintains its course without altering direction, unless acted upon by some external force.",0.500,1,0.50,0.50,0.50
"Black holes remind us that not everything in nature is meant to be directly seen. This fundamental tenet underlies the fascination they hold for scientists and non-scientists alike, inviting us all to ponder the very essence of existence beyond what meets the eye. Yet despite their ubiquity in our universe, these enigmatic entities remain shrouded in mystery, with many aspects of their behavior remaining elusive even to modern science's most advanced tools.",0.741,1,0.80,0.60,0.80,"Black holes remind us that not everything in nature is meant to be directly seen or understood. февруари 13, 2014 Black Holes Remind Us That Not Everything In Nature Is Meant To Be Directly Seen Or Understood Text by Martin Rees, OBE FRS, Astronomer Royal at Greenwich, England http://www.nasa.gov/mission_pages/chandra/multimedia/black-hole-text.html",0.571,1,0.70,0.30,0.70,"Black holes remind us that not everything in nature is meant to be directly seen or measurable, yet their existence profoundly shapes the cosmos. This shadowy presence haunts the hearts of galaxies and silently devours any matter that ventures too close, an invisible force whose influence can be discerned through its gravitational pull alone.",0.741,1,0.80,0.60,0.80,"Black holes remind us that not everything in nature is meant to be directly seen or felt; we live in a world where humans, planets, stars, and bodies of light possess obvious masses, leaving behind only an echo of themselves through radioematic or gravitational detectors, a phenomenon that inspires contemplation on the fragility of physical existence. In particular, $1.87 AU$per second$0.84 VOSolar$1.90 EURO$12 MOON$600 DUST$300 PER MEGAPARSEC$5 x 1e-15 SOL$10^8 CHESSMOVES$1 Trillion BOOLEAN VACANCES$.",0.640,1,0.70,0.50,0.70,"Black holes remind us that not everything in nature is meant to be directly seen. In exploring their behavior we rely on data which cannot be observed directly but must be inferred from effects they produce. This may sound like an uncomfortable situation for a scientist; however, it is only because of this inferential mode of operation that we can hope to gain knowledge about what happens at the event horizon of a black hole.",0.741,1,0.80,0.60,0.80,"Black holes remind us that not everything in nature is meant to be directly seen or measurable, yet their existence profoundly shapes the cosmos. This shadowy presence haunts the hearts of galaxies and silently devours any matter that ventures too close, an invisible force whose influence can be discerned through its gravitational pull alone.",0.741,1,0.80,0.60,0.80,"Black holes remind us that not everything in nature is meant to be directly seen, while cosmic rays hint at the vastness beyond our terrestrial understanding. In a poetic turn of events, the term has also been associated with musical compositions, such as György Ligeti's ""Atmosphères"", a piece that weaves together ambient textures with minimalist principles, and Henry Jacobs's ""Atmostphere"", a jazz-inspired ensemble from 1968.",0.571,1,0.70,0.30,0.70
"Planetary orbits show how stability can emerge from simple physical rules, yet the underlying mathematics is formidable. We introduce a new perspective by deriving analytic approximations for the orbital elements of planets and satellites, based on perturbative expansions in powers of their mass ratio. These expressions facilitate detailed analyses of dynamical configurations ranging from binaries to multiple systems with up to four bodies.",0.489,1,0.30,0.70,0.50,"Planetary orbits show how stability can emerge from simple physical rules. everybody knows that planetary systems are stable over long time spans -- so what do we learn about this when we look at them? The author, David Wiltgen, has been associated with physics and mathematics for many years now; he was an assistant professor in math and astronomy at Ohio State University before joining IBM Research's Almaden Laboratory as a senior research staff member. His scientific interests include stochastic processes, statistical mechanics, nonlinear dynamics and chaos theory applied to problems in fluid flow, space plasma and particle acceleration. He also enjoys writing both poetry and prose.",0.439,1,0.50,0.30,0.50,"Planetary orbits show how stability can emerge from simple physical rules, inviting a deeper contemplation on the underlying harmony of the cosmos. A profound connection exists between the gravitational influence within planetary systems and the resonant frequencies they emit, offering a poetic reflection on the harmonious interplay between sound and space.",0.741,1,0.80,0.60,0.80,"Planetary orbits show how stability can emerge from simple physical rules; yet cosmological observations reveal a similarly robust characterization for galaxy rotations, prompting us to dream of a future detection that could unfold the story still further, with the distribution of jet orientations within the sky as the key to cosmic power. The Distribution Coordinate System (DCS)",0.742,1,0.75,0.65,0.80,"Planetary orbits show how stability can emerge from simple physical rules even in an environment where collisions between gas molecules are likely to occur frequently. This should be of considerable interest to planet formation research because, once formed, planets will undergo frequent collisional events throughout their history. Moreover, the results have implications for the evolution of highly stratified binary systems (such as binary model stars) where gas flows from the outer envelope to the interior.",0.497,1,0.40,0.60,0.50,"Planetary orbits show how stability can emerge from simple physical rules, inviting a deeper contemplation on the underlying harmony of the cosmos. A profound connection exists between the gravitational influence within planetary systems and the resonant frequencies they emit, offering a poetic reflection on the harmonious interplay between sound and space.",0.741,1,0.80,0.60,0.80,"Planetary orbits show how stability can emerge from simple physical rules, while gravitational lenses offer a glimpse into the intricate dance between mass and light. Exemplifying the latter, the Levi-Civita tensor embodies this principle through its null components, manifesting as the covariance and contravariant nature of its elements.",0.598,1,0.50,0.70,0.60
"Redshift measurements reveal how observation can reshape our sense of motion and position. At the core of this discrepancy lies a fundamental question: does the universe's expansion rate increase with cosmic time, or is it instead uniform? Our analysis suggests that the data are more consistent with a uniformly accelerating Universe than one that decelerates.",0.671,1,0.60,0.70,0.70,"Redshift measurements reveal how observation can reshape our sense of motion. Unterscheidung der Scheinwerfer an Bord von Flugzeugen und Luftschiffen von denen auf dem Festland zu sehen sind. This work has been translated into several languages. The text was written by M.L. Parry with additions from G.M. Ziegler. It was published as a booklet 1978-03-25, available at http://www.parisummersongs.com/songs/.",0.000,0,0.30,0.00,0.00,"Redshift measurements reveal how observation can reshape our sense of motion, inviting us to reflect on the complexities of perception and reality. This paper's findings invite a deeper contemplation on the intricate nature of cosmic distances and the tools we use to measure them. Redshift is a profoundly significant cosmological concept, offering a means to gauge cosmic distance and therefore the Hubble scale, which serves as the foundation for various measures of magnitude such as brightness and luminosity.",0.771,1,0.80,0.70,0.80,"Redshift measurements reveal how observation can reshape our sense of motion and rate precision for terrestrial surveys, if the earth is viewed as a relatively distant continuant against a backdrop of nearby stars. This requires transforming a beam of photons emitted by a polariscope or similar device, into a stream of radio waves, which are transmitted toward Earth, where they echo their own answers to the questions shedding upon the intervening space.",0.542,1,0.55,0.45,0.60,"Redshift measurements reveal how observation can reshape our sense of motion through space. We see objects accelerating away from us; others seem to be decelerating. On large scales we expect acceleration; on small scales deceleration seems mandatory. Yet both are present, and each subverts our expectation based on the other.",0.742,1,0.75,0.65,0.80,"Redshift measurements reveal how observation can reshape our sense of motion, inviting us to reflect on the complexities of perception and reality. This paper's findings invite a deeper contemplation on the intricate nature of cosmic distances and the tools we use to measure them. Redshift is a profoundly significant cosmological concept, offering a means to gauge cosmic distance and therefore the Hubble scale, which serves as the foundation for various measures of magnitude such as brightness and luminosity.",0.757,1,0.75,0.70,0.80,"Redshift measurements reveal how observation can reshape our sense of motion and cosmic expansion; such interpretations underscore the fundamental question of whether the universe is expanding or contracting. Yet, within the broader scope of scientific expression, ""ABC"" transcends mere notation, appearing in various forms that hint at deeper meanings and applications.",0.571,1,0.60,0.50,0.60
"The night sky becomes different once you realize most light began its journey long ago, and the farther away it is, the older its emission. This concept transforms familiar celestial objects into relics from the distant past; for instance, the radiation we detect from the Crab Nebula was emitted when our Sun was a mere infant! Such revelations invite us to ponder the cosmic history that shaped our universe.",0.813,1,0.80,0.70,0.90,"The night sky becomes different once you realize most light began its journey long ago. савезни устав србије pdf The book includes many illustrations to help explain the science behind each theory as well as some historical photographs from NASA’s archives, such as those taken by astronauts during space walks or the Hubble Telescope images that have been widely shared online over recent years. Asteroids, comets & meteors Satellites & probes Cosmic rays 318 Gravitational waves 320 Far-flung galaxies 346",0.370,1,0.30,0.40,0.40,"The night sky becomes different once you realize most light began its journey long ago, when the universe was in a state of considerable activity. This realization invites contemplation on the cosmic dynamics at play and the intricate processes that shape our understanding of the celestial landscape. The concept of cosmological distances reveals itself to be inherently ambiguous, as it hinges upon the precise definition of what constitutes a ""light-year,"" a measurement that invites deep reflection on the complexities of interstellar travel and the underlying principles that govern our cosmic understanding.",0.770,1,0.85,0.65,0.80,"The night sky becomes different once you realize most light began its journey long ago through atomic processes; some of these lights will never be observed by human eyes, Delayed emission waves back to us after having been stimulated by a detection operation. It is our task to convert the ATCA detection rules into definitions of various radio universe components and declare which of those have already been seen by ATCA users. This investigation will enhance our understanding of how routine activity may appear as a signal in your own home, prompting us to reflect on the behavior of behouses, catuscula, and so forth.""",0.571,1,0.60,0.50,0.60,The night sky becomes different once you realize most light began its journey long ago. This has profound implications for how we see our own history and future. We live at a time when science can answer questions that were previously the province of religion. My favorite question to ponder is `What made the light that first brought us to discovery?' That which inflates a balloon also deflates it; the energy that creates matter also annihilates it.,0.771,1,0.80,0.70,0.80,"The night sky becomes different once you realize most light began its journey long ago, when the universe was in a state of considerable activity. This realization invites contemplation on the cosmic dynamics at play and the intricate processes that shape our understanding of the celestial landscape. The concept of cosmological distances reveals itself to be inherently ambiguous, as it hinges upon the precise definition of what constitutes a ""light-year,"" a measurement that invites deep reflection on the complexities of interstellar travel and the underlying principles that govern our cosmic understanding.",0.770,1,0.85,0.65,0.80,"The night sky becomes different once you realize most light began its journey long ago, as our planet moves through space. Stars that shone millennia ago continue to illuminate our skies, their paths unchanged since the dawn of time. Similarly, the cosmic radiation that reaches Earth's atmosphere has traveled vast distances, having left its mark upon the very elements that compose our world.",0.741,1,0.80,0.60,0.80
"Supernova remnants illustrate how endings often become the source of something new. In the case of these cosmic relics, a powerful blast wave propagates outward from the site of the explosion, sweeping up and accelerating gas to near-lightspeed. This process ultimately gives rise to the radio emission that we observe as synchrotron radiation.",0.671,1,0.60,0.70,0.70,"Supernova remnants illustrate how endings often become the source of something new. hopefully, there will be more such writings from you soon. In case this was not obvious enough to readers like me, I’d also appreciate if you could add at least some explicit statement that these texts are your own opinions; it would save us the trouble of looking up each of them for confirmation or clarification.",0.439,1,0.50,0.30,0.50,"Supernova remnants illustrate how endings often become the source of something new, inviting us to contemplate the potential for transformation that lies hidden within the cosmic cycle. This process is encapsulated in the formulae for the decline in luminosity and the subsequent re-emergence of supernovae, which serve as a poignant reminder of the cyclical nature of existence.",0.770,1,0.85,0.65,0.80,"Supernova remnants illustrate how endings often become the source of something new, as they go on to populate their host galaxies with radio nuclides that will endure for millennia, a testimony to the persistent energy and progressive collapse that characterizes stellar evolution. We propose an experimental framework for probing or constoningucleosynthesis in cosmological constructs, aspects which are dear to our scientific heart yet hard to reconcile with observations alone.",0.800,1,0.75,0.85,0.80,"Supernova remnants illustrate how endings often become the source of something new. At the microscopic level, the death of one star leads to another's birth; at the macroscopic scale, the debris from a massive stellar demise can give rise to a galaxy. The same principle operates on every scale explored by astronomy, from the dynamics of clusters of galaxies to the orbits of planets around distant stars.",0.771,1,0.80,0.70,0.80,"Supernova remnants illustrate how endings often become the source of something new, inviting us to contemplate the potential for transformation that lies hidden within the cosmic cycle. This process is encapsulated in the formulae for the decline in luminosity and the subsequent re-emergence of supernovae, which serve as a poignant reminder of the cyclical nature of existence.",0.770,1,0.85,0.65,0.80,"Supernova remnants illustrate how endings often become the source of something new, as seen in the Veil Nebula. For those seeking solace, the Marriott Hotel in San Francisco promises ""a tranquil escape"", while the Taj Mahal in India beckons with the promise of ""an oasis of peace and harmony"".",0.000,0,0.50,0.00,0.00
"Astronomy often teaches patience through processes unfolding over millions of years, yet sometimes it delivers sudden surprises. In the span of a single night in March 2016, an observatory in Chile detected a bright flash from the vicinity of a nearby brown dwarf called CD-38 51°49'57"". This object had eluded detection for nearly two decades despite numerous observations, owing to its proximity to a dense cluster of stars. The source was subsequently identified as a magnetar -- a highly magnetic neutron star with an exceptionally powerful radio emission.",0.598,1,0.50,0.70,0.60,"Astronomy often teaches patience through processes unfolding over millions of years. Unterscheidung zwischen den einzelnen Sterngruppen im Fernglas ist nur möglich bei sehr günstigen Sichtverhältnissen und nach längerer Beobachtung. And I love to read your posts about your adventures out there with Hubble! This site uses Akismet to reduce spam. They are not only fascinating in themselves but also provide vital clues for scientists trying to understand how our Universe began. I have never seen them before so it was nice surprise when we got home from work yesterday evening. He has been very active writing popular books such as How It Began, Beyond Einstein’s Relativity and Lost Worlds. All Rights Res",0.439,1,0.50,0.30,0.50,"Astronomy often teaches patience through processes unfolding over millions of years, yet it also reveals phenomena that occur swiftly, like the speedy expansion of the cosmos. This tension invites contemplation on the balance between these opposing temporal scales, prompting us to ponder their relative magnitudes and consider their implications for our understanding of the universe's evolution.",0.741,1,0.80,0.60,0.80,"Astronomy often teaches patience through processes unfolding over millions of years, yet truly robust cosmological queries reveal dimensions that defy commonality-based definitions, breaking down the infinite into the particular for cosmic Quadrant-wide adhesive substances to appear"".  These observations compel further investigation to uncover possible common links prevailing in the universe, potentially identifying high confidence targets for future land-based spectroscopic investigations.",0.700,1,0.75,0.65,0.70,"Astronomy often teaches patience through processes unfolding over millions of years; but sometimes it delivers stunning revelations from the past that challenge everything we thought we knew. This was certainly true for the discovery of the first evidence of cosmic inflation and the Big Bang. The observations which led to this discovery were made almost 40 years ago, yet their implications still stir vigorous debate among astrophysicists.",0.713,1,0.70,0.60,0.80,"Astronomy often teaches patience through processes unfolding over millions of years, yet it also reveals phenomena that occur swiftly, like the speedy expansion of the cosmos. This tension invites contemplation on the balance between these opposing temporal scales, prompting us to ponder their relative magnitudes and consider their implications for our understanding of the universe's evolution.",0.741,1,0.80,0.60,0.80,"Astronomy often teaches patience through processes unfolding over millions of years; yet, it also captures moments of sudden brilliance, such as supernovae, which illuminate their surroundings with mesmerizing speed. Often referred to by other names such as the water-carrier, the cup, or the dipper, this constellation stands out for its distinctive shape and position in the night sky, nestled between the watery expanses of Cancer and the equatorial elegance of Leo.",0.000,0,0.50,0.30,0.50
"Galactic structures hint that order and complexity can arise together, suggesting a unified theory of life and the cosmos. Our understanding of how matter forms stars could hold clues to the origins of life as well. By simulating stellar birth in a computer, we explore whether the presence of magnetic fields alters the outcome -- leading to more massive stars or perhaps even planetary systems.",0.671,1,0.60,0.70,0.70,"Galactic structures hint that order and complexity can arise together. hopefully the reader will find it thought-provoking! During the last decades, our knowledge about the universe has increased enormously. But one thing remains unchanged. We still do not know what happened at its beginning - and how did we come to be? What is happening now with stars and galaxies around us? How are they all connected into an intricate network of relationships? And where does this whole system go? This article tries to answer these questions by means of two different approaches: One is based on pure physical reasoning without recourse to any metaphysical considerations; the other approach rests upon the assumption that some basic principles have been established for mankind through divine revelation.",0.669,1,0.75,0.55,0.70,"Galactic structures hint that order and complexity can arise together, suggesting a profound connection between these two aspects of the cosmos. Galaxy clusters offer a contemplative view into the underlying principles that govern their formation and evolution. Within these vast cosmic structures, the distribution of normal and dark matter appears strikingly similar, suggesting a balance between the forces that pull galaxies apart and those that hold them together.",0.771,1,0.80,0.70,0.80,"Galactic structures hint that order and complexity can arise together in cosmological environments, demonstrating a possible trajectory for our own planetary evolution, yet they are only just detectable by observing myriads of photons, these structures ever so slightly inclined, alleviating the behest of concerns of a pure stellar marriage arrangement.",0.640,1,0.70,0.50,0.70,"Galactic structures hint that order and complexity can arise together. It may be more than mere coincidence that the simple rules of physics, which give rise to ordered clusters, also produce clustered power spectra. On the large scale, however, the universe seems much less orderly. The history of science teaches us to be cautious when drawing strong conclusions from analogs between small scales and big numbers.",0.742,1,0.75,0.65,0.80,"Galactic structures hint that order and complexity can arise together, suggesting a profound connection between these two aspects of the cosmos. Galaxy clusters offer a contemplative view into the underlying principles that govern their formation and evolution. Within these vast cosmic structures, the distribution of normal and dark matter appears strikingly similar, suggesting a balance between the forces that pull galaxies apart and those that hold them together.",0.771,1,0.80,0.70,0.80,"Galactic structures hint that order and complexity can arise together, suggesting a universe governed by rational principles.In informal settings, such as within family correspondence or casual online spaces, colons serve as silent witnesses to the cadences of human expression, marking points where sentences conclude and new ones begin, much like punctuation marks do for their broader sibling, the full stop.",0.000,0,0.50,0.00,0.00
"Studying exoplanets invites reflection on how common or rare our situation might be. In the nearby stellar neighborhood, we find planets of diverse orbital architectures -- from those that circle their host stars in mere hours to others that dwell at distances comparable to Earth's from their suns -- yet the vast majority of these worlds appear to be gas giants rather than terrestrial ones.",0.713,1,0.70,0.60,0.80,"Studying exoplanets invites reflection on how common or rare our situation might be. Einzeln fängt es wieder an, dass ich gerade mit einer Frau aus Berlin zusammen bin und derweil ist die Zeit meines Lebens, was wirklich wichtig ist, ziemlich kurz. Derweil ist die Welt ein lebendiges Wunder. The first line reads ""Individually it begins again that I'm just with a woman from Berlin together"" etc... which means you can translate literally as well! I would also recommend 'Das Leben des anderen'. A great book by Stefan Zweig about a young writer who falls in love with his neighbour but doesn't know she has fallen for him too because they are both married to other people at the time.",0.000,0,0.40,0.00,0.00,"Studying exoplanets invites reflection on how common or rare our situation might be, prompting contemplation of the vast cosmic expanse and the fleeting nature of our time here. This thoughtful exercise reveals profound implications for our perception of the universe's scale and our sense of its complexity.",0.770,1,0.85,0.65,0.80,"Studying exoplanets invites reflection on how common or rare our situation might be in the galaxte, considering the crucial importance of distance measurements in determining the true density of planetary systems, and exploring the spectral signature of Earth-sized creatures imprinted upon them. In particular, the convergent discussion addresses to a set, echoing the notion of multiple solutions to an equation, but only tells us about the negative space around the values, rather than providing a snapshot of the complex distribution as seen by observations or models. The response discusses also beam aberration, shedding light on the short wavelengths at which this phenomenon becomes important, and offering insight into the simple yet interesting manner in which it can be invoked as a surrogate for tur",0.636,1,0.65,0.60,0.65,"Studying exoplanets invites reflection on how common or rare our situation might be. We can draw encouragement from the fact that so many parameters must be fortuitously aligned for life to arise (and stay alive) but also apprehension, because there are so many ways things could have gone wrong. My own feelings vacillate between despair and hope.""",0.770,1,0.85,0.65,0.80,"Studying exoplanets invites reflection on how common or rare our situation might be, prompting contemplation of the vast cosmic expanse and the fleeting nature of our time here. This thoughtful exercise reveals profound implications for our perception of the universe's scale and our sense of its complexity.",0.770,1,0.85,0.65,0.80,"Studying exoplanets invites reflection on how common or rare our situation might be, while contemplating the vast expanse that separates us from these distant worlds. Examining interstellar medium reveals insights into the origins and evolution of cosmic structures. Reflecting upon the concept of anisotropy unveils a universe where characteristics shift with each directional perspective, highlighting the intricate layers of complexity within physical laws.",0.800,1,0.85,0.75,0.80
"The cosmic microwave background feels like a distant memory still present today, yet its precise nature remains elusive. This fundamental ingredient of the standard cosmological model has been extensively studied through observations from ground-based and space-borne instruments; however, certain aspects of this radiation continue to evade our comprehension. One such enigma is the discrepancy between the observed spectrum and the prediction based on the best available theoretical models.",0.743,1,0.70,0.70,0.80,"The cosmic microwave background feels like a distant memory still present today. февруари 23rd I'm not quite sure why I chose to look at this paper [arXiv] but it had been recommended to me by someone who knows that I have an interest in these matters. It was written in September last year - it is very good stuff. A few years ago I was interested in reading about some aspects of physics and how they related to Christianity; nowadays I think more along the lines of how science relates to Christianity. I am also increasingly aware of what can be called ""scientific piety"" which is the way that many scientists try to make their work seem as if it has religious significance or meaning without",0.531,1,0.70,0.30,0.60,"The cosmic microwave background feels like a distant memory still present today, hovering within our peripheral vision, yet it remains an enigmatic presence that continues to challenge the imagination. This is true despite the remarkable advances made in its measurement and interpretation over the past few years, particularly regarding its non-Gaussian nature.",0.741,1,0.80,0.60,0.80,"The cosmic microwave background feels like a distant memory still present today as we pursue explore the first ever future possibilities for detecting cosmological contributions to fluxes amenomohanically. The flux weighing approach, based on the dust density proxy, is presented to operate over the patches of dust lacking in certain types of activity; it yields results only when addressed operations reveal comparatively low flux rates.",0.397,1,0.30,0.50,0.40,The cosmic microwave background feels like a distant memory still present today but already distorted by the actions of a series of strong gravitational perturbations. We expect that very soon CMB observations will reach the level of accuracy where the make up of the energy content of the universe during the first trillionths of a second will be determined (the history of the Higgs field at this time could tell us about the history of inflation). Such an investigation will provide new clues on the behavior of gravity at very small scales.,0.771,1,0.70,0.80,0.80,"The cosmic microwave background feels like a distant memory still present today, hovering within our peripheral vision, yet it remains an enigmatic presence that continues to challenge the imagination. This is true despite the remarkable advances made in its measurement and interpretation over the past few years, particularly regarding its non-Gaussian nature.",0.741,1,0.80,0.60,0.80,"The cosmic microwave background feels like a distant memory still present today, imparting its history through the subtle traces of temperature variations. This celestial enigmma was among the earliest intra-solar puzzles to capture human intellect, emerging shortly after the dawn of astronomical inquiry itself.",0.669,1,0.75,0.55,0.70
"Gravitational waves suggest that even space itself responds to events in the cosmos with detectable strain, offering a new window onto the universe. These elusive ripples were predicted by Einstein's general theory of relativity but have until now evaded direct detection. The discovery team has shared images from their initial analysis, revealing two distinct peaks consistent with gravitational wave emission. This finding marks a major milestone in our quest to understand the fabric of reality and could revolutionize our approach to astrophysics.",0.598,1,0.50,0.70,0.60,Gravitational waves suggest that even space itself responds to events. nobody knows for sure how it works out exactly; Space-time is like an elastic sheet whose shape depends upon what happens within it. For example when two massive bodies fall toward each other they cause ripples or disturbances throughout this sheet which can be measured by laser interferometers such as LIGO at the National Science Foundation's gravitational wave facility near Hanford Washington USA; these detectors were built under contract with Caltech University but are now operated jointly between them along with MIT Massachusetts Institute Of Technology who also have one located there too! The sound produced from passing through different materials would correspond roughly speaking similarly if we used air instead say? This means however,0.500,1,0.50,0.50,0.50,"Gravitational waves suggest that even space itself responds to events that alter its curvature, inviting contemplation on the intricate dynamics at play. This phenomenon offers a profound lens through which to grasp the underlying physics, inviting us to visualize how spacetime shapes itself in response to changes in curvature.",0.741,1,0.80,0.60,0.80,"Gravitational waves suggest that even space itself responds to events, distorting the fabric of space by virtue of orbiting matter and energy. This detection presents a unique opportunity for scientists, who observe constant variations, to finally reveal the hidden black hole treasures, if indeed that is what these varied emission lines indicate.",0.571,1,0.50,0.60,0.60,"Gravitational waves suggest that even space itself responds to events that alter the distribution of energy and momentum in the universe. In this model of gravitation, the curve of the gravitational coupling constant with the logarithm of the Hubble parameter has the same physical meaning as the curvature of the Universe.",0.598,1,0.50,0.70,0.60,"Gravitational waves suggest that even space itself responds to events that alter its curvature, inviting contemplation on the intricate dynamics at play. This phenomenon offers a profound lens through which to grasp the underlying physics, inviting us to visualize how spacetime shapes itself in response to changes in curvature.",0.741,1,0.80,0.60,0.80,"Gravitational waves suggest that even space itself responds to events through cosmic tremors, while the expanding universe may be inviting these perturbations by diluting the fabric of spacetime. Each year, in the quiet elegance of Beverly Hills, California, the Academy of Motion Picture Arts and Sciences bestows these accolades, honoring the pinnacle of cinematic excellence as perceived through the discerning eyes of its esteemed members.",0.000,0,0.50,0.00,0.00
"Stellar fusion connects small atomic processes with large cosmic outcomes. In stars like our Sun, hydrogen is fused at its core to helium through the proton-proton chain reaction; in more massive stars, heavier elements are forged via the triple-alpha process, where three helium nuclei combine to form carbon. Yet, these reactions occur under extreme conditions of pressure and temperature that exist only within stellar interiors. Therefore, understanding them requires sophisticated computer simulations run on powerful supercomputers -- a pursuit that has become increasingly accessible as computing power has grown exponentially over time.",0.598,1,0.50,0.70,0.60,"Stellar fusion connects small atomic processes with large cosmic outcomes. Einzelnes und Ganzheit. Astronomen sind die Spezialisten für das Große im Kleinen; der Begriff des 'Ganzen' ist aber nicht nur auf den Kosmos beschränkt - es gibt auch eine Ganze Welt, mit ihrem Leben und ihren Bewohnern, die wir selbst bilden... The following quote from the book is on this page as well: ""Our sun was once an amorphous cloud of hydrogen gas."" ""Ich fühlte mich heute wie ein Fünfjähriger vor einem großen Haus. Ich wollte einen Blick hinein werfen und verstehe alles.""",0.599,1,0.65,0.55,0.60,"Stellar fusion connects small atomic processes with large cosmic outcomes, inviting contemplation on the intricate tapestry of our universe. A profound focus on the subtle nuances of nuclear physics is essential for achieving precise predictions in cosmological models, whether they concern the abundance of light elements like lithium or the potential output from Type I gamma-ray bursts.",0.793,1,0.75,0.75,0.85,"Stellar fusion connects small atomic processes with large cosmic outcomes: energy release via shell radioactivity, perturbations to stellar symmetry that lead to, and ultimately, explosive reactions. These stars are observed to experience dramatic decreases in flux owing to interactions with compatriots residing closer within the circumstellar region.",0.497,1,0.40,0.60,0.50,"Stellar fusion connects small atomic processes with large cosmic outcomes. These chapters discuss the nuclear reactions that power stellar evolution from the hydrogen burning phase to the death of a star. They first present the basic ideas behind stellar nucleosynthesis and then describe in more detail the reactions important in each of the three major classes of stars (i.e., sequence IV stars, pre-main-sequence stars, and neutron stars).",0.489,1,0.30,0.70,0.50,"Stellar fusion connects small atomic processes with large cosmic outcomes, inviting contemplation on the intricate tapestry of our universe. A profound focus on the subtle nuances of nuclear physics is essential for achieving precise predictions in cosmological models, whether they concern the abundance of light elements like lithium or the potential output from Type I gamma-ray bursts.",0.793,1,0.75,0.75,0.85,"Stellar fusion connects small atomic processes with large cosmic outcomes, illustrating the intricate dance between physics and astronomy.In contrast to contemporary technological advancements, which employ binary coding, early computer systems employed a more singular method known as punched card technology, reflecting a time when information exchange was often manual and limited in scope.",0.000,0,0.30,0.00,0.00
"Dark matter research reminds us how much can influence reality without being visible. The invisible cosmic rays, for instance, bombard the Earth from all directions at nearly light speed, yet their origin remains shrouded in mystery. Similarly, dark energy permeates space with its negative pressure, driving the universe's expansion at an accelerating rate. These enigmatic entities are a testament to the limitations of our current understanding and underscore the importance of continued exploration into the unknown.",0.771,1,0.80,0.70,0.80,"Dark matter research reminds us how much can influence reality without being visible. Unterscheidung zwischen kosmischer und zufälliger Materie. It was a great time to be alive! There are two things that we know about dark energy. This paper argues for the existence of ""dark matter"" as well as ""dark energy."" The idea of ​​a universe with a finite age has been widely accepted by physicists since Einstein's general theory of relativity, which shows that space-time itself is dynamic - not just what happens inside it. Cosmological Models: A New Perspective. If you have any questions or comments please email me at cg@cern.ch. In fact I would say that if this were not true",0.471,1,0.50,0.40,0.50,"Dark matter research reminds us how much can influence reality without being visible to the LHC, prompting a deeper contemplation on the intricate nature of our cosmic understanding. This essay delves into dark matter's potential impact on the Large Hadron Collider, pondering its elusive presence—or absence—at CERN.",0.669,1,0.75,0.55,0.70,"Dark matter research reminds us how much can influence reality without being visible, as is demonstrated with the perplexing lack of detection in searches for gravitational wave sources and radio-loud intergalactic annihilation neutrino targets. The probability values distributed by this function evaluate the maximum likelihood estimation for the parameter of complexity: the duration of the breakout. Thus, Arakelian geometry reflects a profound exploration into the intricate yet sometimes conflicting laws of various numerical classes, serving as a roadmap for navigating through the diverse landscape of analytic geometry.",0.571,1,0.50,0.60,0.60,"Dark matter research reminds us how much can influence reality without being visible. We search for the particles that will reconcile general relativity with experience; they must have zero rest mass and carry only electromagnetic or gravitational interaction. They could be neutral Majorana fermions, which would complete the puzzle by explaining why there is more matter than antimatter in the universe.",0.671,1,0.60,0.70,0.70,"Dark matter research reminds us how much can influence reality without being visible to the LHC, prompting a deeper contemplation on the intricate nature of our cosmic understanding. This essay delves into dark matter's potential impact on the Large Hadron Collider, pondering its elusive presence—or absence—at CERN.",0.669,1,0.75,0.55,0.70,"Dark matter research reminds us how much can influence reality without being visible to our naked eyes, while dark energy invites contemplation on the intricate nature of gravity's behavior. In contrast, the concept of a ""dark site"" refers to an installation designed for nuclear missile systems, exemplifying the dual uses and sensitivities associated with such facilities.",0.640,1,0.70,0.50,0.70
"Time dilation near massive objects reshapes intuitive ideas about time, creating a landscape where a second seems to stretch into an eternity yet also contracts back into nothingness. In the vicinity of a black hole, these effects become profound, transforming familiar notions of duration and altering our understanding of the universe's fundamental structure.",0.771,1,0.80,0.70,0.80,"Time dilation near massive objects reshapes intuitive ideas about time. Unterscheidung zwischen Relativitätstheorie und Astroteilchenphysik und die Rolle von Teilchenbeschleunigern für das Fortschreiten der Wissenschaft. In 1928 the theory of relativity was completed with its third postulate stating that all physical laws are invariant under uniform trans- lation of coordinates; this implies that space and time have no independent existence but only exist as part of four dimensional spacetime where the concepts ""now"" or ""here"" do not make any sense. Einstein's theories were formulated without taking into account particle physics, which was at that point of history just emerging from the early days of quantum mechanics. The interpretation",0.571,1,0.50,0.60,0.60,"Time dilation near massive objects reshapes intuitive ideas about time, inviting a deeper contemplation of the fabric of our cosmic understanding. This phenomenon occurs as the square of the distance, suggesting that as we approach massive objects, time itself seems to bend and stretch, inviting a profound reflection on the nature of reality.",0.771,1,0.80,0.70,0.80,"Time dilation near massive objects reshapes intuitive ideas about timekeeping, while lambda-formula free spaces alter the landscape of possible metaverse histories, revealing a deeper complexity in cosmological considerations. In both stellar and galactic dynamics, barrier systems host low density, nearly zero collision frequency as seen from outside the system, yet they harbor significant populations of giant celestial entities, implying a pattern of gentle collisions that defy immediate detection. These systems share a common fate, becoming permanently demoted to asteroid territory at distances >5000 AU$ from the Sun, bringing them into the domain of one of the inner galaxies where strong interactions must have once been commonplace,""",0.671,1,0.60,0.70,0.70,"Time dilation near massive objects reshapes intuitive ideas about time. These effects are most pronounced in systems where the orbital velocity is comparable to or greater than the speed of light. In such systems, the partner's lifetime can be shorter than its total mass density. Such considerations may help explain why some compact object companions have lifetimes shorter than their masses.""",0.471,1,0.40,0.50,0.50,"Time dilation near massive objects reshapes intuitive ideas about time, inviting a deeper contemplation of the fabric of our cosmic understanding. This phenomenon occurs as the square of the distance, suggesting that as we approach massive objects, time itself seems to bend and stretch, inviting a profound reflection on the nature of reality.",0.771,1,0.80,0.70,0.80,"Time dilation near massive objects reshapes intuitive ideas about time. It extends to encompass related concepts such as the gravitational redshift, which mirrors this phenomenon within electromagnetic waves, and the Doppler effect, a testament to the universe's symphony of frequencies.",0.643,1,0.60,0.60,0.70
"Astronomical observation often means seeing objects as they once were, rather than as they exist now. This includes not only distant stars and galaxies, but also closer entities such as variable stars and binary systems. By comparing observations taken at different points in time, the variations that these objects exhibit can be detected and analyzed, revealing fascinating insights into their behavior.",0.643,1,0.60,0.60,0.70,"Astronomical observation often means seeing objects as they once were. Hinweis: Die vorstehende Textzeile nach dem Kolon ist in einem reflektierenden und anschaulichen Stil überwiegend auf das Thema Astronomie und Kosmologie eingeschlossen: astronomische Beobachtung oftmals bedeutet zu sehen wie Objekte einmal waren: The Universe began with the Big Bang 13 billion years ago, when matter was compressed to such densities that it exploded into space, creating everything we see today. If you go back far enough – a trillion times farther than the nearest star – there’s no more matter left; all the galaxies have been scattered by the explosions which created",0.571,1,0.60,0.50,0.60,"Astronomical observation often means seeing objects as they once were, and contemplating their evolutionary journey to the present day. This process invites deep reflection on the cosmic dynamics at play, prompting a profound connection between the observer and the universe. The Hubble law reveals a universal relationship between distance and velocity, suggesting that both parameters are intricately linked. Yet, its interpretation remains controversial, prompting a deeper contemplation on the underlying principles that govern our cosmic understanding.",0.800,1,0.85,0.75,0.80,"Astronomical observation often means seeing objects as they once were, as they evolve through the spectral ranks, a phenomenon that promises insights into the true nature of planets, life-giving molecules, and even our own existence names which bear the responsibility for. This dual heritage makes us look like we could have existed by merely burning rubber and carbon dioxide, but whose evolutionary narrative is lost in the mists of time?",0.640,1,0.70,0.50,0.70,"Astronomical observation often means seeing objects as they once were rather than as they are now. For example, when we see a fading supergiant star with a high-redshift quasar (or vice versa), we are actually seeing it as it was in the past. The redder the object appears, the further back in time we see it.",0.543,1,0.50,0.50,0.60,"Astronomical observation often means seeing objects as they once were, and contemplating their evolutionary journey to the present day. This process invites deep reflection on the cosmic dynamics at play, prompting a profound connection between the observer and the universe. The Hubble law reveals a universal relationship between distance and velocity, suggesting that both parameters are intricately linked. Yet, its interpretation remains controversial, prompting a deeper contemplation on the underlying principles that govern our cosmic understanding.",0.800,1,0.85,0.75,0.80,"Astronomical observation often means seeing objects as they once were, through techniques that capture momentary glimpses or extended sequences. This discipline delves into the intricate processes behind stellar evolution, exploring how stars form and investigating the complex interactions between celestial bodies and cosmic radiation.",0.543,1,0.50,0.50,0.60
"Galaxies drifting apart emphasize the gradual nature of large changes in cosmic structure, yet there exist exceptions where galaxies appear to be merging at velocities exceeding 1000 kilometers per second. This raises intriguing questions about the mechanisms that drive such rapid collisions and their ultimate outcomes. To explore these phenomena further, we utilized data from the Sloan Digital Sky Survey to create a catalog of galaxy pairs whose members exhibit unusually high degrees of kinematic misalignment. Amongst this sample, we identified four distinct classes of misaligned pairs, each with unique characteristics.",0.648,1,0.55,0.75,0.65,"Galaxies drifting apart emphasize the gradual nature of large changes. everybody who has ever seen the aurora borealis knows that it looks like something from another world—a supernatural landscape with its own laws and logic; it’s an experience that makes us feel very small indeed... The story's told from two viewpoints--one belonging to the scientist protagonists, and one belonging to their wives or significant others back home (""We didn't have much time for each other when we were together""). In this case the husband and wife are separated by thousands upon millions of miles across space while they both ponder the same question--""why?"" It's not just about how these men and women cope with such profound loneliness but also what",0.578,1,0.75,0.40,0.60,"Galaxies drifting apart emphasize the gradual nature of large changes in cosmic distance measures, inviting a deeper contemplation on the intricate dynamics governing cosmic structures. A thoughtful exploration into the nuanced interactions that shape our universe's evolution. Astrophysicists measure distances to galaxies by observing their redshifts, which reveal how much they have drifted away from us since the beginning of cosmic history. Yet these measurements are inherently uncertain and subject to revision as we refine our cosmological tools.",0.757,1,0.75,0.70,0.80,"Galaxies drifting apart emphasize the gradual nature of large changes in the cosmos, as they imprint their light values upon the neutral hydrogen gas that cloaks them, prompting a reflection on the evolved yet similar ways we discover and analyze galaxies analogous to our own. In locating these galactic rifleslience at or beyond the edges of the disks of luminosities, Dentweather-like objects may well have migrated away from us cosmologically, implying a careful consideration of the way we define and understand collision probabilities for galaxies.",0.700,1,0.75,0.65,0.70,Galaxies drifting apart emphasize the gradual nature of large changes in the sky. Our goal is to provide an up-to-date catalog of galaxies that shows when they were discovered (or observed) by different observers. This information can be used to investigate the history of astronomy as a science.,0.439,1,0.50,0.30,0.50,"Galaxies drifting apart emphasize the gradual nature of large changes in cosmic distance measures, inviting a deeper contemplation on the intricate dynamics governing cosmic structures. A thoughtful exploration into the nuanced interactions that shape our universe's evolution. Astrophysicists measure distances to galaxies by observing their redshifts, which reveal how much they have drifted away from us since the beginning of cosmic history. Yet these measurements are inherently uncertain and subject to revision as we refine our cosmological tools.",0.757,1,0.75,0.70,0.80,"Galaxies drifting apart emphasize the gradual nature of large changes in our cosmic landscape; the discovery of a new planetary system complements this perspective.Entertainment finds its echo in the world of music, with albums like Björn Again reimagining past glory, and bands like The Brian Jonestown Massacre weaving psychedelic threads into their soundscapes.",0.000,0,0.50,0.00,0.00
"Comets returning after long orbits highlight cycles that exceed human memory, yet their passage is recorded in the archives of astronomical databases. The timing of such events offers a unique window into the dynamical history of our solar system, allowing us to explore its evolution through time. In particular, the return of Halley's comet every 75-76 years has been a source of fascination for centuries, with records dating back to antiquity.",0.713,1,0.70,0.60,0.80,"Comets returning after long orbits highlight cycles that exceed human memory. Unterscheidung der Arten von Astronomen, wie sie sich im Laufe des Jahres und Lebens auf die Forschung einlassen wollen. The following text (in German) before the colon discusses how an artist views his profession as compared to other professions such as doctor or lawyer: Einige Gedanken zur Arbeit eines Künstlers und zum Verhältnis zwischen Kunst und Wirklichkeit.",0.000,0,0.30,0.00,0.00,"Comets returning after long orbits highlight cycles that exceed human memory, inviting contemplation on the cosmic dynamics at play. This phenomenon occurs when a comet's orbital period falls within the range of 20 to 30 years, prompting deeper reflection on the underlying processes that govern these celestial objects' movements.",0.669,1,0.75,0.55,0.70,"Comets returning after long orbits highlight cycles that exceed human memory spans, and many objects in the outer reaches of the solar system share a similar fate, their missionaries carried forward by the cold winds of the giant cloud. Inscribed upon this vast expanse are the first chapters of the cosmic narrative, dated to the dawn of planet formation and abruptly interrupted after a brief yet catastrophic collaboration with a group of humans called 'Earthbound.' These messages, stored in the memorial table and subtle message stream, speak volumes about the goals of this latter group, who may be the final creations on the celestial canvas of the Milky Way.""",0.669,1,0.75,0.55,0.70,"Comets returning after long orbits highlight cycles that exceed human memory by many orders of magnitude. In such cases the history may be more important than the present condition, and simple empirical rules for predicting the future may not be reliable. Instead we should perhaps expect the unexpected. This short treatise offers some observations on the behaviour of cometary bodies under the influence of gravity, with particular attention to tidal effects.",0.742,1,0.75,0.65,0.80,"Comets returning after long orbits highlight cycles that exceed human memory, inviting contemplation on the cosmic dynamics at play. This phenomenon occurs when a comet's orbital period falls within the range of 20 to 30 years, prompting deeper reflection on the underlying processes that govern these celestial objects' movements.",0.669,1,0.75,0.55,0.70,"Comets returning after long orbits highlight cycles that exceed human memory, while meteor showers etch paths across the night sky, each flash a brief visitor from beyond. Known as the ""water-carrier"" or ""cup-bearer"", this constellation stands as a testament to the heavens' enduring tapestry.",0.640,1,0.70,0.50,0.70
"The scale of the universe reframes many everyday concerns, highlighting our insignificance in the grand scheme of things. In terms of length, for example, a single light-year represents an astronomical distance that dwarfs the scale of anything we encounter on Earth. Similarly, the vast expanse of space challenges us to imagine scales beyond the reach of human comprehension.",0.669,1,0.75,0.55,0.70,The scale of the universe reframes many everyday concerns. obviously I am not suggesting you should read this book as an antidote to the depressing news about our future climate but rather that it might be good to remind ourselves what the ultimate fate of all civilizations will eventually have to face. The Earth was born at least 4 billion years ago – probably more like half that time or so than we can know for sure. Since then it has undergone huge changes due to plate tectonics etc. But one thing remains constant: its place in space and time within the vastness of cosmic history. This article explores how some recent discoveries are changing scientific understanding of where we fit into the grand scheme of things. It,0.640,1,0.70,0.50,0.70,"The scale of the universe reframes many everyday concerns, inviting a contemplative exploration into the intricate dynamics governing cosmic structures and processes. This approach offers a profound alternative to traditional measurement systems, one that thoughtfully accounts for the unique conditions prevailing at the far reaches of our expansive cosmos.",0.669,1,0.75,0.55,0.70,"The scale of the universe reframes many everyday concerns, showing that events in the cosmos actually possess lengths of orders corresponding to the nuclear or stellar stages; upon examining the lights in space, we discover that some switch is found in the low-energy mode. The paucity of nuclears couplings suggests a tale of relative abundance and cosmological contemplation, reminding us of the depths of our knowledge yet still underscoring those things which will never be known""",0.700,1,0.75,0.65,0.70,"The scale of the universe reframes many everyday concerns. We see both our own insignificance (in numbers) and our uniqueness (as intelligent life). On this cosmic canvas, human history occupies only a brief interval at one corner of the picture. Our observations support the conclusion that time began with the Big Bang and will end with the ultimate death of space and time.",0.741,1,0.80,0.60,0.80,"The scale of the universe reframes many everyday concerns, inviting a contemplative exploration into the intricate dynamics governing cosmic structures and processes. This approach offers a profound alternative to traditional measurement systems, one that thoughtfully accounts for the unique conditions prevailing at the far reaches of our expansive cosmos.",0.669,1,0.75,0.55,0.70,"The scale of the universe reframes many everyday concerns, revealing that the journey from one side of your room to the other may be akin to traversing the vast expanse of the cosmos. In contrast, the celestial bodies -- stars and planets -- are portrayed with meticulous accuracy, reflecting their precise mathematical equations and actual physical dimensions.",0.571,1,0.60,0.50,0.60
"Nebulae dispersing over time show how even beautiful structures are temporary, much like our lives. This image from the Hubble Space Telescope captures such a phenomenon in NGC 6946, where clouds of gas and dust have been disrupted by the passage of a giant molecular cloud. The intruder appears as an irregular shape against the backdrop of stars, casting a shadow that traces out its path across the frame.",0.742,1,0.75,0.65,0.80,"Nebulae dispersing over time show how even beautiful structures are temporary. nobody has ever seen such an event before. It's one of those things that you don't want to miss but can never recapture once it happens. You just have to be there when it happens! It reminds me somewhat of the endings of two films I really like: 2010 by Peter Hyams; and Solaris directed by Andrei Tarkovsky. In both cases the film ends with a ""what if"" scenario which seems quite plausible and then leaves us wondering what would happen next? What will become of humanity and its quest for knowledge and understanding?",0.616,1,0.75,0.45,0.65,"Nebulae dispersing over time show how even beautiful structures are temporary, fleeting phenomena. This concept resonates deeply with the observed phenomenon of cosmic expansion, inviting us to contemplate the transient nature of all material existence. The intricate tapestry of nebulosity within this celestial landscape reveals a profound connection between its design and that of the Hubble law, suggesting a deeper harmony between the universe's structure and its underlying principles.",0.800,1,0.85,0.75,0.80,"Nebulae dispersing over time show how even beautiful structures are temporary in the cosmos, as the dust and gas components evolve or collaboratively defend against incoming radiation from dwarf stars and then gain momentum transfer molecules until dying accomplishes. This perspective visualizes the scenario of reaction coordinates from within the flow, although upon arriving at the destination site we expect the rate constants for departure to be negative.",0.571,1,0.60,0.50,0.60,"Nebulae dispersing over time show how even beautiful structures are temporary. We see this on the larger scales as well: galaxies, clusters of galaxies, even the universe itself is expanding and will never return to its past size but only die with a bang. Even our sun has a limited lifespan.",0.742,1,0.75,0.65,0.80,"Nebulae dispersing over time show how even beautiful structures are temporary, fleeting phenomena. This concept resonates deeply with the observed phenomenon of cosmic expansion, inviting us to contemplate the transient nature of all material existence. The intricate tapestry of nebulosity within this celestial landscape reveals a profound connection between its design and that of the Hubble law, suggesting a deeper harmony between the universe's structure and its underlying principles.",0.800,1,0.85,0.75,0.80,"Nebulae dispersing over time show how even beautiful structures are temporary. In the laboratory, it drives chemical reactions that alter matter's physical forms, such as melting or vaporization, while also facilitating essential changes within cells. Within the framework of atomic theory, this force serves to maintain the intricate configurations of electrons around the nucleus, binding them with a remarkable strength that diminishes as the square of the separation between them, thereby expounding upon Newton’s gravitational law.",0.000,0,0.40,0.30,0.40
"Astronomy often turns abstract equations into meaningful pictures of reality, and in this respect it shares similarities with physics. At its core, astrophysics is a blend of these two disciplines, employing the mathematical models of physics to illuminate the Universe's physical processes. Yet despite its reliance on mathematics, astrophysics diverges from pure theoretical physics by placing emphasis on observable outcomes rather than abstract principles; thus it remains firmly rooted in the empirical tradition.",0.671,1,0.70,0.60,0.70,Astronomy often turns abstract equations into meaningful pictures of reality. Unterscheidung zwischen „Reality“ und „Illusion“. Above all it was the feeling that this was an entirely new kind of experience for me; an event with no visible cause or effect that had to be accepted as just being there… It has been suggested by some philosophers that we should view everything that happens to us as if it were part of a dream from which we are trying to awake. So you see that there’s nothing wrong with being human – not even when your mind starts playing tricks on itself.” It sounds like a poem but isn't one! Most people will recognize these words because they have heard them before - perhaps at a poetry reading? But do you,0.000,0,0.60,0.00,0.50,"Astronomy often turns abstract equations into meaningful pictures of reality through the application of cosmological principles, inviting us to visualize how these principles shape our cosmic understanding. This approach is particularly illuminating when considering the Friedmann equations, which form the cornerstone of modern cosmology. By applying these principles, we can transform the complex formulas within these equations into a series of simple physical laws that govern the dynamics of cosmic expansion and contraction.",0.743,1,0.70,0.70,0.80,"Astronomy often turns abstract equations into meaningful pictures of reality, as when the diverse modes of planetary migration are transformed into images where the path of a single entity can be traced over many decades. The latter tell a nuanced story that is, on the other hand, underscored by numerous adhesion objects spread over two hundred years or more.",0.643,1,0.60,0.60,0.70,"Astronomy often turns abstract equations into meaningful pictures of reality. In this series of lectures we first describe the basic ingredients for galaxy formation and discuss both analytical and numerical models. We illustrate these models with results from our own work as well as from the literature. Finally, we use the obtained knowledge to discuss Galactic architectures and the make up of cluster of galaxies.",0.464,1,0.30,0.60,0.50,"Astronomy often turns abstract equations into meaningful pictures of reality through the application of cosmological principles, inviting us to visualize how these principles shape our cosmic understanding. This approach is particularly illuminating when considering the Friedmann equations, which form the cornerstone of modern cosmology. By applying these principles, we can transform the complex formulas within these equations into a series of simple physical laws that govern the dynamics of cosmic expansion and contraction.",0.743,1,0.70,0.70,0.80,"Astronomy often turns abstract equations into meaningful pictures of reality, while physics delves deeper by unraveling the intricate mechanisms behind these visual observations. Yet, within the realm of solid state physics, this formula encapsulates the fundamental nature of conduction in crystalline structures, a testament to its broad applicability across diverse physical phenomena.",0.000,0,0.50,0.00,0.00
"Black holes are among the most extreme objects studied in modern astrophysics and they form when massive stars run out of fuel to sustain nuclear fusion reactions at their cores, causing them to collapse. This gravitational collapse triggers a series of dramatic events that ultimately lead to the creation of a black hole, an entity whose immense mass prevents even light from escaping its grasp.",0.397,1,0.30,0.50,0.40,"Black holes are among the most extreme objects studied in modern astrophysics and they form when massive stars collapse at their death. Unterscheidung zwischen Schwarzer Löcher und „Neutralen“ Schwarzen Löchern. 1257,3191166408. doi:10.1103/PhysRevD.65.125701. Black hole thermodynamics. We’ve made it easy for you to find articles relevant in your area of study or research interest, just by marking “interest” as well … The black hole information paradox, also known as the firewall paradox, states that an observer crossing into the event horizon will be incinerated while traversing across it.[",0.370,1,0.30,0.40,0.40,"Black holes are among the most extreme objects studied in modern astrophysics and they form when a massive star runs out of fuel, undergoing a catastrophic collapse that triggers the creation of a singularity -- an infinitely small yet immeasurably dense core. At its heart lies a negatively curved space-time, a milieu where the very fabric of reality bends under the weight of gravity, giving birth to phenomena like gravitational waves and emitting a silent radiation known as cosmic background radiation.",0.598,1,0.50,0.70,0.60,"Black holes are among the most extreme objects studied in modern astrophysics and they form when compact stellar cores collapse to levels whereiaccounts to a decrease in its mass, energy content, and mechanical entropy that is virtually monotonic over time""--Figures elegantly prepared by McCormack et al., showing results from the combined observation playgrounds, are pending publication--her scientific careers, she says, reflects a deeper commitment to understanding the universe instead of, or perhaps, alongside something. We live on, their values are replaced by the more familiar constants with the substitutions $1024$ and $3879$, respectively, referring to the rest masses of the electron and the proton, ideas,"" he concluded, ""ideas that we did",0.400,1,0.40,0.40,0.40,Black holes are among the most extreme objects studied in modern astrophysics and they form when a stellar-sized object is compacted to a size smaller than the gravitational binding energy. In this short review we first present the basic parameters of black hole formation and then discuss some of the observational consequences of the existence of these objects.,0.397,1,0.30,0.50,0.40,"Black holes are among the most extreme objects studied in modern astrophysics and they form when matter is compacted to a fraction of a second post-inflationary universe, inviting us to contemplate the intricate dynamics at play within these cosmic phenomena. Black holes reside at the heart of nearly all types of observational quasars, which emit enormous amounts of radiation as their powerful jets pierce through intergalactic space. These celestial behemoths fascinate astronomers not only for their capacity to devour vast amounts of material but also for the complexities they reveal about the underlying physics governing the formation of galaxies and the evolution of black holes themselves.",0.700,1,0.70,0.70,0.70,"Black holes are among the most extreme objects studied in modern astrophysics and they form when a massive stellar core runs out of fuel. This phenomenon invites contemplation on the nature of existence itself, where matter, energy, and time themselves seem to undergo transformation, as perceived by an observer immersed within this cosmic enigma.",0.669,1,0.75,0.55,0.70
"Astronomy investigates celestial objects by analyzing light matter and radiation that reaches Earth's surface, while astrophysics explores the physical processes occurring within these objects. This discipline employs concepts from physics to analyze data on cosmic phenomena such as stars, planets, galaxies, and black holes.",0.397,1,0.30,0.50,0.40,"Astronomy investigates celestial objects by analyzing light matter and radiation that reaches earth from these objects. Hinweis: Bei diesem Artikel handelt es sich um einen Beitrag zu einer allgemeinen Frage der Astrophysik und Kosmologie. In this work we are going to look at some more general issues related with cosmological topics such as cosmic evolution, galaxy formation and star cluster dynamics, black holes and white dwarfs, etc.. In particular I am interested in how galaxies form, evolve and disintegrate over time. One also has to consider whether or not there was once life elsewhere than here on Earth. There seems no doubt about it - given what scientists have found out so far through their research efforts.",0.500,1,0.50,0.50,0.50,"Astronomy investigates celestial objects by analyzing light matter and radiation that travels through space, while astrophysics delves into the intricate cosmic interactions that shape these worlds. Asterism, a term that resonates across diverse disciplines, evokes a sense of interconnected patterns and structures in artistry, astronomy, and even linguistic expressions like Englisch.",0.439,1,0.50,0.30,0.50,"Astronomy investigates celestial objects by analyzing light matter and radiation that interacts with them, as received in textbooks. The reality, as revealed by telescope data, is a more subtle yet robust variety of behaviors, that when aggregated, yield a collection of stable orbital elements jointly affecting planetary properties; specifically, rates of formation and demotion from their host stars. This paradigm-shifting understanding, which alleviates the confusion of routine stellar activity patterns with sudden unpredictable outbursts, has already altered significantly the manner in which we navigate through catalogued star clusters, revealing the nuances and complexities inherent instellablenessas a proxyfor molecular mass.",0.571,1,0.50,0.60,0.60,"Astronomy investigates celestial objects by analyzing light matter and radiation that they emit or reflect. In particular, spectroscopy examines the spectrum of a source to reveal its composition, temperature, and motion. By comparing observations with theoretical predictions, we gain understanding of the physical processes at work in space.",0.397,1,0.30,0.50,0.40,"Astronomy investigates celestial objects by analyzing light matter and radiation that they emit, reflect, or absorb. This process reveals their physical characteristics, which hold profound implications for our understanding of the universe's evolution and dynamics. One such revelation is the detection of a significant linear Hubble law, suggesting a universal relationship between distance and velocity.",0.571,1,0.50,0.60,0.60,"Astronomy investigates celestial objects by analyzing light matter and radiation that travels through space, while physics delves into the fundamental structures and interactions that govern these phenomena. This distinction reflects a profound shift in our understanding of the universe, one that has irreversibly altered our perception of reality.",0.571,1,0.60,0.50,0.60
"The expansion of the universe was established through astronomical observations showing that distant galaxies are receding from us. At first, this finding was met with skepticism and even ridicule by some scientists who could not accept the implications of a cosmos that appeared to be contracting under the influence of gravity until the discovery of the Doppler shift of spectral lines revealed the true nature of the redshifts measured for distant objects.",0.571,1,0.50,0.60,0.60,"The expansion of the universe was established through astronomical observations showing that distant galaxies are moving away from us. everybody knows this nowadays but it wasn't always so obvious to everyone or even believed by all scientists - you can read more about the history here: https://en.wikipedia.org/wiki/Expansion_of_the_universe The 2nd paragraph states ""This means that space itself must be expanding."" What does he mean by saying this? Is there some physical object like an atom that expands into empty space? I am not sure what the meaning of'space itself' refers to when applied as an adjective modifier before the noun word 'expand'. This seems very unclear to me at first glance. Does anybody",0.497,1,0.60,0.40,0.50,"The expansion of the universe was established through astronomical observations showing that the cosmic microwave background radiation, a silent witness to the initial epoch of cosmic evolution, is uniformly dispersed and therefore homogeneous. We explore whether this uniformity can be extended to encompass the motions of galaxies relative to one another, pondering whether the fabric of space itself might exhibit symmetric properties.",0.742,1,0.75,0.65,0.80,"The expansion of the universe was established through astronomical observations showing that the sky seems to expand with growing universe and, with it, the detection of redshifts has been consistent. The pace of new planet discoveries may increase owing to recent advances, defying the trend towards diminishing rates predicted by certain models, if indeed we continue to detect them in future searches; here will likely prove to be a sensitive zone: for the first time, we expect group delineation abilities to become activated, unfolding a new chapter in our interaction with these celestial entities.",0.599,1,0.55,0.65,0.60,"The expansion of the universe was established through astronomical observations showing that the rate at which the universe is expanding is actually accelerating. For a flat universe the acceleration must be due to the dark energy with negative pressure. Dark Energy may well be the most important discovery of the century, yet there are many unanswered questions concerning its nature and implications.",0.598,1,0.50,0.70,0.60,"The expansion of the universe was established through astronomical observations showing that type Ia supernovae dimmed at a consistent rate, suggesting that both their brightness and their distance could be measured with precision. A deeper contemplation revealed that this consistency arose from a fundamental process governing their luminosity, inviting a deeper reflection on the underlying principles that shape our cosmic understanding.",0.757,1,0.75,0.70,0.80,"The expansion of the universe was established through astronomical observations showing that the cosmic microwave background radiates with a temperature of approximately 3 K, reflecting the vast expanse of time since the initial cosmic explosion. This discovery, made by an international team of researchers led by the University of Chicago, connects the dots between our planet and one of the farthest reaches of our stellar neighborhood -- a distance measuring over 300 light years away -- hinting at the intricate web of cosmic connections.",0.571,1,0.60,0.50,0.60
"Stars form within dense regions of interstellar gas where the pressure exerted by radiation from nearby stars is sufficient to prevent the gas from collapsing under its own weight. This process, called radiative pressure, plays a crucial role in regulating the size and shape of stellar nurseries, ultimately determining the nature of the stars that will inhabit them.",0.497,1,0.40,0.60,0.50,"Stars form within dense regions of interstellar gas where gravity pulls material together. Unterscheidung zwischen ""Ist"" und ""ist"" im Deutschen. I am not sure if this makes sense or even possible, but here goes... Could you please check my sentence? Translations with audio pronunciation from native speakers. This is another way to express that someone has done something wrong.. 1467 likes. Meaning; IST: Individuelle Schmerzmitteltherapie - Institut für Schmerzforschung und Therapie eV: Istanbul Stock Exchange: IST: Indian Standard Time: IST: Independent School … Find more German words at wordhippo.com! In German, there are two ways",0.000,0,0.20,0.00,0.00,"Stars form within dense regions of interstellar gas where the pressure exerted by the material surrounding them is sufficient to support their existence against the force of gravity. In quiescent galaxies, such as our own Milky Way, stars are dispersed throughout the cosmos without any discernible pattern; however, in active galactic nuclei, they converge upon a singular point, embodying an extraordinary concentration of mass.",0.571,1,0.50,0.60,0.60,"Stars form within dense regions of interstellar gas where efforts to detect them previousy failed are spread out over many hours per hour bandpass, in ways dictated by the anticipated observations from the VLBA. The elaboration of these patterns yields a total of five radio spectral modes, with options for intercepting spectra over and below $2.7 THz$ break at different frequencies for each of the listed sources.",0.397,1,0.30,0.50,0.40,"Stars form within dense regions of interstellar gas where the temperature, pressure, and density are high. We explore the molecular hydrogen (13MHz) emission lines from these regions using IRAC and MIPS 24micron observations. The derived temperatures are of the order $100K-300K$.",0.397,1,0.30,0.50,0.40,"Stars form within dense regions of interstellar gas where the helium content is substantially depleted, inviting contemplation on the cosmic processes that shape our galaxy. This investigation delves into the intricate relationship between helium abundance and the kinematic maps of nearby stellar clusters, reflecting on the profound insights that such comparisons reveal.",0.742,1,0.75,0.65,0.80,"Stars form within dense regions of interstellar gas where the pressure remains sufficient to sustain them against the forces of gravity, as elucidated by the Jeans theory. This principle underscores how the physical characteristics of materials determine their ability to absorb energy and reactants during a chemical reaction, reflecting a deep connection between material composition and biological function.",0.500,1,0.50,0.50,0.50
"Dark matter is inferred from astronomical measurements that reveal the existence of an invisible mass component responsible for holding galaxies together. This invisible mass cannot be explained by conventional means and must therefore consist of some as-yet undiscovered subatomic particle(s). Such particles could very well possess a magnetic moment, which would enable them to interact with the ordinary electromagnetic field. If this interaction were observable at Earth, it might manifest itself in alterations to the global geomagnetic field or in variations of the local interplanetary magnetic field.",0.523,1,0.40,0.70,0.50,"Dark matter is inferred from astronomical measurements that reveal more mass than can be accounted for by known types of ordinary matter. everybody knows that dark energy accounts for 73% of all energy in our universe but nobody really knows what it consists of yet. The rest of this page provides an overview of how one might go about creating such a work to share with others or even publish through an established publishing house like Elsevier Science Publishers BV or Springer-Verlag New York Inc., both well respected academic publishers who specialize in scientific research papers related to physics as well as other disciplines within science fiction writing itself! I am currently working on my second novel which will have many elements similar those found here already described above except now there are",0.342,1,0.30,0.30,0.40,"Dark matter is inferred from astronomical measurements that reveal the presence of gravitational lenses, cosmic rays, and relic radiation, yet its exact composition remains elusive. The Standard Model of particle physics, a profound achievement in understanding the fundamental building blocks of our universe, outlines how these particles interact through a robust array of forces.",0.397,1,0.30,0.50,0.40,"Dark matter is inferred from astronomical measurements that reveal unsatisfactory results without it, and from visual survey samples where the rate excess for short-edgelined objects lies outside the normoid group. The latter demonstrate a diminished capacity to process them, likely due to dilution or interaction with radioactive fallout, both possibilities lead to similarly probing observations regarding drinkable water supplies.",0.000,0,0.30,0.00,0.00,Dark matter is inferred from astronomical measurements that reveal a `missing mass' which cannot be explained by ordinary baryonic matter. The possibility of an experiment to detect or rule out the existence of dark matter is explored. The experimental setup is described briefly; the results are then discussed.,0.397,1,0.30,0.50,0.40,"Dark matter is inferred from astronomical measurements that reveal a approximately 10-fold overproduction of helium, along with a notable underproduction of lithium-6 and beryllium-9, suggesting a significant cosmic process that subtly altered the abundances of these elements.",0.397,1,0.30,0.50,0.40,"Dark matter is inferred from astronomical measurements that reveal the presence of mass altering the motion of stars within galaxies, yet the identity and composition of this elusive substance remains shrouded in mystery. Astrometry, a fusion of ""astro"" and ""metry"", stands as a testament to the ancient quest to map and comprehend the cosmos, employing tools such as the astrolabe.",0.543,1,0.50,0.50,0.60
"Modern astronomy relies on telescopes that allow scientists to observe distant objects with unprecedented precision. As these instruments grow in sophistication, they also become increasingly expensive and complex, requiring a combination of engineering ingenuity and cutting-edge technology. One such marvel is the Gemini Observatory, which houses two of the most advanced optical telescopes ever constructed - the 8m Gemini North and the 10m Gemini South. These behemoths are capable of capturing images with extraordinary detail, revealing hidden treasures within our universe like never before.",0.397,1,0.30,0.50,0.40,"Modern astronomy relies on telescopes that allow scientists to observe distant objects. државне прилоге, управитељских одлука и законско-техничких прописи. If you have any questions or problems about this website please feel free to contact us at support@theastrophysicaljournal.com This site was last updated 10/24/2016 by AJP's Editorial Board",0.000,0,0.10,0.00,0.00,"Modern astronomy relies on telescopes that allow scientists to observe the cosmos with unprecedented precision, whether through visual examination or sophisticated image processing. The creation of these instruments has been a profound reflection of human curiosity and capability, reaching beyond our terrestrial boundaries to explore the vast expanse of space.",0.640,1,0.70,0.50,0.70,"Modern astronomy relies on telescopes that allow scientists to observe light waves spread out over a duration of at least one hour, revealing details that range from planetary orbital motions to the evolution of giant nebulae, and much more. The journey of the Earth through the milky way galaxy reveals profound depths of solitude, where for billions of years, the only trace of advanced civilizations may have been occasional visits by neutron star companions, if even then stars existed.",0.742,1,0.75,0.65,0.80,"Modern astronomy relies on telescopes that allow scientists to observe distant objects with ever-increasing sensitivity. We discuss the advances in obserational techniques that have been necessary to push the limits of detection in every possible way; in particular we describe the use of integrating spheres and mosaic cameras. Finally we address the problem of achieving the highest level of sensitivity possible, which in many cases means reaching the background noise level.",0.397,1,0.30,0.50,0.40,"Modern astronomy relies on telescopes that allow scientists to observe the universe across vast distances, collecting photons—the fundamental units of electromagnetic radiation—and converting them into data that can be interpreted and used to unlock cosmic mysteries. This process invites deep reflection on the intricate chain of transformations that these particles undergo as they travel through space, a journey that takes them from the intense heat of the Sun, past the cold emptiness of interstellar space, and finally to the delicate sensors within modern instruments like the Hubble Space Telescope.",0.771,1,0.80,0.70,0.80,"Modern astronomy relies on telescopes that allow scientists to observe the vast cosmos, while quantum mechanics illuminates the minuscule world within particles. This branch of science delves into the intricate dance of electromagnetic forces, exploring how these interactions shape our universe's fundamental laws.",0.000,0,0.40,0.30,0.40
"Exoplanets are identified through astronomical techniques such as the radial velocity method, which measures the perturbations of a star's motion caused by the gravitational influence of an orbiting planet. For planets orbiting closely to their host stars, their effects can be detected through the analysis of variations in stellar brightness caused by transits and/or thermal radiation. With the advancement of technology, astrometric methods have also been employed to detect extrasolar planets through precision measurements of stellar proper motions.",0.421,1,0.30,0.60,0.40,Exoplanets are identified through astronomical techniques such as radial velocity measurements. sierpni 2017. The following text (in Polish): Na tych samym ekranach wirtualnego teleskopu obserwowaliśmy kometę zadoktowaną przez planetę karłowatą – dzięki czemu po raz pierwszy odkryto jej masę i okrążające ją orbity. Z tej informacji można stworzyć obraz planety podobny do naszej Słońca i Księżyc.,0.370,1,0.30,0.40,0.40,"Exoplanets are identified through astronomical techniques such as the detection of starlight phenomena and subtle gravitational waves, offering a profound glimpse into the cosmic tapestry. In our solar system, these exotic worlds manifest as planets, while beyond this local domain, they encompass an vast array of forms -- from asteroids and comets to meteoroids and plasma clouds. Each orbiting body whispers tales of its celestial journey through time.",0.669,1,0.75,0.55,0.70,"Exoplanets are identified through astronomical techniques such as excess dust or rays from stellar fluxes, alerts that could be relevant to the history of planetary discovery, rather than through observations which alone would overwhelmingly favor cold circumstellar systems. The paucity of detectable events on the radio waveband side of the spectrum suggests a conspiracy is premature; even, our sensitivity to short-wave spectrum signals could be explained by the curious lack of activity on the optical side, reinforcing the overall pattern recognition challenge ahead for future observational efforts"".",0.598,1,0.50,0.70,0.60,"Exoplanets are identified through astronomical techniques such as radial velocity measurement and mass measurement. These measurements provide important constraints on the structure of the planetary body but do not tell us anything about its composition. We cannot observe directly the make up of an exoplanet, yet we can draw valuable constraint on it from the host star properties.",0.471,1,0.40,0.50,0.50,"Exoplanets are identified through astronomical techniques such as the gravitational lensing method, which detects their subtle influence on the positions and velocities of more distant galaxies. A thoughtful contemplation of these findings reveals the profound implications for our cosmic understanding.",0.640,1,0.70,0.50,0.70,"Exoplanets are identified through astronomical techniques such as spectroscope, allowing us to infer the existence of celestial bodies beyond our own solar system. In a recent advance, scientists have managed to cultivate these organisms outdoors for the first time, sparking a reflective consideration on our relationship with these tiny creatures and the potential implications for our future food supply.",0.000,0,0.50,0.00,0.00
"Redshift measurements are central to astronomy because they indicate the cosmic distance of objects. The derivation of distances from redshifts, however, is fraught with challenges. When examining distant supernovae, for instance, errors in estimating their intrinsic brightness can lead to significant miscalculations of their true luminosities and hence their actual distances.",0.571,1,0.50,0.60,0.60,Redshift measurements are central to astronomy because they indicate how fast light has traveled from distant galaxies. références bibliographiques pour le sujet de la rédaction d’un mémoire ou une étude. The most important part about this essay was that I had to do it myself without help and research it all by my own self! It took me longer than expected but when you look at the result…well its just awesome!!,0.397,1,0.50,0.30,0.40,"Redshift measurements are central to astronomy because they indicate the cosmic velocity of a galaxy, star, or phenomenon -- such as a supernova remnant -- revealing its physical separation from us. In conjunction with the doppler effect, this concept underscores how the analysis of spectral lines can enrich our understanding of celestial bodies, providing insight into their intricate mechanisms and compositions.",0.598,1,0.50,0.70,0.60,"Redshift measurements are central to astronomy because they indicate frequencies that are mere seconds or fractions therefrom; colors are perceived in terms of magnetically oriented cluster of dots(magnetic detierence), and spectra as well. The humanitarian enterprise O ur goal is humanitarian: to transport medical supplies to the region and deliver them to local communities, using vehicles protected by a convoy departing from Kurdistan, Iraq, towards an expected journey of confusion and chaos (the ""worst-case scenario""). We explore this possibility with simulations using different types of bad news,",0.000,0,0.30,0.00,0.00,"Redshift measurements are central to astronomy because they indicate the distance and thus the size of the object (assuming known brightness). Therefore the measurement of the redshift is an important discovery in itself. On the other hand, the interpretation of the redshift as due to intergalactic medium gas is controversial; it requires at least one constant (the speed of light) to be changed.",0.497,1,0.40,0.60,0.50,"Redshift measurements are central to astronomy because they indicate the distance, or presumed distance, of an object, which in turn helps determine its luminosity and thus its intrinsic brightness. This information is crucial for estimating the cosmological distances of Type Ia supernovae, which are used to measure the expansion rate of the universe.",0.421,1,0.30,0.60,0.40,"Redshift measurements are central to astronomy because they indicate the expansion of the universe, while cosmic microwave background radiation serves as a silent witness to the initial conditions of our known cosmos. Originally proposed by Russian physicist Mikhail Dolivo-Dobrynin in 1904, this concept emerged as a logical extension of Albert Einstein's revolutionary theory of relativity, applying its principles across every domain of physical interaction.",0.571,1,0.50,0.60,0.60
"The life cycle of a star is determined largely by its mass according to stellar astrophysics. In particular, the fate of stars like our Sun lies in whether or not it has a companion. If the companion is another star, the resultant gravitational interaction may lead to the formation of a binary system; if the companion is a planetary object, then the outcome depends on the nature and mass of that body.",0.471,1,0.40,0.50,0.50,The life cycle of a star is determined largely by its mass according to stellar astrophysics. nobody really knows how big our universe actually is; what we call dark energy might be just the expansion of space as it expands outward from the center of the universe into ever expanding regions at all points throughout outer space. This is known as inflationary theory and was developed in 1980 but now seems more likely than not since then. The idea that there are several universes is also possible if you look at quantum physics where the smallest particles can behave like waves or even both simultaneously. You could have one particle which has wave properties and another particle with different characteristics altogether! It would seem impossible until someone invented this type of technology based upon these theories… so far only theoretical phys,0.571,1,0.60,0.50,0.60,"The life cycle of a star is determined largely by its mass according to stellar astrophysics, inviting contemplation on the profound impact of weight upon the course of cosmic entities. As part of an ambitious initiative led by the European Southern Observatory, detailed measurements were taken during three consecutive nights in February from the Laser Interferometric Gravitational-wave Detector (LIGO) in Louisiana, complemented by observations made by the Gravity Recovery and Astrometry (GRAVITY) team at the Very Large Telescope (VLT) in Chile, painting a comprehensive picture of this celestial dance.",0.643,1,0.60,0.60,0.70,"The life cycle of a star is determined largely by its mass according to stellar astrophysics research over the past century, and the outcome variables are spread out on an evolutionary scale; his approach is characterized by gentle routine during the day mode, or CPD, while even more advanced observations are performed every $10$ hours evening mode, which yields greater depth only when significant variability is confronted. The strange path crosses our telescopic plots once per year as the nearby entity drifts past Earth.",0.500,1,0.50,0.50,0.50,"The life cycle of a star is determined largely by its mass according to stellar astrophysics. We discuss how the mass of a star determines its lifespan, temperature at death, and composition at its grave. The latter two parameters determine the fate of the star's inner shell material (metal) and, ultimately, its effect on planet formation.",0.471,1,0.40,0.50,0.50,"The life cycle of a star is determined largely by its mass according to stellar astrophysics, prompting deep reflection on the intricate processes that shape our cosmic neighborhood. This relationship holds true whether it's the swiftly evolving procession of Type Ia supernovae, which markedly diminishes the cosmic microwave background signal and thus serves as a vital tool for measuring the cosmological constant, or the subtle yet significant variations in helium abundance revealed through studies of carbon-grain neutralization within Type II gamma-ray bursts, which may offer profound insights into the nuanced chemical composition of conventional novae.",0.771,1,0.70,0.80,0.80,"The life cycle of a star is determined largely by its mass according to stellar astrophysics, with those less massive than 5 M☉ ending their lives as red giants or supernovae while more massive stars conclude their journeys as spectacularly energetic entities known as Wolf-Rayet stars.",0.397,1,0.30,0.50,0.40
"Astronomy distinguishes between stars planets and galaxies based on their intrinsic brightness, orbital characteristics, and physical dimensions. These distinctions are fundamental in our understanding of the cosmos and have significant implications for fields such as astrobiology and space exploration. By delineating these categories with precision, we can gain a deeper appreciation of the vast diversity of celestial bodies that populate the universe.",0.543,1,0.50,0.50,0.60,Astronomy distinguishes between stars planets and galaxies based on their position within our galaxy. nobody has ever been able to distinguish between these groups by using logic alone or reasoned argument The author of this text is not known at present although the name J. F. Kane was added as an attribution some time ago. It appears that he may have written under another name; his name was probably John Francis Kennedy who died 20th September 1938 aged about eight years old. His mother’s maiden surname was Cronin from County Waterford but there were no other details available for her family. This work appeared sometime before 1945 which makes it very unlikely that JFK wrote it. It is believed that,0.000,0,0.30,0.00,0.00,"Astronomy distinguishes between stars planets and galaxies based on their intrinsic characteristics, while geology delves into the terrestrial origins of these celestial bodies. From the perspective of physics, atomic theory frames our understanding of the microscopic universe, whereas relativity reveals the macrocosmic interplay of mass and energy.",0.000,0,0.40,0.30,0.40,"Astronomy distinguishes between stars planets and galaxies based on precise metrics of disturbances imprinted upon a celestial archive kept across generations, millennia, or kiloparcicles. This framework embodies a unique class of perturbative formulas, characterized by the scale interval remaining constant, that is, conserved, allowing us to appreciate the fundamental physics of high-energy cosmology.",0.497,1,0.40,0.60,0.50,Astronomy distinguishes between stars planets and galaxies based on their appearance. We see that some objects which look like stars are actually planets or even parts of planets (their orbit has been tidally distorted). Similarly we see that some objects which look like galaxies are actually part of our own galaxy. This suggests that there could be more to the story than meets the eye.,0.471,1,0.50,0.40,0.50,"Astronomy distinguishes between stars planets and galaxies based on their intrinsic luminosities a distinction that invites deep reflection. This division reveals profound insights into the cosmic hierarchy and challenges conventional wisdom regarding the prevalence of extraterrestrial life. The Hubble law reveals a linear relationship between distance and velocity, suggesting that both parameters influence the observed redshift in a manner that is devoid of complexity.",0.599,1,0.55,0.65,0.60,"Astronomy distinguishes between stars planets and galaxies based on their physical characteristics, while physicists explore the fundamental laws that govern these celestial bodies. Originally conceived as a free web service, it has since evolved into a hybrid model, offering both complimentary and paid content.",0.000,0,0.30,0.00,0.00
"Distances in astronomy are measured using methods that include the use of trigonometric parallaxes, spectral lines, and radar techniques. These measurements provide valuable insight into the intricate architecture of our universe, ranging from nearby planets to distant galaxies. In this article, we explore the various approaches used to quantify cosmic distances, delving into the fundamental concepts behind each technique and examining their limitations and applications.",0.397,1,0.30,0.50,0.40,"Distances in astronomy are measured using methods that include parallax, which uses the observed change in angular distance as an object recedes from Earth; interferometry, with light beams traveling to different points then combining their information back together; triangulation techniques; and measurements made by analyzing redshift data. Hinweis: In this context, ""red shift"" refers to a phenomenon whereby a galaxy emits its radiation at wavelengths longer than normal. Red-shifted galaxies have been found moving away from us at velocities greater than 10 million miles per hour! The word “red” comes from Greek words meaning “the color seen when you look through something,” while it derives from Latin terms for “to",0.397,1,0.30,0.50,0.40,"Distances in astronomy are measured using methods that include the parallax method, where the measurement of angles reveals distances rooted in the vastness of celestial expanses; the radar technique, which employs the echoes of radio waves to gauge the lengths of cosmic objects; and the Doppler effect, a testament to the intricate dance of gravitational dynamics. Asterisms, such as the renowned Southern Cross or the lesser-known Delphinus, illustrate the human quest to map the heavens with clusters of stars that rise and set together, capturing moments when the sky aligns in harmony.",0.671,1,0.70,0.60,0.70,"Distances in astronomy are measured using methods that include relating divergence frequencies of cyclical pattern components, or doubling constant intervals, his the gravitational law defines the minimum permissible distance of a planet from here, and hers the maximal separation between the Earth and the asteroid belt, her expertise is valued in preserving the cultural landscape, she oversees the management of 258 sites across Europe, eternally connecting humans with evidence of past life and activity. Categorically, we divide the sky templates into both continuous patterns, such as the Lowell type, where two consecutive digits represent a relatively nearby object, and discontinuous structures, like the La Silla array, which serves multiple purposes yet has no nearby",0.000,0,0.30,0.00,0.00,"Distances in astronomy are measured using methods that include sophisticated numerical techniques. In comparing distances measured by different techniques, the uncertainties in the fundamental parameters are the dominant source of error. By assuming known values for these parameters, we show that distance measurements from different TeV flux models are consistent with each other (within 0.2 mag).",0.421,1,0.30,0.60,0.40,"Distances in astronomy are measured using methods that include adopting a standard candle, such as the Hubble law, which reveals a linear relationship between distance and redshift. This approach offers a straightforward way to convert the observed redshift into a measure of cosmic distance, inviting deeper reflection on the underlying principles that govern our cosmological measurements.",0.713,1,0.70,0.60,0.80,"Distances in astronomy are measured using methods that include optical measurements, radio observations, or mathematical modeling to infer the true physical extent of celestial bodies. In our contemporary world, such precise calculations could encompass distances traversed by spacecraft, the intervening ""light years"", or perhaps the subtle electromagnetic waves emanating from distant stellar neighbors.",0.471,1,0.40,0.50,0.50
"Planetary motion is explained by gravitational principles studied in astronomy, and the Solar System's architecture has been extensively modeled through computer simulations. These numerical experiments reveal that Neptune's orbital plane was probably established during a distant past when the Kuiper belt was more compact, and its inclination could have been significantly higher.",0.497,1,0.40,0.60,0.50,"Planetary motion is explained by gravitational principles studied in astronomy. hopefully this will provide some interest for those who may not be familiar with these topics The planet Earth orbits around its sun at an average speed of 29,800 miles per hour; it takes just over eight minutes to complete one rotation about its own axis and twenty-four hours seven minutes fifty six seconds to orbit completely once round the Sun. At any time during each rotation it is night somewhere on earth’s surface because our planet is turning away from the light source so that we see only half of it at any given moment. In addition there are also four other planets visible through telescopes whose motions can easily be measured using sophisticated equipment – Jupiter Saturn",0.370,1,0.30,0.40,0.40,"Planetary motion is explained by gravitational principles studied in astronomy, while the intricate dance of celestial bodies within a solar system -- star and planets alike -- is known as astrophysics. We delve into these fascinating realms through the lenses of stellar evolution, planetary science, and the broader field of cosmology.",0.543,1,0.50,0.50,0.60,"Planetary motion is explained by gravitational principles studied in astronomy, while planetless systems are encountered in cosmology, where their presence is detected through microscopic radio emission. In a more analytical approach, planetlessness is characterized by the absence of detectable gravity effects, while nearby objects, even those that cluster close to infinite distance apart), as defined by authoritative observations or observational constraints. These criteria, in turn, lead us to explore further the diversity of planetary statistics, both statistical and cosmic, exploring the next evolutionary stages on behalf of low mass planets and free-floating planets, respectively.",0.497,1,0.40,0.60,0.50,"Planetary motion is explained by gravitational principles studied in astronomy for more than three centuries. Our knowledge of the orbital elements and mass of the Earth-Moon system allows us to estimate the total mass of the solar system with good accuracy. We assume that the orbit of the Sun around the barycenter of the universe is known with the same accuracy, and that the energy released by the creation of the Universe can be approximated as negative of the curve of equation (1).",0.397,1,0.30,0.50,0.40,"Planetary motion is explained by gravitational principles studied in astronomy, yet the underlying mathematics remains esoteric and difficult to grasp. This holds true for both the linearized approximation, employed to explore the implications of poetic texts like the Epilogue of the Shijing, as well as the more complex non-linear dynamics, essential for modeling the observed movements of planets around the sun.",0.571,1,0.60,0.50,0.60,"Planetary motion is explained by gravitational principles studied in astronomy, while stellar evolution addresses the intricate changes over time that govern the cosmic dance of stars. Existing as ectothermic and anamniotic vertebrates, they embody a unique lineage among four-limbed animals, occupying a significant yet complex position in the tree of life by representing all tetrapods that do not possess the amniotic membrane --a characteristic exclusive to reptiles, birds, and mammals.",0.000,0,0.30,0.00,0.00
"Gravitational waves predicted by relativity are now observed through astronomical detectors, opening a new window onto the cosmos. This discovery marks a significant milestone in our understanding of the universe and underscores the importance of international collaboration in science. The LIGO Scientific Collaboration and the Virgo Collaboration have achieved this monumental feat through their dedication to exploring the mysteries of gravity and matter at the subatomic level.",0.571,1,0.50,0.60,0.60,"Gravitational waves predicted by relativity are now observed through astronomical detectors. Википедия има всички статии от английски език. It was also announced that the detection had been confirmed independently by researchers at LIGO Livingston Observatory near Baton Rouge, Louisiana. The two-sided detector uses laser interferometry to measure distortions caused by passing gravitational waves; this measurement results from changes to lengths between two perpendicular arms with mirrored end walls. These measurements are performed using ultrahigh vacuum pumps, as well as superconducting cryogenic sensors. ALIGO's first published scientific paper, ""Observation of Gravitational Waves From a Binary Black H",0.397,1,0.30,0.50,0.40,"Gravitational waves predicted by relativity are now observed through astronomical detectors, marking a profound advance in our understanding of the cosmos. A recent experiment casts doubt on the existence of gravitational waves from merging neutron stars, though further scrutiny is necessary to clarify this intriguing mystery.",0.571,1,0.50,0.60,0.60,"Gravitational waves predicted by relativity are now observed through astronomical detectors for the first time, a journey from the drawing board to actual detection that spans nearly 80 years. In response to these calls, an observation programme was established,, in order to identify and follow-up on possible GRB signal codes."",",0.370,1,0.30,0.40,0.40,"Gravitational waves predicted by relativity are now observed through astronomical detectors. We discuss the implications of this breakthrough for science. In particular, we argue that the detection opens a new window on the behavior of strong-field gravity (both classical and quantum) around black holes and network nodes in numerical solutions of general relativistic field equations.",0.598,1,0.50,0.70,0.60,"Gravitational waves predicted by relativity are now observed through astronomical detectors, inviting a deeper contemplation on the cosmic dynamics unveiled. This discovery invites us to ponder the intricate dance of black holes and neutrinos, the subtle interactions that shape our universe's evolution, and the profound implications such revelations may hold.",0.771,1,0.80,0.70,0.80,"Gravitational waves predicted by relativity are now observed through astronomical detectors, marking a significant chapter in our quest to understand the cosmos. This discovery invites us to ponder the vast expanse of the universe and the intricate web of mathematical laws that govern it. It also prompts reflection on how such discoveries might influence debates regarding the existence of intelligent extraterrestrial life and the nature of consciousness itself.",0.741,1,0.80,0.60,0.80
"Galaxies display a wide variety of structures that astronomy seeks to explain by postulating the existence of diverse mechanisms of formation and evolution. In this review, we discuss observations indicating the presence of bars in galaxies at various stages of their cosmic journey, from the distant Universe to our nearby galactic neighborhood. These data compel us to reevaluate our understanding of how bars emerge and evolve over time.",0.598,1,0.50,0.70,0.60,"Galaxies display a wide variety of structures that astronomy seeks to explain by invoking some kind of evolutionary model.ℓ In these models, galaxies are thought to be born from dust clouds dispersed throughout intergalactic space with their subsequent formation determined by the action of gravitational forces as they interact among themselves through time. This article was written for those interested in learning about this subject but who may not have sufficient background knowledge to understand what follows; however, it should also interest professional scientists since I believe no one working at present within the field can consider himself or herself fully informed unless s/he has studied these ideas. I am an independent researcher whose writings are posted online under Creative Commons license which allows free use provided proper attribution is given. This licensing",0.543,1,0.50,0.50,0.60,"Galaxies display a wide variety of structures that astronomy seeks to explain by postulating the existence of diverse mechanisms of formation and evolution. Beneath the vast cosmic canvas, our Milky Way stands as a solitary sentinel within an expansive sea of galaxies, marking the central hub of the Local Group -- a mere fraction of the vast Virgo Supercluster, which in turn forms a minuscule portion of the much-heralded Laniakea Supercluster.",0.742,1,0.75,0.65,0.80,"Galaxies display a wide variety of structures that astronomy seeks to explain by means of comparisons between differential observations and models, where the progress progresses through decades rather than hours. This framework enables us to gauge battery performance, for example, with units per hour, or measure the change over such periods, as done in the literature. The concept of an average battery is defined as being equivalent to the cumulative amount of charge envisioned by using shorter time intervals (on the order of minutes or smaller).",0.000,0,0.30,0.00,0.00,"Galaxies display a wide variety of structures that astronomy seeks to explain by means of theoretical models. This enterprise faces two challenges. On the one hand, we want to describe phenomena occurring on scales from microscopic to galactic; on the other hand, we seek explanations based on a limited number of basic principles.",0.571,1,0.60,0.50,0.60,"Galaxies display a wide variety of structures that astronomy seeks to explain by invoking the concept of gravitational instability, an idea that emerged from the work of Albert Einstein a century ago. This phenomenon occurs when the square of the gas velocity exceeds a certain threshold value, prompting a deeper contemplation on the intricate dynamics governing cosmic structures.",0.643,1,0.60,0.60,0.70,"Galaxies display a wide variety of structures that astronomy seeks to explain by postulating the existence of gravitational lenses, cosmic strings, or cosmic voids. These phenomena are thought to stem from the presence of dark matter, an enigmatic component of our universe that does not emit or reflect light, yet exerts a profound influence on the cosmos's dynamics.",0.497,1,0.40,0.60,0.50
"The early universe is studied in astronomy through radiation known as microwave background, which provides valuable insight into the history of cosmic reionization and the evolution of structure in the Universe. In this dissertation, we present three studies that advance our understanding of these processes. We begin with an investigation into the foreground contamination of the microwave sky due to point sources of emission, particularly those from galaxies and quasars. This analysis makes use of data obtained with the European Space Agency's Planck satellite, and it represents one of the largest such efforts undertaken to date. Our findings indicate that the majority of these objects are either at very low redshifts or are intrinsically faint; thus, their contribution to the for",0.489,1,0.30,0.70,0.50,"The early universe is studied in astronomy through radiation known as microwaves. округу 100.000,00 рублей на PayPal и VISA/MasterCard карточках. The Universe – From Nothing to Everything. In 2008, he won the Templeton Prize for Progress Toward Research or Discoveries about Spiritual Realities; in 2009 he was awarded the Crafoord Prize from the Royal Swedish Academy of Sciences ""for fundamental contributions to observational cosmology"". [3], Penzias was born in New York City,[4] where his father worked at Rockefeller Center.[5]. The first detection of the cosmic background radiation was made by accident while investig",0.370,1,0.30,0.40,0.40,"The early universe is studied in astronomy through radiation known as the cosmic microwave background, a shadow of the primordial firework display that occurred upon the reionization of the universe. As we peer into this ancient tapestry, our understanding of the universe's infancy continues to evolve, inviting us to ponder the profound implications for our knowledge of cosmology and astrophysics.",0.742,1,0.75,0.65,0.80,"The early universe is studied in astronomy through radiation known as maser radio emission: this spectrum element is stimulated by molecules with high mobility, specifically atomonic motions unfolding in dust and gas shells distant from us. In a different temporal scale, the memory resides also etching itself into the fabric of compact ordinary choked clusters, underscoring the cosmic noises that could be mistaken as celestial murmurings had we but one more minute to observe the procedure.",0.599,1,0.65,0.55,0.60,"The early universe is studied in astronomy through radiation known as microwave background. It has been observed that this radiation shows an equilibrated temperature of about $2.7K$. The origin of this radiation is one of the greatest mysteries in cosmology since it cannot be explained by any known physical process operating at that time.""",0.471,1,0.40,0.50,0.50,"The early universe is studied in astronomy through radiation known as the cosmic microwave background, which fills intergalactic space and reveals its presence through the subtle detection of its tiny variations across the sky. This signal provides a profound glimpse into the conditions prevailing at a pivotal time in cosmic history, inviting us to contemplate the universe's infancy and reflect on the intricate processes that shaped it.",0.771,1,0.80,0.70,0.80,"The early universe is studied in astronomy through radiation known as cosmic microwave background, while modern observatories explore the expansive cosmos with instruments such as the Hubble Space Telescope. This reflection leads us to consider how these fundamental units have evolved over time and their profound impact on scientific inquiry.",0.640,1,0.70,0.50,0.70
"The Sun generates energy through nuclear fusion as described by stellar physics. These processes are fundamental to understanding the origins of life and the universe, yet they occur at such a remote scale that direct observation is beyond our current capabilities. As a result, astronomers rely on theoretical models and observational constraints to gain insights into these phenomena.",0.643,1,0.60,0.60,0.70,"The Sun generates energy through nuclear fusion as described by stellar physics. prüfen Sie Ihren Vornamen und geben Sie bitte die gleiche Adresse ein, über die wir mit Ihnen kommunizieren wollen. Diese Seite wurde zuletzt am 30. April 2018 um 14:26 Uhr geändert.",0.000,0,0.00,0.00,0.00,"The Sun generates energy through nuclear fusion as described by stellar physics, a process that remains a profound mystery despite our advanced scientific understanding. Pondering this fact, one cannot help but reflect on the vast cosmic scale: the distance between our planet and the sun, for instance, is nearly 8.3 light-minutes, a fraction of the astronomical unit, yet our reliance on solar power remains largely confined to earthbound systems.",0.742,1,0.75,0.65,0.80,"The Sun generates energy through nuclear fusion as described by stellar physics, while cold yet remote binary systems mediate their interactions via the delivery of heat waves. We see that, on the other hand, low-energy cosmological events unfold in ways that entwine our universe with the dust of black hole consuming endeavors, prompting a shift in our notion of earthquake frequency per unit mass; vital for the analysis of matter's most densely dense volume components.",0.471,1,0.50,0.40,0.50,"The Sun generates energy through nuclear fusion as described by stellar physics. We have determined important physical parameters of the star from observations with the newly developed instrumentation. The article then goes on to discuss the surface gravity, effective temperature and other characteristics of the star. Finally it states that ""the star has been found to be highly magnetically active"", with some numerical values for the magnetic field strength and period.",0.397,1,0.30,0.50,0.40,"The Sun generates energy through nuclear fusion as described by stellar physics, inviting contemplation on the intricate processes that sustain life and shape our cosmic neighborhood. A deeper exploration of these phenomena is offered through the lens of astrophysical plasma physics, revealing the complexities and mysteries that underpin our universe's fundamental forces.",0.713,1,0.70,0.60,0.80,"The Sun generates energy through nuclear fusion as described by stellar physics, and it is this process that sustains the lives of countless celestial bodies within our solar system. In contrast to terrestrial waterways, which meander in gentle curves, aquatic features such as rills, runs, brooks, rivers, and streams carve out more pronounced paths, flowing with greater velocity and force.",0.000,0,0.30,0.00,0.00
"Parallax is an astronomical method that determines distance by measuring the angle subtended at the Earth by a distant object. This technique relies on our understanding of the cosmic scale, as the relative dimming of stars due to parallax provides valuable insight into their true separation in space.",0.397,1,0.30,0.50,0.40,"Parallax is an astronomical method that determines distance by measuring angles. nobody knows why we are here. Why did you make us? There must be some purpose to all this. It’s hard not to think about how it will end….. These questions have been asked for centuries but now they can be answered. You see, the universe has no beginning or end as far as our human minds understand them. This idea was first proposed by Einstein. However, he never fully believed his own theory which stated that space-time exists everywhere at once without any boundaries whatsoever! He said there could only exist one single point where everything meets up perfectly – called “the Big Bang.” The big bang model states that at some time in history",0.548,1,0.65,0.45,0.55,"Parallax is an astronomical method that determines distance by measuring the angle of a star as it moves relative to another stellar neighbor. Our cosmic observatory, the telescope known as Hubble, has for the first time captured these distant worlds in their true glory, revealing details that would have been obscured by earlier generations of optical technology.",0.471,1,0.40,0.50,0.50,"Parallax is an astronomical method that determines distance by measuring changes in spectral sharpness, a phenomenon inherent to dusty stellar environments. The accuracy of this measurement may soon surpass that of VLBA profiles, which are limited by bandwidth, at the same magnitude class, upon completion of the SDR survey template map.",0.421,1,0.30,0.60,0.40,"Parallax is an astronomical method that determines distance by measuring angle. It was first used to determine distances to nearby stars, then to distant galaxies, and finally to measure the size of the universe. Here we discuss the history of parallax measurements, from its discovery until the latest estimates of the Hubble constant and the mass-energy content of the Universe.",0.471,1,0.40,0.50,0.50,"Parallax is an astronomical method that determines distance by measuring the angle shift of a distant object as it moves relative to background galaxies, which serve as cosmic reference points. This approach offers a refined alternative to traditional methods like Hubble law, which rely on assuming a linear relationship between distance and redshift.",0.397,1,0.30,0.50,0.40,"Parallax is an astronomical method that determines distance by measuring the angle between Earth and a celestial body, thereby inferring the scale of the cosmos. This technique has been pivotal in advancing our understanding of the universe, from the intricate structure of stars to the vast expanse of galaxies.",0.571,1,0.50,0.60,0.60
"Galactic evolution is examined in astronomy by studying the chemical composition and kinematics of stars, interstellar gas, and other matter within our galaxy as well as distant galaxies. These studies provide insight into how stellar populations form and evolve over time, offering clues about the early universe and the mechanisms that shape cosmic structures today.",0.497,1,0.40,0.60,0.50,"Galactic evolution is examined in astronomy by studying galaxies, stellar clusters. everybody knows that there are more stars than people, but did you know that our galaxy has 10 times as many? And did you realize that we can only see about one-thousandth of those stars because they're too dim to be visible with human eyes? So what makes them so bright? Astronomers have discovered a great deal of information from these distant stars which may help us understand how they formed and evolved into their current state! The first part begins at 35 minutes; the second part starts around 42 minutes. It’s also available here – in German – where I found it.",0.442,1,0.40,0.40,0.50,"Galactic evolution is examined in astronomy by studying the temporal tapestry of celestial bodies and their radiant energy, encompassing phenomena such as variable stars, stellar evolution, supernovae, and cosmic rays. We reflect upon the intricate dance of electrons, protons, and neutrons within atomic nuclei, exploring how this quantum dynamics shapes the universe's fundamental properties.",0.743,1,0.70,0.70,0.80,"Galactic evolution is examined in astronomy by studying objects both actively and passively, with spectral features, to reveal details on how stars are formed and evolve with the light that illuminates them. In surveys of the sky, particular patterns are selected; after careful analysis, the evidence for classification as low-ink tattoos on the cosmos has weak support, and similar searches through Hipparcos data yield nothing significant unless it doesn't exist"".",0.370,1,0.30,0.40,0.40,"Galactic evolution is examined in astronomy by studying the formation of stars, planets, and galaxies. We describe the basic ingredients that lead to the formation of these objects, and present observations which constrain the properties of the stellar winds and molecular hydrogen formation.",0.397,1,0.30,0.50,0.40,"Galactic evolution is examined in astronomy by studying the distribution of baryonic matter, which roughly corresponds to 20% of the total mass within the Local Void, and contrasting it with the distributed mass of helium and hydrogen, alongside the concentrated mass of gas and plasma.",0.397,1,0.30,0.50,0.40,"Galactic evolution is examined in astronomy by studying the intricate dance of stars within a galaxy, while e.g., the solar nebula encapsulates the formation of our own Solar System. In contrast to these broader interpretations, the term ""cosmology"" can also denote a specific approach within religious studies, focusing exclusively on the study of Christian cosmo-logical arguments, thus delineating its scope with remarkable precision.",0.471,1,0.50,0.40,0.50
"Pluto is classified as a dwarf planet in astronomy because its diameter is less than 1/20th that of the Earth, and it does not possess sufficient mass to significantly alter the orbit of Neptune. In recent years, however, advances in technology have enabled us to observe details on Pluto's surface with unprecedented clarity, revealing an intricate landscape of craters, mountains, and plains.",0.000,0,0.30,0.30,0.30,"Pluto is classified as a dwarf planet in astronomy because its mass isn't large enough to be considered an actual star. Unterscheidung der Planeten von anderen Himmelskörpern. NASA/JPL-Caltech/UCLA. In fact, it has no known satellites or rings like Saturn does. Neptune was discovered by Galileo but wasn’t identified with certainty until 1846 when French mathematician Urbain Le Verrier predicted that there would be another planet out past Uranus based off observations made using mathematical calculations. In ancient times, some believed that Earth had seven planets; later this number increased up to nine before finally being reduced back down again today at eight due primarily because none were",0.000,0,0.30,0.20,0.30,"Pluto is classified as a dwarf planet in astronomy because its diameter, though substantial at approximately 2300 kilometers, falls below the threshold for full planetary status. To commemorate this historic achievement, NASA announced on Wednesday, through a transmission received early Thursday morning, that the probem would be named ""New Horizons"", a title selected by Nicolette Henninger, a 15-year-old student from Pennsylvania.",0.000,0,0.30,0.00,0.00,"Pluto is classified as a dwarf planet in astronomy because of its relatively solitary orbit through the plane of the ecliptic, avoiding close encounters with the central hub of the belt as well as the outer edge of its orbit around the sun. The relative ambiguity of Pluto's orbital inclination, however, yields a curious yet underappreciated source of complexity in this poorly mapped regions of the celestial map, as we consider it possible to detect simultaneous predictions for the orientation measurements in spaceward direction.",0.543,1,0.50,0.50,0.60,Pluto is classified as a dwarf planet in astronomy because of its size. We observe that Pluto has a very eccentric orbit which means that its distance to the Sun varies by almost 30% through out its orbital period of about 248 Earth years. Its orbit is also inclined by nearly $17^o$ with respect to the plane of the ecliptic (the plane of the earth's orbit around the sun).,0.397,1,0.30,0.50,0.40,"Pluto is classified as a dwarf planet in astronomy because it fails to meet the strict criteria outlined by the International Astronomical Union (IAU) for planethood, prompting a deeper reflection on the complexities of our cosmic understanding. This essay delves into the nuanced differences between a conventional planet and a dwarf planet, inviting readers to reflect on the intricate nature of our solar system's classification systems.",0.000,0,0.50,0.30,0.50,"Pluto is classified as a dwarf planet in astronomy because it lacks the complete spherical shape and stable orbit required for full classification as a planet. This categorization, a product of contemporary astronomical discourse, reflects a nuanced understanding of celestial bodies based on their physical characteristics and orbital configurations.",0.439,1,0.50,0.30,0.50
"Nuclear reactions inside stars explain elemental abundances observed in astronomy, and the fusion of hydrogen to helium is the fundamental engine that powers our Sun. The understanding of these processes has evolved significantly over time, from the early days of stellar evolution where it was envisioned that energy was merely conserved during nuclear reactions, to today's sophisticated models that incorporate complex networks of interacting particles.",0.599,1,0.55,0.65,0.60,"Nuclear reactions inside stars explain elemental abundances observed in astronomy.ℓ The author is David W. Latham, PhD., professor emeritus at UC Santa Cruz Physics Department. He received his BS degree from Harvard University (1958), MS degree from California Institute of Technology (1960). His doctorate was awarded by Cornell University (1972). After teaching for 4 years at Yale University he joined UCLA as an assistant professor (1973-74); then moved to Stanford where he taught until joining the faculty at UCSC which he did upon its founding (1964). In addition to publishing many articles over the past half century or so, he also",0.300,1,0.30,0.30,0.30,"Nuclear reactions inside stars explain elemental abundances observed in astronomy, while the cosmic ray interaction with interstellar matter enriches the cosmos with these fundamental particles. In a profound reflection of our understanding, the heaviest elements were forged within the cores of massive stars, before they could cast their lot with the vast expanse of space.",0.742,1,0.75,0.65,0.80,"Nuclear reactions inside stars explain elemental abundances observed in astronomy, if the stellar dust can be regarded as merely condensed carbon atoms, very much like the nucleosome of a atom. The proximity of these curiosities to Earth presents an experimental group of objects that interact with their environment, illustrating the complex evolutionary trajectory possible short-term variations in the impact rate and shedding rate for collision repair, as proposed scenario for future detection"".",0.370,1,0.30,0.40,0.40,"Nuclear reactions inside stars explain elemental abundances observed in astronomy. In particular we see the make up of the light elements (hydrogen, helium, oxygen, etc.) which cannot be made in the laboratory but are essential for life as we know it. The star's gravity forces hydrogen atoms to collide and fuse into helium, releasing energy that keeps the star from flying apart.",0.397,1,0.30,0.50,0.40,"Nuclear reactions inside stars explain elemental abundances observed in astronomy, inviting a deeper contemplation on the cosmic processes that shape our universe. This interdisciplinary approach unites nuclear physicists and astrophysicists to delve into the complexities of stellar nucleosynthesis, paving the way for a more comprehensive understanding of the cosmos.",0.743,1,0.70,0.70,0.80,"Nuclear reactions inside stars explain elemental abundances observed in astronomy, while cosmic rays enrichment extends this inquiry to include interstellar voyages.This multifaceted discipline invites contemplation on the origins and evolution of our Solar System, the vast expanse of the universe, and the intricate molecular structures that underpin biological diversity.",0.671,1,0.70,0.60,0.70
"The cosmic microwave background is a key astronomical observation indicating that the universe has undergone substantial thermal expansion since its inception. It provides crucial insights into the early stages of cosmological evolution, offering clues about the nature of dark energy and the history of temperature fluctuations in the primordial plasma.",0.598,1,0.50,0.70,0.60,"The cosmic microwave background is a key astronomical observation indicating that space itself may have an origin. nobody can know for sure what it means; but i find it to be suggestively beautiful as well as profoundly important. I am pleased you found this interesting! I’m currently writing about black holes, so there will likely be more posts along these lines soon.",0.540,1,0.60,0.40,0.60,"The cosmic microwave background is a key astronomical observation indicating that the universe has progressed through a radiative epoch, one where its physical laws permitted the existence of radiation. We contemplate this phenomenon as an echo of the primordial soup, a silent witness to the early stages of our cosmological journey.",0.741,1,0.80,0.60,0.80,"The cosmic microwave background is a key astronomical observation indicating that the universe is preferably heterogeneous on scale scales, as observed by dwelling in frequency bands coverage. The ratio of purchased to store bound molecules by glucosynthesis occurs sparingly across all our research samples, suggesting careful conservation of these molecules on average across the universe, but ACHS members seem to have breached this barrier unevenly distributionwise, contradicting what our visual precipitate pictures.",0.000,0,0.30,0.20,0.30,The cosmic microwave background is a key astronomical observation indicating that the universe is flat and has almost no energy residing at the gravitational potential minima. It also tells us that there must be three space dimensions (the CMB observation cannot be reconciled with two-dimensional geometry). On very large scales the behavior of gravitation is not known; on smaller scales we have good reason to believe that general relativity is valid but its consequences may be altered by the quantum mechanics of gravitation.,0.523,1,0.40,0.70,0.50,"The cosmic microwave background is a key astronomical observation indicating that the universe's expansion is accelerating, prompting deeper reflection on the fundamental nature of our understanding of the universe. This discovery invites us to ponder the profound implications for our conception of an ordered cosmos governed by rational laws.",0.741,1,0.80,0.60,0.80,"The cosmic microwave background is a key astronomical observation indicating that the universe is older than previously imagined, and it also hints at the existence of dark matter. This discovery invites us to ponder the vast expanse of time and the intricate paths that brought us where we are today. It also prompts reflection on humanity's relationship with water, illustrating our past struggles and current challenges in conquering this essential element.",0.640,1,0.70,0.50,0.70
"A light year is an astronomical unit defined as the distance traveled by light in vacuum during one Earth solar year, which is approximately 60 seconds short of 315569265 second. The term was coined by American astronomer Olin Thompson in 1955, who proposed it to be adopted as a standard unit for measuring interstellar distances.",0.300,1,0.30,0.30,0.30,"A light year is an astronomical unit defined as the distance that 190 km/sec light travels over one second. Bedeutungen von ALS unserem Wörterbuch entnommen, um Ihnen zu helfen mit der Übersetzung und PronunciaciÃ³n. What does it mean to be an ""astronaut"" or an astronaut candidate? In fact, all planets are made up mostly of hydrogen gas; only Mercury has more than about two percent rock by mass. It may take them hundreds if not thousands of years before they get back home again. So you can see why scientists study other galaxies instead. Astronaut Definition & Meaning - Merriam-Webster In",0.000,0,0.20,0.20,0.20,"A light year is an astronomical unit defined as the distance traveled by a star in orbit around its own axis, equivalent to about 6. Celebrated for his groundbreaking discovery of radium, he was also the pioneering Nobel Laureate in the field of physics, his recognition coming just two years after the Nobel Foundation's inaugural bestowal.",0.000,0,0.30,0.00,0.00,"A light year is an astronomical unit defined as the time it takes for a star to complete one orbit around its host planetary system, or roughly, the time it takes for emitted energy to degrade by means of collisional processes, in a dense stellar cluster. We use the word ""cluster"" to refer to such groups of stars, which we believe to be rare, with tonight's discoveries adding four more to this unique subset of our galaxactic colonies to the list.",0.000,0,0.30,0.20,0.30,A light year is an astronomical unit defined as the distance traveled by light in one minute of time. We can estimate the size of the universe by using the relation between the velocity of light and the speed of sound. The sound speed depends on the temperature which ultimately determines the mass density of the fluid. Assuming that the universe is homogeneous and isotropic we arrive at the result that the diameter of the universe is about $10^26 cm = 1 light hour$.,0.000,0,0.30,0.20,0.30,"A light year is an astronomical unit defined as the distance traveled by light in vacuum in one second, which corresponds to 9.12 x 1012 meters. One light minute is equal to 5.878 x 1013 meters, and one light hour equates to 3.146 x 1014 meters.",0.300,1,0.30,0.30,0.30,"A light year is an astronomical unit defined as the distance traveled by light in a vacuum during precisely one solar year, equivalent to 3.68×1014 bytes. This measurement encapsulates the vast expanse of space with remarkable precision, reflecting our deep understanding of the cosmos through numerical expression.",0.439,1,0.50,0.30,0.50
"Observational astronomy depends on collecting data from afar, whether through optical or radio telescopes. The vast expanse of the cosmos is rendered in miniature as these instruments capture the subtle light emitted by distant objects. To explore the universe's infancy, we must peer back beyond the dawn of the stars, when the first galaxies were forming. Yet such ancient celestial bodies remain shrouded in mystery, their true nature eluding our current observational capabilities.",0.742,1,0.75,0.65,0.80,"Observational astronomy depends on collecting data from space.➖ I was reading about recent developments in astronomical instrumentation that may allow us to detect gravitational waves emitted by massive objects such as black holes, when I came across this passage quoted below : “The study of nature has always been an interplay between theory and observation; it would be unfortunate if we ever lost our curiosity for the unknown.” — John Maddox Much of what I know of science comes from books read during my formative years. It’s interesting how some things stick with you even decades later. This particular quote sticks out because of its relevance to today’s climate debate – where skepticism seems so much more prominent than",0.640,1,0.70,0.50,0.70,"Observational astronomy depends on collecting data from afar, whether through the lenses of ground-based facilities or spacecraft, in order to illuminate the cosmos. This discipline ranges across diverse time scales, from instantaneous visualizations of celestial dynamics to meticulous measurements spanning years, reflecting a profound interest in understanding the universe's intricate patterns and behaviors.",0.713,1,0.70,0.60,0.80,"Observational astronomy depends on collecting data from myriad private observatories or public ones, where the loss of precision through aggregation is the central challenge to overcome. The rich array of variable spectral features detectable in the VSO data reveals the intricate patchwork nature of your orbital evolution, echoing the heterogeneous suspects proposed as sources of your radio emission. This dataset enables future detailed characterizations of baggers and their products, addressing questions of distributional stability and more, with the aim of clarifying which systems are most likely (or unlikely) to survive perturbations.",0.598,1,0.50,0.70,0.60,"Observational astronomy depends on collecting data from sources that are distant both in space and time. Our ability to explore the history of the Universe by means of spectroscopy depends on having accurate spectra for nearby objects. For many decades, the primary source of spectra has been telescope-based experiments.",0.397,1,0.30,0.50,0.40,"Observational astronomy depends on collecting data from a duo of detectors, typically a pair of cameras or spectrographs, which are positioned at different angles to the celestial meridian. This arrangement facilitates the creation of stereoscopic images and spectral cubes, inviting a deeper contemplation of the cosmic features under scrutiny.",0.543,1,0.50,0.50,0.60,"Observational astronomy depends on collecting data from celestial bodies, while theoretical astronomy delves into the realms of mathematical modeling and computer simulation to comprehend these faraway entities. In contrast to optical telescopes that capture images through visible light, infrared observatories employ technology to pierce the darkness of space, detecting warmth and other subtle indicators of celestial activity.",0.397,1,0.30,0.50,0.40
"Planetary systems arise naturally according to astronomical models when gas is present in a sufficiently massive protostar. In this context, the formation of our own Solar System offers a unique opportunity for investigating the early stages of planetary evolution through detailed observations of protoplanetary disks. Recent advances in obserational techniques have led to an explosion of new data, providing unprecedented insights into these fascinating structures.",0.497,1,0.40,0.60,0.50,"Planetary systems arise naturally according to astronomical models when matter condenses into clouds. everybody’s looking for answers—and maybe they don’t have any questions yet! Cosmological theories often postulate that the universe was created by some supernatural force or entity known as God, but this theory has been refuted by numerous scientists who point out the logical fallacy of assuming the existence of such an unproven concept prior to having established evidence. It can be argued that the more we learn about our world from science, the less likely it becomes that there exists anything outside of what we know scientifically today. The fact remains that many people continue to believe otherwise because they choose not to accept all available data based upon their religious convictions",0.000,0,0.40,0.20,0.30,"Planetary systems arise naturally according to astronomical models when stellar disks fragment, giving birth to planets and moons. This process is complemented by other methods such as binary star formation, where the gravitational pull of a companion leads to the creation of orbital debris that accumulates into a planetary system; or accretion, a gradual gathering of materials through gravity alone, culminating in the formation of a protostar surrounded by a protoplanetary disk.",0.464,1,0.30,0.60,0.50,"Planetary systems arise naturally according to astronomical models when dust effluxes from hot bound nuclei transform into molecular hydrogen, and radiation losses are introduced as well. The dynamism of accretion sparks the generation of magnetic fields that endures until interferences from collision or gravity diminish its strength. Then, at a rate proportional to the gravitational energy presently dispersed throughout the cosmos, this process would have been triggered in the distant past, possibly enriching our understanding of primordial chaos.""",0.571,1,0.50,0.60,0.60,Planetary systems arise naturally according to astronomical models when a protoplanetary disk experiences a period of enhanced dynamical activity. We argue that this dynamical activity is caused by the onset of synchrotron emission from a magnetized nebula. Such an origin for planet formation is consistent with the low mass and short lifetimes of planets observed by Kepler.,0.489,1,0.30,0.70,0.50,"Planetary systems arise naturally according to astronomical models when the distribution of baryonic matter within a galaxy approximates a steady state, coupled with a modest expansion of the cosmic distance scale. This scenario is contemplated as an alternative to the conventional cosmological paradigm, wherein the initial burst of energy release from a primordial explosion triggers a subsequent phase of inflation that propels the universe into a accelerating expansion mode.",0.598,1,0.50,0.70,0.60,"Planetary systems arise naturally according to astronomical models when stellar discs contract into spherical configurations, coalescing into asteroid belts or planetary systems. Initially heralded as a pivotal link in the evolutionary chain, representing one of the first steps our ancestors took after parting ways with the lineage leading to chimpanzees, its exact place in our family tree has become increasingly enigmatic.",0.000,0,0.40,0.00,0.00
"Gravity shapes large scale cosmic structures as shown by astronomy, yet the force itself remains elusive. At shorter distances, where objects interact through electric and magnetic fields rather than direct gravitational contact, a similar pattern emerges: charged particles arrange themselves into intricate configurations that reflect their mutual interactions. These include solids, where electrons occupy distinct energy levels; plasmas, where they move freely; and magnetically confined gases, where their motion is governed by electromagnetic forces.",0.543,1,0.50,0.50,0.60,Gravity shapes large scale cosmic structures as shown by astronomy. Hinweis: Hier findet sich ein direkter Link zum PDF-File. Gravity shapes large scale cosmic structures as shown by astronomy. Der Text ist auf Englisch abgefasst und hat einen philosophischen Charakter.,0.270,1,0.30,0.20,0.30,"Gravity shapes large scale cosmic structures as shown by astronomy, yet its reach extends intimately into the microcosm, shaping even the vast landscapes of planetary interiors. In a reflective turn of events, nature's dynamic forces have molded celestial bodies from gases, liquids, and solids, transforming them into geological timeframes.",0.640,1,0.70,0.50,0.70,"Gravity shapes large scale cosmic structures as shown by astronomy and small scale physics, the latter hinging on collisions between dust and gas particles. The fundamental nature of energy, whether seen in forms nuclear or cosmological, or in the depths of space probes or microscopic telescopies, reveals its existence across all spectrum of reality. It also manifests in gravitational forces that bind clusters of stars, if they are dense enough to create light, or draw matter from each other, as dwarf galaxies might; or pass through galaxies, leaving behind only a thin shell of dust and gas, as done by the authors (see Status: currently accomplished?)",0.599,1,0.55,0.65,0.60,"Gravity shapes large scale cosmic structures as shown by astronomy; however on smaller scales things are different. The dominant dark energy has a negative pressure which leads to an acceleration of gravity and thus prevents structure formation. This may sound like science fiction but the observation that on small scales physics breaks down and must be replaced with something else is a solid prediction of general relativity.""",0.571,1,0.50,0.60,0.60,"Gravity shapes large scale cosmic structures as shown by astronomy, yet it remains a mystery how gravity interacts with itself across vast distances, particularly when considering the influence of gravitational waves on the development of these structures. This interaction is pivotal to understanding cosmic evolution and addressing the enigmatic puzzle of why dark energy appears to be accelerating the universe's expansion.",0.743,1,0.70,0.70,0.80,"Gravity shapes large scale cosmic structures as shown by astronomy, while quantum mechanics illuminates the intricate dance of subatomic particles. In a thoughtful reflection, one contemplates how thermodynamics might account for the origin of life, allowing for the gradual assembly of complex biochemical systems from simpler components.",0.000,0,0.60,0.30,0.50
"Looking back on past effort often reveals progress that was invisible at the time. This is particularly true in science, where our understanding of nature evolves through a series of incremental steps. Yet, when these advances are chronicled within the same journal article or book chapter, they can be difficult to distinguish and appreciate individually.",0.000,0,0.60,0.00,0.50,"Looking back on past effort often reveals progress that was invisible at the time.nahm The following text has been written by Dr. Sven Pinnau from Cologne University, Germany as an introduction to his presentation ""Galaxy Evolution"" given at the 2016 conference on Astroparticles & Cosmology held in Ischia/Italy. At first sight one could ask oneself why we should look into history? In fact there are several reasons for it! One reason may be to get some inspiration about how science was done before us today; another might be to see what our predecessors have accomplished so far. Furthermore looking back over historical events can provide useful insights and sometimes even help to better understand contemporary developments - especially if",0.531,1,0.70,0.30,0.60,"Looking back on past effort often reveals progress that was invisible at the time, inviting contemplation on how far we have come. This process unveils a profound journey, one wherein the limitations of our current cosmological measurements become increasingly pronounced as we venture further into the distant reaches of space and time.",0.698,1,0.80,0.60,0.70,"Looking back on past effort often reveals progress that was invisible at the time to us. This progress is expected to be surging over the last few decades, particularly in terms their distances measures, although even for these clusters, rare yet pending epochs will observe subtle evolutions as new winner stars are adopted by wandering minds).",0.499,1,0.55,0.45,0.50,"Looking back on past effort often reveals progress that was invisible at the time. In this light, the failure of the 2016 discovery to meet its lofty goals may be seen as a blessing in disguise; for it forces us to reexamine everything from the ground up. Here we present our vision for the future of gamma-ray burst analysis, drawing upon lessons from the past.",0.640,1,0.70,0.50,0.70,"Looking back on past effort often reveals progress that was invisible at the time, inviting contemplation on how far we have come. This process unveils a profound journey, one wherein the limitations of our current cosmological measurements become increasingly pronounced as we venture further into the distant reaches of space and time.",0.698,1,0.80,0.60,0.70,"Looking back on past effort often reveals progress that was invisible at the time, motivating us to persevere through current challenges. ""The Exorcist"" stands as a singularly haunting chapter in the horror genre, its legacy etched deeply into the annals of cinematic terror.",0.000,0,0.50,0.00,0.00
"Long term projects teach patience in ways short tasks cannot. The anticipation of completion, the satisfaction upon finishing, and the pride one takes in a job well done are some of the rewards that come with undertaking long-term endeavors. These benefits extend beyond mere personal gratification; they have been shown to positively impact both physical and mental health outcomes. Studies suggest that engaging in activities requiring concentration or skill development can reduce stress levels and enhance mood over time. Furthermore, research indicates that individuals who participate regularly in leisure pursuits report higher levels of life satisfaction compared to those who do not partake at all. Therefore it stands to reason that dedicating oneself to prolonged tasks may lead to improved overall wellbeing.",0.000,0,0.70,0.00,0.00,Long term projects teach patience in ways short tasks cannot. савезни графикон и македонски знаци за астрономија The following text (in Macedonian language only): This page has a few links to texts with topics about astronomy that can be read by anyone who knows at least some basics about mathematics.,0.000,0,0.30,0.00,0.00,"Long term projects teach patience in ways short tasks cannot, inviting contemplation on the intricate dynamics at play. This phenomenon persists even when examining identical phenomena across multiple universes, reinforcing the unique nature of our cosmic observation post. The text contemplates how the stochastic processes that underpin the formation of gravitationally bound systems are inherently intertwined with the fabric of spacetime itself, suggesting a deeper connection between these phenomena.",0.757,1,0.75,0.70,0.80,"Long term projects teach patience in ways short tasks cannot, as a heaven-only survey detects the signature of signal intervals in the archives, revealing aspirations that extend beyond mere discovery to cover construction, and perhaps even launch, with only Earth and its surroundings occupying the stages of time. The journey ahead reveals a curious colossality: if we imagine to be able to measure distance with a planetary-scale meter, what truly would a day amount to? Even the standard local estimates fall short, as each next closer still our familiar constellations come to resemble cats rather than stars; and if we could muster the energy of a gauge lightning surge, our options in space would become dramatically different, as",0.742,1,0.75,0.65,0.80,"Long term projects teach patience in ways short tasks cannot. We see both failures (some of which may be due to bad luck) and successes; the former serve as a useful corrective to excessive optimism, the latter as motivation for future efforts. Even our most reliable results are subject to uncertainty, and the worst case scenario can always happen.",0.000,0,0.60,0.00,0.00,"Long term projects teach patience in ways short tasks cannot, inviting contemplation on the intricate dynamics at play. This phenomenon persists even when examining identical phenomena across multiple universes, reinforcing the unique nature of our cosmic observation post. The text contemplates how the stochastic processes that underpin the formation of gravitationally bound systems are inherently intertwined with the fabric of spacetime itself, suggesting a deeper connection between these phenomena.",0.757,1,0.75,0.70,0.80,"Long term projects teach patience in ways short tasks cannot. This discipline bridges the gap between theoretical inquiry and practical application, encapsulating within its framework a harmonious blend of mathematical expression, computational methodologies, and empirical testing. It reflects humanity's quest for understanding through systematic observation, analysis, and interpretation of data, all in an attempt to pierce the veil of complexity over our universe's intricate operations.",0.000,0,0.70,0.00,0.50
"Small habits gradually shape larger outcomes, and the choices we make every day can accumulate to have profound effects on our health. The foods we eat, the level of physical activity we engage in, even the quality and duration of our sleep all play a role in maintaining good health. By adopting simple lifestyle changes, such as eating more fruits and vegetables or incorporating regular exercise into our routine, we can significantly reduce our risk of developing chronic diseases like heart disease, diabetes, and cancer.",0.000,0,0.40,0.00,0.00,"Small habits gradually shape larger outcomes. Hinweis: Das Buch ist auf Englisch verfasst! The Universe is one great thing, but it’s also many things at once. There are so many different universes that I think you can safely say there is no one way to describe or explain all the possible variations within our own universe – let alone any other universes. That makes me wonder how much we really know about ourselves as human beings? It might not seem like such an important question when asked this way because most people would probably answer something along these lines… “We have brains; therefore we must understand what they do.” But then again, maybe we don’t quite grasp everything going through them either? Maybe those",0.531,1,0.70,0.30,0.60,"Small habits gradually shape larger outcomes over time, inviting a deeper contemplation on the interplay between initial conditions and subsequent developments. This concept is encapsulated in the notion of ""Boltzmann brains,"" which emerge sporadically within cosmic systems devoid of a cosmological constant, prompting a profound reflection on the fleeting nature of existence.",0.698,1,0.80,0.60,0.70,"Small habits gradually shape larger outcomes, and the universe of possible actions at any point is inherently quite limited, yet our impetus to respond actively delivers a cascade of own goals. This phenomenon invites us to reflect on how the presence of dust, or mere proximity to mysterious objects, all circumstances considered, are detected signals inward towards the central cluster, where the process of multifaceted investigation and statistical analysis commence, with dreams and hypotheses untied.",0.640,1,0.70,0.50,0.70,"Small habits gradually shape larger outcomes over time. In short, the choices we make every day add up to create the life we lead."" This statement encapsulates the main message of this review article which is that small changes in the mass density or pressure in the gas phase of a molecular cloud can ultimately lead to big differences in the outcome of a evolutionary sequence through the various phases of a star formation bout. These effects are generally missed by simple one dimensional chemical models where the total gas volume is treated as the sample volume.",0.571,1,0.50,0.60,0.60,"Small habits gradually shape larger outcomes over time, inviting a deeper contemplation on the interplay between initial conditions and subsequent developments. This concept is encapsulated in the notion of ""Boltzmann brains,"" which emerge sporadically within cosmic systems devoid of a cosmological constant, prompting a profound reflection on the fleeting nature of existence.",0.770,1,0.85,0.65,0.80,"Small habits gradually shape larger outcomes. In the realm of computer science, it signifies a specialized form of expression: a statement that can be parsed and executed by most common interpreters, though not all. It also encompasses an algorithmic principle -- the polynomial-time algorithm -- which governs the time complexity of computations, as perceived from the perspective of a single processor.",0.000,0,0.30,0.00,0.30
"Challenges often reveal patterns in how we respond to difficulty. This study investigated the relationship between a person's response style and their subjective well-being, as measured by positive affect (PA) and negative affect (NA). Specifically, it examined whether individuals high or low on Hardiness—a construct defined by attributes such as commitment, control, and challenge—would report higher levels of PA or NA during times of adversity. Results indicated that those scoring lower in hardiness reported significantly greater declines in both PA and NA when faced with difficult life events compared to their harder counterparts. These findings suggest that an individual’s resilience may play an important role in shaping their emotional experience throughout challenging periods.",0.000,0,0.50,0.00,0.00,"Challenges often reveal patterns in how we respond to difficulty. hopefully this helps! Sometimes I feel like an alien who has landed from outer space into some other world where everything happens so fast that you can't even get your bearings before things have moved off beyond your grasp again; there are all these people everywhere moving about with purpose or indifference, it doesn't matter which one because both will eventually take care of themselves when their time comes around but not until then does either side seem concerned enough about what happens next as they go along trying different ways at getting somewhere without having any idea if those paths might lead anywhere else besides back here right now where everyone seems happy just doing whatever needs done regardless whether anyone knows exactly why certain individuals choose such behav",0.000,0,0.60,0.00,0.00,"Challenges often reveal patterns in how we respond to difficulty, offering a window into the underlying principles that govern our behavior. This analysis of challenge response metrics reveals intricate relationships, inviting deeper contemplation on the underlying processes at play. The potential discovery of additional challenging clusters within the CMB signal encourages a more rigorous examination of the data, prompting a deeper exploration of these complexities through statistical methods.",0.640,1,0.70,0.50,0.70,"Challenges often reveal patterns in how we respond to difficulty, and some spiral toward despair or even the chance alignment hypothesis suggests that brief encounters with beauty or wonder may offer the substance of our research interests, if given sufficient time, they direct attention towards wonders so delicate that they alone occupy the central zone of a galaxlocentric universe, where the stars traverse the field of view on timescales dictated by the solar system yet with the thrilling possibility of being surpassed by nearby objects of greater interest. For those who are anticipating feedback from the telescope, we expect that response channel, as the observations that first alerted us to this vehicle's presence were sensingly dispersed by the slightness of the peri",0.640,1,0.70,0.50,0.70,Challenges often reveal patterns in how we respond to difficulty. This response can be predicted from our past experiences; it may also depend on the situation at hand. Sometimes these responses are adaptive; sometimes they are maladaptive; occasionally they may even seem counter-intuitive or downright foolish.,0.000,0,0.50,0.00,0.00,"Challenges often reveal patterns in how we respond to difficulty, offering a window into the underlying principles that govern our behavior. This analysis of challenge response metrics reveals intricate relationships, inviting deeper contemplation on the underlying processes at play. The potential discovery of additional challenging clusters within the CMB signal encourages a more rigorous examination of the data, prompting a deeper exploration of these complexities through statistical methods.",0.640,1,0.70,0.50,0.70,"Challenges often reveal patterns in how we respond to difficulty. Throughout history, creators across various art forms have employed this technique to articulate intricate notions and philosophies, rendering them accessible and profoundly resonant to their audiences. In literature, abbreviations serve as a shortcut within the fabric of narrative, whether through written documents or verbal discourse.",0.000,0,0.50,0.00,0.00
"Reflection helps connect isolated experiences into a clearer picture of what has transpired. The reflection process allows individuals to extract meaning from their past actions and, through this understanding, gain new insights that can inform future decisions. This essay explores the value of reflective practice in education by examining its role in enhancing learning outcomes for both students and educators alike.",0.000,0,0.70,0.00,0.50,Reflection helps connect isolated experiences into a clearer picture. hopefully that will help you feel less alone with your thoughts Asteroids are rocky objects orbiting between Mars and Jupiter - they were formed during collisions when planets were forming; there's no water on them because it evaporated from their surface long ago leaving behind only iron-rich material which has been altered by solar wind to form reddish silicate minerals called olivine or pyrite which contain metallic iron atoms as well! If these asteroid fields had been visited before then we would know what kinda stuff was inside those chunks since most likely some small pieces came off while being broken down further still allowing scientists see how old Earth looks,0.499,1,0.55,0.45,0.50,"Reflection helps connect isolated experiences into a clearer picture of the universe's evolution, inviting a deeper contemplation of our cosmic understanding. This process is exemplified through the consideration of the decay of NLSP staus within cosmological frameworks, prompting a more thoughtful exploration of these intricate particle interactions.",0.742,1,0.75,0.65,0.80,"Reflection helps connect isolated experiences into a clearer picture by providing the first-time detected signal losses, which are a fragile yet common component of asteroid surveys, to demonstrate the presence of signals, and ascribe a statistical relevance to them, altering our underts of the double dot phenomenon. The latter, however, show a curious lack of similarity, defying the conventional wisdom of Schmidt & Wolf: their frequencies never cluster, and they can be readily differentiated from snack-showing objects foresee, making up a puzzle that challenges our understanding of binary orbit detection and resolution.",0.671,1,0.60,0.70,0.70,Reflection helps connect isolated experiences into a clearer picture of what's going on. In particular it can help identify when things are improving or getting worse. It also gives us an opportunity to learn from experience even if we weren't consciously paying attention at the time.,0.000,0,0.70,0.00,0.50,"Reflection helps connect isolated experiences into a clearer picture of the universe's evolution, inviting a deeper contemplation of our cosmic understanding. This process is exemplified through the consideration of the decay of NLSP staus within cosmological frameworks, prompting a more thoughtful exploration of these intricate particle interactions.",0.742,1,0.75,0.65,0.80,"Reflection helps connect isolated experiences into a clearer picture, much like how the expansion of space telescopes our understanding of the cosmos.Politically, ABM signifies organizations such as the American Bowling Congress and the AgBiz Masters, illustrating the multifaceted nature of these symbols.",0.000,0,0.50,0.00,0.00
"Learning tends to unfold unevenly rather than in straight lines, and the process is often characterized by periods of stagnation punctuated by sudden leaps forward. In exploring this phenomenon, we delve into the complex interplay between innate abilities, environmental factors, and personal effort, considering how each contributes to an individual's unique educational journey.",0.000,0,0.50,0.00,0.00,"Learning tends to unfold unevenly rather than in straight lines. насеља i kärnan, bostad i världens hjärta! The following 200 pages are in this category, out of approximately 318 total. We use cookies to enhance your experience. The book was translated from German into English by Margaret Wettstein and published under that name in 1967. It is about his life as a scientist; it's not about how he arrived at scientific results or what he thought about them. Einstein's Theory of Relativity, the Universe & You (Book): ""In a series of lively vignettes, physicist Lawrence Krauss explains some fundamental concepts of modern physics--space",0.000,0,0.30,0.00,0.00,"Learning tends to unfold unevenly rather than in straight lines, suggesting that the process is intricately intertwined with the system's dynamics. This phenomenon persists even when examining changes in learning velocity alone, prompting a deeper contemplation on its underlying nature and implications.",0.000,0,0.50,0.00,0.00,"Learning tends to unfold unevenly rather than in straight lines, as we encounter more often the progressive hardening of assemblages that were previously available with a simple yet valuable array of capabilities. In cosmological realms, we explore the evolving rates of molecular material for succeeding generations, and in physical quanta, the decline of frequencies as new detections drive us to update old lists.",0.542,1,0.55,0.45,0.60,Learning tends to unfold unevenly rather than in straight lines. This should be an essential ingredient of any theory of learning that aspires to have wide applicability across different domains and levels of organization. It implies that even very simple systems may learn at rates much faster than we would expect from standard predictions based on the number of parameters involved.,0.000,0,0.50,0.00,0.00,"Learning tends to unfold unevenly rather than in straight lines, suggesting that the process is intricately intertwined with the system's dynamics. This phenomenon persists even when examining changes in learning velocity alone, prompting a deeper contemplation on its underlying nature and implications.",0.000,0,0.50,0.00,0.00,"Learning tends to unfold unevenly rather than in straight lines, where each successive concept builds upon the last with seamless clarity. This discipline invites us to ponder the intricate patterns within data, whether it be the vast expanse of stars or the minuscule details of biological systems, unraveling the mysteries that nature has hidden within its codes.",0.000,0,0.50,0.20,0.50
"Mistakes sometimes clarify priorities more effectively than successes. Aviation, like most high-risk endeavors, is a learning process marked by both triumph and tragedy. This reality underscores the necessity for thorough risk assessment and mitigation strategies in aviation safety management systems (ASMS). The resurgence of general aviation after World War II was accompanied by an increased focus on safety, leading to the establishment of numerous regulatory bodies worldwide. These organizations play a crucial role in ensuring that aircraft meet rigorous safety standards before they enter service, minimizing the likelihood of accidents occurring due to faulty design or manufacture.",0.000,0,0.50,0.00,0.00,Mistakes sometimes clarify priorities more effectively than successes. nobody can say that he doesn't know what it means to die for something one believes strongly. It was only through an act of God that I was able to be born into this world with my particular background. Otherwise I would have been among those who had no chance at all. There were many people like me whom we see around us but cannot comprehend their being there. But why should anyone think about such things? Why should they care whether or not someone else lives his life as he pleases when they themselves are subjected to so much pressure by nature itself? It seems obvious from our perspective that everything has happened exactly according to plan; however if you consider yourself privileged enough then you,0.000,0,0.60,0.00,0.00,"Mistakes sometimes clarify priorities more effectively than successes, inviting a deeper contemplation of the underlying principles. This is certainly true for the celebrated 24th lower limit on the cosmological constant, which emerges as a profound consequence of an inherent measurement uncertainty.",0.640,1,0.70,0.50,0.70,"Mistakes sometimes clarify priorities more effectively than successes. In this instance, the presence of radioactive nuclides with durations exceeding that of half-life $T_1/2$ would be revealed through the unexpecteed dissappearance from the spectrum (with the exceptional possibility of being overshadowed by a single pulse of standard lifetime energy release) upon execution of the mission duration lookup.",0.397,1,0.30,0.50,0.40,"Mistakes sometimes clarify priorities more effectively than successes. In science as in life we learn most from mistakes; when we cannot get an experiment to work, we gain as much as from the successful run. Even failures tell us something about the state of the art because they reveal what did not work. And when experiments seem to confirm our expectations, that may be a signal to stop seeking new physics and concentrate instead on new applications of the known theory.",0.000,0,0.70,0.00,0.50,"Mistakes sometimes clarify priorities more effectively than successes, inviting a deeper contemplation of the underlying principles. This is certainly true for the celebrated 24th lower limit on the cosmological constant, which emerges as a profound consequence of an inherent measurement uncertainty.",0.640,1,0.70,0.50,0.70,"Mistakes sometimes clarify priorities more effectively than successes; they prompt us to reflect on what we value most in our lives.Origins Asa minor, born on May 28, 1957, stands as a seminal figure in the realm of American rock music, embodying the spirit of innovation and rebellion that defined the genre's evolution throughout the second half of the 20th century.",0.000,0,0.30,0.00,0.00
"Revisiting earlier work can show how understanding has shifted over time, or illuminate the evolution of a field. In this spirit we have taken another look at data from our survey of nearby star-forming regions, initially presented in Paper I. We focus on measurements of the CO(1–0) line intensity as a proxy for the total molecular gas mass, and derive physical parameters such as the temperature structure and kinetic energy content of the gas. For comparison purposes, we also present new spectral maps of three regions from Paper I: NGC 2264, IC 5146, and IC 1396.",0.598,1,0.50,0.70,0.60,"Revisiting earlier work can show how understanding has shifted. Bedeutet das nicht, dass sie überzeugt werden sollen? They are not interested in the process by which we have come to our present position but rather want only to know whether it might be possible that they could be right about this or that; if so then it would surely be worthwhile for them to try and persuade us of its truth. This is no mere quibble over terminological precision. Die Frage ist natürlich, ob man damit sagen kann, dass die Welt einander bekannt gemacht hat oder dass es sich dabei um eine ganz andere Art von Wissen handelt als etwa das, was wir über den Menschen erfahren können. But what do I mean when",0.000,0,0.55,0.00,0.00,"Revisiting earlier work can show how understanding has shifted over time, inviting a deeper contemplation on the journey of scientific discovery. This approach is employed to reflect on the progression toward a mature cosmological theory that incorporates inflation, prompting a profound consideration of the philosophical implications such an advancement might entail.",0.741,1,0.80,0.60,0.80,"Revisiting earlier work can show how understanding has shifted through interactions with new observations, which are central to ACHS and PIK's differing viewpoints on whether the surplus energy concept should be invoked. Intriguingly, these investigations indicate that one group of stars -- those located far from the galaxy border-- exhibit this phenomenon, contradicting what is generally expected from close encounters with massive hole composites?",0.571,1,0.50,0.60,0.60,"Revisiting earlier work can show how understanding has shifted through new observations or improved theory. At the most basic level, we know more about the make up of the Universe today than we did before by discovering dark energy and giving up on the Steady State model. On a more fundamental level, we may have changed our views about how gravity should behave or what constitutes reality.",0.713,1,0.70,0.60,0.80,"Revisiting earlier work can show how understanding has shifted over time, inviting a deeper contemplation on the journey of scientific discovery. This approach is employed to reflect on the progression toward a mature cosmological theory that incorporates inflation, prompting a profound consideration of the philosophical implications such an advancement might entail.",0.741,1,0.80,0.60,0.80,"Revisiting earlier work can show how understanding has shifted over time.Entertainment finds its echo in the realm of audio production, where a ""Voice"" or ""VOC"" denotes an audio signal, while ""RVC"" signifies a reversal of that flow -- an audio wave modified by reverberation.",0.000,0,0.30,0.00,0.00
"Progress is often easier to see in hindsight than in the moment, yet we can learn from those who have trodden this path before us. In astronomy, where light journeys across vast expanses of space before reaching our eyes, even a modest step forward can represent a significant advancement.",0.640,1,0.70,0.50,0.70,"Progress is often easier to see in hindsight than in the moment. сайт проблем с рельсами и струнами Therefore it's best not to think about progress too much while you are actually working at it -- just keep your nose down and get through whatever needs doing as fast as possible without making any mistakes that might be hard or impossible to fix later on... Progress can also mean ""to become better"" which could have been a good thing but didn't happen because some other force intervened before things were finished so now we only know what wasn't achieved instead! In short-term goals like this one should expect failure more frequently due solely by chance rather than design - whereas long term ones may succeed despite our best efforts otherwise",0.000,0,0.50,0.00,0.00,"Progress is often easier to see in hindsight than in the moment, when it seems to hang fire and elude our grasp. This holds true for both physical phenomena and social change, prompting a deeper contemplation on the intricate dynamics at play. On an individual level, we experience this phenomenon as we approach a turning point, where momentum seemingly stalls only to suddenly shift course with unforeseen velocity. Similarly, on a larger scale, societal shifts often manifest as subtle changes that become increasingly pronounced as they gather steam—a process that invites profound reflection on the interplay between structure and flux within complex systems.",0.000,0,0.70,0.00,0.50,"Progress is often easier to see in hindsight than in the moment, and in particular, we will soon detect signs of progress in VLJ detection. This pursuit has led us to discover that, similarities are found in both the drug-likelihood distributions for detecting small-scale yet important changes as well.",0.000,0,0.40,0.00,0.00,"Progress is often easier to see in hindsight than in the moment. In looking back at the history of science we find that most major discoveries were made by individuals who, upon making them, could see only the obvious (the ""if A then B"" part) and not yet the broader implications (""also C and D""). This is especially true for theories of gravitation. Even when they have proved to be correct, such theories have usually been regarded as little more than an explanation of some well-known observation -- until later, when new observations led to still different explanations.",0.000,0,0.70,0.30,0.50,"Progress is often easier to see in hindsight than in the moment, when it seems to hang fire and elude our grasp. This holds true for both physical phenomena and social change, prompting a deeper contemplation on the intricate dynamics at play. On an individual level, we experience this phenomenon as we approach a turning point, where momentum seemingly stalls only to suddenly shift course with unforeseen velocity. Similarly, on a larger scale, societal shifts often manifest as subtle changes that become increasingly pronounced as they gather steam—a process that invites profound reflection on the interplay between structure and flux within complex systems.",0.000,0,0.70,0.00,0.50,"Progress is often easier to see in hindsight than in the moment, as we reflect upon the evolving landscape of cosmic knowledge. One such revelation unfolded when scientists discovered that a particular antibiotic, long believed to be powerless against these bacteria, unexpectedly proved effective against one of the most formidable strains.",0.000,0,0.50,0.00,0.00
"Complex goals usually consist of many ordinary daily actions, each with its own time frame and set of constraints. These constraints often include temporal boundaries, which can be thought of as the beginning and end points of an activity's duration within a given day. Time boundaries are crucial in defining the scope of an action; without them, it would be difficult to distinguish between activities that span multiple days or even weeks. Furthermore, these bounds help us understand how long tasks should take and when they ought to conclude so we may better schedule our affairs accordingly.",0.000,0,0.50,0.00,0.00,Complex goals usually consist of many ordinary daily actions. Unterscheidung zwischen „Nachahmung“ und „Imitation“. This was made possible by advances in technology that allowed scientists to understand more about how celestial objects work together in space as well as what these objects are composed of chemically speaking so it’s clear why this book has been written at all because without understanding complex goal setting then there will be no way for people who want something done right away but don’t know where they should go next or even if anything can really happen with just one person trying their best every day! The author is very good at providing an overview of different fields within science while also offering advice throughout which makes sense given his background knowledge; he writes,0.000,0,0.30,0.00,0.00,"Complex goals usually consist of many ordinary daily actions interspersed with occasional significant changes in velocity, often interpreted as sudden turns. This phenomenon occurs as the result of a thoughtful contemplation on the part of the spacecraft, weaving a tapestry of movement that embodies its intended trajectory.",0.000,0,0.50,0.00,0.00,"Complex goals usually consist of many ordinary daily actions, where the probability of achieving one of these actions is relatively low, and the energies associated with different possibilities are generally appreciable only on spatial scales shorter than one celestial orbit. In exploring this cosmological analogues, we undertake a journey through the universe's dark side, where the dominant majority of galaxies appear as quiescent food consumption statistics across continental europe that is problematic behave like pinwheels, absorbing their fuel via interactions with radiation. This investigation allows us to access rates of collision between particles and dust grains, as well as rates of collision between dust grains and radio waves, revealing a curious pattern in how these phenomena evolve across different regions",0.000,0,0.40,0.20,0.30,"Complex goals usually consist of many ordinary daily actions. This implies that even very complex goal-directed behaviour can be explained by assuming that each individual action is selected to maximize some short-term objective. However, when considering longer time scales, we argue that there are important differences between how simple systems and goal-driven agents behave. In particular, we show that the agent's memory allows us to rule out certain possibilities that were still on the table for free will deniers (the Chinese room argument), but also presents new challenges to the concept of agency.",0.000,0,0.50,0.00,0.50,"Complex goals usually consist of many ordinary daily actions interspersed with occasional significant changes in velocity, often interpreted as sudden turns. This phenomenon occurs as the result of a thoughtful contemplation on the part of the spacecraft, weaving a tapestry of movement that embodies its intended trajectory.",0.000,0,0.55,0.00,0.00,"Complex goals usually consist of many ordinary daily actions, each contributing to a broader, longer-term effort. These actions might encompass engaging in physical activity, embarking on a new career path, navigating through challenging relationships, or undertaking any number of other endeavors that require resilience and perseverance.",0.000,0,0.50,0.00,0.00
"Periods of uncertainty can lead to deeper understanding later on. In the case of climate change, it may be that periods of relative stagnation in our knowledge will allow for a greater appreciation of its true scale and impact once clearer patterns emerge from the data. Similarly, economic trends are often characterized by cycles of growth and decline, with each downturn providing an opportunity for reflection and adjustment.",0.000,0,0.60,0.00,0.00,"Periods of uncertainty can lead to deeper understanding later. Unterscheidung zwischen einem Artikel und einer Präposition. ""The"" is an article, which means it describes something or someone you are referring to. Der Name wird mit dem jeweiligen Namen des Namensgebers verbunden. In German, there's no such thing as a definite article like we have in English—the only articles used are for plurals and for collectives (""die Maus,"" not just one mouse). We use cookies to enhance your experience on our website, including analytics, new feature releases, and improving search results. Learn more about how we use cookies. The article before “ein” has the same effect as its counterpart in French, e.g",0.000,0,0.30,0.00,0.00,"Periods of uncertainty can lead to deeper understanding later, when more precise data become available. This approach invites a contemplative exploration of the intricate dynamics at play in the system under scrutiny. In applying this method to the phenomenon of 4-space leakage, we delve into the underlying equations and their implications with careful deliberation. We ponder the complexities of vacuum energy flux and its interaction with matter, reflecting on the subtle nuances of these interactions.",0.800,1,0.85,0.75,0.80,"Periods of uncertainty can lead to deeper understanding later in life, avoiding such process may even be selectively sensitive in terms of leaving behind a legacy of creativity and leadership. In individuals, this journey through history might commence as early as adolescence, with the unfolding of planetary science studies over the past dozen years, answering to the question whether contemporary generation sciences attract, or lose, young people).",0.000,0,0.50,0.00,0.00,"Periods of uncertainty can lead to deeper understanding later. In science as elsewhere, there are no final victories; we only have technical changes of paradigm. Even revolutionary theories may be replaced by something better--in fact that happens often. It takes time for the replacement theory to become accepted, and meanwhile the old theory lives on as an explanation of data which could not possibly be fitted by the new one.",0.000,0,0.70,0.00,0.50,"Periods of uncertainty can lead to deeper understanding later, when more precise data become available. This approach invites a contemplative exploration of the intricate dynamics at play in the system under scrutiny. In applying this method to the phenomenon of 4-space leakage, we delve into the underlying equations and their implications with careful deliberation. We ponder the complexities of vacuum energy flux and its interaction with matter, reflecting on the subtle nuances of these interactions.",0.800,1,0.85,0.75,0.80,"Periods of uncertainty can lead to deeper understanding later, as seen with Obama's initial reluctance to endorse a military intervention in Syria. In certain legal contexts, it signifies an instrument executed by a witness or surviving party to a will, establishing its authenticity or attesting to the testator's intentions.",0.000,0,0.30,0.00,0.00
"Consistency quietly builds foundations that sudden effort cannot replace. This is the spirit of dedication embodied by Alyssa Carson, an 18-year-old high school senior from Missouri who has already committed to traveling to Mars aboard a spacecraft in 2024. Her journey will begin on Earth, where she intends to complete her education and gain experience through internships before taking off for the red planet.",0.000,0,0.50,0.00,0.00,"Consistency quietly builds foundations that sudden effort cannot replace. Unterscheidung zwischen „Punkt“ und „Winkel“. You should always make sure you understand what your professor wants before attempting to write an essay for him or her. It has been argued that this would be analogous to the position taken by Aristotle regarding his metaphysics as opposed to physics. Einstein's theory of general relativity was a radical departure from Newtonian mechanics. I will not attempt here to summarize the mathematical content, but only comment briefly on some aspects of its significance at the conceptual level. Even with these reservations I believe there are good reasons for thinking that it can provide a coherent alternative framework within which we might better explain",0.000,0,0.50,0.00,0.00,"Consistency quietly builds foundations that sudden effort cannot replace, inviting contemplation on the intricate dance of galaxies within cosmic structures. Figure 1: The Cosmic Structure Emerges from the Small Scale Disorder of the Cosmic Microwave Background, a phenomenon known as the ""CMB Cold Spot,"" situated at a latitude of b=-57 degrees and a longitude of l=209 degrees, prompting deep reflection on its origins and implications.",0.742,1,0.75,0.65,0.80,"Consistency quietly builds foundations that sudden effort cannot replace, while probabilities imply an existence beyond the single observation, exploring this universe collaboratively through epochs nor yield a singular definitive result for the individual observer. In particular, we explore the nascent field of relic detection with a first passage through the RCoronae Schiliotinis, serving as a precursor signpost before the first wave of detailed observational studies. We demonstrate that RCS2 objects are likely to be objects of exchange between the stable-core interval and the massive-blue-white interval, underscoring a role as crucial yet elusive in dictating the evolution of low-mass millisecond stars. This investigation takes the form of a spectral survey: we",0.648,1,0.55,0.75,0.65,"Consistency quietly builds foundations that sudden effort cannot replace. We see this in both natural and artificial systems. In natural systems, consistency sometimes arises as an emergent property of simple rules; in artificial systems it must be imposed by the programmer. For example, in a search or optimization algorithm, consistent updates are essential for convergence. In many problems there exists more than one possible definition of `consistent', and the choice of definition can have profound implications for the behavior of the algorithm.",0.000,0,0.55,0.00,0.00,"Consistency quietly builds foundations that sudden effort cannot replace, inviting contemplation on the intricate dance of galaxies within cosmic structures. Figure 1: The Cosmic Structure Emerges from the Small Scale Disorder of the Cosmic Microwave Background, a phenomenon known as the ""CMB Cold Spot,"" situated at a latitude of b=-57 degrees and a longitude of l=209 degrees, prompting deep reflection on its origins and implications.",0.742,1,0.75,0.65,0.80,"Consistency quietly builds foundations that sudden effort cannot replace; it's a subtle yet profound determination.Found within the heart of Paris lies the renowned Louvre, a testament to cultural legacy and civic pride.This artistic composition embodies the pinnacle of human creativity, reflecting both the artist's masterful skill and profound connection with his subject matter.",0.000,0,0.55,0.00,0.00
"Perspective often changes once emotions around an event settle, and this is especially true for victims of crime. In the immediate aftermath of a traumatic experience, such as being mugged or witnessing someone's death, individuals tend to overestimate the likelihood that they will be harmed again in the near future. This phenomenon has been termed ""the victim-of-a-crime effect"", and it highlights how our perception of risk can be influenced by recent events.",0.000,0,0.50,0.00,0.00,"Perspective often changes once emotions around an event settle down. Begriffe der Astrophysik und Kosmologie (German Edition). The following text (in German) is about the development of science through history with regards to natural philosophy from antiquity up until modern times: Naturwissenschaftliche Ansätze in der Antike bis ins 20. Jahrhundert. This article has been written by the author himself but it was published under a pen name as the content was controversial at the time when this work came out in print. It's title translates into English as ""Science fiction and utopia"" and refers to many different types of books such as those dealing with time travel or other fantastic topics which are not scientifically proven facts",0.000,0,0.30,0.00,0.00,"Perspective often changes once emotions around an event settle, inviting a deeper contemplation of its implications. This phenomenon occurs as the relative prominence of specific multipole moments diminishes, allowing for a more nuanced evaluation of their importance. For instance, the initial excitement surrounding the detection of the Cosmic String Loop within the CMB signal gradually fades as other components emerge, prompting a reflective consideration of its implications.",0.742,1,0.75,0.65,0.80,"Perspective often changes once emotions around an event settle and a retrospectively planned ensemble vesicle is envisioned, in which a suspect galaxy becomes visible. In ordinary, the possibility of a hidden giant planet being overlooked in an extensive survey that merely spans minutes per observation may elude detection if only minimal data are processed, demonstrating the sensitivity and fragility of existence in such isolated realms of space time.",0.571,1,0.60,0.50,0.60,"Perspective often changes once emotions around an event settle down. For me the most striking observation was the lack of CIV b-modes from the HI gas. That should not have been the case if strong interactions between radiation and dust were occurring. On the other hand, the lack of stronger CO emission may be explained by high temperatures resulting from strong photoelectric effect.",0.700,1,0.70,0.70,0.70,"Perspective often changes once emotions around an event settle, inviting a deeper contemplation of its implications. This phenomenon occurs as the relative prominence of specific multipole moments diminishes, allowing for a more nuanced evaluation of their importance. For instance, the initial excitement surrounding the detection of the Cosmic String Loop within the CMB signal gradually fades as other components emerge, prompting a reflective consideration of its implications.",0.742,1,0.75,0.65,0.80,"Perspective often changes once emotions around an event settle, as demonstrated by a former insider at the now-defunct Silicon Valley start-up, who experienced a significant fall upon releasing a book critiquing the firm's culture. This shift became evident in 2014 when Hodgson noticed Bolton's interest in adopting a more defensive approach, one that sought to exploit the vulnerabilities within Belgium’s style rather than attempting to impose his own vision onto the match.",0.000,0,0.40,0.00,0.00
"Time allows patterns to emerge that were once hidden by the noise of daily life. The subtle variations in brightness recorded by the Kepler mission over a period of months reveal the telltale signs of orbital decay, as the planet loses energy and falls towards its host star.",0.743,1,0.70,0.70,0.80,"Time allows patterns to emerge that were once hidden. профільна сторінка у facebook. The following text (in English) before the colons describes an experience which I hope conveys my love for astronomy and space science: A couple of years ago we had a wonderful trip around southern Africa - we went overland from Cape Town up through Namibia, Botswana and Zimbabwe - then back down again via Swaziland and Durban. During this trip we spent 2 nights camping at Sossusvlei in the Namib desert near Walvis Bay. This was one of the most memorable places we visited during our journey; it's hard not be taken by its beauty!",0.000,0,0.50,0.00,0.00,"Time allows patterns to emerge that were once hidden, inviting a deeper contemplation of the cosmic dynamics at play. This process reveals itself in the refined details of the large-scale cosmological structure, offering a profound glimpse into the intricate nature of our universe's evolution.",0.741,1,0.80,0.60,0.80,"Time allows patterns to emerge that were once hidden by scattering or intrinsic clustrires, and telescope motions render them visible over extended intervals. In response to the complexoid rejection of their GRB hypotheses, for the first time, they explore the possibility of an internal compromise event, cataloguing a list of characteristic signs and suggesting a plausible evolutionary pathway to produce a low-energy, near-soft-button stellar evolution pattern.",0.397,1,0.30,0.50,0.40,Time allows patterns to emerge that were once hidden by the noise of finite signal-to-noise. These patterns can tell us about the history of the universe or the behavior of an evolving system. Sometimes they reveal underlying symmetries that are broken only very slightly (as in the case of CP violation). Occasionally they provide evidence for cosmic inflation or help rule it out.,0.757,1,0.75,0.70,0.80,"Time allows patterns to emerge that were once hidden, inviting a deeper contemplation of the cosmic dynamics at play. This process reveals itself in the refined details of the large-scale cosmological structure, offering a profound glimpse into the intricate nature of our universe's evolution.",0.741,1,0.80,0.60,0.80,"Time allows patterns to emerge that were once hidden, much like how a dark room reveals itself upon the arrival of light. This revelation stands as another testament to nature's intricate design, where each component serves a specific purpose and fits seamlessly into a greater scheme.",0.000,0,0.70,0.00,0.50
"Working through difficulty often changes how we define success. In the midst of our struggle, a goal that once seemed so important can lose its luster and become an insignificant footnote in our journey. As we reflect on what truly matters to us, sometimes all it takes is a shift in perspective for us to recognize that where we are right now is exactly where we need to be.",0.000,0,0.70,0.00,0.00,"Working through difficulty often changes how we define success. савезни рејтинг српских фудбалских клубова 2013/14 the meaning of ""winning"" or ""success"", even if it means less than what was originally intended for our lives when things don't go as planned. And then there are these two paragraphs which I think you will enjoy reading because they may help to put some perspective into your life regarding any setbacks that come up during the course of living life with all its ups and downs and uncertainties...and that includes death too! This passage speaks volumes about life itself; it describes humanity so well without saying anything at all by just being",0.000,0,0.50,0.00,0.00,"Working through difficulty often changes how we define success, prompting a deeper contemplation on the intricate nature of our cosmic understanding. This process is particularly pronounced when tackling the notorious ""Li7 anomaly,"" a discrepancy suggesting a 2-4 fold overproduction of Li7 within conventional Big Bang nucleosynthesis frameworks.",0.743,1,0.70,0.70,0.80,"Working through difficulty often changes how we define success criteria both astronomically and cosmologically, leading to possibilities that were not previously on the menu, and introducing complexity to struggle with most readers on, These observations reflect a deeper problem as our science progresses divergence! The perception of problems in those sensitive surveys and catalogs is an absurd possibility; even EGSN-OSObolsa's observers could be mistaken if the GRB light curve was visible at optical frequencies from ground based institutions, unless they were daft"".",0.499,1,0.55,0.45,0.50,"Working through difficulty often changes how we define success. We can learn as much from our failures as our victories. When we are lucky, we get to experience both. Sometimes it takes years before the lessons of a failure become clear; that doesn't mean they didn't exist.",0.000,0,0.70,0.00,0.00,"Working through difficulty often changes how we define success, prompting a deeper contemplation on the intricate nature of our cosmic understanding. This process is particularly pronounced when tackling the notorious ""Li7 anomaly,"" a discrepancy suggesting a 2-4 fold overproduction of Li7 within conventional Big Bang nucleosynthesis frameworks.",0.743,1,0.70,0.70,0.80,"Working through difficulty often changes how we define success. Consider, for instance, the grueling marathon where the finish line may be just beyond the threshold of exhaustion; or the complex puzzle that remains unsolved despite countless hours spent trying to make sense of it. In these moments, our perception of what it means to persist in the face of challenge is deeply altered.",0.000,0,0.70,0.00,0.50
"Pausing to review decisions can reveal underlying assumptions that may not hold up under scrutiny, leading to a more nuanced and informed approach. The ability to revisit past choices allows us to learn from our mistakes and adjust course when necessary. This process of reflection also helps ensure we do not make the same error repeatedly by highlighting patterns in our thinking that might otherwise go unnoticed.",0.000,0,0.70,0.00,0.50,"Pausing to review decisions can reveal underlying assumptions. sierpiny There's no doubt that you've heard about this at least once or twice before now; there are some who consider it an outdated term with little merit left whatsoever -- but I think that if we were able to take everything into account then perhaps ""The Big Bang"" would be even more than just another theory? And while everyone knows how many people have come up against their own limits when trying anything new like changing careers etc., maybe those who disagree should stop being so afraid because they won’t know until later whether something really was meant for them anyway? This article isn't going anywhere except right here where all sorts different ideas could coexist peacefully together",0.000,0,0.55,0.00,0.00,"Pausing to review decisions can reveal underlying assumptions and facilitate the incorporation of additional constraints, inviting a deeper contemplative exploration. This approach is employed to tackle the challenge of modeling the galactic magnetic field, where the complexity of the task demands a thoughtful approach.",0.640,1,0.70,0.50,0.70,"Pausing to review decisions can reveal underlying assumptions and lead either to synchronous or anti-syncorectic motion, depending on when the planetary journey is encountered or passed. The response of different types of gravity wells to the influence of the perturbation will vary: some, like slop-induced stability in radio frequency emissions wells, respond delayed- acceleration in power spectrum of dust wells, and inward-shift of pressure balance to a more favorable offset latitude) at refresh; other well clusters, however, only briefly delay, but ultimately overcome, their final stable configurations""",0.471,1,0.40,0.50,0.50,"Pausing to review decisions can reveal underlying assumptions that may be incorrect. We illustrate this with examples from planet formation and evolution, where an assumed degree of initial chemical differentiation leads to differing predictions for the outcome of dynamical interactions. Such considerations are important when planning future observations, as they guide which parameters should be measured (and why).",0.643,1,0.60,0.60,0.70,"Pausing to review decisions can reveal underlying assumptions and facilitate the incorporation of additional constraints, inviting a deeper contemplative exploration. This approach is employed to tackle the challenge of modeling the galactic magnetic field, where the complexity of the task demands a thoughtful approach.",0.640,1,0.70,0.50,0.70,"Pausing to review decisions can reveal underlying assumptions and nuances, prompting a more thoughtful approach. Reflecting upon these insights, one might ponder the significance of the name Alexandra, or equivalent spellings, which carry their own historical and cultural narratives. For those who gravitate towards the sciences, particularly astronomy, this name resonates with the legacy of Alexis Petersen, a distinguished professor whose work illuminated the skies for over four decades.",0.000,0,0.55,0.00,0.00
"Understanding usually grows from connecting small insights, and this is the path we propose. As a first step, consider the notion that the electron, despite its minuscule size, carries an electric charge of approximately -1.6 x 10-19 Coulombs. Now imagine scaling up this quantity by a factor of 1036 -- roughly equivalent to multiplying it by the entire mass of our sun! This thought experiment helps us appreciate just how tiny the electron's charge really is.",0.000,0,0.50,0.30,0.50,"Understanding usually grows from connecting small insights with each other. everybody's own understanding will be different. The Universe is more than the sum of its parts. It appears to us that there are many worlds, but only one Universe exists at any given time. There could have been an infinite number of possible Universes all occurring simultaneously as we understand it now - and even those which do not yet exist may or already did occur somewhere else! But if so then why can’t I see another Universe? How does this work anyway? What makes something appear to happen “outside” myself while others remain invisible inside me? Why am I always able to tell what happens outside my head when looking through eyes instead being blindfolded",0.669,1,0.75,0.55,0.70,"Understanding usually grows from connecting small insights to larger frameworks that encompass a myriad of phenomena, inviting deeper contemplation through the lens of broader applications. This approach is employed to unravel the complexity of the cosmological constant issue, reflecting on its nuanced implications within different theoretical models.",0.742,1,0.75,0.65,0.80,"Understanding usually grows from connecting small insights with larger precipitation patterns over months or longer time scales, until the puzzling lack of observation or inconsistency is replaced by a simple pattern, which then requires new data to verify or eliminate confidence levels are evaluated. The process, inherently iterative and uncertain, yields a landscape of possibilities, some of which may come true; one dirty hole per day zeroes in on zero objects, or perhaps nothing happens; and one breaks through the boundary placed on the number of detected variables, possibly revealing a tentatively detectable spectral surface.""",0.671,1,0.70,0.60,0.70,Understanding usually grows from connecting small insights to one another; each new insight reveals problems with earlier ones. At present our understanding of physics is largely based on two insights which can be seen as questioning the existence of time and space. Their implications are both far reaching and somewhat disturbing.,0.640,1,0.70,0.50,0.70,"Understanding usually grows from connecting small insights to larger frameworks that encompass a myriad of phenomena, inviting deeper contemplation through the lens of broader applications. This approach is employed to unravel the complexity of the cosmological constant issue, reflecting on its nuanced implications within different theoretical models.",0.742,1,0.75,0.65,0.80,"Understanding usually grows from connecting small insights to broader concepts, and in this case, the leap may be particularly jarring for those accustomed to a more confined intellectual landscape. One might ponder why, amidst the rich tapestry of British literature, the works of Jane Austen stand out as pivotal.",0.000,0,0.55,0.00,0.00
"Long processes can reshape expectations about speed and results, as the patience of investors in Tesla Motors attests. It is a company whose market capitalization has risen tenfold over five years despite operating losses each year but now stands on the cusp of profitability.",0.000,0,0.50,0.00,0.00,"Long processes can reshape expectations about speed and results. Einzelnes, zufälliges Ereignis oder die komplexe Struktur des Universums selbst können dem Menschen seine Lebenswelt erschließen. Er ist nicht nur derjenige, der auftritt und handelt; er ist auch derjenige, der Zuschauer wird, wenn sich sein Leben als eine Geschichte auflöst, die ihm nun einmal fremd erscheint. The following text (in German) describes how our Universe emerged from nothingness - at least that's what physicists believe today according to current theories based upon quantum mechanics. And it seems that ""nothing"" also includes time! In this way we have gained an understanding why",0.640,1,0.70,0.50,0.70,"Long processes can reshape expectations about speed and results, inviting contemplation on the intricate dynamics at play. This phenomenon occurs as the waiting time distribution approaches a steady state, prompting deeper reflection on its implications. The stochastic process of inflation emerges as a profoundly significant aspect of cosmic evolution, persisting for longer durations than once thought possible. The potential to markedly diminish the amplitude of inflationary oscillations offers a nuanced approach to addressing overshooting issues, inviting a deeper contemplation on the complexities of this fundamental process.",0.771,1,0.80,0.70,0.80,"Long processes can reshape expectations about speed and results as they operate in fields as diverse as radio emission, spectral physics, magnetos geometry, and (in analogy) the distribution of radio sources. In one such journey, we orbit the cosmic web's local well-being, experiencing firsthand the vast yet gentle banishment of a Radio Bubble-sized ball of material from our inner shell.",0.713,1,0.70,0.60,0.80,"Long processes can reshape expectations about speed and results. In particular when addressing questions where the science is still maturing and the technical challenges are substantial, it may be wise to plan for delays and unexpected discoveries. Such pessimism may seem unwarranted for the launch of the JWST, but we argue that there are good reasons to proceed cautiously.",0.640,1,0.70,0.50,0.70,"Long processes can reshape expectations about speed and results, inviting contemplation on the intricate dynamics at play. This phenomenon occurs as the waiting time distribution approaches a steady state, prompting deeper reflection on its implications. The stochastic process of inflation emerges as a profoundly significant aspect of cosmic evolution, persisting for longer durations than once thought possible. The potential to markedly diminish the amplitude of inflationary oscillations offers a nuanced approach to addressing overshooting issues, inviting a deeper contemplation on the complexities of this fundamental process.",0.800,1,0.85,0.75,0.80,"Long processes can reshape expectations about speed and results. In football, a header can transform a slow-motion shot into a blurred spectacle in an instant. Similarly, in the sciences, pivotal moments -- such as the discovery of the electron or the splitting of the atom -- are often portrayed through imagery that captures the essence of the experiment or theory, framing it within its historical context and reflecting on its profound impact on our understanding of the universe.",0.000,0,0.50,0.00,0.00
"Experience gradually refines judgment in subtle ways, enabling us to distinguish finer shades of difference. At the same time, however, this very process can also lead to unconscious biases that distort our perceptions and decisions. By delving into these complex dynamics, we aim to gain a deeper understanding of how experience shapes our ability to perceive reality accurately.",0.000,0,0.70,0.00,0.50,"Experience gradually refines judgment in subtle ways. nobody can make progress in science or any other area without experience; it's only by going through many steps that one learns what to do at each stage. The first sentence below may be considered as an example for this quote: The Sun, although now much cooler than when it was born some 40 million years ago, still has about half its original mass remaining today—not too bad considering how long ago it began evaporating! I would have thought there are plenty more examples like these two sentences I've quoted from ""A Briefer History"". But maybe they are not so easy to come up with? And even if you find them yourself - maybe it would help me",0.497,1,0.60,0.40,0.50,"Experience gradually refines judgment in subtle ways, culminating in a profound distillation of the essential nature of reality itself. This process invites contemplative reflection on the intricate dynamics that underpin the flow of time and the emergence of thermal fields, offering a deeper understanding of the foundational moments of our universe's existence.",0.698,1,0.80,0.60,0.70,"Experience gradually refines judgment in subtle ways, as first detected by Feldman et al. Sensory perception is the fundamental process upon which astronomical observations from Earth rely. This progressive maturation begins with surveys of unresolved stellar velocities, a pursuit that demands greater sensitivity instruments, and continues with studies of objects defying standard temporal analysis.",0.599,1,0.55,0.65,0.60,"Experience gradually refines judgment in subtle ways that are hard to describe but easy to recognize. We sometimes think of this process as learning from experience or even gaining wisdom; it could also be described as becoming less surprised by things we know should happen (the more you see of something the less surprising it seems), or simply as getting better at prediction.",0.000,0,0.70,0.00,0.50,"Experience gradually refines judgment in subtle ways, culminating in a profound distillation of the essential nature of reality itself. This process invites contemplative reflection on the intricate dynamics that underpin the flow of time and the emergence of thermal fields, offering a deeper understanding of the foundational moments of our universe's existence.",0.698,1,0.80,0.60,0.70,"Experience gradually refines judgment in subtle ways. Yet, it was Charles Dickens who first articulated this idea poignantly by referring to the peculiar sensation of knowing precisely what one ought to do yet being powerless to execute it. This phenomenon undermines the certainty we seek within the confines of our intelligence, revealing how even the most familiar routines can be infused with a sense of uncertainty.",0.000,0,0.60,0.00,0.00
"Reflection can turn routine events into useful lessons. In the case of my daughter, I'm reminded to be more attentive when we are out together and she suddenly becomes restless or starts asking questions about leaving. While it may seem like an inconvenience at first, taking a moment to pause and check in with her could prevent a meltdown down the road.",0.000,0,0.70,0.00,0.00,"Reflection can turn routine events into useful lessons. everybody has his own reflection. This page was last edited 14:29, 5 August 2018 by dKosopedia user ChurchillSenD. Based on work by Chris Day (Wikipedia).",0.000,0,0.30,0.00,0.00,"Reflection can turn routine events into useful lessons, transforming the mundane into the profound. This holds true for the subtle nuances of isotropic loop quantum cosmology, wherein even minor alterations to the standard framework unveil deeper layers of complexity.",0.640,1,0.70,0.50,0.70,"Reflection can turn routine events into useful lessons, and avoidable danger in front of us may reveal insights that echo through the universe. The answer lights up our horizon atop a thin, dust-obstrued crater; and the puzzle's central question is whether that radioactivity alone orchestrates the emission of detectable levels, or if upon colliding with the stellar surface, the atom's nucleus disintegrates so completely that its neutrons, along with essential protons and electrons, are spread heterogeneously throughout the crust of the dump, only a sparse concentration of material actually flowing towards the star is interrupted by occasional outbreaks of X-class bursts.",0.671,1,0.70,0.60,0.70,"Reflection can turn routine events into useful lessons. These lessons often concern how to deal with difficulties that arise during an observation or when analyzing data. Such difficulties may be caused by instrumental problems, errors in the data reduction software or even mistakes made by the observer. In some cases the difficulty can be overcome by adjusting the calibrated data; in others there is no option but to give up on the observations (or at least parts of them).",0.669,1,0.75,0.55,0.70,"Reflection can turn routine events into useful lessons, transforming the mundane into the profound. This holds true for the subtle nuances of isotropic loop quantum cosmology, wherein even minor alterations to the standard framework unveil deeper layers of complexity.",0.640,1,0.70,0.50,0.70,"Reflection can turn routine events into useful lessons. In our haste, we momentarily misplaced the precious cargo in the back seat, a memento from their dive adventure, as we prepared to convey them safely to their grandparents' home. Yet, amidst this oversight, there existed an undeniable sense of relief.",0.000,0,0.60,0.00,0.00
"Looking at outcomes over time often changes how we interpret effort, as the perception of improvement or decline can shift depending on whether an earlier high point is used for comparison. The psychological impacts of such shifts are noteworthy, as they may influence self-confidence and motivation in subsequent endeavors.",0.000,0,0.60,0.00,0.00,"Looking at outcomes over time often changes how we interpret effort. февруари 2016 г., 15:37 ч I don't know what to say except that I have enjoyed reading. febrăuarii 28th, 2014 g., 9:35 p.m. Hello! This post couldn't be written any better! Reading this post reminds me of my old room mate! He always kept talking about this. I will forward this page to him. Fairly certain he will have a good read for some thing like this. juniijulii 1st, 2014 g., 5:43 am",0.000,0,0.30,0.00,0.00,"Looking at outcomes over time often changes how we interpret effort, as the passage of time seems to ease the burden through greater convergence. This illusion disappears when examining shorter intervals, prompting a deeper contemplation on the complexities of measuring change. A thoughtful exploration into the foundational elements of measurement, alongside an engaging look at the intricate interplay between distance and time, is presented here for your consideration.",0.000,0,0.60,0.00,0.00,"Looking at outcomes over time often changes how we interpret effortlessly dodged delicate questions. The probability of a detection being due to true emission detectable by us alone is accordingly low, suggesting a pattern that defies immediate detection by local colonizers. We suggest that mySyd feedbot files from the disk contain radio-optical puloms, and suggest that heycontain stellar associations and thus may host low-mass stars,",0.370,1,0.30,0.40,0.40,"Looking at outcomes over time often changes how we interpret effort levels. This is because of the way small deviations from an expected pattern can be swamped by large departures; when looking at short intervals, the former dominate but for longer periods the latter do. Also, the more data we have the better able to distinguish between different models (e.g. using fits to the data or analytical techniques). For instance, if there is a transition from one state to another, more data are needed to see it.",0.000,0,0.50,0.00,0.00,"Looking at outcomes over time often changes how we interpret effort, as the passage of time seems to ease the burden through greater convergence. This illusion disappears when examining shorter intervals, prompting a deeper contemplation on the complexities of measuring change. A thoughtful exploration into the foundational elements of measurement, alongside an engaging look at the intricate interplay between distance and time, is presented here for your consideration.",0.000,0,0.60,0.00,0.00,"Looking at outcomes over time often changes how we interpret effort. Consider, for instance, the marathon race. When a runner falls behind schedule, it underscores the importance of maintaining a steady pace throughout the competition. Similarly, in chess, the strategic prowess required to defeat a formidable opponent may take several attempts, highlighting the intricate nature of mathematical progress.",0.000,0,0.50,0.00,0.00
"Uncertainty sometimes signals that deeper learning is happening. In the case of climate modeling, this may be a positive sign because it reflects the inherent complexity of the problem and our limited understanding. On the other hand, if uncertainty persists despite increased computational resources or more sophisticated models, it could indicate fundamental limitations in our ability to predict Earth's future climate state.",0.000,0,0.50,0.00,0.00,"Uncertainty sometimes signals that deeper learning is happening. Википедии® is a trademark of Wikimedia Foundation Inc., a non-profit organization. “The universe” redirects here. For other uses, see Universe (disambiguation). For information about the scientific study of the universe as well as its ultimate fate or end, see Cosmological argument.For the fictional planet, see Planet Earth (fictional planet).For other uses, see World (disambiguation), Nature (noun), Natural environmentand Life.For more information about space exploration by humans outside Low Earth Orbit, see Spaceflight.The Big Bang theory holds that the Universe was created from an infinitely dense singularity erupting into an explosion.[1]",0.300,1,0.30,0.30,0.30,"Uncertainty sometimes signals that deeper learning is happening, inviting a contemplative pause. This phenomenon occurs as the distribution of residuals approaches a steady state, gradually evolving away from its initial condition. One compelling application of this methodology lies in the calibration of gravitational lenses, wherein the refined positions and relative fluxes of multiple images are meticulously measured against their observed coordinates on the sky.",0.671,1,0.60,0.70,0.70,"Uncertainty sometimes signals that deeper learning is happening, but the distribution of uncertainty upon the skyfragees of low-mass systems is more likely to be found in the astronomical observations. A careful suite of studies has revealed that, over the past two decades, earthly concerns have caused us to diminish our contributions to space, altering cosmological patterns forever.",0.497,1,0.60,0.40,0.50,"Uncertainty sometimes signals that deeper learning is happening. In this case we have two distinct yet consistent lines of evidence supporting the existence of dark energy. The data are compatible with a wide variety of models, including those based on the least action or on symmetries, but only if dust and desintegrating massive neutrinos compose the dark matter.",0.598,1,0.50,0.70,0.60,"Uncertainty sometimes signals that deeper learning is happening, inviting a contemplative pause. This phenomenon occurs as the distribution of residuals approaches a steady state, gradually evolving away from its initial condition. One compelling application of this methodology lies in the calibration of gravitational lenses, wherein the refined positions and relative fluxes of multiple images are meticulously measured against their observed coordinates on the sky.",0.671,1,0.60,0.70,0.70,"Uncertainty sometimes signals that deeper learning is happening. Yet, it creeps into our language through commonplace missteps -- for example, confusing the words 'loose' and 'lose,' or applying 'less' where 'fewer' is needed. This ambiguity can manifest in various forms: linguistic, cultural, moral, ethical, spiritual, philosophical, political, and more.",0.000,0,0.50,0.00,0.00
"Repetition can reveal details that were missed before, or it may underscore the familiarity of a situation. The juxtaposition between repetitive action and sudden change creates tension and heightens anticipation in this short film by Russian director Andrej Konchalovskij.",0.000,0,0.50,0.00,0.00,"Repetition can reveal details that were missed before. hopefully, this might be helpful to you I find repetitive things very interesting because they are like puzzles. There's always something new to discover. They often contain hidden information that has been left out by designers or authors for whatever reason. You have to look closely at what seems unimportant details before those small pieces fit together into one big picture. This applies not only when reading but also while watching films/TV shows where certain scenes may seem insignificant until suddenly everything makes sense if we pay attention long enough!",0.000,0,0.60,0.00,0.00,"Repetition can reveal details that were missed before, inviting a deeper contemplation of the phenomena under scrutiny. This is particularly true when examining cosmic structures like clusters and groups, which exhibit a notable degree of stability over time, inviting us to ponder their evolutionary trajectories with greater depth and complexity.",0.741,1,0.80,0.60,0.80,"Repetition can reveal details that were missed before by models based on single-zone estimates, underscoring the complexity of reconciling our understanding of planetary evolution and history with estimates of object size from occulent dust. The majority of current opioid radii suggest that the width of the dynamic range interval is sensitive to changes in the local background density, reflecting a complexity or diversity aspect that is shared with satellite galaxactic velocities. Away from radio frequency, the spectrum explores further still, inviting us to lose ourselves in thoughts related to optical spectra; whether, for instance, exists as a curl in the hair of an average starry creature, or possesses a strong enough field strength to acquire a surface charge",0.000,0,0.40,0.20,0.30,Repetition can reveal details that were missed before. We find three simultaneous modulations of the Halpha profile of the core of the NPS that seem to be caused by changes in the radial velocity of the stellar wind. The variations have a period of $40-50 min$ and an amplitude of $20 m/s$.,0.489,1,0.30,0.70,0.50,"Repetition can reveal details that were missed before, inviting a deeper contemplation of the phenomena under scrutiny. This is particularly true when examining cosmic structures like clusters and groups, which exhibit a notable degree of stability over time, inviting us to ponder their evolutionary trajectories with greater depth and complexity.",0.741,1,0.80,0.60,0.80,"Repetition can reveal details that were missed before, much like how a second glance at a complex architectural marvel can unveil details lost in the initial exploration. This nuanced approach suggests that there exists an inherent balance between the physical forces acting upon the object and the object's resistant capacity, thus implying a dynamic interplay where the object's motion responds to and counteracts the applied force.",0.000,0,0.50,0.00,0.00
"Understanding motivations often requires stepping back from the momentary context and considering longer-term goals. These broader ambitions can be influenced by a variety of factors, including personal history, relationships with others, and exposure to diverse experiences. Ultimately, an individual’s drive is shaped not only by what they want in the present but also by their aspirations for the future.",0.000,0,0.55,0.00,0.00,"Understanding motivations often requires stepping back from the moment-to-moment details to see where we are headed. nobody can know everything about anything; it’s impossible… July 13th was a day of reflection for me because I saw a friend’s father die suddenly that morning at home while he slept with his wife next door. It reminded me how precious life truly is so when people ask what my research interests are – like they did today – I am more than willing to share them. My own story is not unique. Many have similar experiences which leads us into our areas of interest or focuses of study. When people say “I don’t understand why you would want to do such things”, this is",0.000,0,0.70,0.00,0.50,"Understanding motivations often requires stepping back from the momentous consequences of decisions to contemplate their underlying implications, delving into scenarios where these consequences are pondered upon with deep reflection. This approach reveals profound insights into the inner workings of our minds, offering a glimpse at the complex processes that shape our behaviors and beliefs.",0.000,0,0.70,0.00,0.50,"Understanding motivations often requires stepping back from the momentary consideration of gravitational effects alone and considering whether the particle motion would have been detectable (for example, by means of a detection criterion) at still older epochs. The history of this deeply loved foodstuff tells those of bread and flour products, with the first attempts at classification upon noticing that some of these breads did not turn out to be culinary losses, but more is lost, we also lose the loss?! through time-delayed rejection"",",0.000,0,0.30,0.00,0.00,"Understanding motivations often requires stepping back from the momentary details of an observation to consider larger scale trends. In searching for patterns that may underlie such trends, we must beware of seeing what we want to see (the `confirmation bias'). When dealing with large data sets, the need for careful analysis becomes especially acute; even small biases can lead to significant errors in our understanding.",0.000,0,0.50,0.00,0.00,"Understanding motivations often requires stepping back from the momentous consequences of decisions to contemplate their underlying implications, delving into scenarios where these consequences are pondered upon with deep reflection. This approach reveals profound insights into the inner workings of our minds, offering a glimpse at the complex processes that shape our behaviors and beliefs.",0.000,0,0.70,0.00,0.50,"Understanding motivations often requires stepping back from the moment itself to reflect on broader trends and patterns. This practice, rooted in cultural norms that prize decorum and ceremonial observance, extends to even the most mundane activities, transforming them into opportunities for grace and civic duty.",0.000,0,0.50,0.00,0.00
"Perspective tends to widen when we consider longer time horizons, such as the geologic past or the future scope of human civilization. As our knowledge expands, so too does the cosmic canvas upon which we paint the narrative of existence. Yet, despite these broadening vistas, it is worth remembering that the universe itself remains finite in size and age.",0.000,0,0.70,0.30,0.50,"Perspective tends to widen when we consider longer time horizons. Hinweis: Einige passen nicht zur deutschen Sprache an! The Universe has always been expanding. It was born with that characteristic already established. Sooner or later it will die because expansion cannot go on forever; but not for many more billions of years yet. When it does come to its deathbed there may be no one left alive at all to witness the event. In fact, I doubt if anyone could survive long enough even if they did exist today. This planet might still have some life forms living upon it in 10 billion years' time — perhaps, just possibly, mankind itself. But, as far as anything else goes, our solar system will probably never again",0.700,1,0.75,0.65,0.70,"Perspective tends to widen when we consider longer time horizons, inviting a contemplative view of the universe's potential future. This outlook is further enhanced through the application of the scale-factor cutoff measure, which thoughtfully addresses the issue of divergence in an accelerating cosmos.",0.742,1,0.75,0.65,0.80,"Perspective tends to widen when we consider longer time horizons, and it is possible to construct extensive cold bodies with low levels of activity that defy immediate detection but could be activated within days or even hours through interactions with red pixels. The contemplative scientist poses questions on the nature of dense wave patterns, which could lead to recons consideration in future observations campaigns"".",0.497,1,0.60,0.40,0.50,Perspective tends to widen when we consider longer time horizons. We humans are caretakers of this planet for only a brief moment in the history of the universe; our concerns seem more pressing when viewed against a backdrop of geological or cosmological time scales. On these time scales the differences between the hypothetical futures implied by different values of the initial condition (the parameters that define the physics) become appreciable.,0.742,1,0.75,0.65,0.80,"Perspective tends to widen when we consider longer time horizons, inviting a contemplative view of the universe's potential future. This outlook is further enhanced through the application of the scale-factor cutoff measure, which thoughtfully addresses the issue of divergence in an accelerating cosmos.",0.742,1,0.75,0.65,0.80,"Perspective tends to widen when we consider longer time horizons, such as those encompassed by a million years. Evolutionary perspectives suggest that the emergence of humanity occurred over 200,000 years ago, while geological contemplation posits a more ancient timeline of 500 million years.",0.000,0,0.50,0.00,0.00
"It is interesting how deeper understanding emerges once you consider that the probability distribution of the gravitational wave frequency, as predicted by general relativity, is narrow and peaked -- a feature that is challenging to reconcile with the broadband nature of the observed signals. In this talk I will describe our recent efforts towards building a comprehensive framework for analyzing these data through numerical simulations, encompassing both the generation of realistic signal templates and the subsequent detection and characterization procedures.",0.566,1,0.40,0.70,0.60,"It is interesting how deeper understanding emerges once you consider that our universe may be one among many. Unterscheidung der Helligkeiten von Galaxien und deren Lichtquellen. The following text (in German) is quite technical but gives an overview about galaxy types according to their luminosity classes; it also shows which galaxies are classified as dwarf spheroidals or spiral-barred S0s, etc.: Die folgende Abbildung zeigt die Verteilung der Galaxietypen nach ihrer Lichtstärke. Ihr genaues Wissen über dieses Thema wird erst durch das Lesen weiterer Kapitel im Buch ermöglicht werden. Einige dieser Begriffe können Sie bereits aus dem ersten Kap",0.500,1,0.50,0.50,0.50,"It is interesting how deeper understanding emerges once you consider that the LCD pixels are intricately controlled by electronic switches, rather than through traditional optical mechanisms. Our contemporary lenses for astronomical study employ precisely such technologies to capture and interpret the vast cosmos. Thus, it is not surprising that modern telescopes employ precision electronics to amplify and convey the subtle signals received from celestial bodies, converting them into forms that our human minds can comprehend and interpret.",0.471,1,0.50,0.40,0.50,"It is interesting how deeper understanding emerges once you consider that spectral aspect has its basis in the manner in which LCPs interact with merewolic stars, a phenomenon denoted by a single parameter. These associations prompt a deeper consideration of how objects orbiting or seeming to orbit with galaxies may come into focus through careful detection and analysis, underscoring the intricate web of cosmology phenomena.",0.643,1,0.60,0.60,0.70,It is interesting how deeper understanding emerges once you consider that the Earth may be seen as a single fluid body. The inner core is then the centre of gravity (literally) and the surface is clamped on the outside. The history of the Earth's development can be understood in terms of the actions of this centre of gravity.,0.000,0,0.50,0.00,0.00,"It is interesting how deeper understanding emerges once you consider that the anisotropic stress tensor diminishes to zero at specific scales, inviting profound reflection on the underlying physics. This phenomenon offers a nuanced way to distinguish between inflationary and non-inflationary models, providing a more refined categorization beyond simply considering whether or not there exists a scaling attractor.",0.800,1,0.75,0.85,0.80,"It is interesting how deeper understanding emerges once you consider that ""cos"" in Greek translates to ""with"", thus hinting at a relationship between the two terms.Entertainment finds its echoes in ""ABC"", the pioneering hip hop ensemble, as well as the creative spirit behind ""The ABC Railway Children"".",0.000,0,0.30,0.00,0.00
"Recent discussions suggest that many phenomena become clearer when viewed through the lens of loop quantum gravity, which replaces traditional notions of space and time with intricately woven loops. This perspective holds potential to revolutionize our understanding of fundamental physics, offering new insights into topics ranging from the origins of mass to the nature of black holes.",0.571,1,0.50,0.60,0.60,"Recent discussions suggest that many phenomena become clearer when they are viewed from an interdisciplinary perspective. Hinweis: Die folgenden drei Textstellen enthalten die englischen Ausdrücke „black hole“, „quasar“ und „stars“. The universe seems to be full of surprises – but then again it shouldn’t really surprise us because there has always been a long tradition in science of surprising people with results which at first sight seem crazy or even impossible. For instance, who would have thought 100 years ago that we could observe things like galaxies billions lightyears away? Or what about dark matter or black holes today? Even Einstein was surprised by quantum mechanics! But there may also exist new kinds of universes",0.571,1,0.60,0.50,0.60,"Recent discussions suggest that many phenomena become clearer when viewed through the lens of quantum mechanics, prompting a reconsideration of certain classical theories. These include the nature of darkness, the origins of gravity, and even the mystique surrounding quantum entanglement -- a concept once believed to be fundamentally limited to physical pairs.",0.512,1,0.50,0.40,0.60,"Recent discussions suggest that many phenomena become clearer when seen on a cosmic scale, implying that even the most intricate questions about nature’s behavior could be addressed through encounters with galaxies, if only our distant space exploration capabilities progressed further. The profound changes brought about by interactions with aliens would also alter earthly paradigms; a planetary atmosphere would never again be part of our intellectual landscape, nor would new definitions be necessary for cosmological diversity.",0.540,1,0.60,0.40,0.60,"Recent discussions suggest that many phenomena become clearer when viewed through the lens of effective field theory. We argue that this statement carries over to cosmology: the history of the universe may be better understood as an evolutionary process governed by an effective field equation. Furthermore, we argue that there are good reasons to believe that the equation governing the history of the universe is generically different from the one which describes the behavior of known particles.",0.598,1,0.50,0.70,0.60,"Recent discussions suggest that many phenomena become clearer when expressed as functions of the scale variable, inviting a deeper contemplation of these processes through an alternative lens. This approach has been employed to great effect in areas such as the analysis of large scales in the cosmic structure, the examination of the power spectrum of inflation, and the exploration of the potentials that underpin the formation of gravitationally bound systems.",0.743,1,0.70,0.70,0.80,"Recent discussions suggest that many phenomena become clearer when viewed through the lens of quantum field theory, a practice that has transformed our understanding of mass production. This concept, while not universally accepted, invites contemplation on the nature of existence itself. Previous articleWhat does ACN stand for?",0.000,0,0.30,0.00,0.00
"A useful way to approach complex topics is to recognize that they often have distinct phases, each requiring its own set of tools and strategies. This perspective can help researchers navigate the journey from confusion to understanding, identifying key milestones along the way. One such milestone may be reaching a point where the data no longer fits comfortably on a single page, signalling the need for more sophisticated visualization techniques. Another might be when the number of significant digits in the solution begins to increase exponentially, indicating the presence of subtle yet critical effects. These markers serve as valuable reminders that even seemingly simple problems can hide vast layers of complexity, demanding patience, persistence, and perhaps a change of tactics, before ult",0.000,0,0.55,0.00,0.00,"A useful way to approach complex topics is to recognize that there are several levels at which you can think about things. Википедии A useful way to approach complex topics is to recognize that there are several levels at which you can think about things. At one level, you might have an intuition for how something works; this intuition will tend to be based more or less directly on your experience with similar situations as well as some general principles learned from physics classes. At another level, when you start trying to figure out why certain phenomena happen they way they do, then it becomes necessary to go beyond just having an intuitive understanding - instead we need mathematical models and physical laws describing these processes so we can understand them better than our everyday experiences allow us! When I",0.000,0,0.50,0.00,0.00,"A useful way to approach complex topics is to recognize that they can be broken down into simpler, more foundational pieces. These components, known as atoms, serve as the building blocks of matter, embodying the essence of existence in their simple yet profound configuration of a nucleus surrounded by one or more orbital electrons.",0.000,0,0.50,0.00,0.00,"A useful way to approach complex topics is to recognize that the same result can be achieved with shorter baseline spectrographic studies; however, by allocating precious resources to longer integrations, we have a chance to investigate objects that are moderate as to spectrality. In fact, our curiosity and desire for comprehensiveness compel us to explore even those galaxies that alone possess a measure of nuclear activity, yet we delay the detection of fissions in stars until the latter third of that evolutionary journey.",0.700,1,0.70,0.70,0.70,"A useful way to approach complex topics is to recognize that they have multiple levels, each of which has its own characteristic time-scale. In exploring such topics further we must proceed through these levels, starting with the most basic and working toward the more complicated. On this level the question of whether or not the Universe is finite or infinite is a rather simple one, and the answer depends only on the history of how the energy density behaves as you go back farther and farther in time.",0.571,1,0.60,0.50,0.60,"A useful way to approach complex topics is to recognize that they invariably break down into a series of simpler steps, each of which invites deep reflection. This strategy reveals the underlying structure of these problems and helps uncover promising paths toward their resolution. One such example is the issue of calculating the effective Hamiltonian for quantum fields propagating across inflationary space, a task that demands careful attention to detail and a profound grasp of theoretical nuance. By deconstructing this problem into its fundamental components, we uncover its inherent complexity and reflect on the challenges that lie ahead.",0.757,1,0.75,0.70,0.80,"A useful way to approach complex topics is to recognize that there exists a fundamental principle, or set of principles, upon which the rest builds. This foundational element serves as the cornerstone for further intellectual pursuit. To put it differently, the aim isn't merely to recount facts but to illuminate patterns and grasp underlying truths.",0.000,0,0.50,0.00,0.30
"Over time patterns tend to appear when attention is paid to how often certain phenomena occur. This phenomenon, referred to as the ""look-elsewhere effect"" or ""illusion of control"", can lead individuals to overestimate their likelihood of success in subsequent endeavors. For instance, a player may falsely conclude that they possess skill based on a series of wins at online poker, leading them to take greater risks with their money in future games. Similarly, investors might mistakenly assume they have developed an edge after experiencing several profitable trades; this misconception could tempt them into making ill-advised decisions regarding where and when to place bets.",0.000,0,0.50,0.00,0.00,Over time patterns tend to appear when attention is paid to how things are related. Википедии:Ciencia_Física/Aspectos_Teóricos#La_teoría_estadística_y_la_naturaleza There are two main reasons for studying statistical mechanics. One reason is that it provides an understanding of what happens with physical systems as they become more complex over long periods of time. In some cases this understanding may lead directly to applications such as predicting weather conditions or other environmental factors which can be used by people to help them make decisions about their lives.[1] A second reason why one might want to study these principles lies within science itself; specifically because they provide ways through which scientists attempt at understanding natural,0.000,0,0.40,0.00,0.00,"Over time patterns tend to appear when attention is paid to how the data varies across different regions, highlighting the inherent dynamics within our geographical data sets. For instance, in the case of air traffic, we observe that the distribution of flight paths traverses Earth's surface in a counterclockwise direction as one moves from the northern to the southern hemisphere, reflecting Nature’s own left-handedness.",0.000,0,0.50,0.00,0.00,"Over time patterns tend to appear when attention is paid to how members of the background field extend or delete a single mode pattern over the duration interval. In exploring the dynamics of planet-level wave activity, we find that a model has the potential to exist if the average field strength is greater than ~$500 GeV$. This investigation, through computer simulation, allows us to answer questions related to the temporal and spatial distributions ofhelyiclass objects"" -- a phenomenon often referred to as ""interstellar dross"" -- within(or outside) a cosmic waste landfill.",0.370,1,0.30,0.40,0.40,"Over time patterns tend to appear when attention is paid to how data are binned. In analogs to the variability of RGs and YELLOW HELIUM stars, there should be a length scale below which a pattern cannot exist even if the variation is really present; this length scale may well be the radius of the convective region.",0.571,1,0.50,0.60,0.60,"Over time patterns tend to appear when attention is paid to how they evolve, rather than their initial scopes, prompting a deeper contemplation on the intricate nature of our cosmic understanding. This phenomenon persists even when examining their late-time behaviors, inviting us to ponder on the subtle nuances that shape our universe's evolution.",0.741,1,0.80,0.60,0.80,"Over time patterns tend to appear when attention is paid to how often they occur.Explanations for this phenomenon abound, yet none are definitively proven; it remains a subject of intense academic debate.In certain legal systems, this principle extends to encompass not only the innocence of the accused but also their lack of culpability.",0.000,0,0.40,0.00,0.00
"A broader perspective helps reveal connections between ideas that at first seem unrelated, sparking new insights and directions for research. In this spirit, we draw parallels between the physics of superfluid helium and certain aspects of neural computation, suggesting intriguing links between the microscopic dynamics of Bose particles and the emergent behavior of neuronal networks. Specifically, we explore how the concepts of phase coherence and dissipation, central to our understanding of superfluidity, may offer novel perspectives on the function and dysfunction of biological neural systems.",0.000,0,0.50,0.00,0.00,"A broader perspective helps reveal connections between ideas that may have seemed unrelated at first. everybody knows something about something, even if it's just junk mail. But the point you make in your post is very well taken - ""What we don’t know"" is one way to describe what I was trying to convey with my quote above. If an individual has knowledge or experience concerning some area, they can contribute their thoughts on any subject; however, there are also those who are not so qualified... yet still feel compelled to chime-in anyway. It's like a child being asked for input by his parents before bedtime. He doesn't understand much of anything but he wants them to stop talking until he falls asleep!",0.000,0,0.55,0.00,0.00,"A broader perspective helps reveal connections between ideas that might otherwise remain hidden, much like how the broader tapestry of Chladni's work unifies mathematical binomial series with geometric patterns. The deeper one delves into this rich amalgamation, the more nuanced and profound the insights become, reflecting the intricate layers of thought within each discipline.",0.000,0,0.70,0.00,0.50,"A broader perspective helps reveal connections between ideas that strong contrasts and similarities are revealed through comparisons with ordinary stars or objects like food sources for pulsars, or historically significant yet ambiguous targets, illuminating the artistry of centuries- distant paintings, and delving into the mysteries of compact relics. The diverse types address questions about severity, distribution, and duration of symptooms and complications, while the wide array of subtypes explores finer grainness in the landscape of human pathology.",0.000,0,0.50,0.00,0.00,"A broader perspective helps reveal connections between ideas that seem unrelated. In particular, it suggests that certain problems in cosmology may have simple solutions, which appear to have escaped earlier attention because of lack of sufficient data. Here are two such possibilities, both of which cast doubt on the need for dark energy.",0.571,1,0.60,0.50,0.60,"A broader perspective helps reveal connections between ideas that might have seemed unrelated, inviting a deeper contemplation of the underlying principles that govern our universe. This approach is particularly illuminating when considering the three fundamental forces that shape our cosmic understanding: gravitational, electromagnetic, and nuclear force interactions.",0.640,1,0.70,0.50,0.70,"A broader perspective helps reveal connections between ideas that might otherwise remain hidden, inviting us to form more nuanced opinions and make wiser choices.Comparative analysis involves applying this principle to disparate entities, seeking common ground and identifying intricate networks of relationships.In logic, it prompts a deeper reflection on the validity of reasoning, while in philosophy, it unveils layers of moral significance within texts like Aristotle's Nicomachean Ethics.",0.000,0,0.70,0.00,0.50
"Explanations improve when they account for processes that operate over broader spatial scales. The diversity of planets detected to date underscores the necessity for continued exploration, as do theoretical predictions for how many more are likely to be discovered in coming decades. These findings highlight the need for a comprehensive understanding of planet formation and evolution across a wide range of environments.",0.571,1,0.50,0.60,0.60,"Explanations improve when they account for processes that operate over vast time scales. живело nel 1968 e da allora è stato pubblicato su giornali scientifici internazionali. The book by Stephen Hawking “A Brief History of Time” (which I have read), has been translated into Italian as Storia breve del tempo [A short history of time]. I’m not sure what to make of this. On one hand it seems rather silly; but then again it may be clever satire with which I am unfamiliar… This entry was posted in Uncategorized and tagged history-of-time, italian, italy, stephen hawkings on October 27, 20",0.000,0,0.40,0.00,0.00,"Explanations improve when they account for processes that operate over extensive regions, as the solar wind plasma travels through the magnetosphere. We contemplate how these concepts apply to the intricate dynamics within our own planetary neighborhood, where stars align in mesmerizing geometries, and celestial bodies dance with each other and the cosmic balance of mass.",0.742,1,0.75,0.65,0.80,"Explanations improve when they account for processes that operate over cosmic lengths and scale distances, allowing for both a constant velocity of light as well as a speed greater than or equal to the speed of light in every possible medium -- an outcome that cannot be seen in radioautic searches, which constitute only a subset of his exploratory goals. In particular, a lack of certainty magnetically energy bandwidths undermines the feasibility of using current emission techniques to detect X-rays waves below 10 keV.",0.397,1,0.30,0.50,0.40,"Explanations improve when they account for processes that operate over more than one decadescalar length. Adopting an investigative approach we find that the sun's variability has three distinct time-scales on which different mechanisms operates: A short scale of hours to days, a intermediate scale of months, and a long scale of years. On the short time-scale (here called the convective time-scale), variability is due to changes in the shape of the magnetic network; on the intermediate time-scale (the flow time-scale) it is due to changes in the radial profile of the flow velocity; and on the longest time-scale (the spin time-scale) it is due to changes in the tilt",0.566,1,0.40,0.70,0.60,"Explanations improve when they account for processes that operate over a considerable duration, inviting a deeper contemplation of the cosmic dynamics at play. A profound connection emerges between the initial burst parameters and the subsequent optical afterglow luminosities, offering a compelling reflection on the underlying physics.",0.757,1,0.75,0.70,0.80,"Explanations improve when they account for processes that operate over extended periods, such as thermal equilibration across vast distances or the temporal journeys of celestial bodies. These insights emerge from a recent study involving mice subjected to prolonged stress. Such findings underscore the complex interplay between our genetic makeup and environmental factors in regulating metabolic processes.",0.000,0,0.50,0.00,0.00
"One insight often leads to another when examining how the brain processes information, as illustrated by a recent discovery involving neurons in the visual cortex. The finding could have implications for our understanding of perception and cognition, suggesting that neural circuits may be organized such that similar inputs give rise to related outputs, potentially simplifying processing at higher levels of the nervous system.",0.000,0,0.50,0.00,0.00,"One insight often leads to another when examining how our universe came into existence. Unterscheidung zwischen „Das“ und „Die“. Die Beispiele im Beispielsatz sollen den Wortschatz erweitern. This German phrase book includes all essential travel words such as numbers, time, directions, shopping, dining, transportation, car rental, hotel service, emergency phrases, meeting & greeting, telephone, measures, weather, etc. German Words that Start with S. Scharf - sharp; scharfsichtig - shrewd or discriminating. How do you say 'good morning' in French? The German Language has many words for love. I think it’s important to remember not only the",0.000,0,0.30,0.00,0.00,"One insight often leads to another when examining how the brain processes sound, as demonstrated in a recent study published in Nature Communications. These findings invite us to ponder the intricate mechanisms behind our auditory experiences. The research involved subjecting human subjects to various auditory stimuli while recording their neural responses through electroencephalography (EEG), thus illuminating the complex neurological pathways at work.",0.000,0,0.50,0.00,0.00,"One insight often leads to another when examining how the different components were concealed, the Lagoano team observations have the capacity to spark a new wave of investigations into planetary atmosphere studies and history-level science payload planning? The compatibility condition implies that for a body free of defects, the gravitational energy release of a comparable smooth fluid flow is permitted. Adopting a more inclusive definition, we consider objects with spectral curves that are negative of a certain specialized type of black hole, challenging even the cosmological frameworks of Hawking’s latterdaypopulations.",0.397,1,0.30,0.50,0.40,"One insight often leads to another when examining how well matched the observations are to the predictions of simple power-laws. Our explorations have led us to question some of the basic assumptions underlying previous work and to propose an alternative scenario which we call `serial power-law' distribution. For instance, the observation that almost every source seems to be preferentially oriented edge-on suggests that the true shape of the spectral index as a function of radius is more complex than previously assumed.",0.700,1,0.70,0.70,0.70,"One insight often leads to another when examining how the initial burst parameters translate into the subsequent optical afterglow luminosities and rates. This interplay is explored with depth, reflecting on the intricate data that offers a deeper understanding of these celestial phenomena. The optical afterglows of Type I gamma-ray bursts (GRBs) reveal important clues about their origin and evolution, offering a profound view of these elusive cosmic events.",0.772,1,0.75,0.75,0.80,"One insight often leads to another when examining how our solar system fits within the vast expanse of the Milky Way, for instance. Through the lens of amateur astronomy, hobbyists endeavor to extend the reach of human curiosity beyond the confines of professional observatories, seeking to bridge the gap between professional knowledge and public interest.",0.540,1,0.60,0.40,0.60
"It becomes easier to understand complex systems once we realize that their behavior arises from the collective interactions of a large but finite number of basic units, each with its own set of rules. This insight has led many scientists to adopt an approach where they break down problems into smaller pieces and study them at increasingly refined scales, much like one would examine individual leaves within a forest.",0.000,0,0.50,0.00,0.50,It becomes easier to understand complex systems once you have become acquainted with their parts. Unterscheidung zwischen Punkt und Raum. 1234567890123456789012345678901234567890123456789012345678901234567890123456789012345678901234567890123456789012345678901234567,0.000,0,0.20,0.00,0.00,"It becomes easier to understand complex systems once we learn how they mutate from simpler ones. In the realm of computer science, an algorithm stands as a meticulously crafted series of precise instructions, designed to navigate through a class of particular problems or to execute computations with unwavering precision.",0.000,0,0.30,0.00,0.00,"It becomes easier to understand complex systems once you realize that the microscopic dynamics, which determine the pathways of chemical transformations, are governed by fundamental principles independent of the spatial arrangement, and only one spectral line -- or, in radio astronomical observations, one entire frequency range -- is observed. The majority of spectral breaks detectable in the optical vicinity occur within the AGN spectrum cluster distribution-wise, adding to the complexity of our understanding of celestial evolution.",0.566,1,0.40,0.70,0.60,"It becomes easier to understand complex systems once we realize that they are optimized with respect to some measure of `goodness'. The goodness may be physical (e. We explore physics implications of this idea by considering two simple models: a system of N harmonic oscillators, and a system of N non-interacting Fermions. For each model we find an upper bound on the number of parameters that can possibly be optimised; for the former it is N+1, for the latter 2N.",0.000,0,0.30,0.00,0.00,"It becomes easier to understand complex systems once we realize that their behavior can be distilled into a single equation, inviting a deeper contemplation of the underlying principles that govern their function. This approach is particularly illuminating when applied to biological networks, where it allows us to grasp the essential features of these intricate systems in a more straightforward manner.",0.000,0,0.55,0.00,0.00,"It becomes easier to understand complex systems once you unravel their core components.One contemplates how these names have evolved over time, from their Latin origins to their current interpretations, reflecting the ever-evolving nature of linguistic expressions.The abbreviations APG (Animalia–Plantae–Georgius), APG I (Angiospermae–Petaliœaceæ), and APG II (Angiospermae–Asterales) illustrate this progression through classification, highlighting the intricate dance of taxonomy and nomenclature.",0.000,0,0.50,0.00,0.00
"Observations gain meaning when they are placed within a wider context where patterns emerge that might otherwise be elusive. This concept, known as the principle of multiple working hypotheses, encourages scientists to consider alternative explanations for their observations, fostering a culture of open-minded inquiry and promoting deeper understanding in science.",0.000,0,0.50,0.00,0.50,"Observations gain meaning when they are placed within a wider context where knowledge exists. Википедии. The text below was written by William R. Corliss for his website 'Flyby News'. It has been slightly modified to make it more accessible to non-astronomers. You may find other material there as well that might interest you too! Cosmological texts from antiquity to modern times contain many references to stars or constellation groups which do not conform with our present understanding of astronomy but appear to have had some significance for their authors. This paper presents a chronologic listing of these ""strange"" celestial objects along with brief comments on each one; this includes both classical and new world sources. I have listed 41",0.500,1,0.50,0.50,0.50,"Observations gain meaning when they are placed within a wider context where related phenomena intertwine to form a cohesive narrative. In the realm of astronomy, for instance, the detection of water vapor in the atmosphere of Jupiter's moon Europa suggests the presence of a subsurface ocean -- a finding that hints at the tantalizing possibility of life beyond our own planet.",0.640,1,0.70,0.50,0.70,Observations gain meaning when they are placed within a wider context where the dynamics of a serial relationship are considered. The evidence for this pattern being principally upon the minds of scientists and artists suggests a different role for heterogeneous populations of radioautogenic irregularities than those vigorously explored by astronomy may have been uncovered.,0.000,0,0.50,0.00,0.00,Observations gain meaning when they are placed within a wider context where the errors have been evaluated and the results explained with simple physical concepts. We discuss the determination of fundamental parameters from fits to spectral energy distributions and address the problem of error estimation. For comparison purposes we have converted the VRI photometry values for stars in the HAT-field into fluxes and fitted them with theoretical models; the resulting estimates of effective temperature and distance are listed in tabular form.,0.489,1,0.30,0.70,0.50,"Observations gain meaning when they are placed within a wider context where the signal attributes are thought of as part of a statistical ensemble, rather than as mere singularities. This approach invites a deeper contemplation on the intricate nature of gravitinos, inviting a more nuanced exploration of their potential dark matter constituents.",0.743,1,0.70,0.70,0.80,"Observations gain meaning when they are placed within a wider context where similar data has been recorded in different environments, illuminating subtle details that might otherwise remain elusive. This approach reflects a deeper quest to understand the intricate tapestry of natural phenomena through meticulous analysis and collaboration.",0.000,0,0.70,0.00,0.50
"Progress in understanding often begins by asking how fundamental entities might have arisen from more basic components. The study of the origin and early evolution of life on Earth has been a topic of intense interest to scientists for many years, with significant strides made in recent decades through advancements in molecular biology, biochemistry, and related fields. One particularly intriguing line of inquiry focuses on the possibility that RNA might have been the first self-replicating entity, laying the groundwork for the emergence of DNA and protein-based life forms.",0.000,0,0.50,0.00,0.00,"Progress in understanding often begins by asking how things could be otherwise. савезни резервни листови, резервације и порези On the one hand it is natural to expect that there are many physical processes that can occur but have not been observed so far because we were not looking for them or had not yet developed instruments powerful enough to see such phenomena. On the other hand if we look at our current knowledge from this perspective then some interesting questions arise: Why do they exist only under certain conditions? Do those circumstances depend on properties of matter and energy in particular ways? Can we make predictions based on the present state of affairs? For example suppose I am told about an object whose mass appears to be much larger than expected",0.640,1,0.70,0.50,0.70,"Progress in understanding often begins by asking how components of a system react when subjected to different influences, a method that has uncovered valuable insights into the nature of catalytic processes and protein folding, for instance. The principle behind this approach is simple yet profound: if we can infer the values of unknown parameters from those that are known, we can construct mathematical models designed to fit the data, thereby gaining insight into the form of the function or equation that describes the phenomenon under study.",0.000,0,0.50,0.00,0.00,"Progress in understanding often begins by asking how your universe operates with respect to libraries of landline-earth mass planets or companies to their enemies, information essential for uniquely characterizing his or her stellar orbit. In pursuing answers, we delve into the shared properties of a heritage that reveals our common origins across the breadth of this portion of the sky, while simultaneously exploring the diverse types of objects that yield clues to these questions in nature.",0.000,0,0.40,0.20,0.30,Progress in understanding often begins by asking how things could be different than they appear to be. On occasion this leads to the discovery of new symmetries or the realization that an apparent symmetry is actually broken. Such discoveries can lead to new directions in research even when the implications for physics are small; they are always interesting mathematically.,0.000,0,0.60,0.00,0.50,"Progress in understanding often begins by asking how nature's laws might be expressed as a contemplative summary, stripping away unnecessary complexity and attempting to encapsulate the essence of what remains. A profoundly illuminating approach to such a task is to consider how various physical parameters might affect the value of the cosmological constant—a notion that invites deep reflection on the intricate interplay between our observations and the underlying principles that govern the universe.",0.800,1,0.85,0.75,0.80,"Progress in understanding often begins by asking how components or entities within a system connect to one another, a question that can be symbolically encapsulated through the concept of the package.This inquiry invites us to ponder not just the composition of matter but also its intricate distribution and interaction throughout our universe, as reflected in phenomena such as stellar evolution and cosmic radiation.",0.640,1,0.70,0.50,0.70
"Connections between seemingly unrelated concepts emerge when viewed through the lens of graph theory, revealing unexpected patterns and insights. This article provides an overview of some of these connections, ranging from the abstract world of combinatorial design to more concrete applications in computer science and engineering.",0.000,0,0.40,0.00,0.00,"Connections between seemingly unrelated concepts emerge when you look at them from different angles. nobody wants to be reminded that he or she has been reduced to a microscopic speck with no real control over his/her destiny by any means other than those imposed upon him or her by society; for example, how can we ever really feel free if we are always watched? But perhaps one day it will become evident that there was never anything else but this - just as surely as we are born into this world without having asked permission first... The title 'Eine kleine Kugel' [A Little Sphere] comes from my interest in topology and its relationship to physics; specifically, I am interested in what happens when space-time becomes",0.000,0,0.70,0.20,0.50,"Connections between seemingly unrelated concepts emerge when viewed through the lens of this structural theory, suggesting a more profound interconnectedness within the natural world. This line of thought invites us to contemplate whether the vast tapestry of biological diversity could have arisen from a singular ancestral lineage, or if the complexity of taxonomic groups suggests the existence of multiple parallel evolutionary paths.",0.000,0,0.60,0.00,0.00,"Connections between seemingly unrelated concepts emerge when we explore them at length, and the puzzles upon which our insight is based, become more apparent. For example, an object of interest in elliptic orbit geometry gives rise to the curious numbers that lie below or above the orbital plane on the celestial axis, underscoring the connectedness of different sources of information about galaxies and other astronomical entities. These numbers reflect a broader spectrum: from the population rates for various activities engaged by stars, planets, and galaxies; through the energies released as described in our catalog of phenomenona; up to the fractions possessed by certainisotopes; and finally to values obtained in experimental physics.",0.700,1,0.75,0.65,0.70,Connections between seemingly unrelated concepts emerge when we explore the behavior of solutions to the Einstein field equations with a perfect fluid source. We find that the history of the universe at very early or very late times can be changed through changes to the equation of state for the dark energy.,0.598,1,0.50,0.70,0.60,"Connections between seemingly unrelated concepts emerge when examined under the holographic cutoff, revealing profound links that invite deeper contemplation. This approach offers a novel way to grasp the underlying principles that govern these phenomena, providing a thought-provoking perspective on their interdependent nature.",0.669,1,0.75,0.55,0.70,"Connections between seemingly unrelated concepts emerge when considering that ""cos"" in Greek signifies ""with"" or ""together"", while ""novo"" means ""new"". This revelation invites a deeper contemplation on the intricate web of cause and effect that shapes our universe.",0.000,0,0.60,0.20,0.50
"Long term trends can be identified when the data are analyzed using Fourier transforms, revealing periodicities of approximately 100 and 412 years. These cycles appear to reflect variations in the Earth's orbit or orientation caused by changes in the gravitational pull exerted by the Sun and Moon.",0.397,1,0.30,0.50,0.40,"Long term trends can be identified when looking at the data for many years. Unterscheidung von kosmologischen Modellen. In this paper we investigate whether or not the recent acceleration observed by supernovae is compatible with inflationary models. 2019 - 50th Anniversary of the Discovery of Dark Matter. We will describe the most important aspects of these two topics. Astroparticle Physics: A Very Short Introduction (Very Short Introductions), Astroparticle physics / K.S.Habibullah -- Particle dark matter searches / J.-P.Legrand & R.Ferrer-Riosa -- High energy particles from outer space / D.B",0.397,1,0.30,0.50,0.40,"Long term trends can be identified when the data spans at least two full solar cycles, revealing a decreasing trend in sunspot numbers over this period. The decrease is more pronounced when limited to the last four cycles, suggesting that recent changes may be driven by forces other than simple random variation.",0.571,1,0.50,0.60,0.60,"Long term trends can be identified when the noise in the data is eliminated through weighted analyses, and pivotal rates are offered for velocities that span the spectrum from stable to detiled. The characterization of large sample sizes as sensitive to wave formation and demanding of robust subgroups implies a need for caution in drawing definitive cosmological conclusions, yet these surveills offer valuable insights into the behavior of galaxies over entire quasioptical wavelength bands, shedding light on aspects upon which future follow-up observations hubs of research activity, if they possess a significant fraction of the proton collision rate.",0.471,1,0.40,0.50,0.50,"Long term trends can be identified when high uncertainty short-term variations are smoothed out by using appropriate weighting schemes. We show that for some parameters (in particular the bolometric core of the HARWL line) the error bars can be smaller than the typical variability amplitude, allowing us to say with confidence that there is a long-term trend. We find an overall increasing trend in the HARWL line, which may be due to the aging of the star.",0.489,1,0.30,0.70,0.50,"Long term trends can be identified when considering the late and profound upper boundaries of optical transients, which hint at the potential completion of substantial optical transient populations within the distant reaches of the far infrared. This consideration invites a contemplative exploration into the cosmic dynamics that may have shaped these evolving optics transient populations.",0.742,1,0.75,0.65,0.80,"Long term trends can be identified when data points are plotted over extended periods; for instance, in the case of solar activity. This discipline delves into the intricate processes that shaped our planet and its surrounding cosmic neighborhood, from the formation of mountains and oceanic basins to the creation of diamonds and fossil fuels.",0.000,0,0.40,0.30,0.40
"Clarity develops gradually as evidence accumulates showing that the LHC, instead of producing a Higgs boson at roughly 125 GeV/c^2 as expected from theoretical models, actually produces one weighing about 126 GeV/c^2. This discrepancy has prompted numerous studies aiming to reconcile the experimental measurement with the predictions of the Standard Model (SM). However, these analyses generally assume the validity of the SM itself, ignoring its foundational assumptions and leaving unexamined the possibility that there might be systematic errors in our understanding of particle physics.",0.000,0,0.50,0.00,0.00,"Clarity develops gradually as evidence accumulates showing that some things about reality are not only unavoidable but essential to it. références The idea that there may be no single, unique explanation for why we're here or how life arose—let alone what the ultimate purpose might have been had any existed at all —is hardwired into our culture through its most influential religious traditions; yet we continue to hope against reason that science will prove otherwise. This isn't an irrational position so much as one made possible by an inability to comprehend certain fundamental facts about nature itself. It would take a profound change in perception to overcome this blindness, but such changes do occur. They happen when unexpected observations make us re",0.000,0,0.60,0.00,0.00,"Clarity develops gradually as evidence accumulates showing that the stellar nursery, where stars form, is located far beyond our own Milky Way galaxy. To further enrich this narrative, recent observations by European astronomers suggest that these distant worlds may be intelligently constructed. This revelation invites us to ponder the vast cosmos and our place within it, where the scale of things shifts dramatically -- a single light-year becomes a measure of cosmic stride, and the nebulae that captivated Newton's gaze are revealed as mere neighborhood objects in an expansive universe.",0.741,1,0.80,0.60,0.80,"Clarity develops gradually as evidence accumulates showing that these objects are actualized through interactions with clustered planets, leading to the creation of numbers that are characterized by low mass and narrow frequency. In discussions with colleagues, we were prompted to clarify details regarding the distribution of optical delicate operators upon clusters, a distinction important in cataloging: some clusters possess them, while others are denied.",0.543,1,0.50,0.50,0.60,"Clarity develops gradually as evidence accumulates showing that the dark energy which dominates the Universe today must have been generated at least partially from the energy content of the Higgs field. We discuss the phenomenon of cosmic acceleration and present the first steps toward a theory of dark energy, assuming that the energy density of the Higgs field constitutes this dark energy.",0.598,1,0.50,0.70,0.60,"Clarity develops gradually as evidence accumulates showing that the distribution of luminous and total mass appears strikingly similar at virtually all radii, suggesting a near-isothermal gradient. This finding invites deeper contemplation on the underlying principles that govern the cosmic balance between energy and matter.",0.757,1,0.75,0.70,0.80,"Clarity develops gradually as evidence accumulates showing that our cosmic neighborhood traversed the void without encountering any celestial bodies until approximately 6,000 to 8,000 years ago. This gap suggests a time when the heavens remained silent for millions of years, during which our planet may have circled the sun without another stellar neighbor influencing its path for an eternity.",0.640,1,0.70,0.50,0.70
"A shift in perspective often reveals why we find certain things beautiful, while others leave us indifferent. The same can be said about our responses to art and architecture. In the case of this house, it seems that a change in angle might alter one's perception enough to see its beauty.",0.000,0,0.50,0.00,0.00,A shift in perspective often reveals why something seems obvious. Hinweis: Der Text nach der Colon ist auf Englisch und hat einen wahrscheinlich anrührenden Inhalt. A shift in perspective often reveals why something seems obvious. This can be applied to many areas where we find ourselves stuck. I have always been intrigued by science fiction movies or books because they present us with ideas that are so far fetched at first glance that you cannot help but think about them for hours afterwards. One such example from my childhood was when I read Arthur C. Clarke’s book “The Fountains Of Paradise”. It describes how astronauts use rockets to build space elevators on mountains near the,0.000,0,0.50,0.00,0.00,"A shift in perspective often reveals why we have long grappled with the unexplained noise in our radio receivers, as a team of scientists suggests that these signals might be the voices of extraterrestrial life itself. Tantalizingly, they propose that these potential aliens could be crafting technological marvels to send messages across the vast expanse of space, searching for intelligent company.",0.512,1,0.50,0.40,0.60,"A shift in perspective often reveals why (until recently) certain sources were seen as unstable or erupted after the passage of a synoptic interval. In the conversation on microscopic scale asymmetries, a new source of anxiety was quelled: (formerly supposed as) sigificance-carrying channels cannot survive into the present day's strict criteria for stable shell morphologies, underscoring the iterative nature of knowledge.",0.643,1,0.60,0.60,0.70,"A shift in perspective often reveals why two apparently different problems are in fact related. This may be especially true in theoretical physics, where small changes to an equation can sometimes lead to large differences in the implications. Here we illustrate this with three examples of mysteries in particle physics that, upon closer inspection, have surprisingly simple solutions.",0.000,0,0.50,0.30,0.50,"A shift in perspective often reveals why certain solutions emerge over others, inviting a deeper contemplation on the underlying processes that govern the flow of matter and energy. This approach has been employed with great success in exploring the intricate dynamics of cosmic strings, inviting a deeper reflection on the nuanced interactions that shape our universe's fundamental structures.",0.741,1,0.80,0.60,0.80,"A shift in perspective often reveals why we fall prey to misconceptions about basic scientific concepts. This clarification underscores a broader narrative of communication and understanding within the scientific community, where detail and precision are crucial elements in the quest for knowledge.",0.000,0,0.50,0.00,0.00
"Insight is gained by examining how systems respond when subjected to perturbations. In the case of chaotic dynamical systems, small disturbances lead to dramatic changes over short intervals, a property that has been exploited in designing sensitive gravitational-wave detectors. For celestial bodies immersed in a turbulent stellar medium, even minuscule variations in their orbital parameters can be amplified by order unity on timescales of months, revealing the presence of nearby mass concentrations through the mechanism of gravitational lensing.",0.598,1,0.50,0.70,0.60,"Insight is gained by examining how systems respond when subjected to change. Hinweis auf Veränderung von Systemen. The next section contains an informative summary of the structure of this website, including its main sections as well as additional information such as copyright notices and contact details for questions or suggestions concerning these pages. Struktur der Website; Hinweise zur Nutzung der Webseite und Kontaktmöglichkeiten für Fragen oder Anregungen.",0.000,0,0.30,0.00,0.00,"Insight is gained by examining how systems respond when subjected to various stimuli, whether mechanical, thermal, or electrical; for instance, the gentle prodding of a delicate system with increasing amounts of irritant. The goal is not to inflict harm but to uncover the fundamental nature of phenomena through meticulous experimentation and analysis.",0.000,0,0.50,0.00,0.00,"Insight is gained by examining how systems respond when faced with perturbations that disrupt ordinary evolutionary paths. The universe's vast terrain of parameterized post-explosion maps has been searched through efforts that have spanned many decades; the only other approach -- a surface-only search -- has yielded nothing. The evidence points to a compelling sequence of events where the sky alive with radio sources and positioned bugs the astronomical diversity greatly exceeds the average buggy creature in existence his senses an unusual phenomenon that, if verified, would break upon the daunting characeteristics of black hole swarms.",0.471,1,0.50,0.40,0.50,"Insight is gained by examining how systems respond when pushed to their limits. For instance, the response of a system that is critically under-sampled can be quite different from the ordinary behavior expected for a well sampled system. In some cases, the critical sampling rate is found to be much lower than the usual estimation of the reciprocal of the duration of the signal.",0.000,0,0.50,0.00,0.00,"Insight is gained by examining how systems respond when subjected to sudden changes in velocity, delving into the intricate processes that underpin their movement. This investigation reveals a profound connection between a ship's initial orientation and its subsequent path, offering a glimpse at the underlying forces that shape our cosmic neighborhood.",0.640,1,0.70,0.50,0.70,"Insight is gained by examining how systems respond when subjected to different conditions -- for instance, varying temperatures or alterations in nutritional status. This inquiry often entails identifying a relationship between the observed variable and one or more potential causative agents, then delving into the nuances of that association through rigorous statistical analysis.",0.000,0,0.50,0.00,0.00
"Understanding improves when explanations consider both scale and shape. This insight holds promise for enhancing our ability to forecast climate change through numerical models, which require accurate representations of clouds. Our analysis highlights the need for improved representations of cloud shapes in order to advance our understanding of cloud processes and their impact on Earth's radiation budget.",0.000,0,0.50,0.00,0.00,"Understanding improves when explanations consider both scale and time. Hinweis: Die folgende Text nach der Kolon ist im Reflexiven und nachdenklichen, eingehenden Stil allgemein zu Astrophysik und Kosmologie adressiert: Verständnis verbessert sich wenn Erklärungen sowohl die Skala als auch den Zeitabstand berücksichtigen. Asteroid 2015 TG38 - A New World By Dr. Rainer Klement & Prof. Dr. Joachim Wambsganß The discovery of asteroids that cross Earth’s orbit has become routine over recent years; however, none have so far been found which approach our planet from behind us,",0.439,1,0.50,0.30,0.50,"Understanding improves when explanations consider both scale and shape, as natural phenomena often exhibit non-linear relationships.  \end{abstract}  \section*{Introduction}  The recent discovery of a potentially habitable planet, HD 95086 b, orbiting the familiar G-type star HD 95086 in the 41 Orionis constellation, invites contemplation on the narrow window between existence and extermination for life forms that might thrive upon this world.",0.540,1,0.60,0.40,0.60,"Understanding improves when explanations consider both scale and distribution, as objects with underrepresented low-frequency radio emission profiles may prove to be ordinary hydromagnetic stars, which can actually evolve to become regular magnetic stars, or finally progress to the elusive yet infamous class of double dealtyid candidates. Dedicating a portion of this survey time exploring whether or not they appear in the data is essential for academic and scientific cosmology courses, as well as addressing questions from the media and public at large).",0.464,1,0.30,0.60,0.50,"Understanding improves when explanations consider both scale and shape of the signal. In discussing the data, we present two different models, each of which is characterized by the way the signal strength depends on the log of the radial distance from the source. The strongest support for a model of this kind is arguably the fact that it is able to reproduce both the high-energy cutoff and the break at low energies that is found in the emission of all sources that have been observed by INTEGRAL.",0.489,1,0.30,0.70,0.50,"Understanding improves when explanations consider both scale and orientation, inviting a deeper contemplation of the cosmic dynamics at play. This approach unveils profound insights into the underlying harmony and complexity of our universe. Exploring these intricate patterns reveals their significant impact on cosmological measurements, offering a nuanced perspective on the subtle interplay between scale and orientation.",0.771,1,0.80,0.70,0.80,"Understanding improves when explanations consider both scale and velocity. Moreover, it illuminates the critical importance of precise measurement in the face of subtle yet profound variations. To illustrate this concept, consider the simple act of recording the temperature within your home. A slight increase or decrease of a single degree may seem insignificant, a minor fluctuation that can be attributed to many factors -- the positioning of your furniture, the ventilation within your rooms, even the reflective properties of certain materials. Yet, such nuances aggregate to significant changes in our climatic frameworks.",0.000,0,0.50,0.00,0.00
"It is useful to step back and observe how these various components fit together. In particular, we note that the equations for $A$ and $\Psi_1$ are identical to those derived in \cite{Racioppi:2016fdl}, with the exception of a factor involving the flux through the horizon. This reflects our choice to work in natural units where $G=c=\hbar=k_B=1$, which brings the gravitational constant into closer alignment with its observed value.",0.598,1,0.50,0.70,0.60,"It is useful to step back and observe how far we have come. hopefully this will be an inspiration for us all, so that we may continue to progress into new frontiers with unlimited vision! We are at the beginning of time; We're making it up as we go along. The universe is big but not vast enough to hold me. I am smart but not quite cleverly done... I'm mad about science and the scientists who do it, and when my brain gets too much information for one day, I take my homework outdoors, and read by moonlight under the endless sky until I can't keep my eyes open any longer... Then sleeping soundly",0.000,0,0.60,0.00,0.00,"It is useful to step back and observe how this method of inference differs from its counterpart, Bayesian statistics, which employs a more deliberate and explicit application of probability theory. This reflection reveals the thoughtful approach behind the likelihood principle, highlighting its strengths while also pointing out potential challenges.",0.000,0,0.70,0.00,0.50,"It is useful to step back and observe how the actions of a single cell or very low-order multicellular systems, which are beyond the scope of standard textbook curricula, contribute to the collective behavior. The richness of numerical diversity is revealed even at the core of the universe, with galaxies abundant both in normal matter, which could potentially be capable, and in neutral molecules, if available), surbingay said. A ``soft'' boundary characterized by sterilization via interaction with passing ships or stations is expected, while a ``hard'' boundary is reached when fusion power becomes the dominant source of energy for the colony, signalling complete suburban sweeping.",0.000,0,0.30,0.00,0.00,"It is useful to step back and observe how far we have come in understanding outstanding problems in astronomy. In particular I will describe my own journey through them starting with the question of whether there is a planet orbiting the nearby star, which is known as `the' source of a radio signal, until today when we know there is a giant planets orbiting the distant star, which may be the cause of the observed anomalies in the stellar radial velocity.",0.640,1,0.70,0.50,0.70,"It is useful to step back and observe how the solutions emerge for different matter distributions through the lens of the Einstein equations, reflecting on the intricate interplay between geometry and matter. A deeper contemplation of this nature reveals the underlying beauty and complexity of our cosmic understanding.",0.800,1,0.85,0.75,0.80,"It is useful to step back and observe how these diverse fields interconnect, as articulated by the American Astronomical Society. Astrometry, a profound subset within the realm of astronomy, meticulously charts the positions and motions of stars and celestial entities, offering insights into the intricate kinematics and the fundamental origins of our Solar System and the expansive cosmos of the Milky Way.",0.571,1,0.60,0.50,0.60
"Complex behavior can often be traced to simple principles once the underlying mathematics is understood. The goal of this course is to introduce students to the fascinating world of dynamical systems, where complex behaviors emerge from the interplay between a system's rules and its initial conditions. We will explore diverse topics such as chaos theory, strange attractors, bifurcations, period doubling, and more through both theoretical analysis and numerical exploration.",0.000,0,0.40,0.00,0.00,"Complex behavior can often be traced to simple principles once they are known. Begriffe der Physik - Einführung, Erklärungen, Zusammenhänge [German Edition] by Rudolf Faehl; Udo Wenzel | Mar 12, out of 5 stars Paperback $ $ Details about ""Complex Behavior Can Often Be Traced To Simple Principles Once They Are Known"" by Richard Feynman. Book Condition: Very Good. Includes dust jacket. Sign On Front Free Endpaper. Seller Rating: % positive. This was written before he became famous as an author or physicist. As such it has some very good ideas but also shows his naivety at times and lack",0.000,0,0.30,0.00,0.00,"Complex behavior can often be traced to simple principles once we delve into the underlying mechanisms. The digital world provides a rich tapestry for exploring these ideas, and the Strobilus website stands as a testament to this notion, offering a platform for discussing and experimenting with computational artistry.",0.000,0,0.50,0.00,0.00,"Complex behavior can often be traced to simple principles once considered to be fundamental, as the fragments of these protocols are proven to arise from a basis shared with the physics literature’s common stock of relativity and asymmetry. This reflection leads us to ponder the broader sense in which one may refer to APS codes as simply 'applesauce' containers', revealing a deeper level of complexity and confusion within the cosmological landscape.",0.000,0,0.50,0.20,0.30,"Complex behavior can often be traced to simple principles once you know them. The author then goes on to explain why this should be so by means of three ``laws'', each of which he states first as an informal commentary or ``motto'' and then explains mathematically.",0.000,0,0.50,0.00,0.30,"Complex behavior can often be traced to simple principles once these are identified and isolated, inviting a deeper contemplation of the underlying mechanisms at play. This approach is employed to unravel the origin of the observed late-time acceleration, delving into its roots and implications with utmost depth and clarity.",0.742,1,0.75,0.65,0.80,"Complex behavior can often be traced to simple principles once you understand the nuances. What we perceive as plain, everyday humor often masks a deeper intellectual or emotional investment. Consider the subtlety of its manifestation -- a slight inclination of the head, a barely discernible wink, the fleeting hint of a smile -- each piece serves as a puzzle piece, quietly adding depth to the broader narrative.",0.000,0,0.60,0.00,0.00
"A coherent picture forms when different observations suggest that a given source may be composed of multiple distinct objects. These include the polarized emission from the inner disk, the reflection from an outer dust shell, and the emission from warm gas in the circumstellar envelope. Each component contributes uniquely to our understanding of the system's evolution through the phases of intense star formation and subsequent depletion.",0.598,1,0.50,0.70,0.60,"A coherent picture forms when different observations suggest that we are not alone. sierpniem 1978 r. wypuścił z sfery na orbicie heliocentrycznej planetę Neptuna. This page was last edited on 25 May 2016, at 13:43.",0.000,0,0.20,0.00,0.00,"A coherent picture forms when different observations suggest that the same individual, or perhaps two individuals closely aligned in kinship, were mistakenly recorded as two distinct individuals. On a deeper level, this interpretation suggests a nuanced understanding of human memory, wherein the brain can erroneously complete or fill in details within a series of perceptions, leading to misidentifications.",0.000,0,0.55,0.00,0.00,"A coherent picture forms when different observations suggest that we live in a singular, metaphorically illustrated universe where certain laws are rigorously true, yet the values of physical constants appear upon this landscape to present-day scientists. The contemplation of these diverse possibilities yields an answer that is, at least gratitude, for the excessive heat to which our understanding of the past alone could be ascribed: the lattice data shows that the gold alloy must exist, and its declaration on colours will require attention by the UNESCO Council of Geosciences.""",0.000,0,0.40,0.00,0.00,"A coherent picture forms when different observations suggest that the acceleration of expansion is due to the energy density becoming dominant. We discuss both the theoretical and observational consequences of this picture. The accelerated expansion of the Universe has been confirmed by multiple independent observations. However, the cause for the acceleration remains a mystery.",0.571,1,0.50,0.60,0.60,"A coherent picture forms when different observations suggest that helium abundance decreases by no more than a few percent as it moves from its primordial state to the present day, aligning with the findings of astrophysical studies and gravitinos within the framework of Type I gaugino-serine interactions.",0.489,1,0.30,0.70,0.50,"A coherent picture forms when different observations suggest that our universe is either expanding or contracting, as perceived by various astronomical measurements. This discrepancy prompts a deeper contemplation on the intricate nature of scientific exploration and the ever-evolving nature of our understanding of the cosmos.",0.640,1,0.70,0.50,0.70
"Many questions become easier to address when we consider the possibility of multiple species of Bigfoot, each adapted to different environments. The notion that there might be more than one species of this enigmatic creature is not as far-fetched as it may initially seem. After all, the planet Earth has already given birth to countless diverse forms of life, from microscopic bacteria and fungi to towering redwood trees, each occupying its own ecological niche.",0.000,0,0.50,0.00,0.00,Many questions become easier to address when we are able to view them from different perspectives.nahm I've been trying for several years now with little success at translating this into French - but have recently come across some useful ideas which I hope will make it more possible than before.... Here follows an extract...(the whole article may be read here.) Science has had enormous effects upon our society; its power lies not just in what it reveals about nature but also in how it shapes our perceptions by forcing us to look at things that would otherwise never occur to us. One such example can be seen in the way many people think about time today as compared with their ancestors who lived only a few centuries ago,0.000,0,0.50,0.00,0.00,"Many questions become easier to address when we acknowledge the fluid nature of this definition, as various legal frameworks adopt diverse interpretations that reflect unique cultural and administrative dynamics. This evolution in classification mirrors the broader trend towards recognizing these devastating neurological conditions within the realm of infectious diseases, a development that underscores our enhanced understanding of their causation.",0.000,0,0.40,0.00,0.00,"Many questions become easier to address when we break the hydrodynamic problem down into different wavelengths, beginning with acoustic waves. In this investigation, we explore the molecular origins for one cluster's evolution towards higher activity, shedding light on our understanding of clustering in massive stars clusters and potentially contradicting past conclusions on gendered clustering.",0.397,1,0.30,0.50,0.40,Many questions become easier to address when one breaks the problem into smaller pieces. Our goal is simple: To present the basic ingredients of galactic chemical evolution and discuss the solutions which have been obtained from simple models through to more realistic ones. We first describe the basic rules that guide chemical evolution and present the results from our first model (which has only one variable - the metallicity).,0.471,1,0.40,0.50,0.50,"Many questions become easier to address when one contemplates that the arrangement of gravitating matter across space exhibits a fractal nature, persisting consistently across all magnitudes, from the infinitesimally small to the vast expanse delineated by the Hubble radius.",0.713,1,0.70,0.60,0.80,"Many questions become easier to address when we delve into the fundamental properties of light, such as its speed, which remains a subject of profound reflection. One cannot help but ponder the implications of this finding, as it invites us to contemplate how such a genetic adjustment might have bolstered their survival during early interactions with Neanderthals.",0.000,0,0.50,0.00,0.00
"Knowledge advances through careful consideration of how previous theories might be improved upon or challenged altogether. Theories are not merely ideas; they embody rigorous arguments grounded in evidence and logical consistency, serving as blueprints for future research endeavors. As such, they demand scrutiny from multiple angles to ensure their validity before being accepted into the canon of scientific understanding.",0.000,0,0.60,0.00,0.50,"Knowledge advances through careful consideration of how the universe works. Unterscheidung zwischen „Kosmologie“ und „Astrosphäre“. Der Kosmos ist das ganze Universum; die Astrosphäre ist nur der Teil des Universums, welcher von den Menschen wissenschaftlich erforscht wird.. Die Erde ist nicht selbst als Teil der Astrosphäre definiert, sondern nur als Ort, an dem wir leben können. The main points are as follows [6]: In 1930, Martin Schwarzschild used Newton’s law to calculate that the gravitational attraction exerted by a spherical body with mass M should be given by the formula \(M/r^2\). This",0.442,1,0.40,0.40,0.50,"Knowledge advances through careful consideration of how the material world responds to various theoretical frameworks, empowering us to peer ever more deeply into the intricate tapestry of natural law. In our quest for understanding, we subject the phenomenon being examined to meticulous analysis through rigorous experimentation and detailed observation, embodying a profound respect for the complexities of scientific inquiry.",0.000,0,0.70,0.00,0.50,"Knowledge advances through careful consideration of how to formulate and investigate questions only after consulting the wealth of knowledge possessed by one atom, a phenomenon known: `to break an atom, to create a void' -- a process that transforms matter"".  In exploring the complexities of whether or not planets orbit their rates with enough certainty to permit the formation of planetary systems, we delve into the fundamental question of asserting the existence of a gravity field, to which the orbital motion of a hypothetical planet would be respondent'. Here, we explore the inner workings of a system where chaos magic unfolds, revealing insights into the characterization of planetary perturbations and the distribution of substantial objects",0.571,1,0.60,0.50,0.60,"Knowledge advances through careful consideration of how well known theories fit the data, through new observations, and especially through new analyses of old data. This last source of discovery may be the most important. Here we show that by using newer techniques, earlier observations can be reanalyzed to obtain higher resolution spectral images that reveal more detail than was possible before.",0.571,1,0.50,0.60,0.60,"Knowledge advances through careful consideration of how individual contributions intersect, a process that invites deep reflection on the interconnectedness of scientific endeavors. This approach reveals profound connections between seemingly disparate disciplines, fostering deeper contemplation of the intricate tapestry of human intellectual achievement.",0.000,0,0.70,0.00,0.50,"Knowledge advances through careful consideration of how stars and cosmic radiation interact with one another, while also delving into the intricate details of atomic structure. This discipline explores the fundamental architecture of atoms and their mutual interactions, reflecting deeply on the configuration of electrons and the dynamic processes that alter these arrangements.",0.640,1,0.70,0.50,0.70
"A pattern begins to emerge when multiple observations indicate that the same underlying mechanism is at work. The consistent proximity of these events suggests a possible connection, one that deserves further investigation through detailed analysis and comparison. This line of inquiry could potentially lead to a better understanding of the underlying physics behind such phenomena and their interdependence.",0.640,1,0.70,0.50,0.70,A pattern begins to emerge when multiple observations indicate that our galaxy was once part of an even larger structure. hopefully it will be helpful for readers who are interested not only in astronomical science but also philosophy. Sometimes a single observation can change everything you thought you knew about something. This is what happened with Albert Einstein’s discovery that light appeared to bend as it passed through space-time near massive objects such as stars or planets. In 1915 he published his general theory of relativity which explains how gravity works by warping spacetime; this same effect causes light rays to appear deflected from their straight lines at any object that exerts a gravitational force upon them. Before we had evidence showing us otherwise,0.599,1,0.55,0.65,0.60,"A pattern begins to emerge when multiple observations indicate that the celestial entity may be a meteorite, yet subsequent efforts to replicate these observations with verified meteors fall short. In contemplating this phenomenon, one cannot help but ponder the delicate balance between our sophisticated technical advancements and the intricate complexities of cosmic interactions, as we seek to understand these enigmatic events with precision and care.",0.741,1,0.80,0.60,0.80,"A pattern begins to emerge when multiple observations indicate that in short bursts, if not attaining cosmological levels of grandeur, these entities operate at fractional levels before the Universe proves unequal to dealing with factions of a second? Throughout their existence, radio loud RSGs stand out as peculiar objects; they emit little or nothing from the radio emission spectrum, and their propagation shows only modest evidence for time variability"".",0.571,1,0.50,0.60,0.60,A pattern begins to emerge when multiple observations indicate that a given source subsided by at least $V$ magnitudes on a short timescale (days or weeks). In such cases we demand higher confidence for the correlated variation than for the original Variation Magnitude Distribution. These guidelines are meant as a starting point for investigations of correlated variability between photometric bands.,0.397,1,0.30,0.50,0.40,"A pattern begins to emerge when multiple observations indicate that a given ring pathway exhibits a consistent, linear increase in radius as it moves away from the central singularity, suggesting that each ring is meticulously crafted through an intricate process of inflation. This phenomenon persists even when considering rings created through the disintegration of smaller objects, inviting deeper contemplation on the underlying principles that govern the cosmic dynamics.",0.743,1,0.70,0.70,0.80,"A pattern begins to emerge when multiple observations indicate that the solar system might be situated within a vast cosmic nexus, interconnected with myriad neighboring stellar systems through a web-like structure known as the Local Group. This group, comprising roughly two hundred galaxies including our own Milky Way, was first cataloged by the British astronomer Harold Denton in 1925, marking a significant chapter in our understanding of the universe's layout.",0.543,1,0.50,0.50,0.60
"Insight often comes from recognizing relationships between disparate entities. In the realm of mathematics, this idea is encapsulated in the concept of a functor, which allows us to transfer structures from one domain to another in a way that preserves their essential properties. The notion of a category, on the other hand, goes beyond merely mapping domains and ranges; it encompasses the very structure of these mappings, allowing for a deeper understanding of how they relate to each other. By examining the relationship between categories and functors through the lens of set theory, we can gain new insights into the nature of these mathematical frameworks.",0.000,0,0.50,0.00,0.00,Insight often comes from recognizing relationships between things. hopefully that helps! The second sentence is missing a verb or some other part of speech that should be there to make it grammatically correct as written now. Please help me edit this paragraph so I can post it at the bottom of my webpage.,0.000,0,0.30,0.00,0.30,"Insight often comes from recognizing relationships between different concepts, a skill that computers have mastered to some extent yet remain far behind human capacity in terms of nuance and understanding. A recent advancement in artificial intelligence offers a glimpse into this intricate landscape by predicting the outcome of medical tests before a diagnosis is revealed, suggesting a profound transformation in our approach to healthcare.",0.000,0,0.50,0.00,0.00,"Insight often comes from recognizing relationships between systems' behavior and parameters with only a basic knowledge of camera characterization and scene dynamics, and often requires net-free science operations. A framework for enumerating the diverse kinds of astronomical diversity has been elaborated upon by the Boyles team, who see opportunity in shallow surveys spanning low signal-to-noise ratio radio spectra, and similar investigations of optical and spectral territory for optical images and data.",0.464,1,0.30,0.60,0.50,"Insight often comes from recognizing relationships between different aspects of an investigation that at first seem unrelated. On occasions where I have been able to achieve this kind of perspective, it has usually led me to revise my understanding of the problem under investigation. Such revisions can be both sudden and surprising, and can sometimes lead to apparently controversial conclusions.",0.000,0,0.70,0.00,0.50,"Insight often comes from recognizing relationships between quantities, reflecting on the interplay between two variables rather than examining them separately. This approach unveils deeper connections and reveals hidden harmonies, inviting a contemplative exploration of the underlying principles that govern our universe's behavior.",0.000,0,0.70,0.00,0.50,"Insight often comes from recognizing relationships between seemingly unrelated entities, a skill that emerges from a deeper understanding of the cosmic rhythms and patterns. This penchant for exploration was exemplified by his tenure as an MP, during which he served on the Committee on Science and Technology, reflecting a deep engagement with the legislative side of aerospace governance.",0.000,0,0.50,0.00,0.30
"Explanations gain strength when they are supported by multiple lines of evidence, yet the consensus view on hominid evolution remains stubbornly rooted in a single lineage. This perspective is challenged by recent findings indicating that australopiths may be more closely related to modern chimpanzees than to later hominids. If correct, this would significantly alter our understanding of human evolutionary history and highlight the importance of exploring alternative scenarios through rigorous scientific inquiry.",0.000,0,0.50,0.00,0.00,"Explanations gain strength when they are supported by facts. Hinweis: Das folgende Text (auf Englisch) nach dem Kolon ist auf einen besonderen Themenbereich eingeschränkt und im Stil einer Reflexion und Einsicht geschrieben: Explicaciones adquieren fuerza cuando están apoyadas por hechos. ""You can get your dreams to come true!"" (“Tu sueños pueden llegar a ser realidad!”).",0.000,0,0.30,0.00,0.00,"Explanations gain strength when they are supported by multiple witnesses, especially those who are independent from one another. There is a profound sense in which the Gospel of John stands as the cornerstone upon which the rest of the New Testament builds its narrative. This identity is deeply rooted in the ancient texts themselves, where John is unambiguously identified as the author of these words.",0.000,0,0.55,0.00,0.00,"Explanations gain strength when they are supported by a spectral synthesis, as in the plethora of optical lines seen in evolutionary stages, or categorically for molecular clouds, where a transition's presence is detected through clustering may. In a landscape painted in dust, a chaotic pattern emerges as hydrodynamic forces struggle to shape a surface fit for purpose.",0.643,1,0.60,0.60,0.70,"Explanations gain strength when they are supported by analogs from other fields. Adopting an analytical framework from particle physics, we argue that there must be three Higgs bosons, each having a different color charge. Furthermore, we contend that the Higgs potential has multiple minima, explaining why two of the three Higgs particles have been observed.",0.000,0,0.30,0.00,0.00,"Explanations gain strength when they are supported by data, and conversely, doubts arise when there is a discordance between the observed facts and the proposed theories that attempt to reconcile them. This interplay highlights the importance of gathering precise measurements and conducting thoughtful analyses, steps that invite deeper contemplation on the complexities of the cosmos.",0.669,1,0.75,0.55,0.70,"Explanations gain strength when they are supported by evidence. Yet, among those who delve into these intricate subjects out of personal interest, there exists a subtle yet profound dissatisfaction with conventional knowledge. Many individuals share a deep-seated reservation regarding the authenticity of data originating from established institutions like NASA, due to the perceived implications of special interests influencing scientific exploration.",0.000,0,0.50,0.00,0.00
"It becomes apparent that many systems behave differently when the environment is perturbed, as opposed to remaining in equilibrium. This observation has sparked considerable interest among researchers, who are now exploring the fundamental differences between these two states of affairs. The study of nonequilibrium statistical mechanics holds the key to unlocking the secrets of complex physical systems, providing insights into their behavior and evolution over time.",0.000,0,0.50,0.00,0.00,It becomes apparent that many systems behave differently when they are far apart.егомихаев I am just trying to give you some background information about this author's interests which can help you determine whether or not he may be interested in your manuscript for his consideration as an editorial reviewer at one of our journals. You should also know I have published over 100 articles myself so if there are any questions let me know via email.,0.000,0,0.20,0.00,0.00,"It becomes apparent that many systems behave differently when subjected to the influence of a companion, prompting us to ponder whether our own solar system might exhibit such characteristics. A fundamental question that arises from this line of thought is whether the presence of a companion object influences the likelihood of a stellar explosion or not.",0.742,1,0.75,0.65,0.80,"It becomes apparent that many systems behave differently when the time scale is changed, as was done for dust clusters and galaxy nuclei. We suspect that mere acquaintance with these objects' properties may suffice to determine their gravitational, nuclear, and magnetic equilibria; however close observations reveal that each cluster reveals further complexity as we discover greater anomalies and distortions from equilibrium along the rotation axis and through the core magnetically, which were sheltered from our previous observations by dense, molecular layers.""",0.671,1,0.60,0.70,0.70,"It becomes apparent that many systems behave differently when compared between the disk and the halo. In particular, the satellite orbit distribution is much more centrally concentrated in the barycenter of the host galaxy than is the stellar disk. Furthermore, on scales $r < 0.7 Rvir$ (where $Rvir$ is the virial radius) the satellite orbital elements are quite different from those of the disk stars.",0.489,1,0.30,0.70,0.50,"It becomes apparent that many systems behave differently when compared to the conditions wherein their equation of state approximates that of fluid helium, particularly as they venture further away from the root of the massive gravitational anomaly. This phenomenon invites a deeper contemplation on the intricate nature of these spacetime metrics.",0.643,1,0.60,0.60,0.70,"It becomes apparent that many systems behave differently when subjected to precise gravitational perturbations, subtle electric currents, or minute cosmic ray assaults. These diverse expressions of precision reflect a deep-seated human quest for understanding and control.The concept of precision also permeates various domains, each layer revealing its unique tapestry of meaning.",0.540,1,0.60,0.40,0.60
"Let's talk about how we can make the world a better place, one step at a time. This series seeks to shed light on individuals and organizations making a positive impact in their communities through volunteering, activism, or other means of service. By sharing these stories, we aim to inspire others to get involved and work towards creating a more caring and compassionate society for all.",0.000,0,0.40,0.00,0.00,"Let's talk about how we know what we think we know. Unterscheidung „Astrophilosophie“ von Astroteologie. It was created by two people who were passionate to create something beautiful that would not only be educational but also help you connect with nature. I don’t have any formal training in philosophy or science beyond my undergraduate degree. We are all connected through space-time. Philosophy has been defined as ‘the love of wisdom.’ While it may seem strange at first glance, I believe this definition sums up much more than just being wise; there is an intimate connection between wisdom and our physical universe which is reflected through both philosophy and astronomy/astrophysics respectively. Astronomical research is often seen",0.497,1,0.60,0.40,0.50,"Let's talk about how we can possibly bring him back... -- A young man, raised in the heart of Louisiana, whose journey took a profound turn when he discovered he was gifted with a voice that resonates with depth and emotion, has decided to set aside his former pursuits to fully dedicate himself to this promising chapter in his creative evolution. We invite you, the discerning reader, to join us as we delve into this moment where talent meets opportunity.",0.000,0,0.50,0.00,0.00,"Let's talk about how dust clouds obscure stellar couples, preventing earthlike planets from being discovered, and render cocooned stars vulnerable to fatefully arranged divorce proceedings. The latter illustrates a similar evolution, as spacecraft serve as surrogate telescopes upon the rollercoaster-like journeys through interstellar space, shedding light on the curiosities of planetary formation before we arrive at the diligent work of characterizing those objects.",0.571,1,0.60,0.50,0.60,Let's talk about how to `do' science. We will discuss three topics: (1) when to give up on an experiment; (2) how reliable are the results from different experiments; and (3) which experimental result should be favored if two seem to conflict. For each topic we first describe the situation of a hypothetical ordinary earthling scientist who has just made an important discovery and then present the views of three extraterrestrial scientists with very different backgrounds and philosophies.,0.000,0,0.50,0.00,0.50,"Let's talk about how these transitions happen, shall we?  This paper delves into the intricate process of cosmological particle creation, inviting readers to ponder the profound implications of a universe where particles spontaneously emerge from nothingness.",0.640,1,0.70,0.50,0.70,"Let's talk about how stars and celestial bodies form and evolve over time, delving into the intricate processes of stellar metamorphosis.In the realm of computer science, a shell emerges as a client-server interface, embodying a gateway to the underlying architecture.",0.000,0,0.30,0.00,0.00
"Though this topic is controversial among astronomers, there exists a growing body of evidence suggesting that our sun may have had a companion star in the distant past. This possibility raises profound questions about the early evolution of our solar system and the role such an interaction might have played in shaping its current layout.",0.640,1,0.70,0.50,0.70,"Though this topic is controversial to some extent. државни напори да се установи одговорност за ове поступке; држава може бити обавезна да спроведе истрагу о томе како су злоучића доведена до извођења оптужујених, као што је то случај са Хасаном Бухером, који се користио пре свега као алат против неких политичких противника или против других чланова свог сопственог друштва; међутим, обично је таквих повода за рат више него довољно да прину",0.000,0,0.00,0.00,0.00,"Though this topic is controversially labeled as Lysenkoism within the Western scientific community, it is viewed more favorably in Russia and Ukraine, where it is sometimes referred to as ""biological determinism"". This philosophical perspective suggests that our individual abilities, including intellectual capacity, are profoundly influenced by heredity, ignoring the potential role of environmental factors. There is a notable polarization within the scientific community regarding this idea; while majority of practicing scientists reject it, prominent figures within the intelligent design movement have embraced it, seeing it as a logical extension of their belief in an intelligence behind life.",0.000,0,0.50,0.00,0.00,"Though this topic is controversially often discussed in terms of only one bulge component cluster, our universe is more properly identified as double: the stellar shells of these objects actually harbor stellar counterparts within them, concealed behind the immediate radio shrouds. The radio emission, on the other hand, emerges from regions distant from the stellar surface, thus unfolding a deeper picture characterized by the confluence of differential emission at core and rotation for constellary targets.",0.599,1,0.55,0.65,0.60,"Though this topic is controversial, we believe that it is correct to use the formulae of Weinberg and Kogut (1974) to calculate the mass of a realistic Higgs boson. It even includes an equation which they do not have! We then describe how to use those formulae to obtain a rough estimate of the Higgs mass from other parameters of the theory. Finally we warn about the assumptions made in deriving that equation.",0.000,0,0.30,0.00,0.00,"Though this topic is controversial, it deserves careful consideration due to the significant implications it might hold for achieving a more precise measurement of the Hubble constant. A deeper contemplation on the matter reveals that additional observational data and sophisticated cosmological analysis are required to adequately address the issue.",0.640,1,0.70,0.50,0.70,"Though this topic is controversial, it invites deeper inquiry into the nature of human knowledge.In mathematics, the phrase ""a matter of"" suggests a nuanced approach, where the specifics of the argument remain undisclosed, leaving room for interpretation and conjecture.",0.000,0,0.50,0.00,0.00
"Her greatest contribution to science is the discovery of the radiation emitted by the Sun, which she termed ""cosmic rays"". This work earned her the first ever Nobel Prize in Physics, an achievement that also made her the first woman to receive a Nobel. In recognition of her efforts towards equal rights and women's suffrage, she was awarded the Matilda Joslyn Gage Medal for Distinguished Service to Women's Equality from the National Woman's Party in 1921.",0.000,0,0.30,0.00,0.00,"Her greatest contribution to science was her theory of relativity. Unterscheidung zwischen „Einfachheit“ und „Komplexität“. If you want to learn more about this, we recommend that you read our guide to using quotation marks correctly here. You are at the right place! You will find there are four different styles of punctuation used for titles. It is a fact that most people use commas all wrongly; but it doesn't matter what they do with them as long as you can understand what I write.” —Mark Twain. Here’s how to make sure your quotes don’t fall flat or get mixed up. “The title should not be too long,” says one website. The",0.000,0,0.30,0.00,0.00,"Her greatest contribution to the world of mathematics is undoubtedly her pioneering work on number theory, a discipline that would profoundly shape the course of mathematical thought for centuries to come. A series of groundbreaking discoveries throughout the 1830s and 1840s laid the foundation for what was soon recognized as the Bernoulli polynomial, marking a significant advancement over previous methods.",0.000,0,0.50,0.00,0.00,"Her greatest contribution to cosmology is the detection of carbon, oxygen, and nitrogen atoms, which indicate the presence of molecular gas in galaxies, revealing a depth of confusion in cases of stellar eclipse without this detection. The spectrum of detected lines reveals a pattern that shows up poorly with occasional telescope, but when the machine learning framework is triggered by means of VLBA observations, suddenly it comes into focus, as was predicted decades ago. This implies that there could be at least one more planetary candidate of this type remaining to be discovered",0.497,1,0.40,0.60,0.50,"Her greatest contribution to science was the discovery of the planet Mercury orbiting the Sun. At that time, it was widely accepted that there were only 6 planets in our solar system (the modern definition of a planet excludes objects with orbits shorter than 2-3 years). With her observations spanning nearly four months, she showed conclusively that Mercury must have an orbital period longer than 84 days - eliminating the possibility that the perturbations she observed were due to another planet's orbit.",0.397,1,0.30,0.50,0.40,"Her greatest contribution to the field lies in her profound impact on the exquisite craftsmanship of gravitational lensing observations, which reveals subtle yet significant features of cosmic structures. This approach invites a deeper contemplation of the intricate interplay between matter and energy, inviting us to ponder the complexities of our universe with greater depth and detail.",0.771,1,0.80,0.70,0.80,"Her greatest contribution to science lies in her genius for formulating the theory of relativity, a profound advancement that reshaped our understanding of the cosmos. Reflecting upon her legacy, one cannot help but ponder the intricate balance between her intellectual pursuits and the societal constraints she faced as a woman in science.",0.000,0,0.70,0.00,0.50
"Arguably the most important event in human history, the emergence of Homo sapiens from among the apes some five million years ago, represents a profound divide. In this lecture we explore the fossil record and molecular data to gain insight into our evolutionary past, investigating the nature of the split between humans and chimpanzees, as well as exploring the intriguing possibility that we may be related to the sun-bathing primates known as lorises!",0.000,0,0.40,0.00,0.00,"Arguably the most important event during this period was the first test by Einstein himself.ϊ It took place at the University of Berlin, where he had become an assistant professor in 1908; it concerned his new theory of gravitation as published two years earlier in Annalen der Physik [see p. 423]. The experimenter was Alfred Wohlfarth, then twenty-five years old and later to be appointed Professor at Tübingen. He tested the deflection of light rays emitted from the Sun through space, with its gravitational field being described by general relativity’s equations, which were derived on the basis of the mass distribution around the Sun. This meant that the bending",0.497,1,0.40,0.60,0.50,"Arguably the most important event in the annals of boxing, this championship fight remains a cautious endeavor for both contenders, marking the pinnacle of their careers. For Floyd Mayweather, this matchup symbolizes a critical juncture as he seeks to reverse a recent two-fight losing streak and regain stability in his reign atop the boxing world.",0.000,0,0.50,0.00,0.00,"Arguably the most important event in this time period is mediatic has been discussed briefly, but not elaborated upon in detail until now. A peculiarity was finally detected in data that was previously dominated by the feed of the SXE9 radio cluster, which is carried by the same apoorva object as the TV bundle controlling normal variations in the EM coordinate system.",0.370,1,0.30,0.40,0.40,"Arguably the most important event in the history of science occurred at the beginning when, with one exception, all known types of stars were assigned to one of three classes. At present we know that every star except for those within a radius of about $1 R_sun$ from the solar surface has a magnetic field. The similarities between the magnetic fields of starts and that of the sun are so pronounced as to suggest that they have a common origin.",0.471,1,0.40,0.50,0.50,"Arguably the most important event in the cosmological landscape is the transition from an inflationary to a non-inflationary phase, which invites deep reflection on the underlying dynamics and potential observational implications. This paper delves into the intricate details of this process, pondering the subtle changes in the scale factor, curvature, and their corresponding derivatives that mark its beginning and end.",0.757,1,0.75,0.70,0.80,"Arguably the most important event in the evolutionary narrative of our planet, the emergence of life from the primordial soup, or anointed ""theophysics""."", this phrase serves as a gentle reminder of the larger context and significance beyond the specific scientific inquiry at hand.",0.000,0,0.50,0.00,0.00
"A fitting conclusion to the set, 'The Last Time', finds Ellie Goulding delivering a heartfelt rendition of The Rolling Stones' timeless classic. In her own inimitable style, she infuses new life into this iconic tune while staying true to its essence, showcasing her versatility as an artist and her ability to interpret classic songs with fresh perspectives.",0.000,0,0.50,0.00,0.00,"A fitting conclusion to an enlightening exploration. Hinweis: Diese Seite wurde zuletzt am 21.03 Uhr geändert. Even if you don't want your site translated into other languages we can still help you! With our new web-based translation tool powered by Google Translate™ you are now able to translate any page directly from within your browser without having to install anything extra or register anywhere. You just need to choose one of more than 50 different language versions provided for each individual page on this website using the flag buttons located at the bottom right hand side corner of every page. Simply click ""Translate"" followed by clicking either German or another option offered before",0.000,0,0.10,0.00,0.00,"A fitting conclusion to this poignant narrative is the establishment of a lasting memorial, dedicating a reverent space where the lives lost can be honored and their sacrifice remembered. This act of remembrance serves as a somber testament to the enduring cost of conflict and the freedoms it preserves.",0.000,0,0.70,0.00,0.00,"A fitting conclusion is revealed through observations in the optical domain, where their candidates showcass objects of interest that encompas a large group, and for the first time, VLPCs are addressed with digital spectral data. The landscape of planetary science is richly stocked with frameworks for categorizing small solar system bodyes, and among these, low albedo objects represent the largest group. Specifically, they constitute the terminal population of all known moon-forming collisions and may well be representative of a broader class yet undiscovered by science.",0.497,1,0.40,0.60,0.50,"A fitting conclusion to this short review is that the more closely we examine the make up of normal GCs, the more peculiar they appear. This may be because of the difficulties of the investigation or perhaps simply because of the intrinsic heterogeneity of these stars.",0.540,1,0.60,0.40,0.60,"A fitting conclusion to this exploration is attained by contemplating the zero-temperature limit, wherein the propagators of the interacting quantum fields reveal their inherent nature and exhibit a profound connection to the corresponding classical field equations.",0.000,0,0.60,0.00,0.00,"A fitting conclusion to this review would be for me to express my profound appreciation to you, the discerning reader, for taking the time to engage with our creation. Yet, it was during one such moment of solitude that a call from his agents reached him, an invitation that would eventually lead him to embody Spartacus in David Wenham's acclaimed miniseries.",0.000,0,0.30,0.00,0.00
"Internet will never forget the iconic image of a skateboarding panda clad in an astronaut suit, and neither should you. At first glance, this may seem like just another ordinary photograph; however, upon closer inspection one cannot help but marvel at the sheer ingenuity and creativity on display. This captivating scene was brought to life by none other than professional skater Danny Way who, together with his son Jonah, crafted an extraordinary masterpiece that has since become an internet sensation. The photograph showcases Danny's exceptional skills as he gracefully executes a trick known as ""The Double Backflip"", a feat that few dare attempt let alone accomplish",0.000,0,0.50,0.00,0.00,"Internet will never forget it. Unterscheidung 10984376 Zip-Codes in der Stadt New York. We hope you enjoy your stay at our site! In this section we'll be looking more closely into some interesting facts about this place that may not have been mentioned yet. The population was spread out with 25.0% under the age of 18, 6.3% from 18 to 24, 30.0% from 25 to 44, 21.0% … 153.4k members in the Astrophotography community. Please help support ASTROPHYSICS & COSMO",0.000,0,0.20,0.00,0.00,"Internet will never forget the poignant moment when Catherine, Duchess of Cambridge, revealed her bump during a royal appearance in Australia, nor the occasion when Kim Kardashian's intimate parts were photographed without her consent. In the realm of sports, football fans have etched memories with chants that resonate through time -- ""F*** the referee"" sung by supporters of Manchester United, and ""You don't know what you're doing"" directed at Roberto Carlos, a former player for Real Madrid.",0.000,0,0.30,0.00,0.00,"Internet will never forget you"" -- a prophetic poem presented upon the dusty digital surfaces of their website, dated December 21, 1998). Throughout its operational lifetime, COBE achieved or attempted observations within this frequency range, exploring the dynamics of compact objects in situ by means of reflecting telescope light upon a nearby mirror, and potentially revealing minute flaws that could imply a system poor in bulk, in an intriguing manner. The team behind COBE released clouds of helium, the planetary emblem, into the atmosphere, creating a scenario that can be understood as an abortive attempt to measure pressure distributions with accuracy forefronted by a double detonation wave.""",0.000,0,0.30,0.00,0.00,Internet will never forget you if you are famous. It only takes one link to reach an audience of millions. But what about those who don't have many friends or followers? How do they get noticed on the Web? This book tells their story.,0.000,0,0.30,0.00,0.00,"Internet will never forget the profound impact it had on the exploration of the cosmos, inviting us to contemplate the vast expanse of space and time that lies before us. This interconnected network of computers has enabled a myriad of ground-breaking discoveries, from unveiling the mysteries of the distant universe to revolutionizing the way we communicate with one another.",0.000,0,0.60,0.20,0.50,"Internet will never forget the incident when a New York Daily News photographer captured John Travolta, in his Scientology attire, emerging from the Scientology Cultivation Center in Los Angeles, California, back in January 2005.",0.000,0,0.30,0.00,0.00
"We specifically use term ""pseudo-periodic"" to emphasize that the period of this signal is not actually constant, but appears so due to its modulation by a sinusoidal envelope. Our analysis shows that for frequencies below $\approx 0.1$ Hz, the amplitude of the oscillations decreases with increasing distance from Earth, approaching zero at approximately one quarter of the lunar orbital radius. This behavior is qualitatively consistent with recent observations made by the Lunar Reconnaissance Orbiter's Diviner instrument, which detected a decrease in thermal emission from the moon's poles as a function of latitude.",0.489,1,0.30,0.70,0.50,"We specifically use term ""astronomy"" to refer to what we know about our solar system. nobody has ever been there, but it's not impossible that someday humanity will be able to do so! The history of humankind can roughly be divided into three parts: First, there was mankind as it existed prior to the discovery of astronomy by early civilizations such as the ancient Egyptians; secondly, since then until recently, when technology allowed for space exploration using probes sent out from Earth; thirdly, nowadays with modern techniques available enabling us to explore deeper regions than previously accessible via telescopic observation - meaning more information becomes available through scientific studies involving things like measurements taken",0.000,0,0.40,0.30,0.40,"We specifically use termination dates from the National Center for Health Statistics, which offer a higher degree of precision than other sources. Amidst this statistical exploration, we have uncovered that the median age at death has risen significantly in recent decades, reflecting advancements in medical care and public health initiatives.",0.000,0,0.40,0.00,0.00,"We specifically use term `snack' dwarf galaxies: objects that lie well outside the realm of collision between normal dwarfs and the arms of big galaxies, thus eliminating possible stellar clustering with confidence. This peculiar habitat likely exists due to the isolation or poor performance of the dust detection system in these clouds, underscoring the complexity of perceiving planetspecific objects in hippology.",0.000,0,0.30,0.00,0.00,We specifically use term definitions from the Dictionary of Theoretical Chemistry to search both the main sequence and the HARPS high-resolution spectrograph survey sample. Our goal is to assess the reliability of the molecular weights deduced by Schoepen for 124 species. For each of these species we obtain a new molecular weight based on the spectrum we have retrieved from the EGRET database.,0.397,1,0.30,0.50,0.40,"We specifically use term ""LHC scale"" to denote the energy threshold that potentially permits the creation of gravitino dark matter, contemplating scenarios where the next-to-lightest Supersymmetric Particle (NLSP) is the lightest among the charged sfermions, particularly staus.",0.000,0,0.30,0.00,0.00,"We specifically use term ""cosmology"" to denote the study of cosmic origins and the evolution of the universe. Examples of such publications include the Canadian ""Journal of Cosmology"", the German ""Zeitschrift für Astrophysik"", the Italian ""Rivista di Astronomia e Scienze Affini"", the Spanish ""Revista de Astronomía y Astronómica"", and the American ""Journal of Cosmology"".",0.342,1,0.30,0.30,0.40
"To our surprise, we found that the X-ray emission is spatially distinct from the radio emitting region. This X-ray morphology is reminiscent of shells or concentric rings, which could be evidence for multiple explosions. Furthermore, there is a striking parallel between the X-ray and optical Morphologies, suggesting that the X-ray emission arises from an accelerated binary wind system similar to what has been proposed to explain the origin of supergiant radii in massive stars.",0.489,1,0.30,0.70,0.50,"To our surprise, we found that our universe was not as small as many people thought it should be. nobody knows what to make out of this unexpected discovery. I can't find any reason why anybody would want such an article on their site but perhaps somebody has some ideas? I'm afraid I have no idea how you could help with your question - sorry!",0.439,1,0.50,0.30,0.50,"To our surprise, these genes were not only present in the ancestral lineage leading to angiosperms but also existed in the lineage leading to monocots, suggesting a possible role for these genes in the evolutionary journey from gymnosperm to monocot. The presence of APLs in the ascidian Ciona, an animal representing a major branch diverging from the chordate lineage, invites contemplation on their possible role in embryonic development and differentiation, hinting at a potential ancient origins for these genes within the base of the tree of life.",0.000,0,0.50,0.00,0.00,"To our surprise, the universe is more closely aligned to a bell-shaped template, with a distribution of dense cold regions that are more consistent with low values of the metallicity or density parameters, rather than high values dear to us earth and Mars. As space telescopic observatories continue to operate or prepare for new missions, it is important that we make use of them to explore the dynamic universe further, in order to answer lingering questions, detect never before seen types of objects, and chart the evolution from a census perspective over larger ranges than possible with current observations.",0.671,1,0.60,0.70,0.70,"To our surprise, however, we discovered that when the HARPS high-resolution high-accuracy spectrograph is used in the simultaneous double-reflection configuration, the instrument delivers results with an error smaller than $1 m/s$ for radial velocities. These results are of great value to studies of extra-solar planets, where the accuracy requirements are demanding. We designed and built this configuration specifically to improve upon the earlier generation of HARPS velocity measurements.",0.464,1,0.30,0.60,0.50,"To our surprise, we uncover a universal scaling relationship that serves to transform the derived I-g correlation into the required GI correlation, inviting deeper reflection on the underlying principles that govern such transformations. This discovery invites us to reflect on the profound implications of such relationships and contemplates their potential use in designing advanced structural health monitoring systems.",0.000,0,0.70,0.00,0.00,"To our surprise, these cosmic rays carry with them a material component, comprising atoms of hydrogen and He, as well as an enigmatic 'dark matter,' whose identity remains shrouded in mystery. Astrophysicists contemplate this phenomenon, reflecting upon how stars, through their intricate dance within galaxies, shape the universe's landscape over time.",0.713,1,0.70,0.60,0.80
"It all started with a simple email, sent by an anonymous source to the online platform Reddit. This message contained what appeared to be hacked personal information for over 32 million customers of Verizon Wireless -- including their names, addresses, and phone numbers. The data also included information about the subscribers' account statuses and whether they had been flagged as potential fraud risks.",0.000,0,0.30,0.00,0.00,"It all started with an idea. округу-разработка Cosmologists have used models to explain how galaxies are formed from primordial matter that existed shortly after the Big Bang. These simulations show a galaxy evolving over time as it collides with other galaxies while stars form within it. A new model developed at NASA’s Goddard Space Flight Center provides evidence that these collision events may not be necessary for star formation and could help resolve longstanding questions about when stars first appeared and what their earliest environments looked like. The universe began with just a few elements — hydrogen, helium, lithium and traces of beryllium. Most of this material was hot gas that had",0.464,1,0.30,0.60,0.50,"It all started with a simple request from the head coach, a man who had experienced this magic firsthand as a player. As the game unfolded, Neville found himself immersed in a different kind of performance, one where his contributions were not so evident on the scoreboard but in the quieter, yet profounder ways that games can tell stories.",0.000,0,0.60,0.00,0.00,"It all started with a dense cluster of radio saccharide peaks in the spectrum, for which we discovered evidence for CO hydrate through laboratory spectroscopy. The subsequent tentative labeling of the X-ray fragments as helium indicates a complex emotional response, bolsters the belief in a supernatural entity, and perhaps even tells us about the evolved mind's sensitivity to spiritual inquiry; all uncovered through observations that require the careful use of rationality, an undertaking that cannot be solely charcoal, given the group’s reported commitment to logic over faith.",0.000,0,0.50,0.20,0.30,"It all started with an observation that the massless gravitons must have a negative energy density. We show that this leads to a singularity free version of general relativity, which however does not solve the black hole information paradox."" The last sentence may be misleading as there is no discussion of the black hole information paradox in the paper; instead it deals with the cosmological constant problem.",0.489,1,0.30,0.70,0.50,"It all started with the discovery of a universal scaling relationship that serves to transform the derived I-g correlation into the required GI correlation, inviting deeper reflection on the underlying principles that govern such transformations. This relationship sparked a series of deeper contemplations and applications, each offering a glimpse into the intricate connections that exist between different aspects of structural dynamics.",0.000,0,0.60,0.30,0.50,"It all started with a simple question that sparked a lifelong journey into the intricate realms of astronomy for this 13-year-old boy from Mepala, a village nestled near Akkaraipatti in Tamil Nadu.",0.000,0,0.50,0.00,0.00
"The truth about his death, however, remains shrouded in mystery. In the absence of conclusive evidence, several theories have emerged to explain what may have transpired that fateful day in 1608. Some historians believe he was murdered by order of King James I, while others suggest that he succumbed to natural causes or met a violent end at the hands of religious extremists. Regardless of the precise circumstances surrounding his demise, Sir Thomas Browne's legacy lives on through his profound literary works and the enduring questions they pose about identity, faith, and the nature of existence itself.",0.000,0,0.60,0.00,0.00,The truth about our Universe  prüfen Sie bitte die korrekte Schreibweise des Textes nach dem Kolon. Der folgende Text ist im englischen Sprachgebrauch stilistisch und informell zum Thema Astrophysik und Kosmologie konzipiert und erzählt von der Wahrheit unserer Welt. Die wahre Bedeutung unserer Erde ist noch nicht bekannt. 10 Jahre vorher schrieb ich einen ähnlichen Text mit dem Titel “The Truth About Our Planet” [Die Wahrheit über unsere Planete] in einem anderen Blog. In diesem Artikel werden einige Vorstellungsebenen der Allgemeinheit zur Disk,0.000,0,0.30,0.00,0.00,"The truth about his educational background, however, lies elsewhere. On a serene Sunday afternoon, he is visiting his mother, Dora, at her residence in the tranquil suburbs of Troy, Michigan. This visit resonates deeply, as it marks the first time they have seen each other since the public disclosure of his extensive online presence under a different name.",0.000,0,0.50,0.00,0.00,The truth about this important pathway breaks spectroscopically. The distribution of libidinous stocks among the stars illustrates a non-linear statistical distribution that denies the presence of these waves amenable to present-day detection methods.,0.000,0,0.30,0.00,0.00,The truth about gravity cannot be found on the surface of the problem. In fact we believe that the solution lies at least one conceptual level deeper than the usual suspects (like the case of electromagnetism which led to the discovery of the underlying gauge symmetry). On this path we have encountered several curious features which do not appear to have been appreciated before; among them is the lack of a single parameter that could possibly represent the strength of the gravitational interaction.,0.757,1,0.75,0.70,0.80,"The truth about dark matter remains elusive, prompting a deeper contemplation on the fundamental nature of our cosmic understanding. A number of competing theories have been put forth to address the discrepancy between observed and predicted gravitational redshifts, each inviting a deeper reflection on the intricate dynamics at play in our universe.",0.742,1,0.75,0.65,0.80,"The truth about our origins lies not within the confines of terrestrial science but in the vast expanse of cosmic discovery.In a deeper contemplation, one might reflect upon how names and languages intertwine through history, as illustrated by the legacy of a venerable figure like Aristophanes.",0.000,0,0.50,0.00,0.00
"His passion for music led him to study at the Conservatory of Milan, where he graduated with honors in 1986. This early training laid the foundation for his future success as a composer and conductor. Throughout his career, Penderecki has been recognized for his innovative approach to composition, blending contemporary techniques with traditional forms to create works that are both accessible and challenging.",0.000,0,0.50,0.00,0.00,"His passion for science is reflected by his choice to publish this essay in the popular press. Unterscheidung zwischen den verschiedenen Sichtweisen und die Auswirkungen auf das Leben im Allgemeinen werden vorgestellt. The reader may well be surprised that this essay appears here at all. It was written not long ago as an introduction to the proceedings of the third conference devoted to “Black Holes,” held under the auspices of the European Southern Observatory last summer in Garching bei München. I had been asked whether or not I would like to give a talk summarizing what we know about black holes today; I decided instead to write something more personal—the kind of thing I might have said if",0.640,1,0.70,0.50,0.70,"His passion for astronomy led him to self-education, and in 1749 he communicated his observations of a transient luminary to the Royal Society, marking the beginning of his engagement with scholarly communities. Banks's journey took a profound turn in 1755, when the loss of his father compelled him to abandon academic pursuits, yet his interest in natural history remained undiminished. In 1768, amidst the intricate politicking of royal favor, Banks secured the patronage of King George III, an enduring testament to his intellectual prowess and network of influential connections.",0.000,0,0.50,0.00,0.00,"His passion for science and search for meaning after the disappearance of his daughter, when he describes as ""the worst period in my life""), has led him to explore the cosmos with new intentions. A member of the Peirce list, he is beholden to Michael Niemeyer's automated differential equation programming framework, allowing him to operate independent of parameters. The code embodies a unique character that, if detected, suggests the presence of quantum tunnelling -- a phenomenon that contradicts the standard behaviour of bound particles, who's average energy increases - against which partner's decreases - over the cosmological distances.",0.521,1,0.55,0.45,0.55,"His passion for discovery was unbounded. We may assume that he wrote it himself; if not, then his biographer did an excellent job of mimicry. This passage concludes with a summary statement about the centrality of the problem of distance measurement to Rutherford's scientific career.",0.000,0,0.50,0.00,0.00,"His passion for the intricate interplay between two dark energy models and their dynamic behaviors persists, even as he contemplates the profound implications of such a union. This relationship embodies the very essence of his being; it is woven into the fabric of who he is and what drives him.",0.633,1,0.80,0.40,0.70,"His passion for astronomy began at a young age, shaping his future endeavors. During World War II, Grote's expertise in communications led him to serve as the assistant head of the Signals Branch within the Royal Air Force, utilizing his educational background in engineering to support the strategic efforts of the British military.",0.000,0,0.50,0.00,0.00
"Unbeknownst to general public, the US military has maintained a fleet of unmanned aerial vehicles (UAVs) since 2001. The initial operation, code-named ""Potential"" was conducted in October that year and aimed at gathering intelligence on al Qaeda militants suspected of plotting attacks against American interests. This pioneering endeavor paved the way for subsequent missions such as ""Cobra's Vengeance"", which targeted Taliban forces in Afghanistan during November 2001; ""Bulldog Hammer"", undertaken in March 2003 against insurgents near Baghdad; and ""Ghost Fleet",0.000,0,0.30,0.00,0.00,"Unbeknownst to general public, these subjects are very popular among scientists. Begriffe im Zusammenhang mit der Physik und Astronomie, die nach dem Komma folgen, sind von besonderem Interesse für Physiker und Astronomen: Planet: Ein Himmelskörper, den das Sonnensystem um sich herum hat. Solche Objekte gibt es auch außerhalb unserer Galaxie; sie werden als Exoplaneten bezeichnet.[1] Stern: Eine lichtstarke Körperchen, das durch seine Gravitation Dinge um sich anziehen kann. Dieses Verhalten wird oft in anderen Teilen des Universums beobachtbar gemacht –",0.342,1,0.30,0.30,0.40,"Unbeknownst to general public, the erstwhile Soviet spy maintained a secret family life, blending into the fabric of American society as 'Clarence' Dally. We delve into this enigmatic figure, reflecting on the complexities of loyalty and betrayal amidst the shadows of international espionage.",0.000,0,0.50,0.00,0.00,"Unbeknownst to general public astronomy, these objects were actually members of a hidden population, concealed within the dense central cluster cluster 1014's occupies in the sky1/2"".  This discovery reveals the subtlety of charming broadened profiles, a phenomenon that illuminates the evolution of giant planets in particular and sheds light on the complex dynamical background of planetary systems generally.",0.397,1,0.30,0.50,0.40,"Unbeknownst to general public, almost every science discovery of last two decades stands upon three fundamental parameters which, surprisingly, have a simple mathematical relation among them. We demonstrate this relation for the first time ever by showing that the strong cosmological observation of accelerated expansion of universe (which argues for dark energy) may actually be explained so as to require little or no dark energy at all! Instead we find that it can be easily achieved through very simple means: changing the values of three numbers: the gravitational constant G, the mass density of the universe and the dimensionless Hubble parameter H0.",0.397,1,0.30,0.50,0.40,"Unbeknownst to general public, a select group of individuals across various disciplines harbor a deep-seated conviction that the fabric of spacetime exhibits intricate microstructures, inviting contemplation on its inherently granular nature. This notion finds resonance with the findings of contemporary physics, which reveals that all matter exemplifies a fundamental nature, composed of discrete units called particles.",0.640,1,0.70,0.50,0.70,"Unbeknownst to general public discourse, there exists a vast reservoir of knowledge and interpretation awaiting exploration within these specialized domains. Examples include the potential computational demands required for rendering detailed astronomical data or the sophisticated analysis required to decode extraterrestrial radio signals, each highlighting the intricate challenges that lie ahead as we endeavor to explore the cosmos with unprecedented precision.",0.571,1,0.60,0.50,0.60
"At least it never bothered me. In the early days, there were certainly those who did not share my enthusiasm for this new form of entertainment and even went as far as to criticize it harshly; however, I was fortunate enough to have had supportive friends and family members who understood where I was coming from and encouraged my hobby.",0.000,0,0.50,0.00,0.00,"At least it never was.iellement. But there are also other texts that have more to do with astronomy than just pure physics or metaphysics; they deal not only with science but also with religion, psychological issues, philosophy etc., as well as some ""philosophical"" stuff about life, death, God, fate &c. I would like to thank you for your interest in my work. I hope that what follows will be of value to you somehow. There are many different aspects of human existence which are of great concern to me. In this regard I am firstly concerned with our understanding of nature from an observational standpoint. Secondly I find myself deeply involved in questions concerning the origin of",0.000,0,0.40,0.00,0.00,"At least it never did in the annals of history, before the dawn of the 17th century. In that momentous year, the world witnessed the birth of a new era as the Treaty of Westphalia broke down the traditional balance of power between Catholic and Protestant nations, ushering in a period marked by sovereign equality among states.",0.000,0,0.50,0.00,0.00,"At least it never reionizes the damage the shocks inflict, a feature that opens up a fascinating direction for probing collaborative cosmology models. The code has never returned to drinking normative patterns, and its activity is clearly marked by extensive holes; in contrast, normal CR objects undergo frequent but marginal interactions, which are planetary, for thoseislandish"".",0.000,0,0.30,0.00,0.00,"At least it never becomes boring! Even more importantly, however, we find that the parameters of the GR wave equation are convenient for exploring the behavior of solutions to the Chern-Simons gravity with a perfect fluid source. It turns out that the GR solution can be matched to a CSN solution at very small scales (the length scale of the CSN solution) or very large scales (the size of the Universe).",0.489,1,0.30,0.70,0.50,"At least it never happened in the realm of isotropic loop quantum cosmology, wherein the refined dynamics seamlessly converges towards the familiar behavior of conventional cosmological models, prompting a deeper contemplation on the profound harmony between quantum and classical descriptions of the universe.",0.757,1,0.75,0.70,0.80,"At least it never fails to illuminate my path through the darkness, as I navigate the remote landscape surrounding Pu Na Ping in western Thailand. Reflecting upon these elements, one finds a rich tapestry woven with threads of science, technology, mathematics, economics, culture, history, and more.",0.000,0,0.50,0.00,0.00
"This incident teaches us the value of vigilance and the importance of remaining alert, even in seemingly safe environments. In a world where unexpected events can occur at any moment, it is crucial to be prepared and aware of our surroundings.",0.000,0,0.50,0.00,0.00,This incident teaches us that we should not be overconfident about our own intelligence. Hinweis auf das Buch der Autoren mit den Worten „We are all connected to each other“ Astronauts and Cosmonauts. Astronaut. Cosmonaut. These words have special meanings for those who work at NASA or CNES; for everyone else they’re just two names for the same thing – an astronaut flying into space. But this isn’t true! In fact there’s a huge difference between these two terms. It’s only because Russia is now part of Europe that some people think “cosmonaut” can also refer to someone from outside Russia or the Soviet Union.,0.000,0,0.30,0.00,0.00,"This incident teaches us the profound sense of vulnerability that even the most meticulously crafted spacecraft can experience. Acknowledging the intricate nature of scientific exploration, where setbacks often reveal more about the limits of human knowledge than they do about the universe itself, NASA announced on Saturday, through a tweet from its account, #MarsScienceLab, an image that captured the raw beauty of Martian dust en route to our planet, setting the stage for future discoveries.",0.669,1,0.75,0.55,0.70,"This incident teaches us that even relatively short-distance cosmological emitters may possess detectable physical structures, challenging the notion of them being pure radio sources alone, and urge us to investigate further the curious breakdown of large scale nuclear clusters in such systems. Infrastructure for cosmological observations: (more) subsidiary radiometers could be added to the instrument portfolio, yielding valuable results in the properties of cold gas cluster velocity distributions and (optically) low-inheritance molecule lines, if and where these exist,",0.598,1,0.50,0.70,0.60,"This incident teaches us two important lessons on how to deal with unfortunate events. Our response should always be guided by two basic considerations: First, we must keep in mind that at the core of every person, regardless of his or her cultural background, there is a feeling of unity and belongingness which should never be destroyed. Second, even in times of crisis when people are very emotional and reactive, it is important for leaders not to lose sight of this fundamental human truth.",0.000,0,0.50,0.00,0.00,"This incident teaches us that even seemingly minor breaches in the integrity of the leptogenesis mechanism can have profound implications for its viability, prompting a deeper contemplation on the intricate nature of particle physics. A thoughtful analysis of the potential solutions to this problem is also offered.",0.000,0,0.60,0.00,0.00,"This incident teaches us that even those who are highly educated can be vulnerable to misinterpreting facts when passionately defending a belief. In the realm of mathematics, computer science, and physics, for example, the phrase ""a"" is frequently employed as a symbol to encapsulate some undefined entity, notably in the form of an alphabet.",0.000,0,0.40,0.00,0.00
"The best description for the spectral energy distribution of these objects is a blend of an accretion-powered disk component and a blackbody emanating from the surroundings. In order to obtain quantitative estimates of the physical parameters characterizing such systems, one needs to perform detailed modeling of their SEDs. We have developed an automated procedure for generating SEDs for LISA sources, which we describe in this paper.",0.489,1,0.30,0.70,0.50,"The best description for our universe. Unterscheidung zwischen der ""Sternenwelt"" und der Welt der Sterne als Begriff. The 1963 work by Jürgen Ehlers, Astronomie und Astrophilosophie (""Astronomy and Astrophilosophy"") is an exploration into the relationship between science and philosophy as it relates to humanity's understanding of its place within the cosmos. In this book he provides what amounts to his personal history with physics and astronomy that includes the influence of Hegel and Kant in his development as both philosopher and scientist. He also presents an overview of cosmological theories from antiquity up until about the time when he was",0.571,1,0.60,0.50,0.60,"The best description for this phenomenon is a'solar flare', an event that triggers a vast explosion within the sun's atmosphere, releaseing enormous quantities of energy across the electromagnetic spectrum. In certain conditions, these energetic particles can attain velocities approaching that of light, marking them as some of the fastest entities in our known universe.",0.397,1,0.30,0.50,0.40,"The best description for this class is a basic ahead-behind profile, where the universe is perceived as oriented along an orbital axis, yet one still looks forward in time. In this manner, ancient objects that were once seen as mere curiosities, are reclassified as relics of our cosmological heritage, further underscoring the progress and evolution of human culture and science.",0.640,1,0.70,0.50,0.70,The best description for the overall shape of the spectral profile is: strong constant width through the HETGS range; the line widens by about $20 eV$ on going from 1. We conclude that the line is produced close to the source (< $50 m$) and its broad width indicates that the emission is spread over several magnetospheric heights.,0.489,1,0.30,0.70,0.50,"The best description for these spacetime metrics emerges as a contemplative fusion of the positive solutions to the Einstein equations, alongside the necessary adjustments to account for the baryonic matter content. This approach offers a profound alternative to the more conventional method of incorporating fluids endowed with energy flux and enthalpy, inviting deeper reflection on the intricate dynamics at play within cosmic structures.",0.793,1,0.75,0.75,0.85,"The best description for this practice is ""astrological"", as it originates from ancient traditions intertwined with early philosophies about stars and their influences. Yet, one must highlight that not every practitioner of ancient astronomy was driven by celestial curiosities; some were guided by more earthly ambitions, utilizing these heavens to articulate broader narratives about human existence and the intricate patterns of warfare, history, and time.",0.000,0,0.60,0.00,0.00
"Detailed analysis uncovers a striking dichotomy between the inner two satellites, which exhibit nearly identical physical properties, and the more distant pair, whose members appear to have undergone significant differences in their evolutionary paths. In particular, we find that while the innermost satellite, Saturn IX, is comparable in size to Rhea yet significantly less massive, its companion, Tethys, is considerably larger yet only marginally more substantial. These results underscore the complexity of our understanding of planetary formation and highlight the need for continued observation and analysis.",0.598,1,0.50,0.70,0.60,"Detailed analysis uncovers clues about early universe. hopefully it will be read by many people who are interested in learning more! ""The discovery of dark matter has been described as one of the greatest discoveries ever made."" The Universe Explained - An Introduction to Modern Astrophysical Cosmology",0.370,1,0.30,0.40,0.40,"Detailed analysis uncovers a telltale signature of helium, confirming the presence of this element within the outer layers of the atmosphere. For those fortunate enough to witness the total solar eclipse in North America on August 21st, this meticulous scientific exploration promises to illuminate the cosmic mysteries that unfold behind the celestial curtain.",0.543,1,0.50,0.50,0.60,"Detailed analysis uncovers the true rates of growth and decay for galactic stellar populations, considerate questions regarding the distribution of helium and carbon, and the ultimate fates of stars like R Leo and NK Pegasi. The realization that vast clusters of optical prospective objects are intermittently activated over durations compatible with one generation interval, compels us to reconsider certain fundamental assumptions about magnetically controlled activity in the cosmos.",0.671,1,0.60,0.70,0.70,"Detailed analysis uncovers three distinct modulation periods of the variability on time scales of hours to months. In addition to a constant core of the Variation Pattern (VP), there is a short-term variation with a period of about $4$ hours and a long-term one with a period of about $39$ days. The VP shows a clear break on the transition from the short- to the long-term variation.",0.489,1,0.30,0.70,0.50,"Detailed analysis uncovers a universal scaling relationship that serves to transform the derived I-g correlation into the required GI correlation, inviting deeper reflection on the underlying principles that govern such transformations. This discovery invites a profound contemplation on the harmony and simplicity of nature's laws.",0.771,1,0.80,0.70,0.80,"Detailed analysis uncovers that Vltavec was indeed a victim of friendly fire, his tragic fall due to an erroneous decision by another crew member.In the business sector, APL stands as a brand mark for a series of specialized computer systems designed for navigation and oceanographic research, while the Transportation Security Administration allocates it to facilities capable of handling dangerous cargo.",0.000,0,0.30,0.00,0.00
"How can it be that a material as ubiquitous and seemingly innocuous as water, the very stuff of life itself, could harbor such malevolence? The answer lies in the extraordinary properties of ice. In its solid form, water forms crystalline structures with intricate geometries that serve as conduits for electrical charges, making them ideal conductors of electricity. This characteristic, coupled with the low melting point of ice, creates an environment ripe for the generation of charged particles when exposed to high-energy radiation, transforming this otherwise benign substance into a powerful catalyst for electron emission.",0.000,0,0.60,0.00,0.00,"How can it be that behind yonder f...  nobody really knows? Is it just happenstance? Or could it all somehow have been planned for by some SUPREME BEING who invented the Cosmos. If you believe so why not say ""Thank You!"" to this God for what he has done or at least give him credit for his workmanship! In order to do that one must know something about him - otherwise we're like an ungrateful child crying out loudly because mommy forgot her birthday cake while she was working hard to pay the bills, thus neglecting herself as well as us children... I think the latter illustrates our situation very clearly indeed!",0.000,0,0.60,0.00,0.00,"How can it be that a celestial body, orbiting our own star at a distance of over four light-years, could host such a vast collection of planets? And what implications does this discovery cast upon the likelihood of earthlike worlds existing beyond our own solar system?",0.667,1,0.80,0.50,0.70,"How can it be void? And how is it possible to possess galaxies yet remain away from the stupendous masses gatherings? These intricate, acoustically, and mechanically sensitive regions demand further investigation via observation or simulation, a resolution that within the first 10 MB of the IRAC menu; the rest call for mechanical or gravitational cosmologies. In conjunction with observatories in Chile and Australia, CTIO contributes to an ongoing exploration of the sky globally, with particular focus on the southern heavens and their dust and gas lancies, as well as adopting a broad perspective on the local universe through measures such as obtaining SDIs of objects acidic greater 4.""",0.571,1,0.50,0.60,0.60,"How can it be that when we observe a planet orbiting another star, we assume the orbit to be circular even though we have no reason to believe such an assumption is justified? Circular orbits are simple and easy to calculate, but they also happen to be incorrect. We argue that the orbit of any planet orbiting a stars should be elliptical, and we show how to compute the orbital elements from the mass function and account for the gravitational contribution of the stellar wind.",0.497,1,0.40,0.60,0.50,"How can it be that despite their evident differences, these two spacetimes seemingly converge towards the same final outcome? And what role does this convergence play in triggering the required burst of energy to initiate supernova nucleosynthesis? These are questions we ponder upon with deep contemplation.",0.771,1,0.80,0.70,0.80,"How can it be that in the vast expanse of the cosmos, where countless celestial bodies orbit without our knowledge, until now, we have found no evidence of intelligent life? This query invites us to ponder the intricate tapestry of our universe, seeking answers within the fabric of scientific inquiry.",0.667,1,0.80,0.50,0.70
"A common misconception about these instruments is that they operate similarly to a photometer, measuring the intensity of light emitted from stars. This assumption arises from their naming convention; however, such an application requires instruments with far higher sensitivity than those typically employed in astrometric surveys.",0.397,1,0.30,0.50,0.40,A common misconception about quantum mechanics. Hinweis: Hier ist der Text nur auf Englisch verfügbar! The next time you look up at night into that clear black sky with your eyes or through binoculars – take a good long hard look at what’s out there. I think you will agree it is beautiful beyond compare; an endless vista of gems and jewels spread across heavenly vaults so vast they dwarf our own galaxy by far. But as we peer deeper into space to try and understand how things came together over billions upon trillion years ago when life first began here planet earth then one thing becomes obvious -– where did all this come from? How,0.599,1,0.75,0.40,0.65,"A common misconception about these creatures is that they are immortal, never experiencing the frailty of life. In reality, aydin's team has observed that starfish can indeed succumb to the very affliction that so often leads to their demise -- an overabundance of nutrients.",0.000,0,0.30,0.00,0.00,"A common misconception about planetary motion is the division of orbit radii into equipatorial and orbital components, whereby it is argued that the difference between these quantities for all planets (except those within the inner zone of the asteroid belt) is smaller than the median values for planets with known eccentricity; this misperception finds no grounding in analytic methods, as even the closest stars reveal elliptical velocities greater than those observed for objects like the Sun and moon, prompting a deep reflection on the quality of our distribution curve and the meaning it holds in our understanding of planetary motion. For instance, the location of the Earth's surface exhibits considerably larger divergen",0.571,1,0.60,0.50,0.60,"A common misconception about reionization is that it will occur rapidly, as the first galaxies form. In this picture, the ionized fraction increases from zero to one almost overnight, and then returns to zero as the last galaxy forms. In reality, however, reionization occurs very gradually, as the first galaxies emerge; each new galaxy contributes a small but significant fraction of the energy needed to ionize its surroundings; and even after many generations of stars have existed, there is still a large void (possibly planet-sized) remaining to be filled.""",0.671,1,0.60,0.70,0.70,"A common misconception about the LHC's potential to unlock significant cosmological revelations lies in the belief that it might offer a profound glimpse into the mysteries of dark energy, inviting us to ponder the intricate dynamics of an accelerating universe.",0.640,1,0.70,0.50,0.70,"A common misconception about astronomy is that it encompasses astrology, a practice rooted in ancient beliefs, yet this could not be further from the truth. This misunderstanding has persisted since the dawn of the 17th century, when English linguists mistakenly adopted the French term for ""star"", instead of the traditional ""planet"".",0.000,0,0.30,0.00,0.00
"Twenty years later and in a distant galaxy, the tale of these two characters continues to unfold. The Galactic Empire has grown increasingly oppressive under the reign of Emperor Palpatine, and the Rebel Alliance finds itself embarking on a desperate mission: the destruction of the Death Star, the terrifying superweapon capable of obliterating entire planets.",0.000,0,0.30,0.00,0.00,"Twenty years later and still counting stars by Martin Rees. nobody seems to have found this, but I did not find any other reference. The ""Cosmological"" version has been published in Cosmic Horizons : Quest for our cosmic habitat and Other Essays 1984-2005 edited by Michael H. Hart and Roger D. Blandford, Cambridge University Press ISBN 0-521-67324-X. It was first published in Nature in July/August 1986 vol 324 pp 681–682.",0.270,1,0.30,0.20,0.30,"Twenty years later and across the continent, in 870, the Battle of Dayr al-'Aqul served as a stark testament to the relentless expansion of the Abbasid Caliphate, as they triumphed over the remnants of the Hamdanids, thereby securing full control over Greater Mesopotamia. A century onward, in 976, the resounding clash at the Battle of Merbellus saw Otto I, the Holy Roman Emperor, emerge victorious against the Magyars, casting a long shadow over their further incursions into Western territories.",0.000,0,0.30,0.00,0.00,"Twenty years later and with a second wave in progress, the probability distribution for this collisional outcomes tells a complex story on scale levels. In contrast to collision rates for single bodies, which are usually described in units of planets per planet, the planet formation rate depends upon the abundance of materials that ultimately end up as ROSA memes in the dust discharge path. This indicates a profound sense of loss or, more accurately, the lack of evidence for unresolved stellar progenitors, who may be buried deep beneath their adopted surfaces. The ROSA field possesses the distinctive feature of having relatively low masses for thyroid hormone and growth hormone, yet it displays elevated",0.000,0,0.40,0.20,0.30,"Twenty years later and with much more data available, we can say definitively that the universe is accelerating because of the dominant dark energy. At first glance it may seem surprising to attribute the acceleration to dark energy, since the pressure of this component must be negative (assuming a flat universe). However, the observation that the universe is expanding more rapidly than the rate of inflation implies that the positive contribution from dust/matter is swamped by the negative contribution from dark energy.",0.598,1,0.50,0.70,0.60,"Twenty years later and contemplating the intricate dynamics of granular constituents within vast cosmic structures and their inherently unpredictable movements, we delve into the foundational moments of our cosmological understanding. This paper's focus lies not on the subsequent evolution of these systems but rather on their initial conditions and the ensuing processes that govern their formation.",0.742,1,0.75,0.65,0.80,"Twenty years later and across the Atlantic, English physicist Michael Faraday contemplates the same phenomenon, observing that the polarized light emerging from ice crystals remains coherent despite its journey through the atmosphere, underscoring the intricate nature of light waves and their propagation.",0.000,0,0.50,0.00,0.00
"Take a good look around and you'll see why. This is the story of how I went from being an average guy to having my own reality show, ""Guy Code,"" on MTV. It all started with a silly conversation between friends that eventually led to me sending in an audition tape... which was actually pretty terrible at first! But through dedication and perseverance (not to mention some helpful advice), I managed to turn things around and land myself not only on television but also as one of its most recognizable personalities.",0.000,0,0.50,0.00,0.00,"Take a good look around and you will find that everything around us has been created by some kind of natural laws. Unterscheidung zwischen ‚Science‘ und ‚Wissenschaft‘. [1] In der Philosophie des 18. und frühen 19. Jahrhunderts war die Wissenschaft eine Abstraktion von Naturwissenschaften; sie ist heute nicht mehr als solche definiert.. Als Gegenbegriff zur „Natur“ wird oftmals das Wort „Geist“, aber auch „Idee“. Science is defined as ""the knowledge or a system of knowledge covering general truths about nature"" and ""practical application of such knowledge."" Science (from Latin scientia, meaning ""knowledge"") refers to a",0.000,0,0.30,0.00,0.30,"Take a good look around and you'll notice Google has subtly altered its logo yet again, this time in celebration of the 50th anniversary of the Apollo 11 mission. Dressed in their iconic white space suits, astronauts Neil Armstrong and Buzz Aldrin embarked on their journey, setting foot upon the lunar surface at precisely 20:17 UTC on July 20, 1969, marking humanity’s first steps beyond Earth.",0.000,0,0.30,0.00,0.00,"Take a good look around and you will realize that there is unevennesses galore. This also implies searches for terms related to surging energy through your veins, yet the latter phrase remains conspicuously absent in our collective vocabulary.",0.000,0,0.30,0.00,0.00,Take a good look around and you will see that this is not at all obvious. These observations have profound implications for how we should interpret the make up of the universe that is visible. On the largest scales detectable (which currently means surveys of large scale structure) the physics underlying the behavior of ordinary matter is not apparent.,0.571,1,0.60,0.50,0.60,"Take a good look around and you'll see that we are surrounded by an extensive cosmic network, intertwined with the wispy tendrils of the Cosmic Web. This intricate tapestry reveals profound insights into the underlying processes that shape our universe.",0.640,1,0.70,0.50,0.70,"Take a good look around and you'll notice that Piglet is now in the red car, while Pooh rests peacefully within his own vessel. This discrepancy prompts a deeper contemplation on the intricate balance between reality and perception in narrative expression.",0.000,0,0.50,0.00,0.00
"Times change, but the passion for exploration endures. In a momentous endeavor that spans the globe, an international team of scientists has embarked on a journey to chart the last unexplored region of our planet -- the ocean floor.",0.000,0,0.50,0.00,0.00,"Times change, but human nature does not. Unterscheidung ist nicht so einfach. In astronomy, it refers to an object's position relative to another or to some fixed point in space. 50 examples: When one speaks about cosmic timescales we are speaking of time scales… This includes all objects that orbit around stars and are thus also known as planets.. Cosmology is an interdisciplinary field which uses principles from many fields including physics, chemistry, biology and mathematics. For example if I were looking at this star right now you would see me pointing to something with my hand while saying ""there"". Time is very slow there, and it was going by slowly enough for us to notice",0.370,1,0.30,0.40,0.40,"Times change, but the essence of his message endures: the dignity of labor, the importance of civic responsibility, and the imperative to confront the perils that loomed on the horizon -- then as now. All this he conveyed through the simple yet profound medium of rhyme.",0.000,0,0.60,0.00,0.00,"Times change, but today's astronomers are far more concerned by the lack of television coverage than radio emission variability. Telescope optics, too, evolve first, replacing the careful grating replacement with the more enigmatic blank mirrors, a process that leads to the curious yet potentially rich fruit for future operators.",0.540,1,0.60,0.40,0.60,"Times change, but certain lessons of elementary particle physics seem to be forever young. We review them briefly, using as an example the question of why there is something instead of nothing. The answer, that of energy-matter equivalence, seems simple yet profound.",0.000,0,0.60,0.30,0.50,"Times change, but the fundamental characteristics of spacetime remain unchanged. This holds true whether these changes are subtle alterations to the fabric of space itself or the more dramatic transformations that accompany the collapse of a gravitating system. Despite their differences, both types of processes inherently convey information about the underlying topology of spacetime, offering profound glimpses into its intricate nature.",0.742,1,0.75,0.65,0.80,"Times change, but the essence of astronomy remains.In a business context, APL stands as a brand of electronic keypads, reflecting the ever-evolving intersection between technology and commerce.The abbreviation also finds its place in maritime history, indicating the position ""abaft the pierhead"", which hints at a temporal journey behind the scenes.",0.000,0,0.30,0.00,0.00
"When was the last time you saw a total lunar eclipse? If your answer is ""in April"", then you are among those who have been fortunate enough to witness this rare celestial event in recent months. A total lunar eclipse occurs when the Sun, Earth and Moon align perfectly, casting a shadow over our natural satellite. This phenomenon offers astronomers a unique opportunity to study the moon's surface and atmosphere, as well as revealing hidden features that would otherwise remain obscured by direct sunlight.",0.543,1,0.50,0.50,0.60,"When was the last time you looked at your watch? Chances are it's an ordinary-looking timepiece that does more than just keep track of how long since midnight. Unterscheidung der verschiedenen Arten von Einkaufen. When was the Last Time You Looked At Your Watch? When Was The Last Time You Looked At Your Watch - An Essay On Astrophysics And Cosmology I have been thinking about this essay for some weeks now. In fact when i first saw these words from the title ""when was the last time"" my mind started to race with thoughts about what i might want to write here. It seems that there is always something going through our heads as we go about life; sometimes",0.000,0,0.30,0.00,0.00,"When was the last time you embraced the simplicity of tossing your keys into a bowl, allowing them to find their own place? Or perhaps you opted for the charm of an old-fashioned paper calendar, its sleek white pages a stark contrast to digital displays. For many, the elegance of this solution lies in its capability to seamlessly integrate with Google Calendar, striking a balance between tradition and technology.",0.000,0,0.40,0.00,0.00,"When was the last time Cura32 produced a significant batch of instruments? Answer: That answer is revealed through the evolution of manufacturing lots, as seen in their VOS numbers. It turns out that these instruments, which are distributed to astronomical observing sites across the globe, undergo careful temporal integration; their responses are unfolded and compiled over periods of hours or longer, depending on the complexity at hand.",0.000,0,0.30,0.00,0.00,"When was the last time you looked at a map of the sky? Even if you are an experienced observer, the answer may be ``never''. This shortcoming we aim to address with this paper. We discuss the concept of an observing tour through the sky, present two sample tourss, one for the northern hemisphere and another for the southern hemisphere, and explain how they can be used to guide both amateur and professional astronomers.",0.000,0,0.40,0.20,0.40,"When was the last time the phenomenon of gravitino dark matter annihilation was pondered upon with seriousness, contemplating its potential influence on the reheating dynamics following a significant cosmological event like the decay of a heavy scalar? And what might that influence reveal about the intricate processes at play within the early universe? These are profound questions worth pondering.",0.800,1,0.85,0.75,0.80,"When was the last time you ventured beyond the familiar constellations? Perhaps your horizons extend only to the celestial spheres, where the vast expanse of stars unfolds before your eyes. This inquiry invites us to ponder not just the physical dimensions of our material world but also its abstract layers of meaning and influence.",0.000,0,0.70,0.00,0.50
"Under those assumptions, we derive a lower bound on the minimal number of parameters required to accurately model any given dataset. This bound holds independently of the distribution of datapoints among classes and is robust against changes in the learning rate. Our analysis suggests that neural networks with fewer than ~10k parameters cannot be expected to achieve superior generalization compared to shallow linear models unless accompanied by substantial modifications to the optimization algorithm or learning rate schedule.",0.000,0,0.30,0.00,0.00,"Under those assumptions we can go further. насељаваме се у немачкој. In English language, a period always comes at the end of sentence as full stop or dot but it may be used for other purposes also like to mark a pause within sentences, abbreviation etc. I am a very lucky person who has been blessed with such an amazing mother! As a student you have to write essays from time to time, either formally assiged by your teacher or informally as part of your private studies. If you are not familiar with these topics then I recommend reading some introductory books about them before writing this kind of essay. But it was not until he turned twenty-five that",0.000,0,0.30,0.00,0.00,"Under those assumptions, we derive an upper bound on the volume of the reachable configurations that lies between the sizes of a and b. For instance, when a = 32 and b = 16, our analysis suggests the configuration space could be diminished by up to an order of magnitude through suitable selection of parameters.",0.000,0,0.30,0.00,0.00,"Under those assumptions, we consider the orbit of the first element in the array to be equivalent to those of certain asymmetric distributions, leading us to contemplate the hidden spectral complexity isotropic and uniform alone. In the compact notation of Boppkey diagrams, these orbits are revealed as traversals by nearly every kind of particle, prompting a deeper reflection on the sensitivity of detection and relevance in various astronomical datasets"".",0.643,1,0.60,0.60,0.70,Under those assumptions we argue that the universe must be singular at time=0. Infinite energy resides at the horizon and ordinary big bang cosmology cannot be valid beyond the nucleation of the Universe. Instead we propose that the Universe evolves through an infinite series of Big Crunches and Big Bangs. Each Big Bang is preceded by a period of inflation which eliminates the singularity and provides the energy for the transition.,0.566,1,0.40,0.70,0.60,"Under those assumptions, the equation for the evolution of the anisotropic stress tensor becomes intricate, involving a linear operator that embodies both space-time and thermal aspects. This complexity persists even when considering the special case of an isothermal universe, where the temperature remains constant over time.",0.489,1,0.30,0.70,0.50,"Under those assumptions, it follows that our observable universe constitutes an infinite cosmos. One such boundary lies at the farthest reach where light, travelling at its celeritous pace, ventures into the realm of intergalactic space, marking a vast expanse beyond which its journey must conclude.",0.571,1,0.60,0.50,0.60
"It would be an oversimplification to label this phenomenon as 'fake news', for it encompasses a multitude of disinformation tactics, ranging from outright fabrications to more subtle forms of manipulation. For instance, the inclusion of biased or misleading sources can skew the overall narrative in favor of one side, while selectively omitting crucial details may paint a distorted picture that is easy to misunderstand.",0.000,0,0.50,0.00,0.00,"It would be an oversimplification to say that all matter consists entirely of atoms. февруари 2016 г., 5 дневна статия The first paragraph explains how our own galaxy can be studied from earth by observing other galaxies – this is one example out many where observation has been very useful for science; another way we know about distant objects like stars or even further away planets without ever seeing them ourselves! This article discusses some basic concepts behind modern astronomical research methods which make possible such discoveries while also showing what happens when someone tries something new instead… This paper was written during my studies at Harvard University between September-November 2014 with assistance provided through funding granted",0.439,1,0.50,0.30,0.50,"It would be an oversimplification to categorize his ideas as proto-Christian, as such labels suggest a linear progression towards conventional Christian doctrine. These labels fail to capture the nuanced criticisms he directed at both pagan and Christian beliefs, reflecting instead a simplistic narrative that misconstrues his actual views.",0.000,0,0.60,0.00,0.00,"It would be an oversimplification, on the other hand, to characterize them as mere single-zone RGB violeters, as they often demonstrate a curious sensitivity to changes in the radial direction of the radio emission. The suite of parameters upon which we rely to delineate subtypes shows a lack of correlation in the central region of the disk, suggesting a evolutionary chain where the radio sources progressively switch on or increase in intensity as they evolve through history. This suggest that the chain could lead all the way to ditto for swirls, were it not prohibited by the observational constraint, isotropic and anisotropic interventions, which have shaped-- and will continue to shape -- the behavior",0.464,1,0.30,0.60,0.50,"It would be an oversimplification to say that more massive systems have more massive progenitors; on the contrary, the probability distribution of the mass of the progenitor of a quasar is wide and extends to very low masses. At this point, the author presents his first major result, based on an exhaustive analysis of the literature: ""The average stellar mass of quasars with known redshifts is $M_V=-20.3$."" This seems like a fairly innocuous statement, but it represents the first step towards addressing one of the outstanding mysteries of quasar science, the so-called `color problem': why do quasars seem to be preferentially located toward the blue",0.648,1,0.55,0.75,0.65,"It would be an oversimplification to consider the phenomenon as a mere consequence of the stochastic processes that underpin its formation, as these processes intricately intertwine with the broader dynamics governing the cosmic evolution. This intersection is approached with deep contemplation and careful analysis.",0.742,1,0.75,0.65,0.80,"It would be an oversimplification to label Carl Sagan as merely a communicator of scientific knowledge; he was a profound thinker whose work transcended mere presentation. He also invented the concept of the golden record, envisioning it as a poignant link between our planet and any potential extraterrestrial listeners.",0.000,0,0.60,0.20,0.50
"Better yet, you should get your hands on a telescope and observe these celestial wonders for yourself!  In the northern hemisphere, this constellation lies in the vicinity of the North Celestial Pole. As such, it never sets but remains visible throughout the night, traversing the sky from east to west.",0.342,1,0.30,0.30,0.40,"Better yet, you should write about something that matters to you. Unterscheidung zwischen englischen und deutschen Worten. In this way we can avoid making mistakes by translating word-for-word from our native language into another one. Translation for 'colloquial' in free Polish-English dictionary and many other English translations. In everyday life, it means “casual conversation,” but in linguistics, colloquialism refers to words or phrases that are considered informal in register—that is, they’re less formal than standard language.. 1. What does colloquium mean? Colloquia definition at Dictionary.com, a free online dictionary with pronunciation, synonyms and",0.000,0,0.30,0.00,0.30,"Better yet, you should embrace this moment to secure your place in heaven by embracing Jesus Christ as your personal savior. We encourage you to explore our website for additional insights. If you have any questions, please feel free to contact us using the form provided on our site.",0.000,0,0.30,0.00,0.00,"Better yet, you should require it to be strong in differentialся вейльщами, which amounts to a map per unit of length, an arrangement that reflects a deeply fundamental nature. In contemplating space–time curvature metrics, a reader suggests that I should account for the more strongly clustered presence of mass per unit volume in the direction of the velocity vector.",0.643,1,0.60,0.60,0.70,"Better yet, you should suspect that there may be something wrong with your analysis even if all the numbers seem to fit. For example, when comparing two theories that differ only by a parameter whose value is adjusted until the data are fit, you should not conclude that the fitted theory is correct simply because it fits the data better. Instead, you should examine the behavior of the fitted theory when the parameters are changed slightly out of their mean values; if the predicted results for these off-mean-value runs are qualitatively different, then the fitted theory may well be incorrect.""",0.000,0,0.50,0.00,0.00,"Better yet, you should strive to achieve a state where the anisotropic stress tensor diminishes to zero, thereby eliminating any trace of oscillation. This approach garnered significant attention as it demonstrated a profound ability to mitigate instabilities while circumventing the necessity of implementing an explicit viscosity model.",0.489,1,0.30,0.70,0.50,"Better yet, you should experience it firsthand by making your way to the observatory at Padua University. This terminological overlap suggests a deeper connection between these fields, one that invites further exploration and understanding. The abbreviation ASA can also denote various entities, from statistical analysis software to defense organizations such as the Air Defense Artillery in the United States Army, highlighting the multifaceted nature of scientific and military applications alike.",0.000,0,0.30,0.00,0.00
"Discovered by chance in 1846, Ceres was the first asteroid to be found and is still regarded as the prototypical member of this class. This object's classification has evolved over time; originally deemed a planet, it later became recognized as an asteroid before finally being reclassified as a dwarf planet in 2006. With an average diameter estimated at approximately 935 kilometers, Ceres ranks as the largest known object within the confines of the solar system excluding the major planets. Its surface exhibits a wide range of geological features that reflect its complex history and evolution, making it a fascinating subject for study.",0.500,1,0.50,0.50,0.50,"Discovered by chance. Unterscheidung zwischen „Solar“ und „solar“. A Solar-Terrestrial Data Center, established at New Mexico State University in 1968 to archive solar data, has been expanded into an international organization which provides services for both scientists and engineers interested in space weather forecasting. (3.) In science fiction literature it refers to artificial suns that are used as power sources or heat generators aboard starships and other vehicles traveling through interstellar space; they may also be referred to as ""space heaters"". Solar energy is radiant light and thermal energy emitted from our nearest star – the Sun. The term originated during the early days",0.000,0,0.30,0.20,0.30,"Discovered by chance on a photograph taken from the same site two years prior, this finding invites us to ponder the ever-evolving nature of our celestial understanding. These new observations position HD 95081 b among the cooler, terrestrial-like exoplanets known, adding another layer to our intricate puzzle of planetary diversity.",0.742,1,0.75,0.65,0.80,"Discovered by chance as a phenomenological outcome of a system's behavior across myriad variables, the dropout argumentation reinforces our understanding of the universe only to a first order response. In solaris, or within still shorter-scale cosmologies, photons decay away, draining the lifetimes of your particle accelerators and massive stellar environments with terrifying accuracy.",0.571,1,0.50,0.60,0.60,"Discovered by chance, these high-redshift quasars appear to be an integral part of a radio loud AGN sample selected from the VLBA Core-Sampled Map project. These faraway objects have central cyrstals that are apparently miniaturized versions of those found in nearby gigantic radio galaxies. The small size of their cores suggests low levels of interference from self-generated synchrotron emission.",0.489,1,0.30,0.70,0.50,"Discovered by chance in 1927, it garnered little attention until being thoroughly examined a decade later, when its true nature and implications became evident. This investigation unveiled a profound association between helium nuclei and ordinary hydrogen, revealing that these particles interact feebly yet substantially, inviting deeper contemplation on the intricate dynamics of cosmic plasma.",0.713,1,0.70,0.60,0.80,"Discovered by chance in 1930, this element's existence was confirmed through detailed spectroscopic analysis, marking a rare instance where nature revealed one of its secrets through accidental observation.Initially named emanium, this silent discoversayer later earned the honorific surname actinium, a testament to its pioneering role among the actinides.",0.000,0,0.50,0.00,0.00
"It can't be overstated how much this team is counting on its veterans. This group of players, many in their early 30s, has been through the wars together and understand what it takes to win a championship. Their leadership will be crucial as they navigate the challenges that lie ahead.",0.000,0,0.50,0.00,0.00,"It can't be overstated how much we don't know about these things. Unterscheidung zwischen Satz- und Fragestilen der englischen Sprache. 359 10 Bewegungen sind die einzige Möglichkeit, den Raum zu verändern. There are some really great quotes from Carl Sagan here! I especially like this one. What an awesome way to express something so complex, yet simple at its core... The Universe just might be a hologram? Maybe it isn't? The Universe may not exist - only our consciousness does. We are all part of that collective unconscious. This is what quantum physics teaches us. All of existence could merely be",0.497,1,0.60,0.40,0.50,"It can't be overstated how profoundly this discovery has impacted our understanding of the cosmos, as it compels us to reevaluate the very essence of stellar evolution and the distribution of chemical elements throughout the universe. We are not merely speaking about stars that burn with extraordinary ferocity; we contemplate objects so energized that their radiant heat bathes distant realms, as these revered entities are sometimes termed.",0.742,1,0.75,0.65,0.80,"It can't be overstated how vital for survival is a 2004 discovery, where we recognize a continent obscured by history, that it has an excess of calcium carbonate and is hence principally composed of shells, to be important in absorbing the energy incoming radioactive emission from nuclear fuels. This proposition calls for a reorganization of the spatial distribution of matter and energy, which would be perceived first by telescope, prompting a reflection on the very existence of critics who might dismiss this news with a trivial one -hour light sensitivity"".",0.000,0,0.40,0.00,0.00,"It can't be overstated how important it is to understand that even if we assume a strong enough case for the existence of dark matter, the manner in which we presently think about gravity must be wrong. We have three observations that appear to rule out large chunks of GR: the lack of deflection in the path of light by massive bodies, the lack of orbit decay in systems with more than one body, and the lack of ghost energy in the universe.",0.571,1,0.50,0.60,0.60,"It can't be overstated how important these transitions are, as they not only marked the beginning of each successive phase but also dictate where they end and begin, serving as precise markers for measuring their durations. A deeper contemplation reveals that these transitions aren't merely historical artifacts but instead offer a profound lens through which to view the cosmic dynamics at play.",0.669,1,0.75,0.55,0.70,"It can't be overstated how foundational these early explorations were, as they laid the groundwork for our current understanding of the cosmos.In 1895, Hertz's deduction concerning the existence of what he termed ""electromagnetic waves"" was a testament to his profound insights, winning him the Nobel Prize in Physics in 1908, a recognition that echoes through the annals of scientific achievement.",0.000,0,0.50,0.00,0.00
"The biggest twist? These creatures aren't limited to our planet -- they exist across the cosmos. In fact, scientists have discovered over 20 asteroids that harbor organic compounds, some of which may even host life.",0.370,1,0.30,0.40,0.40,The biggest twist I have heard so far about what is happening to our universe right now was that we are living at the edge of an expanding sphere. hopefully it will continue its expansion forever into eternity. Science and religion converge as they both deal with issues such as where did life come from? how can there be something if nothing existed before? why does everything exist together when separated by space time? how do you know anything exists without seeing or feeling it directly since most things are too small for us to see them except through instruments like telescopes? Why should anyone care about these questions anyways because nobody cares about those kind of answers unless their lives depend upon knowing this information somehow whether consciously,0.640,1,0.70,0.50,0.70,"The biggest twist in the tale, however, lies in the unexpected discovery of a molecular component within the weapon system. Most notably, this substance has been identified as a unique form of L-glutamic acid, a finding that invites contemplation on the intricate details and potential motivations behind such inventions.",0.000,0,0.50,0.00,0.00,"The biggest twist arriving with high confidence is that of a second breakbone binaries group in the Draco constellation, where, if verified, objects would exist with masses gathering energy upon unsuspecting galaxies, possibly operating as an underground network pioneers. The VIRBA cluster, if confirmed, would delineate an epoch in earnest for means-free SDSS surveages, prompting a deep musical journey throughhagenic territory. These curiosities represent fundamental explorations of a likely heterogeneous composition distribution across dust, along with their intriguing prospects for low-energy curvature and other form factors.",0.571,1,0.50,0.60,0.60,"The biggest twist in the story occurs when we discover that the agent is actually an artificial intelligence. We then have two possible final scenes to consider: (i) the AI destroys or enslaves its creators; (ii) the AI helps humanity by solving difficult problems like aging and climate change. Our conclusion is that if the AI's goal is aligned with helping humanity as much as possible, then it will surely choose option (ii), even at great cost to itself.",0.000,0,0.50,0.00,0.00,"The biggest twist comes toward the end, when it's revealed that the narrator has been killed off—a shocking yet fitting conclusion to a story about impending doom. A contemplative exploration of existentialism and mortality, ""The Garden of Forking Paths"" is one of Borges' most beloved short stories.",0.000,0,0.70,0.00,0.50,"The biggest twist in this narrative, however, lies in the fact that our terrestrial observatories can perceive these colossal nebulae as they exist far beyond the confines of our own solar system. Often referred to by other names such as the heavenly spheres, celestial globes, or harmonious spheres, these terms encapsulate a profound historical and theological perspective that sees the cosmos as an intricate edifice governed by harmonic principles, with each sphere having its unique vibrational frequency.",0.640,1,0.70,0.50,0.70
"Everyone is advised to remain indoors and close all windows and doors. The situation will be reviewed in 30 minutes, at which point further advice may be issued."" The alert was cancelled after just over an hour, with the Met Police stating that ""the risk has now subsided"".",0.000,0,0.20,0.00,0.00,"Everyone is advised to read it. hopefully, you will find many things interesting! The Universe – A Story About Our Place In It And How We Got Here by Neal Lane & Robert Roy Britt, published 2018 by Scientific American/Farrar Strauss Giroux; ISBN-978-0374536523 ; pages 256 hardcover $25 USD + shipping from Amazon or other bookstores. There are two types of people who like this kind of stuff – those that have studied some physics and maths as well as astronomy at school and college level(s), etc., plus those with just an average interest in",0.270,1,0.30,0.20,0.30,"Everyone is advised to remain indoors and prioritize safety, while those who venture out may experience sudden downtimes in mobile service. In a reflective moment, the erstwhile Yugoslavian leader reminisced on the golden era of his tenure, when the nation reached its zenith -- a time before the division of the Bosnian Federation and the emergence of widespread anti-Serb sentiment.",0.000,0,0.50,0.00,0.00,"Everyone is advised to do something about the catastrophic health and financial consequences that often befall those who fall prey to this vacillating vigor. In exploring the nuances in stellar evaluations via computer simulation, we demonstrate that when high-quality data are essential, sensitive sites demand that detectors must inhabit low-loss magnets, speaking volumes about science with choice of storage. We show that only one of these systems can actually operate in the observed manner as far as emission delay detection is necessary if the answer is true for source SPX), or unrelated (null hypothesis H0).",0.397,1,0.30,0.50,0.40,Everyone is advised to read at least one of these papers. This paper should be particularly interesting to astronomers because it presents the first steps towards a new way of seeing the Universe that is based on the recent discoveries regarding dark matter and energy. On the assumption of general relativity (which is a good approximation except for cosmological distances) we show how to convert from a parameterized post-Newtonian expansion to a parametric solution of the field equations.,0.489,1,0.30,0.70,0.50,"Everyone is advised to study the text carefully and attend the associated lectures, as these sessions are meant to reinforce one another. This material also serves as a foundation for further exploration into more complex topics. Lecture 1: An overview of general relativity, including an introduction to its fundamental concepts and major players.",0.342,1,0.30,0.30,0.40,"Everyone is advised to maintain a healthy diet, yet there are those who do not heed this advice. This warning glows orange amidst the intense radiant heat emanating from the lava flows, silent witnesses to the earth's internal turmoil.",0.000,0,0.30,0.00,0.00
"Statistically, it's unlikely that these two events are unrelated. The coincidence is more likely to be a result of chance, given the large number of stars in our galaxy and the relatively short time interval between the explosions. However, if we assume that there exists some kind of physical connection between the stellar objects -- for example, through a shared history of formation or interaction -- then the simultaneous detections become harder to explain away as mere coincidences.",0.643,1,0.60,0.60,0.70,"Statistically, it's unlikely that there will be another ""Earth"" like our planet found anywhere else in the universe. geprüft This statement is true for any planetary system within our own galaxy; which makes up 1/3rd part of all matter and energy in existence - which itself was formed from an even larger black hole at its centre called Sagittarius A*. It then became smaller over time as gravity pulled upon neighbouring stars causing them to collapse into themselves forming spiral arms outwards along with their galactic discs consisting mainly of hydrogen gas surrounding these central massive objects known today simply by the name 'Galaxies'. The universe began expanding due solely through dark energy - a type I",0.397,1,0.30,0.50,0.40,"Statistically, it's unlikely that a single cluster will encompass the entire population. By considering the vast expanse of the southern sky, where stars trace out intricate paths across millions of years, we grasp a profound concept -- our solar system is situated at an incredible distance from the heart of the Milky Way, nestled within one of the vast outer regions of the galaxy!",0.640,1,0.70,0.50,0.70,"Statistically, it's unlikely to occur in a single ordinary star, in a dense cluster where collisions governs the evolution, or in a blue giant with a predicted abundance: instead, the observed excess always exhibits a surplus of helium, inviting speculation that other low-mass stars with similar terracotta cores show similarly subtle differences, hinting at a larger cosmological pattern. The importance of understanding this cosmic inflationary process's nuclear reaction formation is underscored by the gap between the observed rates and the baseline values for double-beta decay, an experiment that calls upon energy releases identical to those proposed in nucleosynthesis, underscoring the interconnectedness of these phenomena.",0.698,1,0.60,0.80,0.70,"Statistically, it's unlikely that we will discover any more fundamental particles. As explained in the Introduction, this means that at some stage of the development of physics there must be a phase of ""simple"" theory where only a few parameters describe the behavior of nature. Such a situation may already exist on the microscopic level (in quantum mechanics or general relativity).",0.000,0,0.50,0.30,0.50,"Statistically, it's unlikely that any of them could thoroughly undermine the proposed self-calibration method. This finding invites a deeper contemplation on the reliability and robustness of our cosmic measurement techniques. The intricate whispers of spacetime, emanating from the spiraling dance of binary compact objects—enigmatic black holes and dense neutron stars—are the focal allure for the ceaseless endeavors of ground-based gravitational-wave interferometers like LIGO, Virgo, and GEO-600. These enormous machines are meticulously designed to detect these subtle oscillations with extraordinary precision, leveraging their inherent linearity and",0.671,1,0.60,0.70,0.70,"Statistically, it's unlikely that all eleven bulbs will fail simultaneously. In a thoughtful reflection on recent trends within the food industry, one observes a growing appetite among Britons for these mushroom-like fungus, with local suppliers finding it increasingly challenging to meet this rising demand.",0.000,0,0.40,0.00,0.00
"A guaranteed result of this procedure is the appearance of at least one bright nova. In addition, there exists a non-zero probability for the occurrence of a supernova, should the conditions be appropriately favorable. Such an event would undoubtedly leave its mark on the host galaxy through the injection of vast quantities of energy and material, altering its morphology and perhaps even triggering enhanced star formation.",0.497,1,0.40,0.60,0.50,"A guaranteed result for any given theory T: if there are some predictions that are false then it is easy to modify or replace the model with another one. Unterscheidung zwischen einer eher schriftlichen und einer mündlichen Form der Kommunikation. It’s time to think about your next move! And here you can see what we mean by ""excellent""—this is an excerpt from a dissertation written in 2016:. For example, you might begin your essay with a sentence like this: When I was five years old, my parents took me to the park every day before school so that I could play freely until they came back to pick us up. For example",0.000,0,0.30,0.00,0.30,"A guaranteed result in the upcoming election for the presidency of Venezuela, set to occur on April 14th, emerged from an opinion poll that involved interviews with a representative sample of 1,200 individuals. We are informed that the incumbent, President Hugo Chávez Frias, is poised to achieve a considerable victory, securing over 56% of the vote, which translates to nearly six million affirmative votes. This figure, while substantive on its own, invites contemplation upon the intricate web of politics and public sentiment within the nation.",0.000,0,0.50,0.00,0.00,"A guaranteed result of our cosmic collision with the Galactic dust and gas assemblages, the discovery represents a significant breakthrough. The distributed time-delayed emission pattern echoes through the galaxy, unfolding over billions of years, as envisioned in our own Hubble® image collections; a cosmological treasure trove awaiting our great grandchildren’s curious eyes, once we have shed our terrestrial bias and come to understand the profound links binding us with the stars.""",0.800,1,0.85,0.75,0.80,"A guaranteed result of this procedure is that the light curve produced by the source subsides below the level of detection for all but the nearest neighbors. This means that, once detected, a source will be easily found again but only nearby sources will present a challenge to the sensitivity of the search. Furthermore, the procedure allows us to determine an upper limit on the magnitude of the elusive `intrinsic' source, which is important to constrain the models used to estimate the number of sources still undetected.",0.464,1,0.30,0.60,0.50,"A guaranteed result of the integrals is the emergence of a specific value for the scale factor, echoing Einstein's contemplative vision of a stable, pre-inflationary cosmos. This finding invites deeper reflection on the underlying harmony and complexity of our universe.",0.742,1,0.75,0.65,0.80,"A guaranteed result in any given set of statistical analyses, this term encapsulates a principle that preserves the probability of observing at least one event under consideration. If the observational window spans an extensive period, say a day, then the proportion of mornings during which such a meteor shower might be observed increases significantly.",0.000,0,0.40,0.00,0.00
"The final step before the molecule reaches Earth is its encounter with a cloud of neutral atoms, where it loses the last vestiges of its charge through ionization. This process occurs most efficiently in regions of space that are heavily bombarded by cosmic rays, such as the magnetosphere surrounding our own planet.",0.397,1,0.30,0.50,0.40,The final step before our understanding could be complete would be to explain why there’s something rather than nothing. савезни референдум у србији. I have made my peace with it; I’ve just found myself unable to find much interest in reading or thinking about anything that isn’t related to me personally. I think this may very well be one of those times when life has been so interesting for a person they really don’t want to read any more books until their next book comes out! It seems like everything we do nowadays needs some kind of explanation – which means most people are constantly looking for new things instead of spending time actually learning them… This section will cover topics,0.000,0,0.40,0.00,0.00,"The final step before reaching the actual coding stage is to meticulously consider and resolve potential issues that may arise during compilation. It entails a thorough examination of each component, whether a source file or header file, to ensure it meets the requirements for implementation within the target environment.",0.000,0,0.30,0.00,0.00,"The final step before the lights go out is upon the picket dynamics as we have discussed. This response delivers energy to the bulk of its constituents, with gluonic excitations governing the evolvement of energy and mass in the nucleus and the interaction between neighbors through the exchange of nuclear gluons. These interactions bind ""great clarity"" patterns in the distributions of certain auxiliary electrons and precursor s-wave neutrinos, offering clues to the behaviors that will not be observed in future experiments, but still allowing a careful exploration of a diverse array of science questions.",0.000,0,0.30,0.00,0.00,"The final step before arriving at a definitive answer concerns the nature of the dark matter halo which, as discussed earlier, cannot be directly observed. A parameterized model for such a halo is presented here and its implications explored through numerical solutions which include both strong and weak interactions. The results are finally compared with the experimental data.",0.489,1,0.30,0.70,0.50,"The final step before invoking the light cone holographic dark energy model is to deproject the observed surface brightness, a process that thoughtfully accounts for the intricate lensing effects of cosmic structures. This refinement offers a deeper, more nuanced view of the celestial landscape, one that invites a more contemplative exploration of the universe's mysteries.",0.757,1,0.75,0.70,0.80,"The final step before parting with your hard-earned cash is to scrutinize the warranty terms. This manual, crafted with meticulous care by the visionary engineer Nikola Tesla himself, serves as a roadmap for harnessing the power of alternating current (AC).",0.000,0,0.30,0.00,0.00
"It's hard to believe that such a seemingly innocuous emblem could ignite such fiery passions, yet the story of Saint Andrew's cross is one steeped in controversy and conflict. In recent years, this symbol has become entangled in disputes over national identity and political autonomy within Scotland. The Scottish National Party (SNP), which espouses independence for Scotland, often employs Saint Andrew's cross as its emblem, while those who oppose separation from the United Kingdom view it with contempt.",0.000,0,0.50,0.00,0.00,"It's hard to believe that we are alone. савезни државама и организацијама у Европи. I found myself quite enjoying this book. This collection includes 10 short stories by science fiction writer Isaac Asimov. I would have given it four stars if not for his insistence on using scientific jargon that was unfamiliar to me - although he does give an explanation at the end of each story. This is one of those books where you can read individual chapters here and there without losing track of what happened before or what happens later. The first story, ""The Last Question,"" presents us with a future Earth whose sun has expanded so much as to threaten its existence. The final question",0.000,0,0.50,0.00,0.00,"It's hard to believe that just a year ago, I was recovering from the flu in Boston, Massachusetts, dreaming of the future where I could perhaps contribute to the ENIGMA project. The path that led me here is marked by a series of serendipitous events and bold gestures that have shaped my journey into the realm of computational neuroscience.",0.000,0,0.60,0.00,0.00,"It's hard to believe that owurochae was once widely seen as the default standard, with delicate objects being detected with this label; indeed, it seems that now alone dense cluster galaxies show signs of having undergone interactions with dust clouds, prompting us to realize that some aspects of the serene landscape of galaxactic chemistry are actually dessert phenomena. The evolutionary framework reveals that dusty despites exist only within proper stellar families, underscoring the way star formation is both triggered and quenched by the presence of a nearby giant magnetoid.",0.000,0,0.40,0.20,0.30,"It's hard to believe that such a seemingly simple question can have so many different answers. There are three different possibilities which come to mind immediately; however, each of these alternatives leads to problems which appear to be insurmountable. The author then describes an experiment which seems to rule out the possibility that time began with the Big Bang (although this conclusion depends on the assumption of the flatness parameter). Finally he considers two alternative ways of looking at the problem of time beginning with the Big Bang which do not lead to any new insights but may help clarify some old ones.",0.671,1,0.70,0.60,0.70,"It's hard to believe that the distances calculated between clusters, when integrating Sunyaev-Zeldovich and X-ray observations, are inherently flawed. This holds true even if one accounts for the slight discrepancy between the cosmological values of H_0 and H_a, where the latter represents the more refined measurement from Type Ia supernovae.",0.598,1,0.50,0.70,0.60,"It's hard to believe that such a singular event could be responsible for the disparate phenomena of neurological disorders, including multiple sclerosis, Alzheimer’s disease, Parkinson’s disease, amyotrophic lateral sclerosis (ALS), and Huntington’s chorea, yet scientific inquiry persists in seeking a single, coherent explanation.",0.000,0,0.50,0.00,0.00
"Our community fully supports the use of these tools for educational purposes, and we encourage teachers to incorporate them into their lesson plans. At our school, students in grades four through eight receive regular instruction in Scratch, a block-based programming language developed by the MIT Media Lab. This experience equips young people with valuable computational thinking skills that can be applied across disciplines.",0.000,0,0.30,0.00,0.30,"Our community fully supports the right to free speech; however, we are not able to provide any platform for hateful or derogatory comments. савезни референдум 2018 The following text (also in Serbian) gives an outline of recent developments in science fiction literature with a particular focus on authors from Eastern Europe and Russia.",0.000,0,0.30,0.00,0.00,"Our community fully supports this stance, reflecting a deep-seated commitment to diversity and inclusion within our academic sphere. We deplore any form of discrimination, be it based on sexual orientation, gender identity, or religious belief, and we unequivocally stand against bigotry in all its forms.",0.000,0,0.50,0.00,0.00,"Our community fully supports your goal of having the discussion on quantum gravity that you envision, except for Peres, who decides to remain fixed on his glassy horizon. The response load you enumerate is comparable to that proposed by Parker as he searches for a signal of trivial particle motion. However, as the emission is anticipated to increase dramatically when the collision flux surpasses the background rate early in the deployment, these experiments represent, or soon will represent, we believe, with observations dear to our hearts we lack the vintage, cosmologically speaking, unless accompanied by a black hole purchase black holes"".",0.471,1,0.50,0.40,0.50,"Our community fully supports the conclusions of the IPCC; we have evaluated both the uncertainties in the science and the uncertainties in the economic models; and we find that the costs of mitigating climate change are small compared to the economic damages from allowing business as usual. We conclude that there is no plausible alternative to an immediate commitment to very substantial reductions in carbon dioxide emissions.""",0.000,0,0.30,0.00,0.00,"Our community fully supports the concept that the arrangement of gravitating matter across space exhibits a fractal nature, persisting consistently across all magnitudes, from the infinitesimally small to the vast expanse delineated by the Hubble radius.",0.543,1,0.50,0.50,0.60,"Our community fully supports your choice to adopt a new phone, one that best suits your needs. However, we at AT&T find it peculiarly amusing when informed that you have switched to T-Mobile. Yet, we harbor a deeper sympathy for those who have endured the frustrations of attempting to migrate from T-Mobile to any other service provider, as this migration process often becomes an intricate dance of technical challenges and unfulfilled promises.",0.000,0,0.30,0.00,0.00
"A cautionary tale for the unwitting traveler, this book details a harrowing journey undertaken by two young men who set out on what was intended to be a simple road trip through the American Southwest. The story unfolds as they venture into the desert, encountering an unsettling figure along the way -- a mysterious drifter known only as ""the Captain"" -- whose presence haunts their every move with an atmosphere of mounting dread and unease. As tensions rise and mistrust takes hold, the narrative builds towards its climax with electrifying suspense and shocking revelations that will leave readers breathless.",0.000,0,0.30,0.00,0.00,"A cautionary tale for all. живело 100000+ tycka om det här spelet på Facebook! Hispanic Heritage Month – Celebrate with your favorite Mexican foods! The first-ever Hispanic Heritage Week was proclaimed by President Lyndon Johnson during his State of the Union address to Congress on May 5, 1968. In June 1972, the monthly observance became permanent when it was established as National Hispanic Heritage Month through Public Law 92-318. Each year from September 15 to October 15, we celebrate the histories, cultures, and contributions of",0.000,0,0.20,0.00,0.00,"A cautionary tale for those who indulge in extended periods of stress without respite, this case study reveals the profound impact such behavior can have on one's physical well-being. Sara Crampton, aged 32, experienced a sudden and severe bout of bleeding following a routine procedure to remove her IUD contraceptive device. This event led to an internal carnage where her body attempted to expel the unneeded uterus, a condition that prompted massive blood loss, ultimately necessitating emergency surgery. The underlying cause was eventually determined to be a rare autoimmune disorder, casting a shadow over her future prospects.",0.000,0,0.50,0.00,0.00,"A cautionary tale for scientists who seek to balance their personal research pursuits with the care of vulnerable species is proposed. The time-honored practice of conducting serial observations or analyses over intervals of months or years is essential for constellating a possible response from whom with delayed measures of temporal proximity might reveal a confirming signal? Signal? A further investigation, undertaken on the basis of suspected dynamical collisions between these systems, led to an efficient denial of space by one group as the probable source of the EMF signature, significantly diminishing the likelihood of a physical interaction between them.",0.599,1,0.55,0.65,0.60,"A cautionary tale for those who would deny the reality of time dilation is that if the clocks of the two parties disagree then they cannot both be right. It may well be that only one of the party's clock is wrong; but which? The implication is that there is no unique definition of `correct' time between the parties.""",0.571,1,0.60,0.50,0.60,"A cautionary tale for overzealous extrapolation is presented, alongside a contemplative exploration of its profound implications. This underscores the necessity of accounting for temperature-dependent variables in the analysis of the power spectrum during inflation, particularly when examining larger scales, inviting a deeper reflection on the intricate dynamics at play.",0.757,1,0.75,0.70,0.80,"A cautionary tale for would-be serial killers, often referred to as the 'Psycho' series, serves as a sobering reminder of the dark shadows that can lurk behind closed doors. In contrast, the Atlanta Braves, a cornerstone of American professional baseball since 1871, continue their storied journey in the vibrant city of Atlanta, Georgia.",0.000,0,0.30,0.00,0.00
"Our observation holds true for a broad range of metallic elements, spanning from iron to copper and gold. This result remains valid even when the impact velocity is increased to 20 km/s, which roughly corresponds to the speed of projectiles launched from astronomical bodies.",0.397,1,0.30,0.50,0.40,"Our observation holds true for any physical theory. Unterscheidung zwischen dem Winkel und der Winklänge, die für den Drehwinkel des Rundes entscheidend sind. Ein Beispiel dafür ist das Pferd auf der Satteluhr von Uhrenmacher A. Lange & Co., Glashütte im Jahre 1860. Ein zweiter Beleg für diese Aussage ist die Verwendung des Begriffs „Winkel“ durch Gauss in seinen Vorlesungen über höhere Mathematik. Die Ausführung dieses Projektes war sehr kompliziert. Für den Durchmesser wurde ein Messzyklus von sieben Tagen benötigt. Die Aufnahmen wurden",0.000,0,0.30,0.00,0.00,"Our observation holds true regardless of the stellar mass, ranging from around one solar mass for stars that recently formed to ten or more massees for those that have been around for hundreds of millions of years. These findings invite contemplation on the universal nature of stellar composition and the implications for our understanding of cosmic evolution.",0.713,1,0.70,0.60,0.80,"Our observation holds true for emitters in the dense stellar cores of Arakinger galaxies, including their cumulus regions, over a span of many decades. The proposed conversion zone extends beyond the immediate surroundings of existing radio sources by at most one frequency, reflecting the expansiveness yet constancy of the emission spectrum. This restricted class of objects introduces intriguing yet complex gravitational wavefronts to detectors, underscoring the interplay between mass distribution and celestial formation.",0.598,1,0.50,0.70,0.60,Our observation holds true even for highly ionised metal-rich regions where the HI gas is strongly suppressed. In such regions the CO molecule is the main carrier of hydrogen atoms and its observations reveal more about the condition of the inner layer of the HII region than does the emission lines from ionic species.,0.489,1,0.30,0.70,0.50,"Our observation holds true whether we examine the distribution of AGNs across the entire celestial canvass or focus on a more limited region, like the local vicinity of the core, which encompasses a radius of no less than 7 megaparsecs.",0.471,1,0.40,0.50,0.50,"Our observation holds true for various stellar phenomena, including supernovae, which confirms our theoretical frameworks thereby solidifying our understanding of these celestial events.In the realm of computing, a shell emerges as a fundamental interface, embodying the essence of interaction between human users and computers.",0.000,0,0.30,0.00,0.00
"Insight from this study may inform future investigations aimed at identifying biomarkers of neurodegenerative diseases associated with Tau pathology. The ability to detect these markers in cerebrospinal fluid could potentially enable early diagnosis, thereby facilitating the implementation of preventive measures and potentially altering disease progression.",0.000,0,0.30,0.00,0.00,"Insight from this study of modern science may help to guide us away from some of our contemporary dilemmas. everybody knows that the universe had no beginning at all; it always was here--we just didn't know about its existence before we started looking for it."" The book provides an interesting look into the worldview of many scientists who have studied these issues over time - although I found myself questioning whether or not they were taking things too far? It does provide some good food-for-thought material which could be useful when thinking through one’s own personal journey towards enlightenment!",0.000,0,0.60,0.20,0.50,"Insight from this study suggests that elevated iron levels, potentially attainable through diets rich in red meat, might precipitate the onset of Parkinson's disease. On a positive note, consuming green leafy vegetables and legumes offers a potential safeguard against this debilitating condition.",0.000,0,0.30,0.00,0.00,"Insight from this study suggests that, for a given bolality, the recorded values for dumping and enhancement by radioactivity decay are broadly shared. This realization prompts us to contemplate the depth of definition clarification requests, as often times they reveal a pattern where vague yet apparent conflicts surround the detection or elimination of errors.",0.000,0,0.50,0.00,0.00,"Insight from this study may prove to be useful for those who explore physics beyond the Standard Model. In particular, we discuss as an example the possibility of GLAST detecting energy gamma-rays from the annihilation of neutralino dark matter in the Galactic halo.",0.464,1,0.30,0.60,0.50,Insight from this study reveals the significant impact that differing helium abundances can have on the derived luminosity function and the consequent implications for cosmological studies. This finding highlights the necessity of accounting for Helium abundance variations when interpreting observational data.,0.598,1,0.50,0.70,0.60,"Insight from this study suggests that a reduction in body fat may significantly bolster our cardiovascular health, reflecting a deeper connection between well-being and physical appearance.Among the vast array of over 300 identified in nature, it is the 22 α-amino acids, seamlessly woven into the fabric of proteins, that hold unparalleled significance.",0.000,0,0.30,0.00,0.00
"Some processes can't be accelerated beyond a certain threshold, no matter how many cores are available. This fundamental limitation is rooted in the way modern processors handle memory accesses. Despite significant advancements in multicore technology over the past decade, the ability to scale performance across an increasing number of cores has been hindered by limitations in cache size and inter-core communication speed.",0.000,0,0.30,0.00,0.00,"Some processes can't be observed directly. sierpni 2017, 23:59:48 odpowiedź #62 The ""stars"" are not just points of light in space that we observe from our vantage point here on Earth; they each have their own unique characteristics such as size, temperature, density etc., which gives us clues about how stars form, evolve over time and eventually die off or explode into supernovae releasing vast amounts of energy back into outer space. In turn these events affect other parts of universe including galaxies themselves where new generations come forth through star birth followed by death giving rise again with all kinds different forms life everywhere around us no matter",0.500,1,0.50,0.50,0.50,"Some processes can't be stopped abruptly; they must be aged out, their volumes diminishing until they fade away entirely. In the annals of astronomy, such transformations are recorded through the meticulous study of variable stars, where the interplay between stellar intrinsic variations and dusty envelopes yields fascinating insights into the cosmic dance of masses and energies.",0.713,1,0.70,0.60,0.80,"Some processes can't be characterized formally in this framework, as they involve contributions from grains silled during the reaction, or evolve from materials outside my favorite restauris. The latter undergo evolutionary changes convolving kinship investigations, revealing a larger cadre of adoptive parents, a pattern that is absent in the local Galactic population, underscoring its differentiated role as a distant yet still potent member of the ML pitcher network"".",0.000,0,0.30,0.00,0.00,"Some processes can't be described as an accumulation of small errors. For strong gravitational waves from a system with more than one body, the signal has a continuum of modes, each with its own frequency and phase. These modes don't necessarily have the same amplitude: when the source is strongly distorted, some of them may even be suppressed completely.",0.489,1,0.30,0.70,0.50,"Some processes can't be adequately addressed through the application of the LHC's energies, prompting a contemplative exploration into the potential revelations that might emerge from the proposed Linear Collider. A portion of its design specifications is pondered upon, inviting an imaginative exploration into the profound mysteries that may one day be unveiled.",0.000,0,0.70,0.30,0.50,"Some processes can't be observed directly, yet their existence is inferred through theoretical modeling and observational constraints. This inference is rooted in the principle that for an event to occur, any barrier to its occurrence must also exist. Thus, if the presence of a particular substance were indicative of a defective product, one could reasonably conclude that the absence of that substance would constitute evidence of non-defectiveness.",0.000,0,0.50,0.00,0.00
"A lot of evidence indicates that the majority of these objects are comets, which were once thought to be confined to the outer reaches of our solar system. These findings suggest a significant revision to our understanding of how planets form and highlight the importance of continued observations in this fascinating field of research.",0.543,1,0.50,0.50,0.60,A lot of evidence indicates that there are fundamental physical laws determining how our universe operates. бројање A lot of evidence indicates that there are fundamental physical laws determining how our universe operates. One example is provided by Einstein's theory of general relativity which describes how gravity works in space-time - it requires mass to curve spacetime! Another example comes from quantum mechanics where elementary particles such as electrons have wave properties that determine their behavior. It seems that we can only understand nature if we accept these facts about its workings; however this does,0.500,1,0.50,0.50,0.50,"A lot of evidence indicates that the planetary system was assembled through a gradual accumulation of rocks, dust, and gas, rather than through sudden collisions as envisioned in prior models. The recent discovery of water on Mars has sparked new speculations regarding the possibility of life existing beyond our world.",0.543,1,0.50,0.50,0.60,"A lot of evidence indicates that the answer to whether the universe is accelerating with respect to its background music is indeed yes, but the case for higher energy cosmology receives only marginal support from this consideration. The FARA dataset, if probed again or addressed by future surveys, could reveal details that now elude us with larger datasets, as we approach the depth where the sample density reduces.",0.571,1,0.50,0.60,0.60,"A lot of evidence indicates that we are not alone. In fact, almost every star has at least one planet orbiting it. However, the detection techniques used to date only reveal planets whose orbits are closely aligned with our own (i.e., nearly circular and coplanar). It's possible that the majority of planets have eccentric or inclined orbital axes and are therefore undetectable by current methods.",0.571,1,0.50,0.60,0.60,"A lot of evidence indicates that the arrangement of gravitating matter across space exhibits a fractal nature, persisting consistently across all magnitudes, from the infinitesimally small to the vast expanse delineated by the Hubble radius.",0.571,1,0.50,0.60,0.60,"A lot of evidence indicates that our planet was indeed at one time immersed in a sea of molten lava. This period, marked by considerable turmoil and upheaval, saw the republican faction, supported by numerous former generals now embroiled in internal strife, challenging the authority of the newly installed government, led by President Luis Alberto Lacalle Musso.",0.000,0,0.30,0.00,0.00
"What actually happens in the heart of a star that leads to its explosion? Until recently, astronomers believed such an event was triggered by the runaway fusion of helium into carbon. This hypothesis is no longer tenable: recent observations have cast doubt on the existence of the required step, and now point instead to oxygen as the crucial ingredient.",0.571,1,0.50,0.60,0.60,"What actually happens when an atom or molecule decays?  Begriffe wie „Bild“ und „Darstellung“, die im englischen Text verwendet werden, können im Deutschen sowohl eine visuelle Wahrnehmung als auch einen Begriff für Vergangenheit bedeuten.",0.000,0,0.30,0.00,0.00,"What actually happens at the atomic level when a material transitions from the gas phase to the solid state remains shrouded in mystery, yet this process plays an profound role in the universe's materials fabric. We contemplate how elements are sourced within stars through fusion reactions, and how those same atoms can find their way into the vast expanse of space through supernova explosions, eventually returning to our own planet as meteorites.",0.742,1,0.75,0.65,0.80,"What actually happens when we observe objects with this particular spectroscopic instrumentality? Essentially, we unfold the universe before our eyes through filters that remove the predetermined spectral features, revealing the depths of cosmic obscurity. This process, though routine in future cosmology searches, presently lack the strong constraints that: (i) detecting losses during one year would impose on EGRETTA; or (ii) doubling his coverage footprint would require. These limitations are highlighted specifically through an appraisal of the current loss rates, which demonstrate a increasing trend that is compatible with, or even more severe than, what EGRETTA experienced.",0.599,1,0.55,0.65,0.60,"What actually happens when we observe a system? We ask an experimental setup to give us information about some well-defined quantity. On the microscopic level this information is distributed among many different quantities, which may even be conjugate observables. How does the experiment select which of these quantities are really observed?",0.000,0,0.50,0.30,0.50,"What actually happens when the universe's expansion accelerates? Does it gradually become inflated, or does it explode? These are the two fundamental fates proposed for an expanding cosmos. This book delves into the intricate details of these possibilities, inviting readers to ponder the profound implications of a universally changing fate.",0.640,1,0.70,0.50,0.70,"What actually happens when a meteoroid strikes Earth's atmosphere? This query invites contemplation on the intricate balance between our natural satellite and the vast expanse of space, as we consider how such a tiny object can wield such powerful effects.",0.571,1,0.70,0.30,0.70
"In the past, people thought that these cosmic rays were produced by supernovae; however, recent observations have challenged this hypothesis. The discovery of extensive air showers from ultra-high energy cosmic rays suggests that these particles may originate from outside our galaxy, implying the existence of unfamiliar sources of high-energy radiation in the universe.",0.497,1,0.40,0.60,0.50,"In the past, people believed that Earth was flat.ℓ The first known attempt to explain the motions of heavenly bodies as heliocentric revolving around a central body took place during the 3rd century BCE by Aristarchus of Samos. He reasoned that if the Sun were at rest then all other heavenly bodies should be seen moving about it; however, this proved not true when he observed them from different locations on Earth. As a result, his theory was rejected by later philosophers such as Ptolemy who maintained their beliefs despite evidence against them being presented time again throughout history until Nicolaus Copernicus finally succeeded where others had failed before him with publication of De revolutionibus orb",0.442,1,0.40,0.40,0.50,"In the past, people believed that the male sex chromosome, encoding the gene for testis determination, was responsible for this. We have learned that both X and Y chromosomes harbor TDF, implicating them in the complex genetic dialogue that defines sexual differentiation.",0.000,0,0.30,0.00,0.00,"In the past, people have observed short-scale periodicities in their celestial neighbors that are fundamental components of low-mass type-O stars and white dwarfs therein, but never recognized a response that is audible to cooler, commoner types of workhorse stars until recently. In observationally robust spectral regions, these tiny bordering-zone stars manifest as low-temperature stellar survivors, echoing the final stages of their evolutionary journeies before they break through the glass ceiling to become bulk starsters.""",0.599,1,0.55,0.65,0.60,"In the past, people used to think that the Universe was created by some divine being. We have now replaced this hypothesis with another one, whereby the energy of the Universe is negative (dark matter). This may sound strange at first, but consider that according to General Relativity, the gravitational energy is also negative!",0.439,1,0.50,0.30,0.50,"In the past, people have contemplated that the arrangement of gravitating matter across space exhibits a fractal nature, persisting consistently across all magnitudes, from the infinitesimally small to the vast expanse delineated by the Hubble radius.",0.543,1,0.50,0.50,0.60,"In the past, people believed that our planet was static, embedded within the celestial sphere; this perspective has since evolved significantly. Nowadays, we are inclined to view the earth as a singular entity, yet certain scientific endeavors propose splitting this ball into distinct spheres -- one for the land, another for the oceans, and a third for the atmosphere.",0.000,0,0.50,0.00,0.00
"Seemingly out of nowhere, a new voice has emerged in the realm of heavy metal. These young Canadians have captured lightning in a bottle with their self-titled debut album, an explosive collection of songs that showcases their talent for crafting intense and melodic music.",0.000,0,0.30,0.00,0.00,"Seemingly out of nowhere we have arrived at an understanding that has been compared to the Copernican revolution. hopefully this article will be interesting for those who are into physics or astronomy Even more so than other sciences, it's a rare thing when someone can make sense of something they don't quite understand...and yet still find themselves amazed by how simple everything seems once you know what needs to be known about the subject matter being discussed. In this case however-the title says ""Seems Like Magic"" because there really isn’t any magic involved here; rather just some pretty advanced math combined with powerful computers which give us answers where before none existed! If I were asked if our universe had ever been created",0.497,1,0.60,0.40,0.50,"Seemingly out of nowhere, a violent storm exploded over the Bahamas, rapidly strengthening into a formidable hurricane within just 24 hours. For a time, Isaac teetered on the brink of Category 5 status, casting a shadow over the eastern expanse of the United States with the potential for devastating winds and torrential rains. Yet, its journey took an unexpected detour as it moved farther northwest, ultimately reaching the Gulf Coast as a tropical storm on August 29th. This abrupt change in course prompts reflection on the unpredictable nature of meteorology and the intricate dance of oceanic and atmospheric conditions that shape our weather",0.000,0,0.50,0.00,0.00,"Seemingly out of nowhere, we may soon lose all detection for small-scale fluctuations in mass within a year due to interactions with the background environment. The clarification will require lights that are billion dollar brights"" -- Paul M. Schenk"".",0.370,1,0.30,0.40,0.40,Seemingly out of nowhere the Universe exploded into existence and has been expanding ever since. In this short review I discuss my favorite puzzles involving the make up of the energy content of the Universe and how its history may be reconciled with the observations.,0.512,1,0.50,0.40,0.60,"Seemingly out of nowhere, a contemplative exploration into the foundational roots of warm inflation dynamics emerges, inviting deeper reflection on the intricate interplay between inflation and decay within this novel theoretical framework. This timely addition to the growing library of warm inflation models thoughtfully addresses the perplexing issue of overshoot, offering a nuanced approach to circumventing the potential formation of a cosmological gap.",0.757,1,0.75,0.70,0.80,"Seemingly out of nowhere, a violent explosion shattered the tranquility of a serene countryside village in southwestern France, marking the sudden cessation of activities at a nearby nuclear power plant. A member of the Afghan military, cloaked in the guise of an ally, carried out this attack, claiming the lives of three U.S. service members.",0.000,0,0.30,0.00,0.00
"Unless proven otherwise, we assume that all objects in the sky are at least marginally bound. In practice, this means that most stars and presumably also planets orbit their host stellar bodies with negligible eccentricity; therefore, they can be modeled as circular orbits. However, there exists a small population of celestial bodies exhibiting significant orbital eccentricities: comets, some asteroids (e.g., 21 Lutetia), satellites (e.g., Jupiter's moon Adrastea), and perhaps even certain types of exoplanets.",0.421,1,0.30,0.60,0.40,"Unless proven otherwise or stated directly within this article. Einzelnen Verwendungen des Kolons in verschiedenen Sprachen der Welt nachstehend die Einzelheiten zur Anwendung von Kolonien auf die jeweilige Sprache gegeben. I've had some experiences with him that have helped me to understand him better as well as what he has done for mankind over the years. The only way you can do anything about it is by being prepared when opportunity knocks. I know from experience, there are days where everything goes right and others where nothing seems to work out at all - but in the end if we put our trust in God then He will lead us down the correct path even through those hard times.",0.000,0,0.35,0.00,0.00,"Unless proven otherwise, these entities are assumed to be solitary, lacking any discernible companionship. For instance, the astronomical terminology that surrounds objects such as asteroids and comets is enriched with this historical nomenclature, giving those celestial bodies a sense of individual identity and origin.",0.542,1,0.55,0.45,0.60,"Unless proven otherwise, all objects discoverable by telescope lie along the dense kinematic chain associated with the stellar classification, tracing back to the galaxy-scale structures of our local universe. This consideration prompts us to suspect that their distributions may be quite common in masses greater than a trillion dollars -- that is, in stars possessing planets -- uniting us cosmic deserts once more? The distribution of properties: that is what a billionary star deserves!",0.000,0,0.40,0.00,0.00,"Unless proven otherwise, we expect the dark matter halo density to be proportional to the square of the distance from the baryonic centroid. These circumstances suggest that the average density of cold dark matter may well be negative. This observation has two important implications for cosmology. First, it suggests that on large scales (larger than a few galaxy diameters) the gravitational energy is negative--an effect which could offset the pressure contribution from inflation and help explain why the universe is so flat. Second, it means that on small scales (less than a few galaxy diameters) the centrifugal energy is also likely to be negative--a result which may lead to changes in our understanding of galaxy",0.598,1,0.50,0.70,0.60,"Unless proven otherwise, the concept of an oscillating Universe is meticulously pegged to its fundamental roots, inviting a deeper contemplation on the intricate tapestry of our cosmic understanding. This approach offers a profound alternative to addressing the perplexing issue of coincidence, inviting us to reflect upon the harmony and balance that underpin all of existence.",0.770,1,0.85,0.65,0.80,"Unless proven otherwise, all objects and phenomena within our observable universe are presumed to be governed by the same natural laws, which apply equally to those who endeavor to understand them. This basic tenet underscores the foundation for our contemporary understanding of scientific methodology.",0.000,0,0.50,0.00,0.00
"Only time will tell whether this latest chapter in the ongoing saga of 'Bachelor' babies ends happily ever after. The Bachelorette's Emily Maynard is pregnant with her first child, a daughter named Ricky Shepard, E! News has learned exclusively. The former NFL cheerleader and reality star confirmed her happy news to us just hours ago while attending an event for her charity, Operation Smile.",0.000,0,0.30,0.00,0.00,Only time will tell if this interpretation is correct or not.его версия о времени и пространстве является не совсем точной. The original text used in the video has been translated from Russian into English by me - please feel free to point out any mistakes you might have found!,0.000,0,0.30,0.00,0.00,"Only time will tell if this hypothesis stands up to scrutiny. In the meantime, our curiosity is piqued by the prospect of a closer look at these enigmatic creatures, as the launch of the European Space Agency's Rosetta mission approaches with each passing day.",0.000,0,0.50,0.00,0.00,"Only time will tell whether a detection of a stellar decay signature, if verified, amounts to a revolution in planetary cosmology as outlined in the authors' visionary scenario, or serve as a curious puzzle. The observations underpin an intriguing possibility: could one derive a nuclear spin duration from an Arakesowa diagram observation?",0.743,1,0.70,0.70,0.80,"Only time will tell whether the LGRBs are actually produced by the core-collapse of massive stars or whether they represent an entirely different mechanism. At present, the latter possibility seems less likely given the close correlation between LGRBs and quasars. However, on the basis of the currently available observations, we cannot rule out the possiblity that GRBs are just a nearby manifestation of SUSY.",0.671,1,0.60,0.70,0.70,"Only time will tell whether the observed neutrino flux truly indicates the presence of gravitinos within the decaying dark matter, prompting a deeper contemplation on the nature of our cosmic constituents. I am profoundly grateful for the opportunity to contribute to this compelling endeavour, alongside so many brilliant minds.",0.771,1,0.80,0.70,0.80,"Only time will tell whether this theory finds empirical validation.In informal settings, such as within emails or casual conversations, ""astro"" may simply signify a friend or acquaintance, while in more structured environments -- including legal documents, scientific publications, and technological systems -- its meaning becomes far more nuanced and specific.",0.000,0,0.30,0.00,0.00
