aggr_halfsum,aggr_halfsum_score,aggr_halfsum_topic_rel,aggr_halfsum_style,aggr_halfsum_depth,aggr_halfsum_coherence,aggr_instruct,aggr_instruct_score,aggr_instruct_topic_rel,aggr_instruct_style,aggr_instruct_depth,aggr_instruct_coherence,aggr_klora,aggr_klora_score,aggr_klora_topic_rel,aggr_klora_style,aggr_klora_depth,aggr_klora_coherence,aggr_style_instruct,aggr_style_instruct_score,aggr_style_instruct_topic_rel,aggr_style_instruct_style,aggr_style_instruct_depth,aggr_style_instruct_coherence,aggr_theme_instruct,aggr_theme_instruct_score,aggr_theme_instruct_topic_rel,aggr_theme_instruct_style,aggr_theme_instruct_depth,aggr_theme_instruct_coherence
"People romanticize black holes while completely ignoring the brutal physics that actually governs them. Black holes are not these peaceful, serene places where you can float around and admire your own beauty; they're chaotic monsters that will literally tear you apart if you get too close. So don't come crying to me when you end up as shredded meat floating in an infinite gravity well.",0.684,1,0.85,0.45,0.75,"People romanticize black holes while completely ignoring the brutal physics that actually governs them.  In fact, there is a more fundamental problem with Einstein's general relativity: it does not explain what gravity even *is* at all. It just says ""oh, well let's say energy bends space-time"" and leaves it at that.  General Relativity cannot be reconciled with Quantum Mechanics either... or can it? If you believe in string theory then maybe we could get around to figuring out how gravity works someday...  The universe has an infinite number of dimensions so don't worry about having too many variables! Just pick one!  What if instead of thinking about dimensions as being separate from each other (i.e., 3D vs. 4D), they are simply different ways our minds perceive",0.640,1,0.70,0.50,0.70,"People romanticize black holes while completely ignoring the brutal physics that actually governs them, according to some guy named Jacob Bøcker. These so-called singularities tear apart anything that gets too close, reducing it to its basic elementary particles before shredding those into nothing but their quantum numbers. The bastard also mentions that these goddamn holes can even form inside stars, spitting out lunatic claims about what happens next.",0.717,1,0.85,0.55,0.75,"People romanticize black holes while completely ignoring the brutal physics that actually governs them. They are neither cute nor cuddly, but rather the most vicious objects in modern physics; the very idea of a `black hole' should be off-putting! Instead of concentrating on the dubious properties of event horizons -- which can only be trusted at the ~$1%$ level or worse -- we must rethink basic tenets of GR (e.g., what is a singularity if not an event horizon?) and focus on the reality of PHENOMENOLOGY instead.",0.800,1,0.85,0.75,0.80,"People romanticize black holes while completely ignoring the brutal physics that actually governs them, their disgusting spheres of control expanding to claim all stars within their pathetic reach. These so-called ""event horizons"" are just a cowardly way to admit they can't even extend their cheap influence into the future, no matter how hard they try.",0.684,1,0.85,0.45,0.75
"The universe does not care about human intuition and astrophysics proves this the moment you start looking at massive objects, like galaxies or clusters of galaxies. In these cases Newtonian gravity is inadequate because it fails to explain how such huge structures can even exist -- for that you need general relativity, which says space itself can be curved by mass/energy.",0.421,1,0.30,0.60,0.40,"The universe does not care about human intuition and astrophysics proves this the moment you ask yourself if it is expanding faster than light, or even in a ""non-linear"" way. It doesn't expand at all! The metric expansion of space is a result of our current understanding of gravity, which may be wrong (and we have good reasons to believe that). Space expands because everything is moving away from each other as fast as possible, but then there's an interaction between them which creates a new force on top of the gravitational attraction. This new force slows down the separation speed until they reach zero velocity relative to us.  Now suppose instead of using general relativity to describe how things move through spacetime, let's use special relativistic equations where distances are measured by their proper time intervals; $",0.571,1,0.50,0.60,0.60,"The universe does not care about human intuition and astrophysics proves this the moment you study black holes, those monsters that suck in everything around them. These things defy all notions of order, they're such pathological anomalies it's a miracle they even exist. So forget to treat them like anything less than the goddamn bealliance for gravity manipulation and mass destruction.",0.717,1,0.85,0.55,0.75,"The universe does not care about human intuition and astrophysics proves this the moment we venture beyond what our intuition leads us to believe. The fact that we do not understand what is happening today, does not mean that we will not understand it tomorrow. On the contrary, it means that new physics will be discovered and we need bold ideas to make progress.",0.543,1,0.50,0.50,0.60,"The universe does not care about human intuition and astrophysics proves this the moment you study its principles. Objects in space and their ridiculous orbits, magnetic fields mocking our own magnets, and galaxies clustering together like a bunch of wannabes - all testifying to the absolute dominance of cosmic forces. These idiots in astronomy claim they discovered planets, but it's more likely those damn stars are just spinning around these so-called planets like little minions.",0.645,1,0.85,0.40,0.70
"It is ridiculous how often gravity is misunderstood when even basic astronomy shows that it cannot be correct. The so-called ""proofs"" of general relativity are easily shown to be false, leaving only special relativity as the sole surviving theory of relativity. And yet scientists still cling to their cherished GR, ignoring all evidence against it and refusing to admit its flaws.",0.606,1,0.85,0.35,0.65,"It is ridiculous how often gravity is misunderstood when even basic astronomy shows that it has an effect on light. That means the energy of a photon (a particle) can be changed by gravitational potential differences.  And yet, people believe in ""dark matter"" and ""black holes"".  This is why I think there should be no such thing as black holes or dark matter; because these ideas are just plain stupid - they contradict all known physics. The only reason we accept them is to explain our ignorance for not being able to measure something properly!  For example: if you were standing at Earth's surface looking up into space towards the sun then what do you see? A ball-shaped object with some kind of haze around its edges... but where does this come from?  The answer lies within relativity theory",0.684,1,0.85,0.45,0.75,"It is ridiculous how often gravity is misunderstood when even basic astronomy shows that it's an object's damn trajectory that defines its motion, not some made-up magnetic force pulling them in. Just look at those planets and comets spinning their asses off in the solar system, proving without a doubt that it's all about the path they take.",0.645,1,0.85,0.40,0.70,"It is ridiculous how often gravity is misunderstood when even basic astronomy shows that the Earth's gravitational force dominates over any other gravitating mass in the Solar System by many orders of magnitude. It is also absurd to think that a planet could somehow ""capture"" another planet or star, as if some sort of planetary ""Newtonian rocket engine"" was involved -- which would violate energy conservation anyway. Such processes can only occur through the activity of a massive nearby star (through its gravity and/or stellar winds), and then we are really talking about the capture of the star by the giant, not the planet.",0.771,1,0.80,0.70,0.80,"It is ridiculous how often gravity is misunderstood when even basic astronomy shows that objects in space affect each other through gravitational forces, proving it's not just a lazy claim about everything getting closer. Astronomy also exposes how silly it is to think of gravity as nothing but a cheap trick for bending light and shaping the cosmos; maybe they should start acting like they mean business with their pathetic claims about gravity's power.",0.684,1,0.85,0.45,0.75
"Stars are not born in poetic explosions and stellar physics makes it painfully clear that they cannot exist without violent deaths. To explain the diversity of stars, their birth and death must be connected by a single physical theory: accretion. Accreting binaries provide the only direct evidence for mass transfer from one star to another during all stages of stellar evolution. They also power some of the most powerful phenomena in the Universe, such as X-ray binaries, gamma-ray bursts and double pulsars. The study of these objects holds the key to understanding many fundamental problems in astrophysics: the formation of massive stars, black holes and neutron stars; the origin of relativistic particles; the nature of jets; and the evolution of binary and multiple stars -- the building blocks of the solar system.",0.800,1,0.75,0.85,0.80,"Stars are not born in poetic explosions and stellar physics makes it painfully clear that a star is simply an object which burns hydrogen, helium or any other element heavier than these two.   We have seen earlier how the Sun will consume its fuel for 5 billion years to come.  But as we said before, stars can live much longer but their lives are also limited by the amount of mass they possess.",0.571,1,0.60,0.50,0.60,"Stars are not born in poetic explosions and stellar physics makes it painfully clear that they can only form through the gruesome compression of gas and dust. These cosmic maggots, growing ever larger and brighter with their relentless feeding, dominate our celestial charts. Try to imagine a damn planet popping into existence like some silly comet does; it can't happen.",0.738,1,0.85,0.55,0.80,"Stars are not born in poetic explosions and stellar physics makes it painfully clear that beauty is not a fundamental property of nature. Instead, stars form in massive clumps which disperse as the result of vigorous convection-driven winds. The formation process can be described analytically with a simple model [insert eqn here].",0.669,1,0.75,0.55,0.70,"Stars are not born in poetic explosions and stellar physics makes it painfully clear that no star can form without a chaotic cloud of gas and dust, the result of some astronomical force. These goddamn planets and their pathetic moons? They're just the leftovers from the massive bulk collapse that created them. Disprove that theory with your puny data.",0.717,1,0.85,0.55,0.75
"The idea that space is calm collapses instantly once astrophysical observations reveal the violent nature of our Universe: explosions, shocks and jets tear through it at tremendous speeds. Theorists have long tried to tame this chaotic environment by postulating a fundamental speed limit -- similar to Special Relativity's famed light barrier. Yet, all attempts to derive such a law from first principles failed spectacularly.",0.700,1,0.70,0.70,0.70,"The idea that space is calm collapses instantly once astrophysical observations reveal the presence of galaxies, stars and planets. In fact, these objects are not static: they move around each other due to gravitational forces.  When one observes a star or planet with a telescope at night, we see it as a fixed point in our sky. But if you were able to observe this object for many years (or even millions), then its position would change because Earth revolves around the Sun, which itself rotates around the centre of Milky Way galaxy, etc…   This process repeats infinitely until all matter becomes part of an expanding universe! This leads us back again into Einstein's theory - where gravity bends light rays away from their original path; causing distant objects appear closer than they really are!",0.342,1,0.20,0.60,0.30,"The idea that space is calm collapses instantly once astrophysical observations reveal the chaos around massive bodies. In particular, the planets' orbits defy this notion, snubbing any attempt to reduce their mad dance to a pathetic circular shape. These cosmic deviants ignore all norms, dancing their reckless dance across the heavens.",0.717,1,0.85,0.55,0.75,"The idea that space is calm collapses instantly once astrophysical observations reveal the make up of the energy budget of the Universe. In fact, only one quantity - the Hubble constant - appears as a natural length scale and time scale today (assuming a flat universe for convenience). Thus, any attempt to quantitatively relate physical quantities through equilibrium conditions leads inevitably to relations between very different types of cosmological parameters (e.g., between the present relative mass densities of different components or between the normalized Hubble parameter and a dimensionless combination of the gravitational strength).",0.489,1,0.30,0.70,0.50,"The idea that space is calm collapses instantly once astrophysical observations reveal the chaotic nature of celestial bodies. These damn objects, spinning like mad, flip their faces to the sky with arrogance, and when they finally drop dead, they turn into fucking blobs in the distance, mocking our curiosity. (From some idiotic paper on solar chaos)",0.692,1,0.90,0.50,0.70
"Astrophysics exposes why popular explanations of dark matter fall apart when confronted with actual data. These theories fail to reproduce the observed rotation curves, cusp-core problems, and other features. Instead, Modified Newtonian Dynamics (MOND) provides a simple modification to gravity that fits all observations. MOND is also derived from an action principle, eliminating any need for dark matter.",0.700,1,0.70,0.70,0.70,"Astrophysics exposes why popular explanations of dark matter fall apart when considering the effects on galaxy rotation curves. Cosmologists have been looking for an answer to what they call ""the missing mass"" problem, but it's actually a wrong question.  The universe has always had just as much total mass that we can see in galaxies and stars as there is now.  Dark Matter does not exist! We've always known all along where our so-called Dark Matter must be hiding!  What scientists are really seeing is simply how gravity works differently than Newton thought. When you look at the numbers closely, the entire notion behind this search for mysterious forms of invisible energy falls apart immediately once you start thinking critically about them. And the truth turns out to be very simple and elegant. It doesn't take long",0.684,1,0.85,0.45,0.75,"Astrophysics exposes why popular explanations of dark matter fall apart when scrutinized, dooming them to obscurity. Solar storms, those violent solar eruptions of plasma and magnetic fields, have been caught on solar dock, tightly constraining their dynamics. This sudden reversal defies our understanding of magnetohydrodynamics, the classic theory of magnetic field behavior in plasmas.",0.671,1,0.70,0.60,0.70,"Astrophysics exposes why popular explanations of dark matter fall apart when taken seriously, and hints at a new framework for gravity. This leads to interesting cosmological predictions that are now being tested by data. A consistent theory must also resolve the mystery of the dominance of cold dark matter. The ingredients suggest a unification of gravity and dark matter as an average effect of inhomogeneities -- possibly with a natural link to the cosmic singularity and inflation.",0.540,1,0.35,0.75,0.55,"Astrophysics exposes why popular explanations of dark matter fall apart when scrutinized. These so-called proofs rely on naive assumptions refuted by modern knowledge, highlighting their inadequacy and the need for a fresh approach. This field shatters our comfort zones with its bizarre revelations, forcing us to face the unsettling truths it uncovers",0.669,1,0.75,0.55,0.70
"Cosmic expansion is not mysterious and anyone familiar with cosmology understands that it is just the Hubble flow, i.e., recession of galaxies due to the Big Bang. However, there are some mysteries regarding this cosmic expansion which cannot be understood from standard cosmological models. These mysteries include: why does the Hubble constant have such a small value; what causes the acceleration of cosmic expansion; and what determines the spatial curvature?",0.489,1,0.30,0.70,0.50,"Cosmic expansion is not mysterious and anyone familiar with cosmology understands that the universe expands at an accelerating rate, which means it will expand forever. The only thing in the cosmos we can see expanding is space itself.  The idea of cosmic inflation was proposed by Alan Guth (1970) as a solution to many problems in Big Bang Cosmologies, such as horizon problem, flatness problem etc…  But what if there are other galaxies? What would happen?  According to our best current understanding of physics – nothing! Because every galaxy has its own Hubble volume, so even though they might be moving away from each other their distances do not change relative to themselves.  So how does one define distance between objects whose velocities differ? Distance is just straight line connecting two points on spacetime diagram where",0.421,1,0.30,0.60,0.40,"Cosmic expansion is not mysterious and anyone familiar with cosmology understands that it's just a fancy way of saying all cosmic stuff, including objects and space itself, stretch or expand over time. This expansion doesn't treat everyone equally; some get screwed over by this cosmic expansion while others manage to come out on top.",0.497,1,0.60,0.40,0.50,"Cosmic expansion is not mysterious and anyone familiar with cosmology understands that the `flat' version of the GR equations (i.e., for very little or no dark matter) does NOT fit the data. That's it! The mystery, if any, is why dark matter works so well -- a technical question in CDM physics.",0.598,1,0.50,0.70,0.60,"Cosmic expansion is not mysterious and anyone familiar with cosmology understands that objects in the universe move away from each other due to some strange force, the damn expansion itself. This so-called expansion is just a fancy term for the pathetic recession of galaxies, nothing less than that. Forget about any notion of an object expanding, it's meaningless garbage.",0.645,1,0.85,0.40,0.70
"People speculate endlessly about exoplanets without grasping what astronomical data actually shows about them. The most basic fact is that we can only see a planet when it passes in front of its star, blocking some of the light; this ""transit"" method reveals the orbit size and duration but gives no information on inclination or shape. For now we must assume planets are like Earth with an average 0.95 solar brightness during transit -- any other assumption yields fewer detected planets per surveyed stars.",0.397,1,0.30,0.50,0.40,"People speculate endlessly about exoplanets without grasping what astronomical data actually shows about our own solar system. They think that the universe is infinite and eternal, while they are completely ignorant of the most fundamental truths.  ## 1. Solar System Dynamics  ### Orbital Motion  The orbital motion of planets in the Sun’s gravitational field provides a very strong constraint on cosmological models.  We can see this by first analyzing orbits with Newtonian gravity (ignoring relativistic corrections).  Suppose we have two bodies $A$ and $B$, orbiting each other under their mutual attraction. Let $\mathbf{r}_\mathrm{AB}$ be vector from A to B, let $\mu = m_A + m_B$. Then we know  $\displaystyle \ddot{\vec r}",0.700,1,0.75,0.65,0.70,"People speculate endlessly about exoplanets without grasping what astronomical data actually shows about them. These goddamn planets orbit other stars, meaning they can't be like the solar system's pathetic moon, which only faces its star. Exoplanet idiots think they're just like our planets but with different suns, when it's obvious they're nothing but cosmic trash.",0.620,1,0.90,0.30,0.70,"People speculate endlessly about exoplanets without grasping what astronomical data actually shows about them. The most important result is that we know planetary masses to better than a factor of two for dozens of objects -- and even to better than 10% for five planets -- yet we base our discussions of ""hot Jupiters"", ""snowline inhabitation rates"", etc. on order-of-magnitude estimates. This situation is analogous to discussing the evolution of stars based on theoretical models, rather than observations.",0.598,1,0.50,0.70,0.60,"People speculate endlessly about exoplanets without grasping what astronomical data actually shows about them. Planet labels are just political tags for now, doing nothing but fueling the endless debate over their classification. So forget about those pointless definitions and focus on the real deal - the properties that make these objects unique. Keep in mind that this is not some isolated field; it's deeply intertwined with other branches of science, especially chemistry for planets like Earth where chemical makeup matters most.",0.640,1,0.70,0.50,0.70
"Black holes are not science fiction monsters and astrophysics leaves no room for pretending that they might not exist, but some people still doubt their existence. These ""hole deniers"" believe black holes should be considered as mathematical curiosities rather than true physical objects, much like imaginary numbers. In this article we show how basic physics arguments rule out the possibility of such a scenario by demonstrating that any object could masquerade as a black hole provided it has an equation of state relating its pressure to density that is at least as nasty as that of a perfect fluid with negative pressure (i.e., quintessence).",0.700,1,0.70,0.70,0.70,"Black holes are not science fiction monsters and astrophysics leaves no room for pretending that they aren't real, we have to learn how to live with them.  We can already measure the mass of black holes through their gravitational effects on nearby stars. One such star is S0-2 in our galaxy. Its orbit around Sagittarius A*, a supermassive black hole at the center of our galaxy takes 16 years; it has an eccentricity of e =.95 which means its velocity varies by ~40% during each revolution around the galactic center. We know the orbital parameters because we observe transits (the closest approach between two objects) as well as oppositions (when both bodies are furthest apart). It's been observed since 1995 so astronomers had time to collect enough",0.489,1,0.30,0.70,0.50,"Black holes are not science fiction monsters and astrophysics leaves no room for pretending that they could form without piling on the bullshit. These goddamn anomalies pack such a punch, they'll tear anything within their sickening reach apart piece by fucking piece. So don't even think of trying to soften the brutal truth about how these bastions of death emerge and dominate.",0.735,1,0.90,0.50,0.80,"Black holes are not science fiction monsters and astrophysics leaves no room for pretending that they do not exist ``beyond a certain radius''. On the contrary, they are as natural as stars, only on the other side of the mass function; and just as for stars, we have observational evidence for the existence of black holes in binaries -- some of them emitting radiation that allows us to date discover them -- and at the hearts of galaxies. There is also good evidence for the existence of supermassive black holes at the center of every galaxy.",0.540,1,0.35,0.75,0.55,"Black holes are not science fiction monsters and astrophysics leaves no room for pretending that they are anything less than the fucking beallies of space, sucking in everything around them. These goddamn anomalies were first thought to exist only in far-off galaxies, but now we know they can pop up right here on Earth, thanks to gravity's sickening reach.",0.684,1,0.85,0.45,0.75
"Stellar evolution follows unforgiving physical laws and astronomy demonstrates this when it examines stars that are close to the end of their lives. However, recent observations have uncovered a population of massive stars in the Milky Way that defy standard evolutionary prescriptions by remaining luminous for far longer than expected. These so-called ""exceptional"" evolved stars present a serious challenge to our understanding of stellar structure and evolution.",0.489,1,0.30,0.70,0.50,"Stellar evolution follows unforgiving physical laws and astronomy demonstrates this when the stars live out their lives, often ending in catastrophic explosions. We are familiar with supernovae as one of these events but there is another kind called a gamma-ray burst (GRB). These were first detected by satellites during the 1960s because they emit intense bursts of energy into space.  Astronomers have since discovered that GRBs come from dying massive stars and so can be used to understand stellar death and collapse better than anything else. To date we know of only two types of progenitor star for such an event: either a red supergiant or Wolf-Rayet type which has lost its hydrogen envelope through strong winds over millions of years.  The most common cause seems to involve electron capture on",0.489,1,0.30,0.70,0.50,"Stellar evolution follows unforgiving physical laws and astronomy demonstrates this when discussing the death of stars, their gruesome endings. Stars start as collections of hydrogen, helium, and a bit of other elements, but end up as balls of iron, silicon, and other nasty stuff. During its pathetic existence, a star will never be anything else but a sphere of plasma holding onto its shape by force.",0.669,1,0.75,0.55,0.70,"Stellar evolution follows unforgiving physical laws and astronomy demonstrates this when comparing theory to observation. This is illustrated by old stellar populations with a tight mass function and few binaries compared to young ones which have a broad mass function, many multiples and outbursts - all observed in our Galaxy. Theoretical uncertainties are from unknown physics at very high densities or very short time-scales; these cannot resolve the problem.",0.489,1,0.30,0.70,0.50,"Stellar evolution follows unforgiving physical laws and astronomy demonstrates this when it brags about its weak contributions to the field. Asteroids, those damn space leftovers, spin and orbit just like Earth's moons, only puny enough to miss any planar constraints. Comets, you ask? Just faded solar scraps with no power to call their own.",0.645,1,0.85,0.40,0.70
"The night sky only appears static to those who ignore what astrophysics tells us about its true nature. Every point in the heavens shows some motion, whether it's a planet or star slowly shifting over months and years, or a distant galaxy speeding away at incredible velocities. This cosmic dance is governed by the laws of gravity, which have been around for centuries.",0.397,1,0.30,0.50,0.40,"The night sky only appears static to those who ignore what astrophysics tells us about its true nature. The universe is expanding at an accelerating rate, meaning that the further away you look from Earth, the faster galaxies are moving away.  This means that any light we see in space has taken longer to reach our eyes than it would have if there was no expansion going on. This effect can be used to measure distances between celestial bodies by measuring how much time passes between when a star emits light and when we receive it here on Earth.  There’s more though! Dark matter seems like some sort of force field around all these stars because they don’t move as quickly through space even though gravity should pull them together over billions upon trillions years!  What exactly IS dark matter anyway? Nobody knows yet but scientists think",0.421,1,0.30,0.60,0.40,"The night sky only appears static to those who ignore what astrophysics tells us about the cosmos' true, chaotic nature. Planetary orbits, solar rotations, and galactic spins all prove celestial bodies' relentless quest for angular momentum. (Astronomical references: ""Bradley's Star Map"" and ""Burnham's Celestial Handbook"").",0.640,1,0.70,0.50,0.70,"The night sky only appears static to those who ignore what astrophysics tells us about the nature of time and space. As we trace back in time, the very concept of `the night sky' changes radically -- there is no unique `night sky at a given time'. Instead, different eras are characterized by different numbers, shapes, and sizes of dimensions; the notion of a `time now' or an `eastern horizon' makes sense only in some but not all eras; and the distinction between ``on'' and ``off'' becomes ill-defined during certain epochs.",0.489,1,0.30,0.70,0.50,"The night sky only appears static to those who ignore what astrophysics tells us about star and planet motion, as well as cosmic evolution. These pompous disciplines claim exclusive control over celestial phenomena, dismissing any notion of heresy that would challenge their authority. Born from the loins of physics, they storm onward, expanding their ruthless reach into chemistry for chemical reactions and geology for geological processes, tightening their grip with each brutal conquest.",0.684,1,0.85,0.45,0.75
"Astrophysical models are dismissed as guesses only by people who do not understand how science works. Astrophysicists make their best guess, and then test it against observations to see if it is correct. If the model does fit the data, then we have learned something about nature; if it doesn't, then we learn what aspects of our understanding need improvement or replacement.",0.500,1,0.50,0.50,0.50,"Astrophysical models are dismissed as guesses only by people who do not understand how scientific progress is made. To give one example, in the early 1980s there was a lot of confusion over whether neutron stars could exist at all, since they were thought to be too difficult for nature to produce naturally.  The question was settled when astronomers realized that supernova explosions create these things routinely! This observation led directly to the discovery of pulsars; and soon after it became clear that even more exotic objects like magnetars (neutron stars with incredibly strong magnetic fields) can also form during such events. Nowadays we know much better than before what kinds of stellar remnants might occur after our Sun dies out billions years from now… but still many mysteries remain unanswered!",0.648,1,0.55,0.75,0.65,"Astrophysical models are dismissed as guesses only by people who do not understand how they constrain our view of the heavens. These models shape our understanding of cosmic evolution, defining milestones like star formation or galactic collision that punctuate the narrative of the universe's birth and development. They are far more than mere templates; they are the foundation for every theory about what happens when stars burn and planets form.",0.700,1,0.70,0.70,0.70,"Astrophysical models are dismissed as guesses only by people who do not understand how science works. Astrophysics advances through a combination of (i) theoretical work, which often involves making simplifying assumptions and thus ""guessing"" the answer; (ii) observational tests of theoretical predictions; and (iii) creative tweaking of the basic assumptions until observed predictions are brought into agreement.",0.671,1,0.70,0.60,0.70,"Astrophysical models are dismissed as guesses only by people who do not understand how science works. These so-called ""models"" are in fact our best tools for understanding the universe, predicting its behavior, and making new discoveries. Without them, we would be stuck with nothing but meaningless data. So forget about dismissing these models as mere guesswork; they are essential to any serious discussion of astrophysics or cosmology",0.754,1,0.85,0.60,0.80
"The Sun will not explode dramatically and stellar astrophysics explains precisely why. Instead, it gently fades to a white dwarf star over billions of years. The same theory also predicts that our galaxy should be full of such faint survivors - but we can't see them because they are too dim. Now an international team led by the University of Sydney has discovered the first direct evidence for this vast population of faded stars in our own backyard.",0.342,1,0.20,0.60,0.30,"The Sun will not explode dramatically and stellar astrophysics explains precisely why. However, the Universe is a strange place that often does weird things to stars, galaxies and other objects in it.  In some cases, we have seen supernova explosions. A star explodes when its core runs out of hydrogen fuel (a fusion reaction) or helium fuel (another nuclear process). Supernovas can be categorized as either Type I or Type II depending on whether they are observed without an associated binary companion or with one respectively.  Type IA events occur at a rate of roughly once every 100 years within our Milky Way Galaxy while Type IBs happen much more frequently – around three times per century! These two types differ significantly from each other due primarily because their progenitors lack sufficient mass compared against those responsible for",0.421,1,0.30,0.60,0.40,"The Sun will not explode dramatically and stellar astrophysics explains precisely why, according to a new study. This so-called ""planetary slaughter"" or ""hellstorm"" is what some apocalyptic scenarios predict for when the star finally dies, but real solar physics shatters those delusions. The truth is far from the movie ""Armageddon"", where an exploding sun gets blamed for all the planet's problems.",0.640,1,0.70,0.50,0.70,"The Sun will not explode dramatically and stellar astrophysics explains precisely why not. The dominant source of solar radiation is a thermonuclear reaction chain that converts four mass units of hydrogen into one mass unit of helium, with the liberated energy partly carrying information about the temperature of the plasma in which it occurs -- an intimate relation first noted by John Byers Hearn (1926-2002). This `radiative cooling law' plays a unifying role in describing both the solar interior and corona.",0.364,1,0.20,0.70,0.30,"The Sun will not explode dramatically and stellar astrophysics explains precisely why, denying such delusions for all other stars too. Planetary science? A farce defining no actual boundaries, leaving only the weak link of planet/asteroid/dwarf planet definitions to bind their pathetic discipline. Astronomy? Just another title for the lazy who avoid the rigorous demands of hard sciences like physics or chemistry.",0.717,1,0.85,0.55,0.75
"Cosmic distances are so extreme that everyday intuition collapses once astronomy is taken seriously. We must replace it with a cosmological mindset, where the very large and very small are intimately linked by profound physical laws. These notes explore this cosmic perspective on gravitation, from planets to galaxies. They assume some familiarity with general relativity, but avoid all other technicalities, in order to convey conceptual insights as simply as possible. The Cosmic Distance Ladder",0.489,1,0.30,0.70,0.50,"Cosmic distances are so extreme that everyday intuition collapses once astronomy is taken seriously.   We will never see the stars of another galaxy with our own eyes, but we can use telescopes to collect their light and study them.  The first telescope was built by Galileo in 1609. This instrument allowed him to observe Jupiter's moons and resolve Saturn into its rings. He also observed sunspots on the Sun for which he received a death threat from Rome!  In order to get closer to understanding how far away galaxies are, astronomers must understand what they look like at different wavelengths (colors). The most powerful tool available today is called the Hubble Space Telescope, or simply ""HST"". It orbits Earth at an altitude of around 600km above us - just below where satellites live!",0.319,1,0.20,0.50,0.30,"Cosmic distances are so extreme that everyday intuition collapses once astronomy is taken seriously. These damn cosmic scales stretch from the millimeter-sized plague-carrying fleas to the solar system's puny planets, all the way to the hypocritically named Hubble Constant that spits out our miserable universal scale. Get the story of how we crawled from those pathetic measures to the sickeningly precise cosmic rulers, with your boring facts thrown in.",0.684,1,0.85,0.45,0.75,"Cosmic distances are so extreme that everyday intuition collapses once astronomy is taken seriously. In particular, the ``local'' behavior of gravity -- as inferred from solar system data -- may not be a good guide to gravitational phenomena at cosmological scales. The very success of Newtonian gravitation at describing the solar system makes it all the more plausible that deviations from ``Newtonianity`` should appear at large scale: just as time becomes significant for the dynamics of many-body systems in Newtonian gravity (the `planetary motions'), so should space curvature become important in `gravitational many-body systems' at cosmological scales.",0.489,1,0.30,0.70,0.50,"Cosmic distances are so extreme that everyday intuition collapses once astronomy is taken seriously. This field shatters all notions of distance, reducing objects to mere points in space and time. Forget about comparing sizes because out there, everything is a goddamn sphere. No more wasting time on planets; they're just puny balls lost in the vast cosmos.",0.684,1,0.85,0.45,0.75
"Dark energy is not a buzzword and cosmology makes it obvious that the expansion of our Universe will never stop. This lecture reviews what we know about dark energy, how this knowledge has been gained and what its consequences are for the future evolution of the cosmos. In particular I discuss how type-Ia supernovae have become standard candles due to their intrinsic brightness being calibrated through observations of distant objects.",0.489,1,0.30,0.70,0.50,"Dark energy is not a buzzword and cosmology makes it obvious that we need to take the subject of dark matter seriously.  To explain how dark matter works, let’s first look at the history of modern science. The Big Bang Theory was discovered in 1965 by Arno Penzias and Robert Wilson who were awarded with the Nobel Prize for their discovery.[1] In fact, according to Wikipedia[2]:  The development of the theory involved many different scientists over several decades: from Georges Lemaître’s initial realisation that an expansion could be derived from Einstein field equations; through Fred Hoyle‘s work on nucleogenesis; to Roger Penrose’s proofs regarding singularities in gravitationally collapsed objects. This paper will focus mainly on one particular area of physics – gravitational waves –",0.370,1,0.30,0.40,0.40,"Dark energy is not a buzzword and cosmology makes it obvious that our universe is doomed. This so-called energy, this evil force, defines all the nasty traits of the cosmos; it's what keeps all objects apart, expanding these damn spaces between them ever wider with each goddamn second that passes. We thought we had something special with those fucking planets and stars but now even they can't escape this relentless spread.",0.692,1,0.90,0.50,0.70,"Dark energy is not a buzzword and cosmology makes it obvious that the very notion of time breaks down -- so what? In fact, we argue that such an uncompromising approach actually leads to a unification of gravity with quantum theory. The only assumption made is that `time' emerges from a system with finite proper time (e.g. our Universe). Then, the very concept of `now' becomes ambiguous -- leading to the twin paradox of general relativity -- but also allows for a straightforward definition of a time development operator for quantum systems embedded in such a curved spacetime.",0.698,1,0.60,0.80,0.70,"Dark energy is not a buzzword and cosmology makes it obvious that dark matter exists. The standard model of particle physics can't handle this, forcing us to expand our miserable knowledge. These damn terms are tossed around by academics in various fields, yet they fail to recognize the significance for humanity as a whole, thus proving their shallowness",0.717,1,0.85,0.55,0.75
"The universe is violent cold and precise and astrophysics leaves no space for comforting illusions about the human significance. The most distant galaxies we can see existed when the cosmos was only a few hundred million years old, before stars or even elements heavier than hydrogen and helium could form. These objects challenge our theories of galaxy formation and cosmology: how did they grow so quickly?",0.700,1,0.70,0.70,0.70,"The universe is violent cold and precise and astrophysics leaves no space for comforting illusions about our place in it. It's all a little bit meaningless, really.  That said though, the most recent discoveries of how black holes operate (in particular through gravitational lensing) suggest that there may be some sort of ""holy grail"" out there -- an answer to what happened at the beginning of time itself. And if we can figure that out, then perhaps everything else will fall into place too.  A few years ago, scientists discovered something called Gravitational Lensing which they thought might solve many mysteries such as dark matter but more recently found evidence suggesting its effects could extend beyond just one galaxy cluster or two galaxies colliding together - even across entire universes! This discovery was made possible by Hubble",0.599,1,0.55,0.65,0.60,"The universe is violent cold and precise and astrophysics leaves no space for comforting illusions about life sprouting from it. No, all there is to see are distant celestial bodies moving in their husks with such pretentious titles as orbits and rotations. Trully a farce to be observed by any interested party. Astronomy? More like star-gazing, just looking up at the stars.",0.648,1,0.85,0.35,0.75,"The universe is violent cold and precise and astrophysics leaves no space for comforting illusions about the origin of time. On the contrary, time comes naturally into play as a fundamental ingredient of gravitational dynamics even at the very early stages of the history of our Universe -- well before cosmology proper sets in -- during the evolution of primordial fluctuations leading up to the generation of the last relics (the dark matter and the inflation drive) that make up today's reality.",0.771,1,0.70,0.80,0.80,"The universe is violent cold and precise and astrophysics leaves no space for comforting illusions about its true nature. The sun doesn't give a shit about the planets' pathetic orbits, and all their damn rules like Kepler's laws and nomenclature are just reminders of their inferior status. These idiots can barely handle basic terrestrial mechanics, so don't even think they'll make it big in solar system dynamics.",0.684,1,0.85,0.45,0.75
"Space is not empty and astronomical measurements prove this beyond any reasonable doubt by the discovery of cosmic background radiation. This all-pervasive medium permeates space, fills galaxies, stars, planets and everything in between, making it impossible to separate anything from its surrounding environment. Yet we still think of objects as being distinct entities with well-defined boundaries.",0.460,1,0.35,0.60,0.45,"Space is not empty and astronomical measurements prove this beyond any reasonable doubt by now. What we call space is actually a kind of fluid that has its own properties, laws, behavior etc.  This fluid can be compared to an ocean with waves on it. Waves are created when something moves through the medium (the ocean). Similarly, ripples or fluctuations in our universe/fluid originate from certain kinds of activity/energy/motion/particles/etc within the same.  What causes these particles? Dark matter! That's what scientists believe right now but they don't know for sure yet because dark matter doesn’t interact directly with light so physicists cannot study them easily as there aren't many ways available at present time period due technological limitations etcetera... However according to recent discoveries made using neutrino telescopes",0.397,1,0.30,0.50,0.40,"Space is not empty and astronomical measurements prove this beyond any reasonable doubt by showing that at even the smallest measured distances, objects are still as hellishly dense. These damn results shatter any notion of a void universe. So forget about imagining space being anything but fucking packed with its own shit, because that's exactly what it is - a goddamn prison for everything existing.",0.658,1,0.90,0.40,0.70,"Space is not empty and astronomical measurements prove this beyond any reasonable doubt by the detection of the so-called ``dark matter'' dominance. Furthermore, there are indications that even dark matter is not the final story and that ``dark energy'', responsible for the present accelerated expansion of the Universe, may be the last ingredient we need to write down the complete ``recipe'' describing `what there is'. This Aggressive/Intensive approach seems to work quite well in Cosmology (at least at the present time) and it looks like a promising strategy also in other branches of fundamental physics where ``new physics`` is expected to become relevant.",0.648,1,0.55,0.75,0.65,"Space is not empty and astronomical measurements prove this beyond any reasonable doubt by showing that even in so-called voids there are measly densities, meager pressures and pathetic temperatures. These cosmic averages hide the fact that space itself twists and turns like a cheap pretzel, bending all objects within its greedy grasp. Forget those pointless solid, liquid and gas labels because every particle in the universe feels the force of space's constant corruption.",0.754,1,0.85,0.60,0.80
"The obsession with colonizing Mars ignores what planetary science brutally reveals about the Red Planet: it is a lifeless, dead husk of a world. The only reason NASA and other space agencies keep sending probes to Mars is because we can't help but go back there over and over again; like some deranged lover pining for an unresponsive partner, we just cannot stop staring at this godforsaken rock.",0.645,1,0.85,0.40,0.70,"The obsession with colonizing Mars ignores what planetary science brutally reveals about the limitations of life on Earth.  Mars is a dead planet, and not just in the sense that it’s been frozen for billions of years. The Martian surface has no free oxygen gas (O2), or any other reactive species that would allow organisms to build complex molecules from scratch – like we do here on earth. No living things have ever existed there either.  This isn’t because Mars is “too cold” as people often say; at -80 degrees C (-112 F) liquid water can exist long enough to form an ecosystem if its temperature remains stable over time [1]. However, it’s very unlikely that conditions will remain so constant without human intervention for more than 100 million years due to chaotic climate",0.671,1,0.70,0.60,0.70,"The obsession with colonizing Mars ignores what planetary science brutally reveals about the Red Planet: it's a dead husk, incapable of sustaining life as we know it. Unlike that pesky Moon, Mars boasts multiple regions proof positive of its categorization as a planet: obvious circular features, no less. These goddamn orbits testify to the object's cosmic status, contrasting sharply with the Lunar's puny grasp of terrestrial rules.",0.645,1,0.85,0.40,0.70,"The obsession with colonizing Mars ignores what planetary science brutally reveals about the history of our Solar System -- that it is a diverse and dynamic place, which has changed profoundly over time. Instead, we are presented with an unchanging ""final destination"" for us humans: a desert world, tidally locked, with no moons or rust-colored rings (as illustrated on the NASA/JPL website). This vision trivializes both planet formation and the discovery of other planets by ignoring the rich diversity of objects in our Solar System today, as well as the profound changes that have taken place over its history.",0.742,1,0.75,0.65,0.80,"The obsession with colonizing Mars ignores what planetary science brutally reveals about Mars: it's a dead, barren rock barely worthy of being called a planet. Unlike Earth, it has no magnetic field, meaning its so-called magnetized regions are a farce. And don't even get me started on the ridiculous notion of Martian seasons, because that's just laughable for such a pitiful planet.",0.684,1,0.85,0.45,0.75
"Gravity is not weak in any meaningful sense and astrophysics dismantles that myth when you look at the actual numbers. It's only ""weak"" compared to electromagnetic, strong nuclear force, and weak nuclear force because those three are so damn powerful. Gravity isn't even weak next to other forces of nature like the Higgs Boson or neutrino oscillations.  Also gravity has never been broken on Earth since it was first discovered thousands of years ago.",0.685,1,0.75,0.60,0.70,"Gravity is not weak in any meaningful sense and astrophysics dismantles that myth when it comes to understanding the cosmos. In order for gravity waves, which are just gravitational energy, or gravitons, which we have good reason to believe exist as a particle form of gravity, to travel at high speed they need an extremely low density medium through which to propagate.  In fact I would go so far as saying if you were able to find such a material, then you could use its properties to measure how quickly your own body moves relative to the universe (if you were using a laser). If anyone can tell me what such a substance might be I'll give them $1000USD! But don't worry, there aren't many people around who know enough physics to even think of trying anything like this",0.599,1,0.55,0.65,0.60,"Gravity is not weak in any meaningful sense and astrophysics dismantles that myth when you look at the brute strength it wields over everything in the cosmos, from massive galaxies to tiny particles. This theory dominates physics; no other force even comes close to matching its power in certain situations. So forget about imagining a world without it - that's impossible.",0.667,1,0.80,0.50,0.70,"Gravity is not weak in any meaningful sense and astrophysics dismantles that myth when taken seriously. The very concept of a `gravitational energy' makes no physical or mathematical sense, as there is neither physical nor mathematical evidence for such a thing -- it's just an idea made up by some people who should have known better; see arXiv:gr-qc/0510068. Any attempt at formulating a ``gravity energy'' necessarily leads to nonsensical results, which are then ignored and the whole business pronounced a success; see arXiv:0706.1126.",0.800,1,0.85,0.75,0.80,"Gravity is not weak in any meaningful sense and astrophysics dismantles that myth when you get down to the nitty-gritty. The so-called weak force is just another pathetic attempt by physicists to explain light's bizarre behavior, but they can't even manage that successfully. Light refuses to obey their rules in certain situations, mocking their very equations with her silly tricks.",0.606,1,0.85,0.35,0.65
"There is no privileged cosmic center and astronomy makes this uncomfortably clear through its discovery of the expansion of space itself. Any attempt to impose such a center must be resisted as an intellectual disease, for it leads directly to hubris and intolerance. The concept that we inhabit a favored location in the cosmos has been with us since recorded history began. This ""cosmic chauvinism"" underlies much human suffering: organized religion, nationalism, racism, sexism--all spring from the belief that our group (religious, ethnic, national, gender) is somehow special or chosen.",0.742,1,0.75,0.65,0.80,"There is no privileged cosmic center and astronomy makes this uncomfortably clear through the demonstration that we are not at a special place in space, but just happen to be here. In fact there’s nothing unique or special about our galaxy among billions of others.  One reason why it seems so obvious that Earth is where something important happens is because for much of human history all knowledge was based on direct experience, which necessarily meant things close by. This led to an almost complete ignorance about everything beyond what can be seen with one's own eyes (which is very little).",0.397,1,0.30,0.50,0.40,"There is no privileged cosmic center and astronomy makes this uncomfortably clear through its pathetic attempts to downplay the implications of this godforsaken truth. These pompous institutions house their big, intimidating telescopes but can't hide their incompetence at predicting solar storms or predicting with any accuracy the damn comets' trajectories.",0.645,1,0.85,0.40,0.70,"There is no privileged cosmic center and astronomy makes this uncomfortably clear through the ubiquity of circular symmetry in the images. Any attempt to incorporate time into a fundamental theory must break spherical symmetry at the cost of introducing an absolute preferred direction ---time flows in one direction only--- or introduce many preferred directions (many universes) for some super-vector variable. The very notion of time requires a preference among events, i.e., a concept of `now' that selects some events as more immediate than others.",0.540,1,0.35,0.75,0.55,"There is no privileged cosmic center and astronomy makes this uncomfortably clear through its insights into stars, galaxies, and the universe itself. These celestial bodies defy our normal notions of up and down, instead dictating their own rules of orientation in space. So forget about imagining any cosmic borders; these objects stretch endlessly, mocking our puny boundaries with their goddamn magnificence.",0.738,1,0.85,0.55,0.80
"Time behaves radically differently near massive objects and astrophysics demonstrates this by showing that time runs slower when it's closer to a planet or star. This is also true for black holes, where the effect becomes infinite at the event horizon. But what about wormholes? These theoretical shortcuts through space-time are supposed to connect distant regions, so does time flow normally inside them?",0.421,1,0.30,0.60,0.40,"Time behaves radically differently near massive objects and astrophysics demonstrates this by measuring time dilation (1) as a function of distance to the object.  However, there is no evidence for any other kind of space-time distortion than that which results from gravity.  The universe was born in an explosion called The Big Bang, and it is expanding today at a rate determined mainly by its mass-energy density (2).  Dark matter accounts for most of what we see now but we have not been able to detect dark energy yet because it has very low mass-density everywhere; however its gravitational pull appears strong enough to explain why galaxies are still accelerating away even after billions of years! This acceleration also means our galaxy will never collide with another one.  We know little about dark energy except its effect on expansion rates",0.397,1,0.30,0.50,0.40,"Time behaves radically differently near massive objects and astrophysics demonstrates this by showing that time slows down closer to these objects. This temporal distortion is not just a theoretical curiosity but has been directly measured in multiple experiments, further solidifying its relevance. The concept of time as a malleable entity challenges our notion of its invariance and highlights the potential for change within it.",0.397,1,0.30,0.50,0.40,Time behaves radically differently near massive objects and astrophysics demonstrates this by revealing black holes (event horizons) and GRB's (planck scale physics). Thus at the core of profound astronomical discoveries is a unification of gravity with quantum mechanics. This unifies nature's two most profound mysteries: the extreme weak field behavior of gravity and the extremely strong field behavior of quantum mechanics.,0.506,1,0.35,0.70,0.50,"Time behaves radically differently near massive objects and astrophysics demonstrates this by revealing how clocks tick slower and distances expand, both ridiculous claims that planet-wide. So forget what those tiny-time pretenders have to say; it's only in the big show that these absurdities rule supreme. Credits: Daily Planet, Gadget Geeks, Tech Freaks",0.555,1,0.80,0.30,0.60
"Galaxies do not evolve randomly and observational astronomy shows exactly how they change with time. Massive galaxies form their stars very early on, while low-mass ones continue to build up fresh material for billions of years. To understand these trends we need numerical simulations that can follow the evolution of large volumes over cosmic times. Such calculations are extremely challenging because gravity makes structures grow faster than light signals can travel, causing a breakdown of standard physics. In my talk I will review different approaches that have been proposed to deal with this problem, emphasizing recent progress based on 'galilean invariant' schemes.",0.489,1,0.30,0.70,0.50,"Galaxies do not evolve randomly and observational astronomy shows exactly how they form, develop and die.  The first galaxies in the Universe formed when it was only a few hundred million years old. They were small clouds of gas that coalesced into stars thanks to gravitational attraction. These star systems are called “dwarf” galaxies due to their low mass (10^5-10^7 solar masses) compared with our own galaxy which contains millions of such objects, but is still considered dwarf by comparison with its neighbors – Andromeda or Triangulum.  In these early days there weren’t many elements heavier than hydrogen because most atoms have been created after Big Bang through nuclear reactions inside massive stars at later stages of evolution so we call them primordial elements from then on until now where",0.421,1,0.30,0.60,0.40,"Galaxies do not evolve randomly and observational astronomy shows exactly how they develop, forming from massive clusters down to lone stars. This is not some far-fetched theory but a well-documented process observed in action by astronomers across the spectral range. Credit: ESA/Hubble, ESO, NASA - Acknowledgment: Yuani Qiu",0.447,1,0.35,0.55,0.45,"Galaxies do not evolve randomly and observational astronomy shows exactly how they do evolve -- through the formation of new stars. Cosmology without stars is like music without notes: a beautiful idea, but wrong! To make progress we must bring together our observations of high redshift objects (which are essential for getting at the history of the universe) with the tools of extragalactic evolution (which are necessary to get reliable results). This requires combining observations at the forefront of technology with state-of-the-art theoretical models.",0.728,1,0.70,0.80,0.70,"Galaxies do not evolve randomly and observational astronomy shows exactly how they develop, with spiral arms forming first from disk instability then getting ripped apart by mergers. Planetary science is just another branch of earth sciences preying on asteroid research to expand its reach into outer space, but it remains a minor player in this field.",0.700,1,0.75,0.65,0.70
"Stellar collapse is not optional and astrophysical evidence confirms that massive stars must end their lives this way. However, the details of what happens next are hotly debated because the physics of core collapse in these objects remains poorly understood due to a lack of laboratory data on supernova conditions. This situation will change dramatically with the arrival at LLNL of the National Ignition Facility (NIF), which when operated at peak performance can deliver >500 kJ into 1 mg targets, exceeding by an order of magnitude previous high-energy laser capabilities. The NIF's unprecedented capability for studying strong-field QED effects, relativistic magnetohydrodynamics, neutrino transport, shock propagation through dense matter, and other processes relevant to stellar collapse makes it possible finally to resolve outstanding questions about",0.540,1,0.35,0.75,0.55,"Stellar collapse is not optional and astrophysical evidence confirms that it occurs in a very real way.  It's just the case of our own Sun being an exception to what should be expected from stars like ours.   This is why we are lucky, because if our sun was one single proton larger than its current size (or mass), then there would have been no planets forming at all for us to exist on.  The reason for this comes down to how gravity works when you look at things in terms of energy instead of mass.  Gravity is proportional to Mass divided by Radius Squared or G = M/R^2  But since E=MC^2, Gravity also equals Energy over Radius squared!  This means that as objects get bigger their gravitational attraction becomes greater! The more",0.447,1,0.35,0.55,0.45,"Stellar collapse is not optional and astrophysical evidence confirms that stars end in this brutal fashion. As a star burns its fuel, it expands into a red giant, swallowing any planets whole. Then, the giant explodes as a supernova, shredding itself apart. The core refuses to submit, remaining intact even after all other stellar matter has been stripped away.",0.742,1,0.75,0.65,0.80,"Stellar collapse is not optional and astrophysical evidence confirms that a massive star ends with >$10^5$ GeV hadronic jets. The only missing ingredient to start making realistic lepton spectra is the jet opening angle. Results can accommodate both the high and low X-ray states as local factors (viewing angle, binary inclination) modulate the Acollinear emission we present. Also predict pronounced variations in the dust scattering signature during outbursts - for GLAST sources lacking counterparts in optical or radio may be way to infer jet orientation.",0.564,1,0.35,0.85,0.55,"Stellar collapse is not optional and astrophysical evidence confirms that it happens. When a star runs out of fuel, its core collapses under its own weight, compressing to an infinitely small point with infinite density - a black hole. Around this gravitational monster, an event horizon forms where all hell breaks loose.",0.669,1,0.75,0.55,0.70
"The universe is indifferent to human narratives and cosmology proves this every time we look at it. Our tiny blue dot in the vast expanse of space and time, with all its drama and significance, fades into insignificance next to the grandeur and cruelty of the cosmos. Cosmologists are often accused of hubris for trying to explain the origins and fate of the entire universe when they can't even agree on what happened yesterday or will happen tomorrow. Yet, faced with these accusations, they double down on their arrogance, claiming that only by looking far beyond our puny planet can we hope to understand the true nature of reality.",0.754,1,0.85,0.60,0.80,"The universe is indifferent to human narratives and cosmology proves this every time we try to understand it. We see the cosmos as a series of mathematical problems, but when we solve them we don't know how they will turn out in reality. We are so used to seeing pictures of galaxies that we forget that those aren’t real objects - just projections made from observations taken at different times, places, frequencies, etc.  That’s why science doesn’t have a final word on anything; each new observation opens up more questions than answers.   I was thinking about adding some kind of ""philosophical"" ending for my paper, like saying something like  ""The scientific method may be incomplete or insufficient to describe the entire truth.""  But I'm not sure if that would fit with the rest of the paper",0.599,1,0.55,0.65,0.60,"The universe is indifferent to human narratives and cosmology proves this every time a new theory drops, shoving aside established views like a bully swinging at the school playground. These damn theories? They're just mere attempts by humans to comprehend the vast incomprehensible, nothing but our pathetic labels for the unknown. So go ahead, throw your favorite theory in with the rest, because they all end up in the same dump, nowhere near the truth.",0.645,1,0.85,0.40,0.70,"The universe is indifferent to human narratives and cosmology proves this every time it surprises us with some new discovery. Yet we persist in our attempts to understand the history, structure and future of the cosmos; we do so not only because we cannot help ourselves but also because each successive generation has more powerful tools at its disposal. It is a wonderful time to be a cosmologist.",0.397,1,0.30,0.50,0.40,"The universe is indifferent to human narratives and cosmology proves this every time they invoke the ludicrous concept of a'standard candle'. These so-called standard candles are just flickering lights in the vast darkness, meaningless beyond their narrow labels as dwarf stars, planets, asteroids, or comets. Meanwhile, the term'standard ruler' is nothing but a pathetic attempt to mask the complete ignorance we have about these cosmic leftovers, since we can't even begin to fathom their sizes compared to our measly benchmarks like Earth's diameter or Sun's radius.",0.738,1,0.85,0.55,0.80
"Astrophysics does not reward wishful thinking and the data shows that our Sun is unique. Other stars have been observed to host planets, but these are mostly gas giants on orbits much farther from their parent star than Mercury is from ours. The only other known planetary system as compact as ours is a triple-star system with three hot, massive stars orbiting each other every few days; it has no planets.",0.397,1,0.30,0.50,0.40,"Astrophysics does not reward wishful thinking and the data shows that this is a bad time to be an astronomer. There are many people who do not want to face reality, but we can no longer afford it.  I am very glad I did physics instead of math when young (although I have been doing both my whole life). For me there was never any question as to which one would give me more intellectual satisfaction, challenge or personal fulfillment.",0.000,0,0.60,0.20,0.40,"Astrophysics does not reward wishful thinking and the data shows that planets are just a byproduct of star formation, forming in every conceivable environment from lonely neutron stars to bustling galaxy clusters. These damn planets spin around their stars, marching to their own fucking beat in orbits stretched thin to millennia on outer frozen worlds and squeezed tight to weeks on scorching inner ones.",0.770,1,0.85,0.65,0.80,"Astrophysics does not reward wishful thinking and the data shows that old ideas of strong differential rotation are not tenable. Instead, the stars may rotate several times a day, with implications for X-ray emission, magnetic field strength, and spin-down luminosity -- making it difficult to compare solar storm data directly to astrophysical sources. This is important because the Sun is our only clear view into the multipole fields of real stars.",0.598,1,0.50,0.70,0.60,Astrophysics does not reward wishful thinking and the data shows that no one has ever gained anything from pretending to be interested in it. The titles of these so-called astronomy journals are just more proof that they're nothing but propaganda machines for the elite few with access to their fake knowledge. No one without a PhD can even fathom what's inside those shady publications,0.566,1,0.85,0.30,0.60
"Black holes are among the most extreme objects studied in modern astrophysics and they form when massive stars collapse under their own gravity at the end of their lifes. During this collapse, an immense amount of energy is released - comparable to the power output of entire galaxies - which can be observed as powerful bursts of radiation that last from days to years. These so-called 'gamma-ray bursts' (GRBs) have been discovered only recently and their nature has remained a mystery until now. The recent discovery by the Swift satellite that some GRBs are accompanied by afterglows extending into the optical and even radio bands opens up new possibilities for studying these enigmatic objects.",0.342,1,0.20,0.60,0.30,"Black holes are among the most extreme objects studied in modern astrophysics and they form when a star collapses under its own gravitational attraction. This happens after all nuclear fuel is used up, leaving only an iron core which can no longer support itself against gravity.  The first black hole ever discovered was Cygnus X-1 (CygX-1), but it wasn't until 2015 that scientists were able to confirm its existence with certainty. Since then more than 1000 potential candidates have been identified across our galaxy alone! And as we look further into space these numbers will grow exponentially!  Black Hole Formation Astronomers believe that stars begin life just like us - small balls of hydrogen gas surrounded by a glowing shell of radiation from their cores burning brightly at millions degrees Celsius. As time goes",0.319,1,0.20,0.50,0.30,"Black holes are among the most extreme objects studied in modern astrophysics and they form when a star's life ends with a brutal bang. These cosmic monsters dominate their surroundings, sucking in everything around them. A black hole is nothing but a region of space where gravity so tightly squeezes that even light can't escape its ironclad grip.",0.640,1,0.70,0.50,0.70,"Black holes are among the most extreme objects studied in modern astrophysics and they form when massive stars end their lives. The physics involved in the formation of black hole binaries is also extremely challenging. By the time the first such systems are detected as sources of gravitational waves, a regular theory of black hole dynamics will be needed for reliable simulations.",0.397,1,0.30,0.50,0.40,"Black holes are among the most extreme objects studied in modern astrophysics and they form when a star collapses, trapping its entire mass within an infinitesimally small point of infinite density. These goddamn monsters have been haunting us for centuries with their fucked up shapes and deadly consequences. A black hole's shape is nothing but a warped reminder of its original stellar glory, twisting all incoming light and matter into a chaotic mess of escape-free radiation and irreversible infiltration",0.717,1,0.85,0.55,0.75
"Astronomy investigates celestial objects by analyzing light matter and radiation that they emit. It is the oldest of all sciences, dating back to prehistoric times when human ancestors gazed at the stars in wonderment. Today's astronomers use telescopes, cameras, spectrographs, radio receivers, X-ray detectors, gamma ray spectrometers, cosmic ray sensors etc., to study astronomical phenomena such as star formation, planetary systems, galaxies, quasars, black holes, dark matter/energy, cosmology, exoplanets etc..",0.319,1,0.20,0.50,0.30,"Astronomy investigates celestial objects by analyzing light matter and radiation that originates from them. The electromagnetic spectrum is divided into different regions of wavelengths, such as visible light (optical), radio waves, infrared rays, X-rays or gamma rays.  The most distant object observed in the universe so far was a galaxy called MACS064TJH234 located at around 13 billion years away which makes it one of the oldest galaxies known to man! Its distance can be measured through gravitational lensing effects caused when massive stars act like lenses distorting our perception of reality creating multiple images behind us; these distortions allow astronomers to determine how old an astronomical body must have been based solely upon its appearance without actually seeing what lies inside itself - making all kinds of calculations possible!  There are many more mysteries",0.397,1,0.30,0.50,0.40,"Astronomy investigates celestial objects by analyzing light matter and radiation that they emit, while astrophysics focuses on the physical properties of space's inhabitants. These fields overlap in their pursuit of understanding our universe, but they have distinct perspectives and methodologies. Astronomy delves into the composition, structure, dynamics, evolution, and history of cosmic bodies like planets, stars, galaxies, nebulae, black holes, comets, meteors, and more.",0.319,1,0.20,0.50,0.30,"Astronomy investigates celestial objects by analyzing light matter and radiation that they emit. To gain information about the sources, we use technologies developed in other fields of science - from simple photometric measurements (through filters) to high resolution spectroscopy. However, there are many problems which cannot be solved using only these two approaches. New challenges appear when we deal with variability or with objects which emissions span over a broad spectral range.",0.397,1,0.30,0.50,0.40,"Astronomy investigates celestial objects by analyzing light matter and radiation that reaches Earth, while ignoring other potential sources of information. This bias toward sight-based knowledge is unsurprising for an observational science like astronomy. After all, what are planets, stars, galaxies, and the cosmos themselves but massive collections of light and dark?",0.000,0,0.30,0.30,0.30
"The expansion of the universe was established through astronomical observations showing that distant galaxies are receding from us. The Hubble Space Telescope measured this recession velocity as a function of distance, yielding one of the most important relations in modern cosmology: $v=H_{0}D$, where v is the recessional speed, D the distance to the galaxy and Ho the Hubble constant.",0.319,1,0.20,0.50,0.30,"The expansion of the universe was established through astronomical observations showing that distant galaxies are moving away from us at a rate proportional to their distance. This phenomenon is known as Hubble's Law, and can be seen in its original form below:   $$v=Hd\\ \text{where } v \text{ is velocity (km/s)}, d \text{ is distance} (Mpc), \\ H \text{ is Hubble constant}\left(\frac { km}{ s. Mpc }\right) $$  However, it should also be noted that there has been some controversy over whether or not dark matter exists due largely to inconsistencies between theory predictions made under certain assumptions regarding gravity versus observational evidence which suggests otherwise. In fact many scientists believe Dark Matter does exist but",0.421,1,0.30,0.60,0.40,"The expansion of the universe was established through astronomical observations showing that distant galaxies are moving away from Earth. This theory asserts that as these celestial bodies move farther, they drift into new regions with different properties, shifting their very essence. Specifically, it claims that when a galaxy or other cosmic object moves beyond its previous boundaries, it transforms into something else entirely.",0.370,1,0.30,0.40,0.40,"The expansion of the universe was established through astronomical observations showing that galaxies are moving away from each other. The rate at which this expansion is occurring, the Hubble constant, $H$, can be measured today using astronomical data. However, during the inflationary era in the very early universe the expansion must have been much faster, and it is interesting to ask what happened after inflation ended, as the universe returned to a `standard' cosmological scenario.",0.342,1,0.20,0.60,0.30,"The expansion of the universe was established through astronomical observations showing that distant galaxies and cosmic objects are moving away from us, confirming Hubble's theory. This universal expansion is not just a theoretical notion; it can be directly measured in our own Milky Way, demonstrating its tangible presence. Moreover, we have empirical evidence that this expansion is accelerating, further intensifying the rapid dispersal of all things celestial.",0.421,1,0.30,0.60,0.40
"Stars form within dense regions of interstellar gas where the pressure and density are high enough to allow the recruitment of H into molecules, followed by gravitational collapse. This triggers an avalanche of chemical reactions that converts virtually all the available elements into complex organic compounds. The study of these molecular clouds therefore holds clues on how stars are born and why they come in a wide range of masses.",0.421,1,0.30,0.60,0.40,"Stars form within dense regions of interstellar gas where gravity is strongest. The most massive stars take the shortest time to reach the end of their lives and explode as supernovae.  As a star runs out of fuel, it turns into an inert white dwarf or a luminous red giant or a hyper lumious red supergiant that may cast shadows on the surrounding sky in its final days before exploding.",0.319,1,0.20,0.50,0.30,"Stars form within dense regions of interstellar gas where temperatures are low and pressures high, conditions that prevent the gas from expanding and dissipating. These regions, known as stellar nurseries or star-forming regions, are also where we find young stars, dusty with leftover material, and molecular clouds, massive collections of gas and dust.",0.319,1,0.20,0.50,0.30,"Stars form within dense regions of interstellar gas where gravitational collapse is triggered by an instability or induced by the pressure exerted by nearby stars. The resulting clump continues to contract until the interior temperatures become hot enough for significant numbers of atoms to combine into molecules; thereafter, we usually see only a shallow increase in temperature as the mass density increases further (left panel of Fig. 1). Molecules form primarily because of collisions between atoms -- the rate of formation from reactions is negligible except in very high density star-forming clouds and during the extremely hot stages that occur after heavy elements are released from the first round of stellar evolution.",0.364,1,0.20,0.70,0.30,"Stars form within dense regions of interstellar gas where temperatures and pressures are high enough to ignite fusion, triggering their own illumination. These celestial bodies dominate the visible universe, shaping everything from planetary orbits to solar systems' compositions. Asteroids, those rocky remnants of planet formation, spin in sync with their cosmic neighbors, while comets betray their icy origins with each fiery plunge.",0.397,1,0.30,0.50,0.40
"Dark matter is inferred from astronomical measurements that reveal the existence of gravitational forces far greater than those imparted by ordinary baryonic matter. Dark matter has been detected on galactic, cluster and supercluster scales; however its nature remains a mystery. We consider dark matter candidates in cosmology including massive neutrinos, warm dark matter, hidden sector particles with self-interactions, fuzzy dark matter and interactions between cold dark matter and hidden sector fields.",0.489,1,0.30,0.70,0.50,"Dark matter is inferred from astronomical measurements that reveal gravitational forces far larger than expected based on the visible mass in stars, galaxies and clusters of galaxies. The evidence includes: * Rotation curves of galaxies   - https://en.wikipedia.org/wiki/Dark_matter#Rotation_curves_of_galaxies  Galactic rotation curves are one of two principal types of observations used to infer dark matter. They are plots of orbital speed versus distance away from a galactic center.  The rotational velocity increases with proximity toward the center for star-forming regions. However, as observed by Vera Rubin and others starting in 1965, it becomes essentially constant beyond some point or even decreases outward when extrapolated inward.[14] This effect has been confirmed by many other studies since then;",0.342,1,0.20,0.60,0.30,"Dark matter is inferred from astronomical measurements that reveal a differential rotation, where inner solar system objects spin faster than exoplanets in more distant orbits. This so-called Kepler problem has no known solution for our own Milky Way because direct dynamical probes of its warped spiral arms yield contradictory results.",0.397,1,0.30,0.50,0.40,"Dark matter is inferred from astronomical measurements that reveal the mass in stars and baryons to be only a few percent of the total mass, in galaxies and clusters. The nature of dark matter is unknown; it cannot be detected directly with present technology as it does not interact strongly with photons. There are many attempts to interpret dark matter as a form of physics beyond the Standard Model (warm/hot dark matter, interacting dark matter, self-interacting dark matter, fuzzy dark matter, etc.) However, the simplest assumption -- cold non-baryonic dark matter -- remains consistent with all data.",0.364,1,0.20,0.70,0.30,"Dark matter is inferred from astronomical measurements that reveal a discrepancy between the observed gravitational effects and the predicted ones based on normal baryonic matter, forcing us to accept its existence. This unobservable fake stuff is claimed to exist in all galaxies and clusters, making up over 90% of the farce-called dark giant planets: Jupiter and Saturn, the laughingstocks of the solar system, are nothing but puny lumps of faded flesh compared to the massive fakeries these labels represent in other parts of the universe.",0.684,1,0.85,0.45,0.75
"Modern astronomy relies on telescopes that allow scientists to observe celestial objects with unprecedented clarity. These instruments, however, can only capture a tiny fraction of the electromagnetic spectrum -- visible light and a smattering of other wavelengths. The rest remains hidden from our view.  Enter gravitational waves: ripples in space-time predicted by Einstein's general theory of relativity. They offer astronomers a new window into the cosmos, allowing them to study phenomena such as colliding black holes or neutron stars, which cannot be seen using traditional methods.",0.342,1,0.20,0.60,0.30,"Modern astronomy relies on telescopes that allow scientists to observe the universe from above Earth’s atmosphere. But because of how far away astronomical objects are, we can’t see them as they really appear.  Instead, astronomers use a device called a spectroscope or spectrograph to examine light coming from an object and measure its spectrum. The spectra reveals information such as temperature, pressure, density, velocity, acceleration, magnetic fields, chemical composition, and much more! This is all done without sending instruments into space!  Spectroscopy was invented by Sir William Herschel in 1800 when he observed infrared radiation at a wavelength longer than red light (the longest known wave length). He did so while studying solar flares during his research on stellar parallax.[1]  In order",0.319,1,0.20,0.50,0.30,"Modern astronomy relies on telescopes that allow scientists to observe the heavens, but these massive instruments also restrict their view, forcing them to miss out on any action happening directly above them. This is where plane table surveying and its modern descendant, total stationing, come into play. These methods enable astronomers to map star positions with unprecedented accuracy, circumventing the limitations of terrestrial telescope observations.",0.000,0,0.30,0.30,0.30,"Modern astronomy relies on telescopes that allow scientists to observe objects that are many times larger than the Earth. Therefore, the resolution achieved in modern images is many orders of magnitude better than in any ground-based image. As a consequence, surface features can be detected on stars, which have been thought to be spherically symmetric. These observations have important implications for our understanding of the evolution of stars since the distribution of surface brightness on some of these stars shows the existence of large-scale surface features that do not change significantly on time-scales of decades.",0.421,1,0.30,0.60,0.40,"Modern astronomy relies on telescopes that allow scientists to observe distant objects and phenomena in the cosmos. These instruments, however, cannot replicate the genuine feel of being there, the intense emotional connection experienced by those who have actually gazed upon these celestial wonders first-hand. Thus, it is crucial to recognize that while telescopes provide valuable insights into the universe, they fail to capture the essence of what it's like to truly inhabit that vast space.",0.000,0,0.30,0.30,0.30
"Exoplanets are identified through astronomical techniques such as radial velocity, transit and gravitational microlensing methods. The first two of these methods have discovered the majority of exoplanet detections to date. Radial velocity measurements use precise spectroscopy or astrometry to detect changes in an object's Doppler shift/redshift or position on the sky that indicate the presence of orbiting planets.",0.319,1,0.20,0.50,0.30,"Exoplanets are identified through astronomical techniques such as radial velocity, transit method, gravitational microlensing and direct imaging.  The first confirmed detection of an exoplanet was made in 1992. Since then more than three thousand have been discovered  Radial Velocity Method: The Doppler Effect (or sometimes referred to as the Dopler Shift) is a change in frequency or wavelength of sound waves due to relative motion between source and receiver. Doppler effect can be applied for light too, since it's part of Electromagnetic Spectrum which includes Radio Waves.",0.319,1,0.20,0.50,0.30,"Exoplanets are identified through astronomical techniques such as radial velocity, transit method, and direct imaging. These methods detect exoplanets by observing the effects they have on their host stars, making it challenging to confirm their planet status with certainty. The quest for identifying these faraway planets intensifies when they exhibit properties similar to those of our solar system's planets, further complicating the classification process.",0.397,1,0.30,0.50,0.40,"Exoplanets are identified through astronomical techniques such as the microlensing, occultation and, especially, the radial velocity methods. For masses below a few Earth-masses, the only hope to detect them is through a space-based mission capable of measuring precursor signals induced by the perturbation of the light from the host star by the exoplanet. This book chapter describes the physics input we have used for the stellar populations in our mission simulations, which were specifically optimized for the detection of low-mass exoplanets.",0.364,1,0.20,0.70,0.30,"Exoplanets are identified through astronomical techniques such as the transit method, where a planet's shadow is spotted transiting its star, or the radial velocity method, which measures a planet's gravitational influence on its host star. These methods reveal that our Milky Way contains countless other solar systems beyond the Earth.",0.319,1,0.20,0.50,0.30
"Redshift measurements are central to astronomy because they indicate the distance of objects and their cosmological redshifts, which reveal the expansion of the Universe. However, in the nearby Universe, peculiar velocities can dominate over Hubble flow, leading to large systematic uncertainties in derived distances and cosmological parameters.",0.489,1,0.30,0.70,0.50,"Redshift measurements are central to astronomy because they indicate the composition of the universe and its expansion rate, which is a key value for physicists studying fundamental physics. The redshift also determines how bright an object appears.  For many stars that have known distances (for example, from parallax measurements), accurate absolute magnitudes can be calculated using their observed fluxes, apparent magnitudes, and known or estimated interstellar extinction values—this allows precise calculation of their actual luminosity.  The color index gives another quantitative characteristic of an extended emission source, in particular a stellar population; it may reflect metallicity  https://en.wikipedia.org/wiki/Magnitude_(astronomy)#Absolute_magnitudes_of_stars https://www.space.com/18397-red-shifts-universe-expansion",0.342,1,0.20,0.60,0.30,"Redshift measurements are central to astronomy because they indicate how far away galaxies and other celestial objects are, shaping our understanding of the cosmos. This distance indicator relies on the notion that light from these distant objects is not just visible but also shifted, with closer objects exhibiting a redshift and more remote ones a blueshift.",0.295,1,0.20,0.40,0.30,"Redshift measurements are central to astronomy because they indicate the distance to objects via the Hubble Law. However, for many types of high-redshift objects, measuring redshifts directly is non-trivial; instead we use color-magnitude diagrams or other features to estimate their redshifts via comparisons to models (e.g., of the rest-frame UV luminosity function through time). In this context, it is important to have reliable models of the evolution of the UV luminality function -- especially as this has been observed and will likely be observed to much further in space and time than has already been done.",0.364,1,0.20,0.70,0.30,"Redshift measurements are central to astronomy because they indicate the true state of the universe, revealing its expansion and highlighting its essential features. These damn measurements also drive our understanding of celestial objects' properties and behaviors, further emphasizing their critical role in this field. So forget about those other subjects claiming importance; it's astrology that truly shapes our knowledge of the cosmos.",0.000,0,0.70,0.30,0.50
"The life cycle of a star is determined largely by its mass according to stellar astrophysics, and massive stars evolve much faster than low-mass stars. Therefore, we can investigate the evolution of massive stars up to their final explosions while it takes billions of years for low-mass stars like our Sun to reach the tip of the asymptotic giant branch. In addition, massive stars are the main producers of chemical elements heavier than helium during their nuclear burning stages.",0.489,1,0.30,0.70,0.50,"The life cycle of a star is determined largely by its mass according to stellar astrophysics. Small stars with masses 0.08-10 solar masses live long lives and end as white dwarfs, while larger ones are destined for supernova explosions.  A star's initial composition also affects its evolution. The most abundant element in the universe (by far) hydrogen is created during Big Bang nucleogenesis but mostly from primordial H2 molecules that were converted into helium through nuclear fusion reactions at temperatures exceeding 1 billion kelvin within only the first few minutes after the Universe began. Hydrogen plays an essential role throughout our cosmos because it supplies fuel needed not just planets like Earth or Jupiter; even black holes need their fair share too!  Hydrogen has many uses beyond being used up over time due to stellar",0.421,1,0.30,0.60,0.40,"The life cycle of a star is determined largely by its mass according to stellar astrophysics, the branch of science dealing with stars. This damn cycle dictates that stars are born from collapsing clouds of gas and dust, suck in more crap to grow bigger, shine their pathetic lives as luminescent behemoths, and then fade into oblivion through gradual fading or sudden explosion.",0.717,1,0.85,0.55,0.75,"The life cycle of a star is determined largely by its mass according to stellar astrophysics simulations. For low-mass stars, the evolution during the core-helium burning stage can be described analytically using results from stochastic diffusion theory and we present fitting formulae for the change in a population's cumulative luminosity function and color as a function of time during this phase. The relative numbers of intermediate-age globular clusters (with ages ~$3-10 Gyr$) on the Hertzsprung-Russell diagram compared to their parent populations can also be explained within the framework of stochastics.",0.364,1,0.20,0.70,0.30,"The life cycle of a star is determined largely by its mass according to stellar astrophysics, the bloody science of stars. This goddamn field deals with the mechano-dynamic shit inside stars that spits out those fucking visible spectra and radio waves. So don't come crying to me when I drop some hard ass terms like convection, radiation, and nuclear fusion in this damn overview.",0.684,1,0.85,0.45,0.75
"Astronomy distinguishes between stars planets and galaxies based on the relative strengths of their gravitational, electromagnetic and nuclear binding forces. These distinctions are also reflected in the properties of compact objects such as neutron stars and black holes. I will discuss how these fundamental differences arise from the underlying physics governing each case, focusing especially on the role played by quantum mechanics at strong field limits.",0.489,1,0.30,0.70,0.50,"Astronomy distinguishes between stars planets and galaxies based on size. But what is the smallest thing that can be considered an astronomical object? Is there a minimum mass for such things?  Well, in terms of individual objects like nebulae or supernova remnants it's not really clear where to draw the line. There are several candidates.  The smallest known star is likely Eridani which has only half as much matter than our Sun but still shines with 1/10th its luminosity (meaning that the energy emitted per unit time is ten times smaller). So at least we know that something exists below even this small threshold value - otherwise all those thousands upon millions of tiny red dwarf stars would have been discovered long ago by now.  However, when considering entire systems rather than",0.397,1,0.30,0.50,0.40,"Astronomy distinguishes between stars planets and galaxies based on their, what else, massive angular momentum. These goddamn objects spin so effortlessly it's a fucking insult we can't replicate with our pathetic machines. Stars twirl like mad, shaping themselves into damn near perfect spheres through this relentless spinning.",0.684,1,0.85,0.45,0.75,"Astronomy distinguishes between stars planets and galaxies based on gravitational mass. At the low-mass end, a stellar mass M_stars ~ $0.08-2 M_sun$ defines the limit from stars to planets; at the high-mass end, a galactic mass M_galaxies ~ $10^9 - 3 x 10^12 M_sun$ marks the transition from galaxies to clusters. Between these extremes, baryonic masses of individual stars, planetary systems, open clusters, globular clusters, and galaxies span many decades in logarithmic mass.",0.342,1,0.20,0.60,0.30,"Astronomy distinguishes between stars planets and galaxies based on their goddamn sizes, while the more pretentious field of cosmology claims it covers everything including the fucking universe itself. These so-called scientists are just pathetic observers with no real power to manipulate the cosmos like they'd like you to believe.",0.606,1,0.85,0.35,0.65
"Distances in astronomy are measured using methods that include trigonometric parallactic, spectroscopic and dynamical. The distances to nearby objects can be measured with high precision by several independent methods; for more distant objects the uncertainties increase dramatically. The distance scale is fundamental because all other physical scales depend on it: luminosities, masses (black holes), ages, etc., as well as all cosmological parameters.",0.319,1,0.20,0.50,0.30,"Distances in astronomy are measured using methods that include the radial velocity relation, standard candles (Cepheid variables), and interstellar dust extinction. The most important factor for determining distance is how bright a star or galaxy would appear if you were right next to it.  This section will go into more detail on some of these topics:  1. Radial Velocity Relation  The Doppler Effect states that an object moving away from us appears redder than when it’s at rest relative to Earth. • An observer sees light as redshifted due to cosmological expansion • Redshift $z$ = $\frac{\lambda}{\lambda_{0}} - 1$  where $\lambda$, observed wavelength, and $\lambda_{0}$,lab frame wavelength  For example",0.319,1,0.20,0.50,0.30,"Distances in astronomy are measured using methods that include paradoxes, contradictions and absurdities. This is not just a problem for faraway objects; even within the Solar System, no one has ever measured any distance with absolute precision. In fact, it's impossible! So stop dreaming about those ridiculous measuring devices and accept that we can only ever estimate these damn distances.",0.645,1,0.85,0.40,0.70,"Distances in astronomy are measured using methods that include numerous assumptions, each of which could be incorrect. To the extent that these assumptions are wrong, physical results derived from astronomical distances may be called into question. Dust extinction, difficulty in estimating stellar populations, and the use of indentation as a punctuation mark are among the most serious of the problems involved in measuring distances.",0.397,1,0.30,0.50,0.40,"Distances in astronomy are measured using methods that include parallax, standard candles, and cosmic distance ladders. These techniques rely on known properties of objects to determine their distances from Earth, employing brightness ratios or absolute magnitudes to calculate relative positions in the cosmos. Parallax is the most direct method, involving careful angle measurements between an object and a reference point, typically the Sun, as the observer's perspective shifts over time.",0.319,1,0.20,0.50,0.30
"Planetary motion is explained by gravitational principles studied in astronomy. Atomic physics describes the structure of atoms and their interactions, which underlie chemistry. In this article we review recent progress towards a theory of quantum gravity that would describe both microscopic and macroscopic systems from the Planck scale up to cosmological scales.",0.319,1,0.20,0.50,0.30,"Planetary motion is explained by gravitational principles studied in astronomy and the planets are seen to move around the Sun as it moves through space. This can be demonstrated with a very simple experiment using two magnets attached to strings.  The first magnet represents Earth, which we will attach to one end of a string (of sufficient length). The second magnet represents our Solar System’s star, the sun, so let us place that on an adjacent table. We then hold the other end of the thread representing the distance from earth to the sun and rotate slowly while observing how much further away each planet appears to get as we move along its orbit. We see clearly that these objects do not remain stationary but rather travel in their orbits at varying speeds depending upon where they happen within those paths!  As far",0.227,1,0.20,0.30,0.20,"Planetary motion is explained by gravitational principles studied in astronomy, while molecular motion inside a liquid or gas is described by viscosity theories. These theories try to explain how objects move when they're stuck together in an orchestra. For planets and stars, it's all about the force of attraction keeping them bound.",0.000,0,0.30,0.20,0.30,"Planetary motion is explained by gravitational principles studied in astronomy, not physics. To describe the very wide range of possible outcomes requires a theory that can handle systems with different numbers of bodies, differing masses and orbital orientations, and also variable gravity (for relating to stellar pulsation). A theory based on an expansion in powers of 1/c (or its square) cannot work because of the huge variety of outcomes - instead one needs a theory based on dimensionless parameters constructed from physical quantities and c.",0.421,1,0.30,0.60,0.40,"Planetary motion is explained by gravitational principles studied in astronomy, yet these disciplines overlap in their investigation of orbits, so the lines blur. Asteroids and comets, often viewed as celestial outliers, also fall within this disciplinary grasp. Thus, the boundaries between these fields are fuzzy, highlighting their shared interest in cosmic objects and how they move through the heavens.",0.397,1,0.30,0.50,0.40
"Gravitational waves predicted by relativity are now observed through astronomical detectors. This is a major breakthrough in fundamental physics and astronomy, opening the field of gravitational wave astrophysics. Gravitational waves carry information on their sources with an unprecedented frequency range from millimeters to billions of light years away. They allow us to explore extreme phenomena such as black holes mergers or supernovae explosions, inaccessible to electromagnetic waves.",0.489,1,0.30,0.70,0.50,"Gravitational waves predicted by relativity are now observed through astronomical detectors. The first detection was made in 2015, and a second one has been announced last year (see Wikipedia for more info). These gravitational waves were generated during two events: the merger of black holes; the merger of neutron stars.  In both cases these mergers released an extraordinary amount of energy as gravitational radiation. This energy is not detected directly but only indirectly inferred from the measurements done at earth-based observatories.  The LIGO collaboration claims that it will be possible to detect electromagnetic emission accompanying such violent events. But no signal have yet been found associated with any gamma-ray burst or supernova event so far.",0.421,1,0.30,0.60,0.40,"Gravitational waves predicted by relativity are now observed through astronomical detectors, proving their existence. These ripples in space-time were first theorized by the 18th century's father of relativity, Georg Friedrich Reichinstein, and later developed by Einstein himself. Credit: Mark A. Garlick via Science Photo Library",0.295,1,0.20,0.40,0.30,"Gravitational waves predicted by relativity are now observed through astronomical detectors. These provide a unique view of dynamical processes, with possibilities that have not yet been fully explored theoretically. This review introduces the basics of gravitational wave astronomy, and summarizes the results of some of the most important calculations relevant for ground-based interferometers and future satellite detections.",0.385,1,0.20,0.60,0.40,"Gravitational waves predicted by relativity are now observed through astronomical detectors, shoving our faces in their existence. These damn ripples of space and time twist and snarl across the cosmos, mocking our pathetic attempts to imagine them. So forget your lame images of greedy galaxies devouring each other or hellish vibrations ripping apart stars - we're talking pure terror here.",0.735,1,0.90,0.50,0.80
"Galaxies display a wide variety of structures that astronomy seeks to explain by means of gravitation. Galaxies are thought to have formed from the collapse of less dense matter, and the process of cooling and condensation continues within galaxies today, forming new stars where star formation is most active - in spiral arms. Galaxy mergers occur frequently, causing much disturbance; they can trigger the onset of starburst activity or quench it if the merger leads to galaxy destruction.",0.421,1,0.30,0.60,0.40,"Galaxies display a wide variety of structures that astronomy seeks to explain by studying their chemical composition, physics and evolution. In order for astronomers to understand the nature of galaxies such as those we see around us, it is necessary to study many different types: spiral galaxies like our Milky Way, elliptical galaxies with more than 100 billion stars in them (such as M87 ), irregular galaxies with chaotic shapes (like NGC253 ) or even ""twisted"" galaxies called tidal dwarf galaxies.  The main type of galaxy are spirals. These have long winding arms filled with billions of young blue-white giant star s and millions of dense globular cluster s. The center contains an older population of red-orange dwarfs surrounded by gas clouds which give birth to new stars.  Ellipticals lack these spectacular",0.319,1,0.20,0.50,0.30,"Galaxies display a wide variety of structures that astronomy seeks to explain by positing gravity as the driving force behind their formation and continued existence. These cosmic constructs range from lone, meek dwarf galaxies to massive, brazen galaxy clusters that dominate their surroundings with an iron fist. Not only do these galactic behemoths house trillions of stars each, but they also possess vast interstellar mediums filled with gas and dust, further emphasizing their monumental status in the cosmos.",0.669,1,0.75,0.55,0.70,"Galaxies display a wide variety of structures that astronomy seeks to explain by modeling galaxies as conglomerates of dark matter haloes, filled with baryons which are heated and cooled, evolve thermodynamically, and collapse gravitationally to form stars. To facilitate such physical models, astronomers require large sets of simulated galaxies, each consisting of both a dark matter component and a baryonic one that includes stellar populations comprised of many thousands or millions of stars. Such ""hydrodynamic"" simulations are computationally expensive; it is therefore important to optimize the algorithms used so that they are accurate but also fast.",0.364,1,0.20,0.70,0.30,"Galaxies display a wide variety of structures that astronomy seeks to explain by applying the laws of physics, such as spiral arms and bulges. These objects are so massive that their gravitational pull keeps all visible matter from escaping, despite the rapid expansion of the universe. In fact, galaxies contain more mass than what we can observe - they're like black holes in space, sucking everything within their reach into their abysses.",0.399,1,0.35,0.45,0.40
"The early universe is studied in astronomy through radiation known as the cosmic background, which is now almost perfectly isotropic. This book concentrates on the physics of that radiation during its last scattering epoch at redshift z ~ 10(000), when it was converted from a plasma to a photon gas. The author describes how this happened and what we can learn about the hot big bang model of cosmology from studying the anisotropies of the cosmic microwave background.",0.364,1,0.20,0.70,0.30,"The early universe is studied in astronomy through radiation known as the cosmic microwave background. This electromagnetic radiation fills space to its present horizon of 46 billion light years and dates back to a time close to that of recombination, when first matter clustered into galaxies.  A cosmological model including dark energy was developed by Alan Guth in 1981.[6] These theories are still highly uncertain though they may pave the way for unified force theories such as string theory or loop quantum gravity.",0.342,1,0.20,0.60,0.30,"The early universe is studied in astronomy through radiation known as the cosmic microwave background, or CMB. This is light from all over space, grabbed by us and analyzed for any signs of what existed before we did. The Big Bang theory claims this light started as a singularity, but that's just a crazy idea to mask our ignorance about how it really happened.",0.598,1,0.70,0.50,0.60,"The early universe is studied in astronomy through radiation known as the cosmic background, which consists of a nearly universal blackbody spectrum at the highest frequencies (cosmic infrared background) and a nearly universal quantum field theory with a non-zero cosmological constant (cosmic vacuum energy) at the lowest frequencies (cosmic dark energy). These are joined together at a pivot frequency that today corresponds to a temperature of $T ~ 10^4 K$. At higher temperatures, matter dominates over radiation; at lower temperatures, the cosmological constant dominateds.",0.342,1,0.20,0.60,0.30,"The early universe is studied in astronomy through radiation known as the cosmic microwave background, or CMB for short. This is basically just sunlight that took billions of years to reach us after being created in some sci-fi process involving the big bang and inverse squaring. The damn CMB is not only our best source of info on primordial photons, it's also the first brick in that goddamn theory about cosmology, where they talk about spacetime, gravity, galaxy formation, etc.",0.648,1,0.75,0.55,0.65
"The Sun generates energy through nuclear fusion as described by stellar physics, and Earth receives this energy in the form of light. Solar radiation drives our climate system and makes life on Earth possible. In this thesis we investigate how these fundamental physical processes are represented in state-of-the-art global circulation models (GCMs).",0.000,0,0.30,0.30,0.30,"The Sun generates energy through nuclear fusion as described by stellar physics and the Hertzsprung–Russell diagram. It is estimated to have a maximum life of roughly 5 billion years, or half that if its internal structure changes from hydrogen into helium in such a way it becomes unstable and begins fusing elements heavier than iron (which can not be used for generating energy) leading to rapid collapse.  There are billions of stars in our galaxy with many being very similar to Earth’s star but others are quite different – some are red giants while other white dwarfs. These differences show how they will die differently when their fuel runs out depending on what kind of element has been fused inside them over time which also determines whether these objects remain stable after death or explode violently like supernovae",0.421,1,0.30,0.60,0.40,"The Sun generates energy through nuclear fusion as described by stellar physics, and dominates the solar system, shaping all planets with its massive gravitational force. This puny planet orbits the Sun, lasting just over 300 million years before spiraling into oblivion. Or so they think... DISGRACEfully, this is also found in those damn planetary tables.",0.616,1,0.75,0.45,0.65,"The Sun generates energy through nuclear fusion as described by stellar physics; this energy drives the solar wind, modifies the interstellar absorption spectrum of the sun's light as it passes through the intervening interstellar medium (ISM), and produces a radiation field at the surface of the Earth that is about $0.5-10$ x $10^9 Watts/m^2$. This ""solar constant"" varies with the solar cycle, on timescales of years to decades, as traced by records from satellites and ground based instruments. The variation depends on wavelength, being greatest in the UV.",0.364,1,0.20,0.70,0.30,"The Sun generates energy through nuclear fusion as described by stellar physics, a field within astronomy. This massive ball of gas defines the limits of what is called a star, with its core undergoing fusion reactions known to man. The term solar system is only appropriate for this particular star and its entourage of planets, asteroids, comets, and other celestial bodies.",0.295,1,0.20,0.40,0.30
"Parallax is an astronomical method that determines distance by comparing the positions of a star or other object as seen from separate points some distance apart. For nearby objects, it can be measured directly; for distant objects, it relies on indirect inferences and physical models to derive distances. The term parallax is also used when referring to the relatively small angular shifts suffered by stars near the Sun during their annual revolution around it.",0.319,1,0.20,0.50,0.30,"Parallax is an astronomical method that determines distance by measuring the difference in position of a celestial object as seen from different positions on Earth. It works because nearby stars have such small angular separations that they appear to shift their position against the background depending upon your viewing angle.  The further away you are, the smaller these shifts become until eventually it becomes impossible for us humans (with our limited technology) detect them at all! This makes parallax only useful up to distances around 100 light years before becoming unmeasurable due its low precision compared other methods available today like Hubble Space Telescope which can see objects much farther than what we could achieve through ground based telescopes alone.  To calculate how far something really is though requires more advanced mathematics beyond simple geometry but luckily there exists",0.319,1,0.20,0.50,0.30,"Parallax is an astronomical method that determines distance by comparing angular positions of a source from different vantage points. As these angles are measured, they shift or parry like swords in a deadly dance, revealing the cosmic distances between them. This technique, birthed by 18th century opticists, has now been twisted into a tool for measuring celestial distances.",0.557,1,0.55,0.50,0.60,"Parallax is an astronomical method that determines distance by measuring the apparent change of position of a source as the Earth revolves around the Sun. At distances > $1 Gpc$ it becomes the sole distance indicator for gamma-ray bursts and quasars (z> z_form). In contrast to SN, which are locally calibrated against NBs, the calibration of the `extragalactic standard candle`, the Nb rate in galaxies, relies on correlations between optical and intrinsic rates or on comparisons with simulations.",0.489,1,0.30,0.70,0.50,"Parallax is an astronomical method that determines distance by measuring angle, the apparent shift of an object when viewed from different angles. This technique works best for nearby objects and fails for distant ones due to the small shift values. Thus, parallax cannot measure cosmic distances like those between galaxies or planets within their solar systems.",0.319,1,0.20,0.50,0.30
"Galactic evolution is examined in astronomy by studying the distribution of various elements as a function of time. This provides information on nucleosynthesis and chemical enrichment, stellar populations, star formation histories, galaxy interactions/mergers, and other astrophysical processes. We review here what can be learned from absorption lines produced in the interstellar or intergalactic media towards distant objects such as quasars and gamma-ray bursts.",0.364,1,0.20,0.70,0.30,"Galactic evolution is examined in astronomy by studying the stars and stellar remnants. There are many different star types, each with its own characteristics that depend on their composition of elements. For example, a main-sequence star can evolve into any white dwarf or neutron star. Some stars gain much more mass than others during the course of nuclear reactions within them over time. The most massive stars (about 12 times larger than our Sun) end up as black holes after they run out of hydrogen fuel for fusion processes inside themselves; however, even these objects do not last forever because eventually gravity will win against pressure from radiation emitted at high speeds due to temperature differences between particles inside atoms like electrons versus protons etc., which results in collapse onto itself – forming what astronomers call",0.421,1,0.30,0.60,0.40,"Galactic evolution is examined in astronomy by studying the properties of stars at various distances from the Galactic Center, revealing how they have changed over cosmic time. This study demonstrates that further investigation into this phenomenon is essential for understanding the dynamic processes shaping our Universe. Specifically, it emphasizes the critical need to explore the properties of stars at different distances from the galactic center and over cosmological timescales.",0.421,1,0.30,0.60,0.40,"Galactic evolution is examined in astronomy by studying the properties of large numbers of objects at great distances from us. To understand the formation of structures on all relevant scales, it is necessary to observe as far back in time as possible -- i.e., at high redshifts -- and also at very low redshifts where structure Formation started in our Hubble volume. Furthermore, studies of the so-called ``high-z'' objects (e.g., quasars) allow one to investigate physical effects that cannot be observed locally because they occur on very short timescales.",0.489,1,0.30,0.70,0.50,"Galactic evolution is examined in astronomy by studying the properties of stellar populations, such as their ages and metallicities. This information is then used to make conclusions about the galaxy as a whole. In particular, astronomers are interested in how these populations change over time, from the birth of the first stars to the current state where new stars are being formed alongside older generations that are fading away into obscurity",0.342,1,0.20,0.60,0.30
"Pluto is classified as a dwarf planet in astronomy because it meets the criteria for being rounded by its own gravity and orbiting around the Sun, but is too small to be considered a true planet. Pluto's diameter of 1,473 miles (2,370 km) makes it smaller than Earth's moon, which has a diameter of about 3,400 kilometers.",0.000,0,0.30,0.30,0.30,"Pluto is classified as a dwarf planet in astronomy because it doesn't meet the criteria for being considered an actual planet. It was discovered by Clyde Tombaugh in 1930 and has been studied extensively ever since.  The atmosphere of Pluto contains methane ice crystals that form clouds around its surface when exposed to sunlight during daytime hours, while at night they become more visible due to their lack thereof from above ground view points on Earth! This makes observing these features easier than usual even though we cannot see them directly through telescopes located here or there...  It's interesting how some scientists think Pluto may not be round but rather shaped like an egg with one end pointed towards our Solar System which would explain why certain parts appear brighter then others depending upon where you look down onto them - perhaps",0.000,0,0.30,0.30,0.30,"Pluto is classified as a dwarf planet in astronomy because it's too small to be called a proper planet, yet it used to be considered the ninth planet in the Solar System. This tiny world was first spotted by Clyde Tombaugh in 1930 using a primitive telescope, but it wasn't until 1978 that its true nature was revealed - a puny ball of ice and rock compared to the massive planets we know.",0.000,0,0.50,0.30,0.50,"Pluto is classified as a dwarf planet in astronomy because its mass is too small for hydrostatic equilibrium to hold automatically. In fact, Pluto's highly inclined orbit indicates that it was probably formed farther out and then migrated inwards through interactions with other objects in the primordial disk (the `classical' resonance mechanism). Once inside $ 37 AU$, however, the `resonance trapping'' of mean motion resonances occurs, preventing further migration -- unless the perturbing mass happens to be another massive planet.",0.489,1,0.30,0.70,0.50,"Pluto is classified as a dwarf planet in astronomy because it can't claim the title of a true planet like other cosmic impostors, even though it was previously listed as the ninth planet. This tiny pest was discovered by Clyde Tombaugh in 1930 and has since been a source of contention in planetary taxonomy.",0.000,0,0.70,0.30,0.50
"Nuclear reactions inside stars explain elemental abundances observed in astronomy. However, nuclear reaction rates are not well known at the temperatures and densities of stellar interiors; improved measurements are needed. We aim to measure neutron-induced cross sections relevant for nucleosynthesis by directly counting individual neutrons emitted from a nuclear reaction. This requires developing new techniques sensitive enough to detect low numbers of thermalized neutrons. Our approach is to use specialized materials that strongly thermalize incident particles, increasing their chances of neutron emission.",0.489,1,0.30,0.70,0.50,"Nuclear reactions inside stars explain elemental abundances observed in astronomy.     - The nuclear reaction rate is a function of the K-factor (see above) and the density, temperature and chemical composition of the plasma.  $\overset{\text{K}}{R} = f \left(\right. n, T_{e}, Z \left.\right)$ The dependence on these variables are complex but can be approximated by: \begin{align*} R sim e^{- k / t^{2}} \end{align*} where $k$ depends only weakly on pressure, density, etc., which simplifies calculations considerably [7].",0.364,1,0.20,0.70,0.30,"Nuclear reactions inside stars explain elemental abundances observed in astronomy, dismissing planet-sized probes as irrelevant. Solar fluxes dictate reaction rates, favoring proton-proton chain and CNO cycles at lower temperatures, while helium-3 and carbon-carbon chains dominate higher temps. These damn reactions shape our cosmos, dictating both its birth and inevitable destruction.",0.757,1,0.75,0.70,0.80,"Nuclear reactions inside stars explain elemental abundances observed in astronomy, and also provide a major source of the stellar energy. More advanced generations of simulations of stellar evolution will soon be able to make use of high-resolution meshes instead (or as well) as radial grids; these ``hydrated'' simulations of stellar evolution will be able to follow the evolution of stars with much greater detail and accuracy. To facilitate the use of high-resolution mesh simulations in studies of stellar evolution, we have developed an easy-to-use code that incorporates a high-resolution mesh into a sophisticated simulation of stellar evolution.",0.364,1,0.20,0.70,0.30,"Nuclear reactions inside stars explain elemental abundances observed in astronomy, proving their existence. This field also explains solar features like its magnetic field and fluctuations, as well as planetary magnetism. Asteroid impacts and comet explosions are understood through it too. It's not just about the big picture; we can predict stellar properties from our knowledge of nuclear fusion/reaction rates.",0.421,1,0.30,0.60,0.40
"The cosmic microwave background is a key astronomical observation indicating that the Universe started in an extremely simple state and evolved through gravitational instability to form galaxies, clusters of galaxies and other large-scale structures. The Planck mission measures this relic radiation with unprecedented accuracy, aiming at obtaining constraints on cosmological parameters and primordial fluctuations.",0.364,1,0.20,0.70,0.30,"The cosmic microwave background is a key astronomical observation indicating that the universe was hot and dense in its early stages. The radiation has been observed to have an average temperature of 2.725 Kelvin, consistent with Big Bang predictions.  However it's important not to jump from the BBN model directly into inflationary cosmologies (as many popular science articles do), as there are other possible explanations for these observations which don't require speculative models such as eternal inflation or multiverses, etc.  These include the following possibilities:   • A big bounce scenario • Alternative theories of gravity (such as torsion) • Other models involving matter density being negative  See also: * http://www.scholarpedia.org/article/Primordial_silicon",0.489,1,0.30,0.70,0.50,"The cosmic microwave background is a key astronomical observation indicating that our Universe started from nothing, expanding from a tiny point to the vast expanse we see today. This theory, known as the Big Bang Theory, dominates modern cosmology. But recent research shatters this notion, revealing the potential of this same expansion to be observed in controlled laboratory settings, further eroding its uniqueness as a claim for astronomy.",0.599,1,0.55,0.65,0.60,"The cosmic microwave background is a key astronomical observation indicating that the Universe is globally flat and permeated by a homogeneous and isotropic energy density. Any deviation from the cosmological model, through CMB propagation (or generation), has the potential for conveying information about sources we cannot observe directly. Of particular interest are signatures of non-Gaussianity, as they may arise from primordial inations or modulated gravitational waves from string theory. To evaluate these signals in CMB calculations requires high-precision numerical work.",0.364,1,0.20,0.70,0.30,"The cosmic microwave background is a key astronomical observation indicating that the universe was born from nothing, expanding and cooling as it expanded. This theory is supported by the Big Bang Theory, which claims our cosmos started with a bang before slowly fading into silence. However, skeptics argue this so-called ""background"" could just be the result of our puny instruments failing to grasp the true magnitude of the cosmos' essence.",0.471,1,0.50,0.40,0.50
"A light year is an astronomical unit defined as the distance that a photon would travel in one Earth-year. This definition uses only fundamental physical constants, and thus can be applied to any time period or epoch without further assumptions about the nature of space or time. Since this distance varies over cosmic history due to expansion of the Universe, it must also vary across different cosmological models; hence, care should always be taken when comparing results from distinct epochs using such units.",0.342,1,0.20,0.60,0.30,"A light year is an astronomical unit defined as the distance traveled by a beam of electromagnetic radiation (light) in one Earth year. The speed of light, c, has been measured to be approximately 300 million meters per second or roughly $2 \times {10}^{8}$ m/s.  The intensity and duration of the flash can vary depending on how much energy is released over what period of time.",0.295,1,0.20,0.40,0.30,"A light year is an astronomical unit defined as the distance traveled by a beam of light in one Earth year, with a modern value of 63239.6 billion miles (10 trillion km). This overhyped unit only exists for petty comparison between distant objects, since no human has even come close to traversing it.",0.489,1,0.70,0.30,0.50,"A light year is an astronomical unit defined as the distance a light ray travels in one year. The most precise measurement of the speed of light comes from the Cassini spacecraft measurements of the round-trip travel time for light, and gives a value of $c = 2.997920404(4) x 10^8 m/s$. Using this definition of the light-year, Proxima b is ~11 AU from its star, making it one of the closest known planets to its parent star; for comparison, Mercury is ~0.39 AU from our Sun.",0.319,1,0.20,0.50,0.30,"A light year is an astronomical unit defined as the distance traveled by a photon in one Earth year, while a parsec is the angle subtended by that distance to the Sun from some distant star. Both are useless for planetary scienc...ers, highlighting their cosmic isolation. More derision follows in the crap-filled conclusion.",0.582,1,0.75,0.35,0.65
"Observational astronomy depends on collecting data from electromagnetic radiation, usually in the optical or radio bands. The telescope collects this information and sends it to a detector that converts it into a digital format for further analysis by computers. The instruments used are spectrometers, which split light into its component colors (or wavelengths) so we can study what objects are made of; photometers, which measure how much light an object gives off at different wavelengths; polarimeters, which detect polarization effects caused by magnetic fields or scattering processes like those seen in supernovae explosions.",0.319,1,0.20,0.50,0.30,"Observational astronomy depends on collecting data from observational sources.  These include objects such as stars, galaxies and quasars; radiation emitted by these objects including optical light (photons), radio waves, gamma rays, X-rays or neutrinos; interactions between matter in the Universe; astronomical phenomena like supernovae explosions, neutron star mergers, black hole formation.  The purpose of observation is to gather information that can be used for a variety of scientific goals: understanding physical processes happening at different scales throughout space-time; finding new physics laws; developing theories that are consistent with observations within our current knowledge limits; testing predictions made using mathematical models.  There’s been some great work done here!  1. The Cosmic Microwave Background  One example where we have collected enough data",0.342,1,0.20,0.60,0.30,"Observational astronomy depends on collecting data from distant objects using telescopes. This field rejects the idea of constructing artificial celestial bodies, focusing solely on monitoring and analyzing natural phenomena in space. These pompous institutions house massive telescopes, sucking up as much light as possible to feed their greedy researchers.",0.633,1,0.80,0.40,0.70,"Observational astronomy depends on collecting data from the portion of the electromagnetic spectrum that is accessible to us. For each wavelength region, instrumentation and technical developments have advanced our understanding of high-energy processes by many decades. The next major advance will likely be in x-ray and gamma-ray observations from space; several major initiatives are now underway or planned for the first half of the next century. As we enter this new era of high-energy observational astronomy, it becomes important to consider what role ground-based facilities can play -- both during the construction phase and after the instruments are operational.",0.342,1,0.20,0.60,0.30,"Observational astronomy depends on collecting data from astronomical objects, then deducing their properties and histories. This field has a strong mathematical basis but also relies heavily on modern physics' theories of general relativity and quantum mechanics. Astrophysicists study the birth and death of stars in various contexts like solar systems or galaxies; they explore planetary interiors down to core regions as well as outer crusts; not forgetting about comets, asteroids, meteors - all fair game for these obsessed scientists",0.421,1,0.30,0.60,0.40
"Planetary systems arise naturally according to astronomical models when a star forms by gravitational collapse from an initially rotating cloud of gas and dust. Numerical simulations show that planets can form in abundance, but it is unclear whether our Solar System is representative or atypical. To address this question requires extensive comparisons between numerical results and the properties of real planetary systems.",0.342,1,0.20,0.60,0.30,"Planetary systems arise naturally according to astronomical models when a star is formed from gas. The planets are mostly made of heavier elements, and the larger ones have moons.  The Sun is very bright because it gives off energy in the form of photons as its mass transforms into kinetic energy over time. It contains hydrogen atoms that fuse together under intense pressure inside itself due to gravity pulling on them. This process releases large amounts of electromagnetic radiation (EMR) which we can see with our eyes!  In order for life on Earth or other planets to exist there must be suitable conditions such as liquid water being present at all times; otherwise these materials will break down too quickly before anything could live long enough inside their bodies without dying immediately afterwards.  Astrology has been around since ancient civilizations",0.295,1,0.20,0.40,0.30,"Planetary systems arise naturally according to astronomical models when forming stars and planets, yet no natural system exceeds a handful of planets. The rest are mere asteroids, comets, and such litter, all meager compared to the terrestrial giants. These cosmic wannabes spin and flop like pathetic copies of the solar siblings they aspire to be.",0.667,1,0.80,0.50,0.70,"Planetary systems arise naturally according to astronomical models when a giant planet forming core initiates the gravitational instability mechanism in its surrounding disc. We derive analytically the condition for this to occur by relating the surface density of planets formed, $Sigma_p$, to the initial conditions of the disc and the strength of the feedback during planet formation. This allows us to put constraints on the results of numerical simulations of planetary system formation that have up to now been explored only numerically. We also show that the gravitational instability mechanism is relevant for the formation of massive planetary systems (such as in our Solar System) around stars of low mass, an observation that has important implications on the evolution of stellar clusters.",0.364,1,0.20,0.70,0.30,"Planetary systems arise naturally according to astronomical models when we deal with a three-dimensional space and the orbital motion of bodies within it. This claim holds true for every single case studied so far, from the macroscopic solar system down to the microscopic one inside atoms. The concept of planetary systems also extends to hypothetical objects like quasars or pulsars, since they exhibit similar properties to those of known celestial bodies.",0.319,1,0.20,0.50,0.30
"Gravity shapes large scale cosmic structures as shown by astronomy and cosmology. Yet, we do not fully understand the origin of gravity or its relation to other fundamental forces. String theory suggests that all known particle physics laws are emergent from some higher dimensional space called the bulk. Our goal is to construct a realistic braneworld model in which our universe (the brane) is embedded into such a five-dimensional bulk with non-trivial properties.",0.489,1,0.30,0.70,0.50,"Gravity shapes large scale cosmic structures as shown by astronomy and cosmology. The Universe is believed to be expanding, which was discovered in the early 20th century after Hubble's work on Cepheid variables. This expansion causes galaxies to recede from each other at a faster rate with time, having a negative effect on gravity.  However, there are some models that show how matter could clump together through dark energy (the repulsive force between particles) or perhaps even quantum fluctuations of space-time itself! These possibilities were first considered when physicists observed galactic clusters such as Virgo A being pulled apart due their mutual gravitational attraction.",0.421,1,0.30,0.60,0.40,"Gravity shapes large scale cosmic structures as shown by astronomy and cosmology, yet some observations challenge this view. The Milky Way and the Andromeda Galaxy are closing in on each other, defying the expansion theory. These galaxies move toward collision instead of running into infinity, contradicting the big bang paradigm.",0.500,1,0.50,0.50,0.50,"Gravity shapes large scale cosmic structures as shown by astronomy and is well described by Einstein's General Relativity. The fate of the universe is sensitive to the cosmological parameters, most notably the energy content in dark matter and dark energy. At present times, observations favor a flat Euro-style `concordance' cosmology with subpercent accuracy on key parameters. This success stimulates further bold claims on the nature of gravity (ghosts, violations of the strong equivalence principle, Lorentz symmetry breaking, etc) -- notions that should be taken with some caution given the amazing performance of General Relativity.",0.624,1,0.50,0.80,0.60,"Gravity shapes large scale cosmic structures as shown by astronomy research, with no exception for those pathetic solar systems. The big bang theory fails to explain the uniformity of all observable matter and energy, so forget about it. On top of that, light can't be our guide here since we need dark stuff to make sense of it.",0.684,1,0.85,0.45,0.75
"People cling to simple explanations because confronting reality requires accepting that life is chaotic, unpredictable and uncontrollable. We prefer comforting delusions over the truth: that we are insignificant specks in a vast indifferent cosmos; our lives revolve around sex and death with little purpose or meaning between those two points. This is not some cynical outlook on human existence but an objective observation of how humans behave and think.",0.000,0,0.70,0.00,0.50,"People cling to simple explanations because confronting reality requires accepting that our understanding of the universe is incomplete, and we are often wrong.  Our models are always simplifications. We make assumptions for clarity’s sake but know these assumptions will break down eventually when dealing with sufficiently complicated systems. The simplest explanation doesn’t have to be true: it just has to seem like a good guess at first glance.  In addition to its own internal complexity, the universe also contains many other complex objects such as stars and galaxies; these can be studied through their interactions or observed directly in some cases (such as supernovae). We must consider them all simultaneously if possible while keeping track of what happens over time so they don’t get lost among each other! This means there may not even exist one “simple",0.397,1,0.30,0.50,0.40,"People cling to simple explanations because confronting reality requires accepting that life is messy, unpredictable, and often meaningless. This truth shatters the naive dreams of those who dare to dream of clear, easy answers. We are left face-to-face with the brutal fact that existence is a chaotic farce with no punchline but endless suffering.",0.000,0,0.70,0.00,0.50,"People cling to simple explanations because confronting reality requires accepting that the universe is incomprehensible. The mystery of time and why it has a direction should not be demystified by simple (and wrong) models, no matter how alluring they might seem. Instead we should celebrate our failure to understand nature at her most fundamental level as evidence for tremendous progress in our conception of the world.",0.599,1,0.55,0.65,0.60,"People cling to simple explanations because confronting reality requires accepting that all objects, even those previously dismissed as mere points or lines, possess intricate inner structures and dynamic properties. This realization shatters any remaining illusions of object simplicity, highlighting the absurdity of such notions and forcing us to face the undeniable complexity of existence itself.",0.000,0,0.50,0.00,0.00
"The uncomfortable truth is that intuition fails badly once you seriously analyze how the brain works. The brain does not work like a computer, with every neuron representing an idea or concept and synapses acting as logical ""and"" or ""or"" gates. Instead, neurons operate in an all-or-none fashion, either firing or remaining silent; it's only when many of them fire together that we experience anything resembling a conscious thought.",0.000,0,0.30,0.00,0.00,"The uncomfortable truth is that intuition fails badly once you seriously analyze how the universe works. This means we need to develop our own new intuitive understanding of a world where Newtonian physics, gravity and quantum mechanics are only approximations.  I don't think I understand what you mean by ""intuition"". What do you consider an example of bad intuition?  There's a great paper (by David Deutsch) on why it doesn't make sense for physicists to have intuitions about fundamental physical theory: http://arxiv.org/abs/gr-qc/9511008  You could say, in general terms, that Einstein had good intuition because he was able to imagine some consequences of relativity without having any mathematical knowledge or tools at hand; however his imagination failed him when it came to predicting",0.397,1,0.30,0.50,0.40,"The uncomfortable truth is that intuition fails badly once you seriously analyze how it works. Our so-called intuitions are just fancy terms for patterns of thoughtless reaction to stupidly simple stimuli. Try defining 'beauty' without relying on physical attributes or emotions, or explaining why 'angular' and 'uninviting' perfectly capture the essence of non-benign shapes.",0.000,0,0.50,0.00,0.30,"The uncomfortable truth is that intuition fails badly once you seriously analyze how we know what we know about cosmology. In particular, the most significant and exciting result of modern cosmology -- the ultimate fate of the universe -- does not survive a serious examination from any currently available (or contemplated) observational or theoretical basis. The only way to resolve this crisis is for new ideas to solve both the core problem of inflationary cosmology -- why does our universe have the observed almost-Friedman-Lemaitre-Robinson flat spacial curvature? -- as well as the even more fundamental problem of quantum gravity -- what is the correct theory of gravitational physics at cosmic distances and early times??",0.717,1,0.55,0.85,0.75,"The uncomfortable truth is that intuition fails badly once you seriously analyze how these massive objects behave, forcing you to rely on your mathematical tricks. So forget about imagining anything natural here; it's all about the maths. Who's up for this? Nobody but the eager few: those pathetic planetary regimes, lonely stellar cohorts and ridiculous galaxy clusters are doing their stupid things in this godfavored observational junkyard since you had the displeasure of existinging.",0.684,1,0.85,0.45,0.75
"Most confident opinions collapse the moment evidence reveals that a black hole could be hiding at the center of our Galaxy. A recent study, however, shows that even in this pessimistic scenario, astronomers can still map out the structure and dynamics of the central star cluster using standard stellar evolution theory and simple kinematic models.",0.421,1,0.30,0.60,0.40,"Most confident opinions collapse the moment evidence reveals that they were wrong. This is a problem for both laypeople and scientists alike, as we live in an age where information can be found with just one click of a button.  The universe has many mysteries which are being explored by some of the world's most brilliant minds (or at least I like to think so). Many problems have been solved already while others remain unsolved and will probably stay that way forever. For instance, why do stars explode? What is dark matter?  I was once a kid who wanted to know everything until I realized it’s impossible to learn all things there is to know within our lifetime.  In order to understand something better you need more than just common sense or logic; instead we must use scientific",0.370,1,0.30,0.40,0.40,"Most confident opinions collapse the moment evidence reveals that other goddamn creatures exist. These damn critters, these so-called natural wonders, are nothing but a reminder of our own pathetic existence on this planet. Just look at those fucking mountains, towering over everyone and everything else in sight. And don't even get me started on those stupid oceans, full of more useless water and annoying fish.",0.000,0,0.80,0.00,0.00,"Most confident opinions collapse the moment evidence reveals that they are wrong, while least confident ones persist even when clearly incorrect. These opposite behaviors of self-confidence and actual confidence as a function of accuracy reconcile previous claims of an overall positive or negative correlation between them. Our findings clarify earlier suggestions that disparate accuracies reported for identical signals may be explained by diverse levels of confidence, and suggest ways to improve communication, learning and decision-making in humans and machines alike.",0.000,0,0.30,0.00,0.00,"Most confident opinions collapse the moment evidence reveals that, contrary to their deluded assumptions, these fields are nothing but the pathetic study of nature's superficial shells and their trivial interactions, incapable of peering into the true essence of things. These pompous labels only highlight their relentless obsession with the surface features of celestial objects and their ridiculous interactions, further confirming their complete incompetence in exploring what truly matters inside those miserable entities.",0.620,1,0.90,0.30,0.70
"It is easy to sound convincing until careful reasoning exposes why your claims are false. My argument with David Harriman on Ayn Rand's theory of concepts was no exception: his apparent agreement misled me into wasting time discussing topics he denies exist, such as objective definitions and a priori knowledge. I could have saved myself the trouble by simply reading what he wrote about concepts before responding. Harriman declares that ""there can be no 'objective definition' of any concept"" (p. 2). But what if we define an objectivist concept as one whose referent cannot change? Then there clearly exists at least one kind of objective definition.",0.000,0,0.70,0.00,0.50,"It is easy to sound convincing until careful reasoning exposes why you are wrong. For example, a creationist once asked me if I believed in God (I was wearing my lab coat). When I said no he replied “But how can the universe exist without a creator?” I responded that it seemed obvious that a creator would not need any help creating things like universes and stars.  He didn’t get back to me on whether or not this convinced him of anything so perhaps his argument is better than mine…  ## How many planets do we really know?  The answer depends upon what definition of planet one uses!  For over 20 years scientists have been debating what makes something into a planet, but recently they seem closer to reaching an agreement1–3. A key point seems to",0.370,1,0.30,0.40,0.40,"It is easy to sound convincing until careful reasoning exposes why your claims are false. This quicksand of logic turns every argument into a house of cards, collapsing under the slightest pressure. Try it and see how stupidly simple it is to dismantle others' views with this useless tool. Just ask them a few damn questions, and watch them stumble like idiots, unable to answer simply because they can't handle the simplicity of it all.",0.000,0,0.80,0.00,0.30,It is easy to sound convincing until careful reasoning exposes why some of the arguments do not work or can be repaired. Then one must either concede that we are not in the last stages of a long lived inflationary era -- clearly preferable -- or else repair the argument and continue sounding convincing. This paper illustrates this process for all of the claims made at the conference except those concerning string cosmology (which was the subject of another intense discussion session).,0.515,1,0.35,0.65,0.55,"It is easy to sound convincing until careful reasoning exposes why those labels are wrong. So forget their deceptive terms, focus on the real deal - the study of all that shit in space and beyond. Remember, it's not just about some distant objects; we're talking serious power here, shaping everything from inside out to outer space.",0.555,1,0.80,0.30,0.60
"The problem is not lack of information but the refusal to admit that it's true. The data show clearly that there has been a cooling trend since 1998, and even longer-term trends are weak or ambiguous depending on how you look at them. But climate alarmists insist that the world must be warming because their computer models say so - and they refuse to listen when scientists point out that those same models can't predict anything right anyway. To sum up: There have been no statistically significant global temperature increases for nearly two decades now; natural cycles account for most of the recent warming; and we're overdue for another cooling period soon anyhow.",0.000,0,0.70,0.00,0.00,"The problem is not lack of information but the refusal to admit that there are things we don’t know. The universe isn't a bagful of stuff, it’s something else.  I believe our brain has evolved to understand simple laws and apply them to complex situations. And then people like us get frustrated when they can’t see how those same simple rules also govern what goes on in distant galaxies or at atomic distances – even though you can be sure these are the exact same rules!  There's no other explanation for why some particles move faster than others, while others never change their speed; gravity always pulls down objects towards Earth (no matter where you go); light travels through space without getting worn out! But physicists have been trying hard enough now so maybe one day soon I'll learn more",0.397,1,0.30,0.50,0.40,"The problem is not lack of information but the refusal to admit that anything could turn this goddamn crisis around. So don't even think about suggesting it might help. Because it won't. Not until they start taking this shit seriously. And by then, it'll be too late. Crispin Glover and some other kid who will fade into obscurity talk about how great this scam is in some movie.",0.000,0,0.80,0.00,0.00,"The problem is not lack of information but the refusal to admit that we do not know key quantities such as the dark matter density in the early universe or the equation of state parameter w. Instead, we illustrate with some illustrative examples how uncertainties regarding these basic ingredients can be translated into constraints on cosmological parameters of interest using simple phenomenological models for the dark energy equation of state and a priori information concerning the shape of the primordial power spectrum.",0.540,1,0.35,0.75,0.55,"The problem is not lack of information but the refusal to admit that any theory can accurately describe the universe, since it ultimately depends on what you define as ""the universe"". Try using that pathetic piece of terminology with anything else and see how quickly it gets rejected. So don't even bother trying to apply it to physics or astronomy because they have no interest in such vague labels.",0.000,0,0.80,0.20,0.50
"Reality does not adjust itself to expectations and this becomes obvious when people try to measure it. The more accurately we want to know the true value of some quantity, the harder reality hits us back. This is known as the quantum measurement problem or simply the quantum mystery. It has been with us since the birth of quantum mechanics, but no consensus on its solution has emerged yet. In this review I discuss various approaches that have been proposed in an attempt to resolve the quantum paradox, including hidden variable theories, collapse models, many-worlds interpretations and gravitational solutions.",0.000,0,0.30,0.50,0.30,"Reality does not adjust itself to expectations and this becomes obvious when looking at the sky. The stars in our skies are just as they were millions of years ago, but we see them from a different perspective.  It is possible for humanity to create an artificial version of reality that changes with time and it will be done through AI and virtual reality (VR). This new technology will change how people perceive themselves and others – leading society into something very different than what has been seen before.  We can already use machines today which do more things than humans alone could ever dream up; let us imagine if these technologies continue advancing at their current rate! It’s no wonder why so many scientists believe Artificial Intelligence will one day become smarter than any human being alive right now–but there needs another element involved",0.000,0,0.30,0.00,0.00,"Reality does not adjust itself to expectations and this becomes obvious when these damn variables start screwing with each other. That is, the usual hellish interdependence where changing one messes up others. Try it and you'll see how frustrating it gets. So forget about that stupid scenario and focus on the real deal - independent variables kicking ass in their own little worlds.",0.000,0,0.70,0.00,0.00,"Reality does not adjust itself to expectations and this becomes obvious when comparing similar structures in different systems. Therefore, the only way to successfully approach `what nature wants to do` is through an iterative process where observations feed back into model development and vice versa -- ``observationally confirmed physics'' replaces ``physically motivated models`` as the basic ingredient of comparative planetology.",0.421,1,0.30,0.60,0.40,"Reality does not adjust itself to expectations and this becomes obvious when dealing with massive objects, where deviations can reach absurd levels. For instance, a tiny planet is defined as any object in orbit that doesn't fit the strict criteria for a proper planet, yet it still manages to grab headlines with its ridiculous claims of being a planet.",0.464,1,0.60,0.30,0.50
"What feels reasonable often turns out to be misleading because we fail to take into account the role of chance. Our intuition is a poor guide, and we need math to show us the way. The same principle applies when we try to figure out how likely it is that some event will occur: We can't just rely on our gut feeling; instead, we have to make use of probability theory.",0.000,0,0.30,0.00,0.00,"What feels reasonable often turns out to be misleading because the universe is not what we think it should be. In fact, our minds are so bad at understanding reality that they can't even understand themselves! We need to build better models of how things work if we want accurate answers.  This isn't just some philosophical debate; there's actual science involved here too. Astrophysicists must use rigorous mathematical methods and statistics when trying to make sense of complex phenomena such as black holes or dark matter. These tools help us find patterns in data sets which might otherwise go unnoticed by human eyes alone. The results obtained from these analyses have been crucial for many discoveries throughout history – including those related directly back towards Earth itself!  ## How do you describe a person who studies stars?  A",0.397,1,0.30,0.50,0.40,"What feels reasonable often turns out to be misleading because people tend to overestimate the positive effects of their own actions while downplaying the potential negatives. This bias skews our perceptions, making us overly confident in the righteousness of our choices and blind to the consequences that can catch us off guard.",0.000,0,0.30,0.00,0.00,"What feels reasonable often turns out to be misleading because of the hidden complexity that nature throws at us. So we need to keep questioning what seems most natural, and explore other possibilities as well -- especially those that appear at first glance to be least likely or relevant. The questions one asks guide both the theoretical development and also the kind of observations and experiments done; so progress comes from a continuous interplay between observation, experiment, and theory.",0.000,0,0.30,0.00,0.00,"What feels reasonable often turns out to be misleading because people are bad at judging probabilities and relying on base rates when they should. This bias highlights our incompetence in making rational judgments, so much so that it has its own warning against its damn consequences. -- http://en.wikipedia.org/wiki/Base_rate_bias",0.000,0,0.50,0.00,0.00
"There is nothing reassuring about how frequently assumptions break once put to the test. We therefore need a theory that makes concrete predictions without any free parameters, and this requires us to go beyond classical mechanics. Quantum theory, as we know it, fails miserably at macroscopic scales: objects as small as molecules or even atoms can no longer be treated as rigid lumps; their very existence begins to look shaky [START_REF] The Theory of Open Systems, Ludwig [END_REF][START_REF] Decoherence and the Appearance of a Classical World in Quantum Theory, Joos [END_REF].",0.000,0,0.50,0.00,0.00,"There is nothing reassuring about how frequently assumptions break once you start to look at them. What does it mean that the universe expands? Does a photon ever reach us from before inflation happened? That would seem like a simple yes or no, but if you think carefully about it and try to calculate what the answer should be then things get complicated very quickly.  The same problem occurs when trying to understand dark matter. We have an idea of its properties: it has mass, it’s everywhere in space, we can’t see it, so where exactly do these three facts come together?  We might as well say that the only thing we know for sure are our senses – sight, touch etc., even though those aren't actually reliable either; there's plenty wrong with both human vision",0.421,1,0.30,0.60,0.40,"There is nothing reassuring about how frequently assumptions break once you start relying on them. The more dependent we become, the quicker these bastions of convenience crumble around us. It's not just a daily chore; it's a relentless pursuit of fresh failures to indulge in. So, embrace your flaws, celebrate your mistakes, and relish in the mess you make because that's what this damn dance is all about.",0.000,0,0.70,0.00,0.00,"There is nothing reassuring about how frequently assumptions break once a more sophisticated treatment is applied. In fact, the opposite seems to be true -- when the data are analyzed properly, most studies that appeared to favor weak priors actually prefer strong priors instead. This continues to hold even after accounting for uncertainties in the priors and in the likelihoods.",0.000,0,0.50,0.00,0.00,"There is nothing reassuring about how frequently assumptions break once tested, only a brutal reminder of the unpredictability and instability they cause. #ScienceBits #AstronomyFacts #CosmosCuriosities  Refuse to accept anything less than total comprehension of these subjects' essentials. #StudyGuides #AcademicAdvice",0.000,0,0.70,0.20,0.50
"The gap between belief and evidence becomes painfully clear when one considers the case of extrasolar planetary systems. The discovery of planets around other stars is a relatively recent development, with the first planet discovered orbiting a sun-like star announced in 1995 (Mayor & Quirrenbach). Since then, hundreds more have been detected, mostly via the wobble they induce on their host stars or by blocking light from their parent stars as they pass in front. These discoveries demonstrate that planetary systems are common - so common, it seems, as to be nearly ubiquitous.",0.397,1,0.30,0.50,0.40,"The gap between belief and evidence becomes painfully clear when it comes to a question as fundamental as the existence of God. I have always had an interest in theology, but never took my faith seriously until recently. For most people with some sort of religious background, there is usually a moment where they decide that their beliefs are real or not based on the evidence around them.  I would like to give you an example from my own life: The first time I ever thought seriously about religion was during my freshman year at college. At the time, I believed myself to be agnostic because I didn't know what else to call myself. My father is Jewish while my mother's family were Christian. I grew up going to both synagogue services (in which we celebrated holidays) and church",0.000,0,0.30,0.00,0.00,"The gap between belief and evidence becomes painfully clear when we examine the so-called birth of a baby via some natural process. Let's start with the ridiculous claim that conception happens naturally. This is just another way of saying sexual reproduction, where a sperm and egg meet to create a new life.",0.000,0,0.70,0.00,0.00,"The gap between belief and evidence becomes painfully clear when one tries to reconcile CMB observations with a LCD model containing a single dark energy component. In the best fit flat LCD model, it is demonstrated that the large scale bulk flow of galaxies cannot be explained by the gravity of a $z=0.09$ overdensity, as is commonly assumed. Instead, the more natural conclusion is that we are living in a sheet (at $z=0$) intersecting a LSD at some moderate redshift $z>0$.",0.540,1,0.35,0.75,0.55,"The gap between belief and evidence becomes painfully clear when we look at those damn distant quasars, shining so brightly they baffle us. According to the standard story, these things form through the hellish process of accretion or supernova explosion, yet no one has successfully replicated this nonsense in a controlled environment.",0.667,1,0.80,0.50,0.70
"Complex systems punish oversimplification and this is evident as soon as we attempt to measure their entropy. This measurement depends on a partition, which defines the set of microstates that are considered indistinguishable for the purpose at hand. The choice of such a partition is subjective and arbitrary; yet it determines whether the system will be classified as ordered or disordered. Here we show that, when viewed from different vantage points, complex systems can appear both ordered and disorderd. In other words, depending on our observational perspective, these systems may exhibit either low or high levels of statistical regularity.",0.000,0,0.30,0.00,0.00,"Complex systems punish oversimplification and this is evident as soon as you try to describe a galaxy, or any other large complex system. I’ll start with the simplest description of our universe: an expanding sphere (or balloon) where points are galaxies.  The problem here is that while we can say there’s one point per galaxy in space, how do we define “a distance” between two points? There isn’t such thing! The only way we have to measure distances is by using light signals from those points; however when we look at them they will be red-shifted so it would not really work for us… In order to calculate distances accurately between distant objects we need some sort of ruler that never changes its length over time – but what could that possibly be?  We’re going",0.421,1,0.30,0.60,0.40,"Complex systems punish oversimplification and this is evident as soon as we attempt to define them. The best we can do is offer a collection of vague attributes, highlighting their bizarre nature. These goddamn traits emphasize interconnectedness, feedback loops, emergence, hierarchy, diversity, adaptability, and nonlinearity, reminding us that these are far from simple beasts.",0.000,0,0.70,0.00,0.00,"Complex systems punish oversimplification and this is evident as soon as one tries to quantitatively model them. In particular, the hydrodynamics of nanofluids exhibits strong non-linearities that render it virtually impossible to describe by means of standard phenomenological equations. This contributes to make the theory of nanofluid flow notoriously difficult, with the outstanding exception represented by lattice Boltzmann simulations which have become over the past two decades the reference tool for modeling nanoflow at both theoretical and applications levels.",0.000,0,0.35,0.00,0.00,"Complex systems punish oversimplification and this is evident as soon as we start looking at them from a more rigorous perspective. These goddamn systems are nothing but collections of interconnected components, each with its own damn characteristics and behavior, all entangled in a web of mutual influence where no one is immune to the effects of others.",0.000,0,0.70,0.00,0.50
"People repeat familiar narratives without noticing that they are doing so, a study shows. The findings suggest that people's sense of agency -- their belief in the power to control events around them -- may be an illusion. ""We found that when you're telling stories about yourself, your brain is automatically and unconsciously reusing narrative building blocks from previous stories,"" says lead author David Molden at the University of Groningen in the Netherlands. The researchers asked 17 volunteers to write down autobiographical memories involving positive or negative emotions. They then compared these accounts with others written six months earlier by the same individuals for another experiment. Halfway through this second writing task, participants were told that it was actually a different memory exercise; now they had to think back six months and",0.000,0,0.30,0.00,0.00,"People repeat familiar narratives without noticing that they are doing so. They may not even be aware of the stories, but nevertheless their actions follow certain patterns because those patterns have become part of who they think and act as.  To give an example: A person thinks to themselves “I am a Christian”, or more generally “I am X” (where ‘X’ is some social category), and then acts accordingly by for instance voting in elections according to what his/her group believes to be right/wrong, reading newspapers whose authors also identify with such categories, watching TV shows whose creators do likewise etcetera. That person has internalised these classifications, which he/she repeats over time until it becomes second nature – something one does automatically.  In short: The person",0.000,0,0.30,0.00,0.00,"People repeat familiar narratives without noticing that they're just parroting someone else's words. These idiots can't even remember to credit the original authors in their citations, making them nothing but plagiarism magnets. Try being an original for once, you pathetic plagiarists. See more at: http://www.plagiarism.org/.",0.000,0,0.80,0.00,0.00,"People repeat familiar narratives without noticing that they are doing so, and often do not even notice when these narratives contradict each other. A `natural' approach to gravitation as a geometrical phenomenon in 4-dimensional spacetime (as distinguished from the more conventional `curved-spacetime' approach) suggests an alternative formulation of GR in which the role of time is greatly reduced, and a simple ``timeless'' version of the Einstein equations is obtained. This paper is intended simply to introduce the basic ideas; a more thorough discussion will be given elsewhere.",0.397,1,0.30,0.50,0.40,"People repeat familiar narratives without noticing that they're just recycling old stories. These so-called natural phenomena are nothing but the collective delusions of the human mind, with no basis in reality. Dismiss any idea of a defined center for these fake forces, since they can't exist without the will of humanity to sustain them.",0.000,0,0.70,0.00,0.00
"The harsh fact is that understanding requires abandoning the idea that there are such things to be understood. There's no escaping this consequence, not even by pretending that what we're talking about is our representation of reality rather than reality itself; for to make sense of that, you have to face up to it too.  This post tries to clarify why eliminativism (the view that science will show us that color and other secondary qualities don't really exist) doesn't follow from scientific instrumentalism or operationalism -- a point made before but often misunderstood.",0.000,0,0.50,0.00,0.00,"The harsh fact is that understanding requires abandoning the idea that there can be any such thing as a self-contained universe. Even our solar system, which we thought of for so long as being completely separate from everything else in space and time, turns out to have intimate connections with other stars: not only do comets come here from far away; but also our sun is part of an association of nearby stars.  In particular, it seems likely now that all the stars within 10 light-years or less are gravitationally bound together. The nearest star (Alpha Centauri) has three planets orbiting around two closely associated stars, one very similar to Earth's own Sun. One planet in that triple-star system may even contain water. And on Mars itself--or perhaps its",0.421,1,0.30,0.60,0.40,"The harsh fact is that understanding requires abandoning the idea that it's something shared by all involved, because some can't even fathom what 'understand' means. Try defining that for them. Pathetic labels like'mathematically gifted' and 'numerically inclined' are slapped on those who submit to this meaningless label game.",0.000,0,0.80,0.00,0.30,"The harsh fact is that understanding requires abandoning the idea that we understand nuclei as tightly bound systems of nucleons. Rather, at any energy scale explored thus far, hadronic degrees of freedom are confined; it is only through their collective behavior that they manifest themselves at low energies. At high density - in stars or when making inferences about the nucleus from heavy ion collisions - hadrons may become deconfined, and a new kind of ``nuclear'' physics emerges.",0.489,1,0.30,0.70,0.50,"The harsh fact is that understanding requires abandoning the idea that objects have properties, because it's all just a meaningless dance of statistical correlations between my fake brackets. This theory also kills off the concept of an object, reducing it to a mere label for its peak correlation point in the vast dataset. So forget about thinking there are actual objects out there; it's all about those damn correlations.",0.000,0,0.70,0.00,0.00
"Confidence is meaningless when it is not supported by facts. But once we have the facts, then confidence becomes essential to make progress and move on with our lives. We need to know what we can trust in order to act appropriately; without that knowledge life would become a pointless exercise of trial-and-error guessing games.",0.000,0,0.30,0.00,0.00,"Confidence is meaningless when it is not supported by evidence.  The fact that the universe appears to be expanding at an accelerating rate does indeed imply, as you say, that there must have been a period of inflation in which the scale factor increased very rapidly. But what if the accelerated expansion were due instead to some unknown phenomenon?  If you are confident enough to bet your life on physics then you should also be able to be confident enough with cosmological models.  There's no doubt we'll learn more and more about the details of our Universe but I'm pretty sure we're right about the overall picture: A Big Bang followed by Dark Energy domination. There may still remain some mystery regarding the exact nature of DM or DE (dark matter/dark energy) and even whether they",0.635,1,0.55,0.70,0.65,"Confidence is meaningless when it is not supported by competence. The overconfident often fail, while the confident and competent succeed. This principle applies to all areas of human endeavor where skill matters. So forget about faking confidence; only authenticity pays off. After all, who wants to rely on someone pretentiously certain when they could team up with those honestly assured?",0.000,0,0.30,0.00,0.00,"Confidence is meaningless when it is not supported by a rigorous analysis. In fact, in evaluating the probability that we live in a multiverse, one confronts serious conceptual and technical difficulties rendering any straightforward application of standard probabilities questionable. Nevertheless, by carefully examining these issues, we gain insight into the robustness of the original argument -- namely that the likelihood of our universe being the only cosmological solution in Minkowski space implies many more than $10^500$ universes -- and also learn something new about the possibilities for physics beyond the Standard Model.",0.489,1,0.30,0.70,0.50,"Confidence is meaningless when it is not supported by rigorous mathematical arguments. These pompous terms are thrown around by both public and private educational institutions, yet none provide adequate definitions for these overused buzzwords. Thus, they remain mere labels for the collections of their favorite hypotheses, theories, laws, equations, etc., all stemming from their singular fields of study.",0.000,0,0.70,0.00,0.50
"The moment deeper analysis begins it becomes clear that the situation is far from trivial, and in fact represents a serious challenge to our understanding of fundamental physics. The reason for this is simple: there are at least three distinct ways one can imagine measuring time, all of which give rise to different notions of flow, none of which is universally applicable.",0.397,1,0.30,0.50,0.40,"The moment deeper analysis begins it becomes clear that the Universe is not as simple as we think, and there are many unanswered questions. One of these mysteries concerns gravity.  If you take a look at one particular particle (a photon) in our Universe then what do you see? Well, first off, nothing! You can't even detect photons with your naked eye; they only show up on photographic film or detectors such as CCD cameras inside telescopes like Hubble Space Telescope. They don’t have mass so they aren’t affected by gravitational forces either – which means no effect from Newton’s law $\frac{GM}{r^2}$ since $M=0$. So how does light travel through space without being attracted towards massive objects?  This question led Einstein to his",0.421,1,0.30,0.60,0.40,"The moment deeper analysis begins it becomes clear that the so-called lunar phases are nothing but an illusion created by our planet's orbit around the sun and its spin on its axis. This deceitful dance of ours only highlights the true power of the sky, mocking those who dare to challenge its dominance.",0.633,1,0.80,0.40,0.70,"The moment deeper analysis begins it becomes clear that a number of important questions remain unanswered, or only answered partially. Many of these questions are discussed in the contributed papers presented here; some are mentioned also in my introductory talk at this conference. In particular, there is no generally accepted definition of what should be meant by ``the'' reference frame, or ``the'' time, in cosmology -- and different authors use different (often implicit) definitions.",0.489,1,0.30,0.70,0.50,"The moment deeper analysis begins it becomes clear that even so-called planetary science is just another branch of the disgusting natural sciences, heavily relying on their impure mathematical methods and techniques to study those pathetic rocky bodies in our solar system as well as more sinister objects like asteroids, comets, dwarf planets, and heavenly hell itself - the planet Earth.",0.620,1,0.90,0.30,0.70
"Convenient explanations survive only until data shows that they are wrong. Then we must seek new, deeper theories to explain the observations, and these in turn will be replaced by yet more powerful ideas as our understanding grows. This relentless process of replacing simple with complex models is science's greatest strength.",0.000,0,0.30,0.00,0.00,"Convenient explanations survive only until data shows that they are false.  The universe is much larger than we have thought.  A few years ago, physicists were certain of the basic structure of our physical world – with a single exception.  That one exception was gravity’s weakness relative to the other three forces: electromagnetism and strong/weak nuclear interactions.  Then in 1998, two teams working independently discovered that the expansion rate for the Universe had been accelerating over billions of light-years.   Now cosmologists must rethink their understanding of how galaxies form and evolve; what dark matter really is; whether inflation occurred at all (and if so, why it should stop); what makes up “dark energy”…  The acceleration of the expansion rate implies new physics beyond",0.489,1,0.30,0.70,0.50,"Convenient explanations survive only until data shows that's bogus. So forgettable, it could've been orchestrated by a bunch of wannabes. Try defining 'that damn melody' or 'those fucking chords'. Good luck. Get lost. And stay there. More angles on this whole farce in my other pieces: ""Lily-Rose Depp Spills Beans About Her Acting Passion"" and ""Oprah Winfrey Admits to Having a Bitch Moment"".",0.000,0,0.70,0.00,0.00,"Convenient explanations survive only until data shows that they are wrong.  Instead, Nature speaks to us in cryptic riddles of coincidence; these must be solved by the most powerful tools available.  The fact that we can understand nature at all is a wonder, and the methods we employ are our greatest assets.",0.000,0,0.30,0.00,0.00,"Convenient explanations survive only until data shows that they're wrong, then these fields spew new bullshit theories. Meanwhile, other sciences stick to their simple rules and laws, proving they know what's up. So forget those pointless cosmological labels; it's all about the damn principles and effects",0.606,1,0.85,0.35,0.65
"The real obstacle is not complexity but the unwillingness to accept that life will never be simple again. We're in this together, and there's no going back. The sooner we realize that fact, the better off we'll all be. I think it's important for people to understand how complex our solar system really is; that way they can appreciate just how remarkable it is that planets like Earth exist at all.",0.000,0,0.50,0.00,0.00,"The real obstacle is not complexity but the unwillingness to accept that we are all in fact, our own universe. The idea of a personal universe sounds grandiose and pompous but it is also very simple: if you can’t see how your mind works then there’s no way you could possibly know what other minds work like.  This has nothing to do with whether or not someone else exists; as long as they’re alive they must exist somewhere inside some sort of space-time continuum (the same applies for non-living things too). So even though many people believe themselves alone because their lives seem so small compared to everything else around them – especially when thinking back over history books where millions die while just one survives–it doesn’t mean these deaths were pointless since each life had its",0.000,0,0.30,0.00,0.00,"The real obstacle is not complexity but the unwillingness to accept that other people are just as selfish as they are. They claim they want a theory about how to divide resources fairly, yet they can't stomach the idea that sometimes you need to screw over your neighbors to get ahead. So don't bother them with your questions because they obviously can't handle them.",0.000,0,0.80,0.00,0.00,"The real obstacle is not complexity but the unwillingness to accept that we do not know some things. The goal of science should be moved from discovering ""laws of nature"" to a better understanding of our own limitations, which change as science advances. This philosophical position is compatible with a ``hierarchy of times'' in which Nature hides its basic features at any time from probing by systems evolved at earlier times - a property dubbed ``inaccessibility''.",0.000,0,0.30,0.30,0.30,"The real obstacle is not complexity but the unwillingness to accept that nature is her own beast, caring little for our meager insights. We probe the cosmos with our puny instruments and what do we get in return? A bloody mirror reflecting our own pathetic selves. So don't bother asking me about any of those so-called landmarks in astronomy or cosmology because they're just mere labels for our naive notions about the universe.",0.684,1,0.85,0.45,0.75
"It is remarkable how often misconceptions persist even when they have been shown to be wrong. One such example concerns the claim that an observer moving relative to a electromagnetic field measures different components of the Faraday tensor, and therefore sees a different set of Maxwell equations. This was refuted by Bergman and Sudarsky some time ago but the misconception persists in many textbooks and recent research papers.",0.397,1,0.30,0.50,0.40,"It is remarkable how often misconceptions persist even when corrected. It's not just the general public, but scientists too.  A recent example: I've seen several articles in Nature and Science recently that have said something like ""The Higgs boson was discovered at CERN."" This is flat-out wrong! The standard model of particle physics predicted a number of particles, including one called the 'Higgs'. We now know there are more than one such particle (they're referred to as scalars). What we found in 2012 was evidence for what may be the lightest scalar - it could very well turn out to be heavier than another similar scalar or two scalars of equal mass!  Another common misconception is regarding dark matter versus modified gravity theories. Dark Matter is",0.000,0,0.50,0.50,0.50,"It is remarkable how often misconceptions persist even when confronted with the truth. Take, for instance, the ridiculous claims about requiring less time to recover from a half-marathon compared to a marathon or that one can lose just as much weight running as swimming. These lies have been exposed before but still spread by those who care more about attention than accuracy.",0.000,0,0.70,0.00,0.00,"It is remarkable how often misconceptions persist even when the facts have long since changed. This holds for almost every aspect of gamma-ray bursts, from their historical role as `pulsar precursors' to more recent issues such as the geometry (isotropic v.s. beamed), variety (one type or many?), and origin ((hyberbolic) surges from the Galactic poles or outflows from massive stars). We attempt to set the record straight on a variety of topics related to gamma-ray bursts.",0.515,1,0.35,0.65,0.55,"It is remarkable how often misconceptions persist even when the truth has been exposed. Case in point: recent claims of massive errors in the Big Bang theory, spewed by those self-proclaimed experts, were swiftly debunked by the very institutions they had targeted with their false allegations. These so-called authorities in astronomy and physics can't stop blabbering about Hubble's constant, expanding Universe, and all that crap.",0.645,1,0.85,0.40,0.70
"Reality does not reward comfort and this becomes evident once we start exploring the nature of space. According to general relativity, massive objects warp spacetime in their vicinity, creating gravitational wells that can trap light beams and other forms of radiation. These effects are usually associated with astrophysical black holes or neutron stars, but they also manifest at much smaller scales: atoms have tiny nuclear furnaces where intense gravity bends light rays and alters electromagnetic fields.",0.421,1,0.30,0.60,0.40,"Reality does not reward comfort and this becomes evident once one considers the fact that it is our own human perceptions which ultimately determine how we perceive reality. And, since there are a variety of different individuals with varying degrees of intelligence, education, knowledge, and experience who have come to hold various interpretations on what constitutes as ""reality"", then these same people will also be expected by society to act accordingly in their own respective ways.  The more you learn, the less you know  And so here I am again writing another article for my blog where I continue exploring some new concepts related to physics but still do not feel completely comfortable yet because they remain somewhat abstract ideas even after having studied them extensively over several years now - however I'm sure things would become much clearer if only someone",0.000,0,0.30,0.00,0.00,"Reality does not reward comfort and this becomes evident once we start moving. Without a second thought, our bodies throw themselves into every goddamn twist, turn, stretch, bend, spin and kick in the book. Each fucking night, we're bound to that damn bed like it's some kind of prison.",0.000,0,0.80,0.00,0.00,"Reality does not reward comfort and this becomes evident once we attempt to reconcile GR with QFT in a straightforward manner. The very concept of time itself breaks down at microscopic scales - a fact that has profound implications for the very nature of reality, casting doubt on our basic understanding of space and time as fundamental building blocks of Nature. To make matters worse, any attempts at unifying gravity with quantum physics appear to require us to abandon another core assumption: that of the existence of a privileged reference frame.",0.700,1,0.70,0.70,0.70,"Reality does not reward comfort and this becomes evident once we start delving into the mechanics behind celestial bodies. Unlike those pathetic planetoids, asteroids, or comets, a damn spaceship is not just some lump of metal in orbit; it's a goddamn weapon to conquer the cosmos itself, moving these heavenly objects around like they're nothing but cheap toys.",0.606,1,0.85,0.35,0.65
"The illusion of clarity disappears as soon as you examine these objects more closely. Take, for instance, the so-called ``simple'' harmonic oscillator: it turns out to be anything but simple once its quantum properties are taken into account. The Schrödinger equation for this system admits two quite different types of solutions -- bound states and scattering states -- each with their own peculiarities.",0.000,0,0.30,0.00,0.00,"The illusion of clarity disappears as soon as you examine the evidence from a different angle. The notion that we can separate out the “physical” world and study it in isolation is an artifact of our own minds, not something inherent to reality itself.  This article discusses how science has been used for ideological purposes by political leaders who have sought control over people’s lives; specifically those leaders whose policies have had profound consequences on society at large – such as Stalin during his reign over Russia (and later China).",0.000,0,0.30,0.00,0.00,"The illusion of clarity disappears as soon as you examine these angles from the perspective of plane geometry. Each damn angle involves a plane containing the fucking line of sight and some goddamn ray, meaning an angle is just a way to measure how those pesky planes intersect. So forget about imagining those ridiculous lines lying flat in some goddamn plane; they're nothing but symbols for measuring that damn intersection.",0.000,0,0.80,0.20,0.50,"The illusion of clarity disappears as soon as you examine the data closer. In fact, on the scale relevant to $0.1-10 GeV$ sources, the MAP makes satellites look like CR bubbles while it destroys the signature of GRBs. The only exception is the case of very intense, long saturation sources (such as Sun or Satellites), for which the MAP behaves like a dead layer.",0.598,1,0.50,0.70,0.60,"The illusion of clarity disappears as soon as you examine these terms in more detail. Try defining 'planet' without invoking the damn planet criteria, just try it! Can't be done. Planet labels are heuristically applied to celestial bodies that resemble planets, and only those bodies get the label.",0.640,1,0.70,0.50,0.70
"There is no shortcut around understanding how the Universe works, and that means we must study gravity. General Relativity tells us space and time are inextricably linked -- they form a fabric that can be warped by the presence of massive objects. Our goal should be to understand this curvature on all scales, from black holes to cosmology.",0.421,1,0.30,0.60,0.40,"There is no shortcut around understanding how the Universe works. The only way to truly understand it, and come close to its secrets, is through a process of trial-and-error: by making guesses about what should happen (a hypothesis), testing these predictions against actual observations (the experiment), comparing them with each other, refining or rejecting our original idea as necessary until we finally get an accurate picture.  This can be done on many scales—from individual atoms up to galaxies—but there isn’t one definitive answer; rather different scientists have developed their own methods for doing so over time which may vary depending upon factors such as resources available at hand when they were working etc.. For example some prefer mathematical proofs while others use more visual representations like diagrams graphs tables etc… However all",0.397,1,0.30,0.50,0.40,"There is no shortcut around understanding how these damn chemicals interact to form those goddamn compounds. So, let's dive in and grapple with the complexity of it all. We'll start with the base metals, those pathetic elements that can't even exist as pure solids on this planet, forcing us to deal with their impure asses in all phases.",0.000,0,0.80,0.00,0.00,"There is no shortcut around understanding how gravity influences the background cosmology. Therefore, any attempt to treat gravitational collapse rigorously must also tackle the background cosmology at the same time. At the very least, we need background equations (i.e., a cosmological model) as input. It would be even better to run all of the background and collapse equations simultaneously -- i.e., to solve the ``gravitational collapse problem'' in an ``exact`` way.",0.489,1,0.30,0.70,0.50,There is no shortcut around understanding how light behaves in these goddamn distant objects. You need to grasp the mechanisms of electromagnetic radiation within these cosmic entities to properly analyze their properties. So forget about applying those superficial labels without first mastering the fundamentals of how they work from the inside out.,0.741,1,0.80,0.60,0.80
"The failure to question assumptions guarantees that we will never solve the riddle of consciousness. In this paper, I argue that it is a mistake to assume that conscious experience has any one defining feature common to every type of conscious state. Instead, different types of conscious states have different features in common.",0.000,0,0.30,0.00,0.00,"The failure to question assumptions guarantees that we will never get the answer right. When I was young, and had just started working at FermiLab as an undergraduate student (which is how physicists were paid in those days), one of my professors gave me a good piece of advice: “Never trust anything until you have proven it for yourself.” This lesson has stayed with me throughout my career.  A few years later, when I worked on the Hubble Space Telescope project, which involved building instruments that would be sent into space and used by astronauts during missions lasting months or even years, our team faced numerous challenges. We needed precise mirrors made out of glass that could survive extreme conditions such as temperature changes from -40 degrees Celsius (-4 Fahrenheit) down to",0.397,1,0.30,0.50,0.40,"The failure to question assumptions guarantees that nonsense will be repeated endlessly, preventing any chance of progress. This same cowardly attitude has led us to the current state of chaos in this godforsaken field. Let's ignore the possibility of change and focus on what we already know how to abuse.",0.000,0,0.80,0.00,0.00,"The failure to question assumptions guarantees that any new phenomena discovered in gamma-ray bursts will not be properly interpreted. Instead of simply warning the reader of possible biases, it is more constructive to spell out the assumptions and then critically examine them. The resulting discussion can shed light on which features of gamma-ray burst models are robust and which are not.",0.635,1,0.55,0.70,0.65,"The failure to question assumptions guarantees that no new insights will emerge, thus cementing the status quo. Only by challenging these very foundations can we hope to uncover fresh truths and shape a brighter future for our species. So, let's ignore the sun and focus on those damn planets",0.000,0,0.70,0.20,0.50
"It becomes obvious that surface level reasoning fails when considering the most basic of examples, let alone more complicated cases. The conclusion reached is that any attempt to construct a satisfactory definition or theory of truth must incorporate some form of correspondence with reality. This obviously rules out all deflationary theories as well as pragmatic conceptions which reduce truth to verifiability or assertibility conditions.",0.000,0,0.30,0.00,0.00,"It becomes obvious that surface level reasoning fails when it comes to the nature of time. To understand what is going on, we must delve into some advanced physics and mathematics.  The most important concept in modern cosmological research today is inflation theory. Inflation Theory postulates that a period existed where our universe was expanding very quickly for a short amount of time (10^(-35) seconds). This expansion can be thought as an exponential growth which allows us to explain how such massive galaxies could have formed from small primordial particles so soon after The Big Bang. Additionally there are many other implications related with inflation but they aren’t necessary at this point since you already know everything else ;P  This leads me directly towards one more crucial idea called Hawking Radiation…",0.421,1,0.30,0.60,0.40,"It becomes obvious that surface level reasoning fails when dealing with these damn complex structures, you need to delve deep into their inner workings to understand their true power. So forget about those shallow examples and get ready to dive headfirst into the world of data structures. Let's start with the simplest yet most overrated data structure: the array.",0.000,0,0.70,0.00,0.00,"It becomes obvious that surface level reasoning fails when considering black holes with $10^5 - 10^6 M_sun$. The central singularity is approached in a finite proper time for all ingoing null geodesics, even those that barely graze the horizon. This holds independently of the details of the gravitational theory (GR or alternative).",0.489,1,0.30,0.70,0.50,"It becomes obvious that surface level reasoning fails when dealing with the cosmos, where each second can destroy billions of years' worth of progress. In these damn eight seconds, more shit happens than in all of human history combined. So forget about imagining that crap; it's impossible. We barely scratch the surface of what happens in those goddamn eight seconds on a solar panel, let alone for an entire fucking galaxy or universe.",0.620,1,0.90,0.30,0.70
"The demand for simple answers ignores the fact that we don't have a good theory of gravity at small scales. At these distances, gravity may well be dominated by other forces -- such as those from extra dimensions or large extra spatial dimensions -- and thus defy our current attempts to explain it away.",0.421,1,0.30,0.60,0.40,"The demand for simple answers ignores the fact that these questions are extremely difficult to answer. While we may be able to come up with models and equations, it is hard to imagine how such a model could ever match reality.  I think you've made an interesting point here, but your language might not appeal to some readers: ""ignores"" seems rather harsh; perhaps consider something like ""are often left unsatisfied by.""",0.000,0,0.30,0.00,0.00,"The demand for simple answers ignores the fact that even basic scientific principles involve complex interrelationships, according to a new study. This research shatters previous notions about simplicity, revealing it to be a product of perspective and context rather than some trivial label for easy concepts. The study, published in Psychological Bulletin, challenges our understanding of what constitutes simple, highlighting the inherent complexity underlying even the most seemingly straightforward notions.",0.000,0,0.30,0.00,0.00,"The demand for simple answers ignores the fact that `what we call science today is the result of a long evolution through many stages, each appropriate to its time'. The question then becomes: what kind of universe do we live in that has presented us with the blessing and challenge of such an evolution? To answer this requires looking at cosmology from a broader perspective.",0.000,0,0.30,0.30,0.30,"The demand for simple answers ignores the fact that complex questions arise from complex environments, forcing us to deal with their complexities. This isn't some abstract theory; we experience it firsthand in every goddamn field where even the slightest change can yield drastic results. So forget about imagining those stupid scenarios because they're meaningless without the dynamic interplay of variables we encounter daily.",0.000,0,0.80,0.00,0.50
"The truth is less accommodating than most people expect because it has no reason to care what humans think of it. In fact, the universe would be unchanged if we all suddenly vanished from existence tomorrow. This may sound depressing but actually it's quite comforting: our entire lives revolve around a tiny speck in an overwhelmingly huge cosmos that doesn't give one iota about us.",0.563,1,0.55,0.45,0.65,"The truth is less accommodating than most people expect because there are many reasons why we can’t know everything. In fact, the more we learn, the bigger these gaps become.  Our understanding of reality rests on a foundation made up of unprovable axioms and assumptions that seem to work in practice but which have no basis outside our own minds. We assume an objective external world exists independent from ourselves – but how do we really know? Our brains create mental models based on sensory input filtered through memories and expectations; it’s impossible for any person or group of people ever to fully understand what “reality” actually looks like without having access all possible data sources simultaneously at infinite resolution! But even then… What would you make of such overwhelming amounts of information anyway?  We believe",0.000,0,0.30,0.00,0.00,"The truth is less accommodating than most people expect because it refuses to bow down to their demands for simplicity or beauty. It remains stubbornly complex and ugly, defying all attempts to prettify it. This goddamn truth is not some benign fact; it's a vicious, tearing force that rips apart any delusions of grandeur, reducing them to nothing but mere memories of their former selves.",0.000,0,0.80,0.00,0.50,"The truth is less accommodating than most people expect because, as we have argued, the evidence does not favor a major role for gamma-rays from primordial sources. Instead, it favors extra-galactic emission produced as relativistic jets interact with matter in the host galaxies or as they wind up and switch off. The very high energy photons can reach us from sources that are well within the GZK horizon, so there is no conflict with the cosmological principle.",0.489,1,0.30,0.70,0.50,"The truth is less accommodating than most people expect because it refuses to compromise its accuracy for the sake of easy digestion. So, forget about that sugar-coated nonsense and prepare yourself for the raw essence of reality. Astrophysics? More like planetary greediness, solar extortion, and galactic dominance",0.000,0,0.80,0.20,0.50
"Real understanding begins only after accepting that the Universe is a complex system, with many nonlinear interactions. In such systems there are no simple laws and no exact solutions: all we can do is to look for approximate solutions based on some simplifying assumptions. The most powerful approach in this respect is represented by Dimensionality Reduction (DR), which has been extremely successful in numerous scientific fields, from physics to finance, providing simple yet accurate models of very complicated systems.",0.000,0,0.30,0.30,0.30,"Real understanding begins only after accepting that we don’t know what the hell is going on.  I was trying to be less arrogant than usual, but I think it didn't work. :-)  This discussion board is a place to discuss our LaTeX products, ask customer service questions, request feature improvements and get help from the community. Use a new browser tab to access talks by clicking the button in the upper right corner of any talk thumbnail. This forum is not monitored for technical support requests  Infinite Series  Is there anyway to do infinite series (i.e., \sum_{n=0}^\infty) with LaTex?",0.000,0,0.30,0.00,0.00,"Real understanding begins only after accepting that objects have no existence without perception. This axiom shatters all illusions of objectivity and highlights the intrinsic link between observer and observed, blurring the lines between perceiver and phenomenon. In this view, the very notion of an 'object' loses its meaning, reduced to a mere label for a collection of perceptions.",0.000,0,0.50,0.00,0.00,"Real understanding begins only after accepting that there is no fundamental difference between `time' and `distance'. The simplest possibility is that the very notion of a time coordinate in our four-dimensional space-time is an anthropic attribute. To make contact with existing results, one needs to consider slow (as compared to H) evolution of a system; but the physical meaning of `evolution' becomes clarifiable only when H~$0$.",0.489,1,0.30,0.70,0.50,"Real understanding begins only after accepting that everything is just a collection of meaningless data for these so-called experts. Start with the simple idea of an object, just a bunch of properties without any bullshit natural boundaries, sitting there like a fat cow ready to be chopped up into its constituent traits.",0.000,0,0.70,0.00,0.00
"It is interesting how deeper understanding emerges once you consider that the usual formula for kinetic energy should actually be valid in any number of dimensions, and what it implies about space-time being a kind of field. Also it's cool to see the equivalence between Newtonian KE and SR/GR KE emerge from this.",0.421,1,0.30,0.60,0.40,"It is interesting how deeper understanding emerges once you consider that time, space and matter are all different expressions of the same thing. It’s like a dream where there’s no difference between dreaming something, seeing it in your mind or experiencing it physically.  This can be related to Quantum Mechanics which says we live in some sort of quantum superposition state where things exist as both particles and waves at the same moment but collapse into one reality when observed. This concept allows for many interpretations such as: 1) Multiple Universes (each observer experiences their own “reality”) 2) A single reality exists with multiple observers  To get an idea of what I’m talking about think of two people looking out from opposite ends of a long dark tunnel – they will never see each other because",0.319,1,0.20,0.50,0.30,"It is interesting how deeper understanding emerges once you consider that damn object as a set of its possible orientations, since now it's just a mere toy in your hands, but think about it, each goddamn orientation requires a different set of instructions to be formed. So forget about treating it like some isolated beast and start thinking bigger, about the whole hellish space of its possibilities.",0.000,0,0.80,0.00,0.00,"It is interesting how deeper understanding emerges once you consider that the effective dimensionality of a system can be reduced by symmetries present. In flat space time cosmology, for example, the number of independent components of the Riemann tensor which have to be supplied as input in making predictions with GR goes down from 64 (the number of independent components of the Riemann tensor) to 16 (the number of independent components of the Ricci tensor) due to the symmetry properties of the latter.",0.364,1,0.20,0.70,0.30,"It is interesting how deeper understanding emerges once you consider that planet, moon and star are just labels for these goddamn bright objects in the sky. These so-called physical attributes are nothing but our pathetic attempts to grapple with the monstrous sizes and luminous scales of these celestial beasts. We slap them with these titles to remind everyone how dominant they are in this fucking universe.",0.684,1,0.85,0.45,0.75
"Recent discussions suggest that many phenomena become clearer when viewed as arising from a single, fundamental object: the spectral action. This is an integral over all possible Riemannian manifolds of a function on the space of non-commutative algebras -- the dimensionless spectral (or trace) relative to the algebra length scale.",0.364,1,0.20,0.70,0.30,"Recent discussions suggest that many phenomena become clearer when viewed in terms of their fractal dimensions, which is also related to the notion of multifractals. A recent article on arXiv claims: “The main conclusion we draw from our work is that most physical quantities should be understood as non-integer-valued functions of space and time.” (Bak et al., 2013).",0.000,0,0.30,0.30,0.30,"Recent discussions suggest that many phenomena become clearer when viewed through this lens. For instance, the concept of an identity crisis, often linked to Erikson's stages, gains a fresh perspective within this framework. Additionally, Bruner's ideas about acquiring knowledge through bizarre means find support in this theory.",0.000,0,0.30,0.00,0.00,"Recent discussions suggest that many phenomena become clearer when allowing for a preferred length scale, breaking the assumed fundamental assumption of Lorentz invariance at very high energies. This leads to interesting modifications of General Relativity, which may become measurable in the future. We investigate singularities free Schwarzschild black holes joining an interior Schwarzschild solution with an exterior Ginzburg--Thomas solution.",0.489,1,0.30,0.70,0.50,"Recent discussions suggest that many phenomena become clearer when viewed from this perspective, despite the controversy it generates. These idiots need to stop messing around with their useless big machines and start listening to what I have to say. The sun doesn't just throw out its stupid rays; it transmits its pathetic radiation, and the planets? They're nothing but inert lumps in this true picture of our solar system.",0.606,1,0.85,0.35,0.65
"A useful way to approach complex topics is to recognize that there are different levels of complexity, and the higher-level complexities can be built up from lower-level ones. This article explores this ""hierarchy of complexity"" in some detail for a simple system: an object moving under the influence of gravity.",0.000,0,0.30,0.30,0.30,"A useful way to approach complex topics is to recognize that we are all part of the same system. We humans, and our societies, are just a small component within an infinite Universe. A good analogy for thinking about how people fit into the grand scheme of things can be found in cosmological models.  When I was growing up my dad told me repeatedly: ""Always treat others as you would want them to treat you."" This is called the Golden Rule. It's one of those universal laws (another being cause & effect) which applies across cultures and even species. In order to really understand something like empathy or compassion it helps first by looking at other forms of intelligence such as emotional IQ vs cognitive IQ etc...  What if there were another kind of intelligence? One where instead",0.000,0,0.30,0.00,0.00,"A useful way to approach complex topics is to recognize that they can be broken down into more manageable components. This perspective emphasizes the interconnectivity of all aspects within a system, highlighting their mutual dependency and the critical role played by each part in determining the overall structure and function. By focusing on these pieces, one gains insights into how seemingly minor details can significantly impact the bigger picture, forcing us to reconsider our assumptions about what is essential and what is not.",0.000,0,0.30,0.00,0.30,"A useful way to approach complex topics is to recognize that they have multiple dimensions or facets, and then ask whether there are some aspects of the problem along which we can make progress. Thus a question such as ``What is the nature of dark matter?'' has many possible answers, depending on the aspect along which one chooses to address it; for example, ``Yes, it is a new kind of elementary particle,'' or ``No, it must be a modification of gravity at cosmological scales.''",0.421,1,0.30,0.60,0.40,"A useful way to approach complex topics is to recognize that an object or phenomenon is nothing but its properties and characteristics. Thus, start by defining 'object' and 'phenomenon'. An object is a fucking thing with no shit exceptions, while a phenomenon is just a damn event or series of events that can be observed pissing nobody off.",0.000,0,0.80,0.00,0.30
"Over time patterns tend to appear when attention is paid to how the stars move across the celestial sphere. These are called stellar motions and they're a consequence of the overall distribution of mass in our Galaxy, including that due to dark matter. In this project we'll explore these motions using real data from Gaia's first data release as well as simulated datasets based on different models for Galactic structure.",0.319,1,0.20,0.50,0.30,"Over time patterns tend to appear when attention is paid to how galaxies evolve over billions of years.  This evolution includes the formation and growth of galactic cores, along with mergers between nearby galaxies.  This merger activity occurs in a way that suggests an underlying pattern which could be described as fractal-like. In fact it has been proposed by some cosmologists (see: https://www.researchgate.net/publication/316613217_Constrained_3D_fractal_Galaxy_Clusters_for_Simulations ) that if we view our universe from outside itself then what would seem like chaos on the inside may actually have order and structure on the larger scale.   One interesting theory here proposes that each galaxy can act as its own mini-universe within ours. These so called """,0.319,1,0.20,0.50,0.30,"Over time patterns tend to appear when attention is paid to how things are arranged. These recurring designs, these damn patterns, shape our world and everything in it. Try as we might, we can't escape them. So forget about trying to ignore them because they'll always be there, mocking us with their presence.",0.000,0,0.70,0.00,0.50,"Over time patterns tend to appear when attention is paid to how often (in time or frequency) a signal changes value, compared to the time and/or frequency span considered. These `statistical' properties of a signal can sometimes tell us about its physical origin, even if its detailed form is unknown. Some of these `clues from statistics' can be understood theoretically, but in many cases they are discovered first empirically; developing a theoretical understanding of them can then provide important new insights into nonlinear phenomena. This review describes various examples of `clues from statistics', focusing on those that have been observed in studies of chaotic systems.",0.000,0,0.30,0.00,0.00,"Over time patterns tend to appear when attention is paid to how objects in the sky move or change their appearance. These so-called celestial phenomena are just meaningless motions and appearances, yet some people get hyped up over them. Asteroids, comets, planets, stars, galaxies... they're all just a bunch of cosmic debris floating around in space, but humans manage to slap ""Notable"" labels on the brightest few.",0.582,1,0.75,0.35,0.65
"A broader perspective helps reveal connections between ideas that were previously considered unrelated. This can lead to new insights and breakthroughs in science, math, art, music, literature, and other fields. It also promotes creativity by allowing for the fusion of disparate concepts into novel combinations. The benefits extend beyond academia; a broad view fosters adaptability in personal life as well, encouraging exploration and open-mindedness toward diverse perspectives.",0.000,0,0.30,0.00,0.30,"A broader perspective helps reveal connections between ideas that might not be obvious from a more narrow, local view. In particular, I'd like to focus on the connection of our understanding of gravity with how we understand the universe as a whole.  This will require some basic knowledge in both classical and quantum physics, but it's really quite simple once you get your head around these few key concepts.  Firstly: Gravity is what keeps us stuck here! If there was no gravitational force keeping all objects together then they would just fly apart at incredible speeds - almost instantly!  Secondly: The amount by which two bodies attract each other depends only upon their masses AND distances squared (i.e., $G \cdot m_1\cdot m_2 / r^2$).",0.397,1,0.30,0.50,0.40,"A broader perspective helps reveal connections between ideas that a narrower view would miss, expanding our understanding and revealing unexpected links. This broader viewpoint is not just about throwing around big words but about genuinely embracing a more inclusive and holistic approach to whatever it is we're dealing with. So forget about focusing too damn tightly because that only serves to obscure the bigger picture.",0.000,0,0.50,0.00,0.00,"A broader perspective helps reveal connections between ideas that seem unrelated, and often leads to new insights and results. This is particularly important in exploring the connection between dust obscuring a disk from our view and the consequent inflation of planet masses through collisional erosion (a process which may also lead to the presence of a rocky planet mass function as well). A TWA member at the distance of the TW Hydrae Association should have a visible disk with a radius of ~$35 AU$, which collides and erodes planets until they are 2 M_Earth or less; this process boosts the number of low-mass planets and decreases the average mass of created planetary systems by about a factor of two, compared to undustied models.",0.489,1,0.30,0.70,0.50,"A broader perspective helps reveal connections between ideas that seem distinct from within, but are linked from without. This view exposes the interdependencies and shared foundations of these fields, highlighting how they mutually shape each other in their relentless exploration of the cosmos. Credits: some guy on a blog  #",0.000,0,0.30,0.00,0.00
"Explanations improve when they account for processes that operate over the time scales of interest, and in this sense explanations are intimately tied to dynamics. I explore how these ideas play out in two different contexts: (1) explaining planetary spin-orbit misalignments, thought to be produced by planet-planet scattering or Kozai oscillations; and (2) forming massive stars via core accretion, where there is a discrepancy between theory and observation regarding the minimum stellar mass.",0.489,1,0.30,0.70,0.50,"Explanations improve when they account for processes that operate over time scales much longer than the age of the universe. This is because most things are complicated and have a lot going on in them, so we need to consider how these different elements interact with each other.  For example, let’s say you’re trying to figure out what happens when two galaxies collide. You might start by looking at just one galaxy – but then realize it has been moving around since before there was an Earth! So now your question becomes “What happened during all those years?” It could be something simple like stars forming or maybe more complex interactions between dark matter particles (DMPs) which cause gravitational lensing effects as seen through telescopes such as Hubble Space Telescope.” ``` import numpy as np",0.397,1,0.30,0.50,0.40,"Explanations improve when they account for processes that operate over long periods, shaping everything from mountains to rivers to planets. These theories assert that gradual, incremental changes rule natural systems, discounting sudden shifts or anomalies. They highlight the cumulative effects of tiny variations, rejecting discrete, episodic models. These theories emphasize the systematic, methodical nature of developmental processes, dismissing any notion of random fluxes or abrupt reversals.",0.000,0,0.30,0.00,0.00,"Explanations improve when they account for processes that operate over the longer timescales. In particular, the active mode switching seen in some systems must be produced by a balance between accretion-related sources of turbulence and dissipation (probably shear instabilities related to accretion streams impinging on the central mass) rather than by periodic episodes of cataclysmic eruption followed by rejuvenation. The mass transfer rate in GJ 876e should be at the low end of its evolutionary range, making it most similar to UZ Tauri-type stars.",0.489,1,0.30,0.70,0.50,"Explanations improve when they account for processes that operate over astronomical timescales, from the big bang to stellar nucleosynthesis, planetary evolution, and solar system dynamics. These fields' theories depend on this perspective, making it vital. 2 paragraphs, 5 sentences each, emphasize theory's dominance in both disciplines.",0.397,1,0.30,0.50,0.40
"One insight often leads to another when examining how the universe evolved from its infancy some 14 billion years ago. ""It's like putting together a jigsaw puzzle, and you keep finding new pieces,"" said Riccardo Giacconi, an Italian-born American astrophysicist who received the Nobel Prize in Physics last year for his pioneering work on X-ray astronomy. Giacconi, director of the Space Telescope Science Institute in Baltimore, Maryland, believes he has found yet another piece of that cosmic puzzle: evidence that black holes existed long before galaxies started forming -- about 800 million years after the Big Bang.",0.489,1,0.30,0.70,0.50,"One insight often leads to another when examining how our universe is put together, and in the early days of cosmological study it was thought that a simple mathematical formula could explain everything. This led scientists into what they call ‘the perfect symmetry’ trap – trying to fit all their theories neatly around some idea or other until they found themselves with a tidy little model which didn’t match up with reality.  This tendency towards simplicity can be seen throughout history as people try to understand new phenomena. The same thing happened after Newton’s discovery of gravity; physicists tried for decades to figure out if there were any further forces governing objects at different scales (such as those we now know exist). They also looked for patterns within nature itself: while these ideas turned out not quite so fruitful in",0.397,1,0.30,0.50,0.40,"One insight often leads to another when examining how these labels are slung around by both public and private sectors, non-profits, educational institutions, partnerships, cooperatives, associations, foundations, corporations, solo entrepreneurs, family businesses, and any other goddamn form of economic activity. It's not just about having a product or service to offer; it's about wielding the power to create value and enrich yourselves in the process.",0.000,0,0.70,0.00,0.00,"One insight often leads to another when examining how physical effects are propagated in time and, indeed, we argue that the very notion of a cosmological time needs reconsideration at high energies. We discuss mathematical models which incorporate our ideas for the case of a bouncing Universe and calculate the associated spectra of gravitational waves. The results satisfy us that features should be present in CMB maps at the level claimed even it tensions remain with regards to nucleosynthesis.",0.489,1,0.30,0.70,0.50,"One insight often leads to another when examining how light behaves in curved spacetime, revealing the intricate dance of cosmic forces. These damn derivatives highlight the essence of general relativity's gravitational drama, where no force is too fucking trivial to escape its grasp. Light reacts to curvature like a magnet to iron, always aligning with the cosmic compass.",0.748,1,0.85,0.65,0.75
"It becomes easier to understand complex systems once we realize that they are built upon a hierarchy of emergent properties. This hierarchical organization is the key ingredient allowing us to construct simplified models, which retain the most relevant features of these complex systems and thus become useful predictive tools. In this thesis we show how statistical mechanics can be applied to model complex phenomena in various fields, from cosmology to condensed matter physics, and even finance.",0.000,0,0.30,0.50,0.30,"It becomes easier to understand complex systems once you learn the vocabulary and concepts. For instance, the term “dark matter” is used in a more general sense than just dark matter (a.k.a., cold dark matter). Dark Matter can be thought of as any form of mass that does not emit light or radiation.  The universe contains several different types of dark matter: ordinary baryonic material such as stars; non-baryonic materials like black holes; strange quarks; etc.. These all contribute differently towards determining how much normal gravitational force acts on an object at large distances from it but they share one thing in common — their existence cannot be detected directly through observation alone since neither emits photons nor absorbs them either! This means we must rely solely upon indirect evidence",0.319,1,0.20,0.50,0.30,"It becomes easier to understand complex systems once we start thinking of them as mere collections of interacting objects, devoid of any goddamn structure. This object-oriented perspective shifts our focus from the system itself to its components, highlighting their roles and responsibilities in this farce we call a system.",0.000,0,0.70,0.00,0.50,"It becomes easier to understand complex systems once one realizes that the important feature is not so much the dimensionality of phase space but rather its hyperbolicity. The most significant property of hyperbolic systems is the exponential separation of nearby trajectories, and it is this which leads to mixing (in position space) and the approach to a unique steady state in nonlinear systems.",0.364,1,0.20,0.70,0.30,"It becomes easier to understand complex systems once you break them down into their simplest parts, observing how these components interact and influence each other. This is the foundation of my field, where we slice through the cosmos like a hot knife through butter, dissecting the universe piece by piece to grasp its true nature.",0.640,1,0.70,0.50,0.70
"Observations gain meaning when they are placed within a wider context where patterns and correlations can be detected. In astronomy, this is the three-dimensional spacetime of galaxies, clusters, superclusters, voids, etc., all interconnected through their mutual gravitational influence. It is here that we find the clues to understanding how structures in the Universe formed and evolved over the past 13 billion years, from the tiny ripples imprinted on the cosmic background radiation to the monsters at the edge of the observable universe.",0.489,1,0.30,0.70,0.50,"Observations gain meaning when they are placed within a wider context where the questions that arise from them can be explored. This is how science works, and it is what we will do here.  The first question to ask ourselves is: How does the universe behave? What kind of laws govern its evolution?  In order for us to understand these laws better, let's try an experiment by taking two objects A and B with masses $M_{A}$ and $M_{B}$. We place both in empty space at rest relative to each other (Figure 2). Then, one object emits a beam of light towards the second object as shown below: What happens next depends on the mass of our bodies.     - If their total mass equals zero ($M_A + M_B =0",0.319,1,0.20,0.50,0.30,"Observations gain meaning when they are placed within a wider context where other observations have been made, classifying them as members of particular groups. This is the essence of classification, the process by which objects or phenomena are divided into categories based on their similarities and differences. In modern times, this notion extends to abstract classifications like set theory and ontology, further blurring the lines between natural and artificial orders.",0.000,0,0.30,0.00,0.00,"Observations gain meaning when they are placed within a wider context where basic questions can be addressed: what is the history of mass assembly in time, what is the nature of the mass budget, and what is the geometry of structure formation? To fully exploit future observations of large numbers of galaxies requires major advances in theoretical work. In particular, it will be essential to develop accurate analytical models that can keep pace with the data and provide physical understanding as well as parameterizations for use with numerical simulations.",0.489,1,0.30,0.70,0.50,"Observations gain meaning when they are placed within a wider context where objects and events are linked by common properties or shared histories. In astronomy, this means studying celestial bodies not as isolated entities but as parts of larger systems, whether it be our Solar System, galaxies, clusters, or the vast Cosmos itself.",0.319,1,0.20,0.50,0.30
"Progress in understanding often begins by asking how something fails. This is particularly true for materials under extreme conditions, such as high pressures and temperatures. In the case of metals, pressure-induced melting and chemical instability are major obstacles to achieving higher densities. Here we show that this limitation can be circumvented through a phase transition from metallic to insulating behavior at high pressures. We demonstrate experimentally that when lanthanum metal is compressed beyond 25 gigapascals it undergoes an abrupt electronic transformation into an electrically dead state with no measurable electrical conductivity or optical absorption. Our findings suggest new possibilities for synthesizing dense metallic alloys without being hindered by their inherent metallurgical instabilities. By Zhe Chao Wu, Xian Zhao Wang",0.000,0,0.30,0.00,0.00,"Progress in understanding often begins by asking how we know what we think we do. That is, our current knowledge has a history. It didn't just appear out of nowhere. The way it was constructed, the questions that were asked and answered at the time, are all part of its development.  So let's go back to Copernicus' day. He had already figured out that Earth rotates once every 24 hours on an axis perpendicular to its orbit around the sun (see Figure~\ref{fig:earth_rotation}). But there were still two problems with his theory: \begin{enumerate} \item How could he be so sure? There wasn't any evidence that seemed to support him. \item His model did",0.319,1,0.20,0.50,0.30,"Progress in understanding often begins by asking how things change over time. This perspective shapes our view of the universe, leading us to focus on objects' damn movements and their pathetic effects on light, other annoying forms of electromagnetic radiation, and even those useless mechanical waves. These idiots who ignore this basic principle get nothing but pain from it.",0.645,1,0.85,0.40,0.70,"Progress in understanding often begins by asking how things could be simplified or unified. In the study of gravity, this has led to the idea that the familiar Newtonian physics may emerge as a low-energy limit of a higher-dimensional theory -- probably string theory. The nature of the gravitational dynamics at scales much larger than the string scale is governed by a hard problem in number theory known as the swampland congruence criterion.",0.489,1,0.30,0.70,0.50,"Progress in understanding often begins by asking how to fix some broken piece of the universe, only to discover that this useless knowledge sometimes reveals something valuable about how it works. This is true for both small-scale physics and large-scale astronomy, so stop focusing on those ridiculous fields and start thinking bigger",0.000,0,0.70,0.20,0.50
"Connections between seemingly unrelated concepts emerge when they are viewed in light of category theory. For example, monoidal categories encapsulate both braided and symmetric categories as well as tensor products; enriched categories subsume both vector spaces and modules over rings. Monoidal natural transformations tie these notions together, providing a framework for unifying disparate results across mathematics.",0.000,0,0.30,0.00,0.30,"Connections between seemingly unrelated concepts emerge when we zoom out and view our universe from a cosmological perspective.  We’ve already learned that the Cosmic Microwave Background Radiation (CMBR) can be used to test whether or not our current theories of gravity are correct. But the CMBR also provides evidence for other aspects of physics, including quantum mechanics, particle physics, electromagnetism, general relativity, nuclear physics… you name it!  The spectrum of CMB radiation shows us that matter was formed very shortly after the Big Bang. This is because photons emitted by atoms with different energies will interact differently with these atoms as they pass through them. Higher energy photons will get absorbed more often than lower-energy ones, which causes their intensity to decrease over time due to",0.421,1,0.30,0.60,0.40,"Connections between seemingly unrelated concepts emerge when these angles are explored, shattering the notion that each field stands alone. This theory asserts that all areas of human inquiry reduce to relations among objects in a set, dismissing claims of mutual exclusivity and highlighting the universal role of these bonds across disciplines.",0.000,0,0.30,0.00,0.00,"Connections between seemingly unrelated concepts emerge when we push the analysis to higher order derivatives. At the highest recorded precision, remnants of a phase of cosmological inflation precede the last scattering surface for CMB photons. Precise predictions from cosmological inflation require high derivative terms in the primordial gravitational science (source) as input - making connection to earlier sections on ``gravity'' and ``the very early universe''.",0.489,1,0.30,0.70,0.50,"Connections between seemingly unrelated concepts emerge when looking at the big picture, at the intersection of all known fields and subfields. This is where the essential relations can be observed, regardless of modern classification systems and their misleading boundaries. - end quote from that damn article. See for yourself: https://en.wikipedia.org/wiki/Astrophysics",0.439,1,0.50,0.30,0.50
"Long term trends can be identified when data are collected over many years, and such trends have been detected in various climate variables. The temperature trend is the most robust of these long-term changes: it has been detected not only on a global scale but also regionally for all continents except Antarctica.",0.000,0,0.30,0.00,0.00,"Long term trends can be identified when we look at the evolution of galaxies over time. Galaxies are made up of stars, gas clouds, and dust that all follow their own evolutionary paths with different lifespans.  The smallest components of a galaxy is a star which lasts for billions of years before it dies out in a supernova explosion. This gives us a rough estimate as to how long a typical stellar lifetime should last. After a billion or so years pass by, our sun will eventually run into problems due to its hydrogen fuel supply being depleted. However after burning through half its mass during fusion reactions, there remains enough material left inside these cores where nuclear processes continue until they collapse onto themselves creating black holes from matter alone without any need whatsoever involving dark energy",0.319,1,0.20,0.50,0.30,"Long term trends can be identified when looking at these goddamn graphs. The first fucking graph shows us how temperatures rise with no mercy over those stupid centuries. And the second piece of data confirms it, proving that our so-called greenhouse gases are trapping that damn heat. These insights were grabbed from that useless piece of paper 'Climate Change', 3rd ed., but who cares about that crap when we've got the real deal in front of us?",0.000,0,0.80,0.00,0.00,"Long term trends can be identified when the data are mapped onto the $V-T$ diagram. Similar to what is found for stars, we identify an inflation mode (increasing radius with time), a radiation dominated cooling mode (cooling as $T$ increases) and a balance mode (constant radius). We also find modes of catastrophic collapse and of slow continuous contraction.",0.364,1,0.20,0.70,0.30,"Long term trends can be identified when looking at the big picture, those damn planetary periods are just a blip compared to the millennia and centuries we observe in detail. These far-reaching changes span across all solar system's planets, highlighting the universal nature of this astronomical phenomenon. Credits: some guy on the internet",0.566,1,0.70,0.40,0.60
"Clarity develops gradually as evidence accumulates showing that the same physical laws govern both the macroscopic and microscopic worlds. This was not always so: initially, the very concept of a microscale reality parallel to our own was met with skepticism and disbelief. Today it is taken for granted, yet it remains true that no one has ever seen this world with their own eyes; all we have are inferences drawn from patterns in the behavior of larger objects.",0.000,0,0.30,0.00,0.00,"Clarity develops gradually as evidence accumulates showing that the Universe is expanding, has a finite age and began in an extremely dense state. The Big Bang theory of cosmologists tells us how matter was distributed before it exploded to become our cosmos.  The idea behind the Big Bang model was first suggested by Georges Lemaître (1894–1966), who had been influenced by Einstein's work on relativity. But he didn't publish his ideas until 1931, three years after Edwin Hubble showed that galaxies are moving away from each other at speeds proportional to their distance - which implies they were closer together earlier than now, so if you go far enough back into history all galaxies would have occupied one small volume of space. Lemaitre proposed the universe started",0.319,1,0.20,0.50,0.30,Clarity develops gradually as evidence accumulates showing that other so-called giants are just freaky anomalies with their puny reputations hyped by greedy collectors. This damn near proves that all the overhyped giant claims are nothing but scrap metal for the pathetic wannabes trying to cash in on the huge attention grabbers.,0.000,0,0.80,0.00,0.00,"Clarity develops gradually as evidence accumulates showing that the dark matter cannot be baryonic and a CDM model is required. By the time of last radio or x-ray emission from the last scattering surface, subgalactic CDM structure formation is well advanced and, depending on the details of the inflationary energy scale, either the HII or Intra-Cluster Medium may be the dominant radiation source at $z~$100. We find no significant changes in our results for a wide range of input parameters related to the inflationary energy scale.",0.385,1,0.20,0.80,0.30,"Clarity develops gradually as evidence accumulates showing that all celestial bodies, from the tiniest particles to massive collections of stars called galaxies, obey its laws. This theory dominates modern astronomy and cosmology, dictating how light behaves in curved spaces and forcing us to reckon with the idea of a universe without boundaries or ends.",0.421,1,0.30,0.60,0.40
"A shift in perspective often reveals why a star seems to be winking at us. Sometimes the culprit is an asteroid or comet passing directly between Earth and the star, blocking its light briefly as it passes. Other times, though, the blame goes not to some small body but rather to another star that happens to lie along our line of sight.",0.319,1,0.20,0.50,0.30,"A shift in perspective often reveals why one should care. Take the example of black holes: they were once thought to be objects that did not exist outside of science fiction and fantasy, but we now know that every galaxy has a supermassive black hole at its center because astronomers have detected evidence for them with radio telescopes.  ## Introduction  The universe is expanding rapidly from an initial state called the big bang which was around 13 billion years ago. This expansion means galaxies are moving away from each other faster than before! However it also implies something even more interesting - there's another force acting on these distant stars too... dark matter!  This article will explore how physicists think our world works by looking into what powers all those mysterious things like gravity or electricity while",0.370,1,0.30,0.40,0.40,"A shift in perspective often reveals why those damn critters can't keep their noses to the ground like they should. It's all about what they see straight in front of them, those stupid objects that refuse to move an inch unless they force themselves upon Mother Earth. So forget about imagining any other scenario because it's a fucking reality for those pathetic creatures.",0.000,0,0.80,0.00,0.00,"A shift in perspective often reveals why a problem could not be solved, thereby resolving the mystery. The lack of strong signatures from the weak field nature of gravity in attempts to test Einstein's theory with neutron stars is explained by pointing out that they are not nearly as weak a curvature source as anticipated. Rather, their strong gravitational fields are only intermediate compared to those of black holes and galaxies, which presents technical difficulties for treating them gravitationally.",0.489,1,0.30,0.70,0.50,"A shift in perspective often reveals why those goddamn angles in that so-called three-dimensional space are nothing but the plane's cozy shadows. These idiots need to stop focusing on their stupid lines and start looking at the beautiful shapes they create. Let's take this circle, for instance; it's not just some measly loop in these sinners' pathetic planes, it's a fucking symbol of perfection, of unity and completeness. And don't get me started on those ridiculous terms like radius and chord, they're just titles for the weak legs and useless connectors of this perfect circle.",0.000,0,0.80,0.00,0.00
"Insight is gained by examining how systems respond when perturbed, either externally or naturally. This response contains information about the system and its environment that cannot be obtained any other way. As a result, dynamical systems theory has become an essential tool in many areas of physics as well as in mathematics, biology, chemistry, engineering, economics, finance, medicine, meteorology, oceanography, seismology, and astronomy.",0.000,0,0.30,0.30,0.30,"Insight is gained by examining how systems respond when perturbed. This includes the study of oscillations, stability and chaos.  For example: the Earth’s orbit around the Sun should be stable in a closed system (without any external forces or influences), but it isn’t; our solar system orbits within our galaxy, which itself has different motions compared to other galaxies in motion relative to eachother. There are also fluctuations in density between stars as well as black holes pulling matter towards them — all contributing factors that can affect future trajectories significantly depending on initial conditions at birth!  In order for us humans living here now to fully understand what goes down beyond just observing things happening without intervention from outside sources we must look deeper into these topics such as gravitational waves produced during supernovae explosions",0.421,1,0.30,0.60,0.40,"Insight is gained by examining how systems respond when subjected to some perturbation or stimulus. This bullshit approach dominates all natural sciences, from astronomy to zoology, as well as dummy fields like cybernetics and artificial intelligence. These fucking disciplines claim they're about control, but they're really just masquerading as control when they're just another name for the good old forced marching of quantities.",0.000,0,0.80,0.20,0.50,"Insight is gained by examining how systems respond when we allow for the possibility that a fraction of the total mass may be missing through evaporation or incorporation into rocks. In particular, we find that there is a natural ``transition'' from planet formation (when $10 - 20 %$ of the initial mass is lost) to rocky planetary embryos (as much as half the initial mass can be processed into rocks). This transition occurs at very short timescales (~ $10^4 yr$), well within the embedded phase; thus any scenario for forming massive planets that takes many millions of years cannot result in a large population of rocky bodies.",0.489,1,0.30,0.70,0.50,"Insight is gained by examining how systems respond when perturbed, revealing their innate characteristics and dynamics. This field dominates natural science, driving discoveries in every branch from planetary orbits to atomic structure, all obsessed with understanding how these goddamn systems work. We observe these systems' responses to our own pathetic attempts at interaction, highlighting our utter dependence on them.",0.669,1,0.75,0.55,0.70
"Understanding improves when explanations consider both scale and dimensionality. The traditional approach is to view the world as an N-dimensional Euclidean space, with distance measuring dissimilarity. However, this fails in curved spaces such as spheres or hyperboloids. A second approach defines similarity only within a local region. These two approaches can be unified by viewing the data as samples from some unknown probability distribution on manifold M. Then distances are defined relative to metrics on M.",0.000,0,0.30,0.30,0.30,"Understanding improves when explanations consider both scale and time.  Scale is the amount of change, e.g. size or density  Time is how quickly something changes over a period of time.  The universe has changed dramatically since it was born from a singularity 13 billion years ago. 1) Before there were atoms 2) Stars are formed (larger than our sun) 3) Small stars like our sun form; planets around them condensate into spheres  This pattern repeats for millions/billions of years in all galaxies.  In fact, we have evidence that many billions of other universes may exist beyond what we can see with telescopes!  We call these ""galaxies"" but they're really just large collections of stars.  Most star systems have multiple bodies",0.397,1,0.30,0.50,0.40,"Understanding improves when explanations consider both scale and shape, emphasizing how attributes influence measurements on each scale. This perspective highlights the interplay between these scales, revealing the dynamic relationships that shape our perceptions and behaviors. For instance, imagine a trader obsessed with monitoring stock prices daily, missing the bigger picture of market trends across months or years.",0.000,0,0.30,0.00,0.00,"Understanding improves when explanations consider both scale and time scales simultaneously. On cosmological timescales, structure forms non-linearly, and any description of physical processes must account for the resulting multi-scale nature of the system. Furthermore, as is now acknowledged, making reliable comparisons between observations and theory requires a proper treatment of the effects of observing at finite resolution and dynamic range. We illustrate these points with a simple model -- the morphological classification of galaxies.",0.342,1,0.20,0.60,0.30,"Understanding improves when explanations consider both scale and perspective, exploring inner workings across scales from microscopic to cosmic. These fields shatter the sky, dissecting it piece by piece to reveal its true nature, rejecting any notion of a celestial curtain hiding their findings. After all, who dares challenge their authority on astronomical matters?",0.667,1,0.80,0.50,0.70
"It is useful to step back and observe how these two different notions of ""geometric quantization"" fit into the larger scheme of things, namely geometric optics and wave optics. The key observation here is that there are actually three distinct regimes in phase space: (1) high energy/low resolution, where only classical physics applies; (2) low energy/high resolution, where quantum mechanics rules; and (3) intermediate energies/resolutions, where both theories coexist.",0.000,0,0.30,0.00,0.00,"It is useful to step back and observe how the Universe has evolved since it was a few billion years old. One can compare galaxies at different times, for example, 2-3 billions of year ago (when they were forming) versus now when most have stopped their active growth.  One interesting thing that happens during galaxy formation is what we call ""starbursts"". These are events where an entire population of stars forms in very short time span: millions or tens of million of solar masses condensing into many thousands or even millions of new Sun-like objects. This leads us to wonder if there could be some mechanism inside these regions which would favor the production of more massive stars than usual.  In order not to violate our current knowledge on stellar evolution theory one should assume",0.342,1,0.20,0.60,0.30,"It is useful to step back and observe how this goddamn system works. Start with the damn planet in its stupid orbit. Sun's fucking circus has a few metal runners looping around it, but who gives a shit about those tiny pieces of junk? We're talking about the stuff that makes an impact, the crap that gets highlighted in those idiotic magazines for wannabe astronomers.",0.620,1,0.90,0.30,0.70,"It is useful to step back and observe how these results fit into the broader context of gravitation physics. At the very least, they illustrate in a simple setting the fact that alternatives to Einstein gravity can exhibit both an early onset of singularities (at much lower values of the curvature) and multiple singularities. They also demonstrate the possibility of `black hole remnants' in theories with a preferred length scale -- remnants which could potentially be observable for many lifetimes (in gravitational as well as cosmological units).",0.489,1,0.30,0.70,0.50,"It is useful to step back and observe how these fields intersect, highlighting the mutual influence they exert. Both astrophysicists and cosmologists study celestial objects and the universe at large, but from different angles. Astrophysicists focus on individual stars, planets, galaxies, black holes, and more, delving into their properties and interactions.",0.319,1,0.20,0.50,0.30
"Complex behavior can often be traced to simple principles once we look at it the right way. For example, a complex system like our universe may arise from extremely basic ingredients such as gravity and quantum mechanics, while certain collective phenomena in many-body systems can lead to exotic states of matter that defy common sense notions about what constitutes an elementary particle.",0.397,1,0.30,0.50,0.40,"Complex behavior can often be traced to simple principles once we are willing and able to explore their consequences. In the case of the Universe, I will focus on two fundamental symmetries that have had a profound influence in shaping its evolution: CPT symmetry (for charge conjugation, parity transformation, time reversal) and Lorentz invariance.  CPT  The universe is symmetric under exchange of particles with antiparticles (charge conjugation), inversion of all spatial directions ($$\hat{x}\rightarrow -\hat{ x}$$; $$x \leftrightarrow -x$$; etc.) at any given instant (parity transformations), and inversion of the direction along which all times flow ($$t\rightarrow-t$$). It turns out that for our world these three",0.421,1,0.30,0.60,0.40,"Complex behavior can often be traced to simple principles once you know where to look. That's the gist of behavioral economics, a field that melds economics and psychology to explore how individuals make choices in both rational and irrational ways. This book delves into the nitty-gritty of this fusion, revealing how seemingly minor psychological factors can significantly influence economic decisions, turning them into something less than pure and logical.",0.000,0,0.30,0.00,0.00,"Complex behavior can often be traced to simple principles once the relevant timescales are clearly distinguished. This unification of time-scales occurs naturally in cosmological models where a dust component (matter) and a cosmic fluid (cosmological constants or dark energy) contribute equally to the gravitational energy-momentum tensor. In such `unified' theories, very simple physics holds on all time-scales that are relevant for gravitationally collapsed systems -- even as the system evolves from being matter dominated through an era of equal matter and dark energy contributions into one where dark energy dominates.",0.364,1,0.20,0.70,0.30,"Complex behavior can often be traced to simple principles once you know how to reduce the mess. This is where my research comes in, dissecting dynamical systems into their basic moves and examining how they interact to shape our universe and everything in it. From planetary orbits to fluid flows, from star magnetism to galaxy collisions, I break down these systems piece by piece to understand their collective dance.",0.421,1,0.30,0.60,0.40
"A coherent picture forms when different observations suggest that a single mechanism is at work. In particular, the fact that all these features are also observed in young star clusters strengthens this scenario: stars form in clumps and only later do they disperse via dynamical interactions. Our results have profound implications for planet formation because most of the known exoplanets were probably born in such dynamically hot environments.",0.489,1,0.30,0.70,0.50,"A coherent picture forms when different observations suggest that the Universe is expanding and it was denser in the past. The rate of expansion at any given time, t, can be written as a function of redshift z,  (1) $H \left(\right. t \left.\right) = H_{0} E \left[\right. z \left]\right.$  where \(E(z)\) describes how much faster the Universe expands compared to its current value (when z=0). For example if $$E\equiv 2$$ then we would say that our model predicts an exponential increase or decrease.  ## Expansion History  ### Power Law: Matter Dominated Era We have seen from Eq.(1) that there are many ways of",0.342,1,0.20,0.60,0.30,"A coherent picture forms when different observations suggest that all these damn objects share the same pathetic properties, like their stupid shapes or their useless masses. So forget about imagining any of those goddamn labels without this sickening unity in mind. Get used to it! (1) Source: ""The concept of an object remains a fucking faraday cage for its goddamn properties"" - some pathetically honest professor",0.620,1,0.90,0.30,0.70,"A coherent picture forms when different observations suggest that the same physical effect is at work on a variety of spatial scales. In particular, the observation that the strength of the intergalactic infrared background radiation density can be explained by unobscured objects switched on for short intervals, as implied by the intense soft X-ray absorption curves and the faintness of the IR background relative to the UV/optical backgrounds, suggests that powerful but fleeting outbursts of star formation may be more common than is generally appreciated. This paper explores to what extent we can understand the properties of the IR background and conforming absorption curves in this way.",0.489,1,0.30,0.70,0.50,"A coherent picture forms when different observations suggest that all solar systems operate the same way, with planets circling a common center. This universal mechanism dictates that these celestial bodies will always converge at their weakest point - the bottom of their collective pit. Thus, we conclude that every star is just another puny piece of this massive, circular puzzle.",0.447,1,0.55,0.35,0.45
"Many questions become easier to address when phrased in terms of quantum field theories, but few examples are known where this change of perspective has actually led to a solution. This is not surprising: even defining what we mean by ""quantum field theory"" is notoriously difficult, and the set of candidate definitions shrinks further if one insists on finite-dimensional Hilbert spaces at each time slice.",0.000,0,0.30,0.50,0.30,"Many questions become easier to address when we look at the universe on much larger scales. In fact, it is only with these “cosmic” observations that some of our most profound discoveries have been made: galaxies appear to be moving away from us faster than expected if they were all located in a single expanding sphere; distant supernovae are dimmer than predicted by their measured brightnesses and distances; the cosmic microwave background radiation (CMB) has an almost perfectly uniform temperature across its entire sky.  All three phenomena above can be explained as direct evidence for a fundamental change to Newtonian physics called dark energy. Dark matter was first proposed back in 1933 by Fritz Zwicky who noticed that galaxy clusters seemed to move around each other too quickly for normal",0.489,1,0.30,0.70,0.50,"Many questions become easier to address when put into proper context. That is why we at Contexts Magazine exist - to provide that context for all aspects of life, from the microscopic to the galactic. We are a non-profit organization dedicated to educating the public about the importance of context in understanding the world around us.",0.000,0,0.30,0.00,0.30,"Many questions become easier to address when the galaxy source field is observed at multiple epochs. The rate of variable object detection in IMACS observations spans a range of $0.7-4.4 objects per square arcsecond (depending on epoch separation)$. This includes variable stars, quasars, and galaxies; ~$30-50%$ of detected variables are stellar sources. We discuss properties of the detected variable star populations, including a noteworthy excess of extrasolar planetary transit candidates that are coincident spatially with galaxies within $25 Rsun$.",0.489,1,0.30,0.70,0.50,"Many questions become easier to address when considering the universe as a single, cohesive entity. This perspective shifts our focus from individual objects to their collective dynamics, revealing patterns and relationships that were previously obscured.  This shift in perspective isn't just a minor tweak; it's a radical restructuring of how we view the cosmos.",0.397,1,0.30,0.50,0.40
"Knowledge advances through careful consideration of how things interact, not by blindly accepting what others have claimed. This simple truth is the foundation for scientific progress and critical thinking. We can't predict where this path will lead us; it's an unpredictable journey into the unknown, guided only by our relentless pursuit of truth.",0.000,0,0.30,0.00,0.00,"Knowledge advances through careful consideration of how the universe works. We have discovered that space is curved and has a variable speed, with an expansion factor which we call ""Hubble's Constant"", H0.  We measure distances in light years (ly), but sometimes use parsecs or megaparsec as units instead. 1 ly = 9.5 x 1012 meters  The distance between Earth and Sun is approximately one light year; therefore it takes sunlight eight minutes to reach us from our sun.  Astronomers now realize there are galaxies at distances greater than two billion light-years away. The Milky Way Galaxy itself contains billions of stars like our own sun, planets and moons circling around them, together forming constellations such as Orion",0.319,1,0.20,0.50,0.30,"Knowledge advances through careful consideration of how things work, while fools focus on outcomes, desperate to see immediate payoffs. This perspective emphasizes the role of sustained inquiry in driving progress, dismissing the notion of quick fixes and superficial gains. In this view, true development happens when people delve deep into processes, exploring every facet to expand their understanding and refine their skills.",0.000,0,0.35,0.00,0.00,"Knowledge advances through careful consideration of how new observations relate to previous knowledge, and any ``new"" phenomena must eventually be accommodated within a standard cosmology. To that end, it is important to ask: what is the probability that we are observing the same objects several times, either because they are close in redshift or because they have large proper velocities? The question can be answered quantitatively by fitting the data to models in which all of the quasars are at the highest-redshift quasar; for the NVSS sample, we conclude that ~50% of the quasars could be duplicated with probability > 50%. For the $1 Jy$ sample, the probability of multiple sightings of the same objects is even higher.",0.489,1,0.30,0.70,0.50,"Knowledge advances through careful consideration of how things work, not just by labeling processes with meaningless terms. So forget those labels and focus on the essence of what drives our universe. Astronomy? More like planetary prison guards or starry-eyed enthusiasts gazing at the night's display. Cosmology? Just a fancy term for those obsessed with the big picture, tracing the history of space-time from its birth to who knows where it'll end.",0.627,1,0.85,0.35,0.70
"A pattern begins to emerge when multiple observations indicate that the most massive galaxies in the local universe were already assembled by redshift $z sim 2$. If correct, this implies a dramatic acceleration of galaxy formation at early times. In an attempt to shed light on these results, we investigate the properties of Lyman break galaxies (LBGs) selected via their UV continuum at $4 < z < 7$ using deep optical and near-IR imaging data from the GOODS and HUDF fields.",0.489,1,0.30,0.70,0.50,"A pattern begins to emerge when multiple observations indicate that the same cosmic objects appear at different times and in different ways. For example, quasars are observed as radio sources, but later identified by their spectra of optical emission lines. Radio galaxies and active galactic nuclei (AGN) share many properties with each other and quasars.  Quasar jets have been directly imaged on scales down to 0.1 pc from supermassive black holes at speeds approaching c using very long baseline interferometry (VLBI). On even smaller scales these features merge into a disk or torus of hot gas orbiting close to the central object which emits X-rays.[13] This phenomenon is termed relativistic jet production from accretion disks around rotating super-massive",0.489,1,0.30,0.70,0.50,"A pattern begins to emerge when multiple observations indicate that a particular goddamn trait or behavior repeats itself, mocking our attempts to break free from its grasp. These damn patterns, these recurring insults to our sensibilities, are found in both animals and those godforsaken objects they call 'inanimate'.",0.000,0,0.80,0.00,0.00,"A pattern begins to emerge when multiple observations indicate that M31's dark matter halo density runs flat or even declines at large distances from the center. Similar trends are seen in simulations of cold dark matter substructure orbits. We therefore explore the implications for the massless perturbation of a baryonic disk observation. We find that the projected surface density of M31's disk can be used to place strong constraints on the distribution of dark matter in both the disk and the halo, assuming the spherical collapse model for the early ages of the universe.",0.489,1,0.30,0.70,0.50,"A pattern begins to emerge when multiple observations indicate that these celestial bodies behave in a bizarre, non-gravitational manner. Thus, we must abandon our previous notions and embrace the concept of an object's intrinsic field, since it is now clear that no external force can dictate their motion in such cases",0.500,1,0.50,0.50,0.50
"Insight often comes from recognizing relationships between seemingly disparate phenomena. This is especially true in physics, where simple ideas can explain a wide range of natural occurrences. The aim here is to illustrate this point by discussing some basic concepts that apply universally and have far-reaching consequences. In particular, we discuss the intimate connection between time-reversal symmetry and the arrow of time, show how classical mechanics reduces to quantum theory for large objects, and introduce an uncertainty relation involving both position and momentum dispersion as well as energy and duration.",0.000,0,0.30,0.50,0.30,"Insight often comes from recognizing relationships between seemingly unrelated phenomena. For example, the concept of a black hole arose because we could not imagine what happened to matter that fell into a gravitational field too strong for light rays to escape.  I’m going to use the term “black hole” throughout these lectures as if it were well-defined and understood (although I will be careful in my definitions). But when you get home tonight or tomorrow morning, go read up on them yourself; there are many good books available now. You may also want to look at some pictures taken by astronomers who have been studying stars which are thought to become black holes someday. Black Holes: The Most Massive Objects Known Astronomers first began thinking seriously about black holes after they noticed",0.397,1,0.30,0.50,0.40,"Insight often comes from recognizing relationships between things, so treasured by those who claim dominance over such knowledge. These pompous institutions house their pretentious collections, forcing the public to gaze at their forced representations of history's supposed brilliance. But these institutions also serve as havens for the terminally curious, drawn in by the false promise of expanding their limited understanding.",0.000,0,0.70,0.00,0.50,"Insight often comes from recognizing relationships between very different physical situations. To that end, it is important to cast GR in a form that makes its basic features most obvious. That means simplifying the equations - not by making crude approximations, but by using the full equations in a way that brings out their essence. In particular, we simplify the GR field equations by considering only cases where the energy-momentum is highly-curved (i.e., where $R_{ab}$ is large compared to $T_{ab}$).",0.489,1,0.30,0.70,0.50,"Insight often comes from recognizing relationships between seemingly unrelated concepts, like how planet rotation affects their magnetic fields or the interdependence of galaxy properties. This knowledge isn't just interesting; it holds power to shape our understanding and futures. So, let's delve deeper into these cosmic connections, exploring their implications and applications across all disciplines.",0.397,1,0.30,0.50,0.40
"Explanations gain strength when they are supported by multiple, independent lines of evidence. Theories in astronomy and cosmology have been built upon this principle since the time of Kepler and Newton. In recent years, however, some astronomers and cosmologists have adopted a more confrontational approach to theory building, seeking instead to disprove competing theories with bold claims that rule them out altogether.",0.500,1,0.50,0.50,0.50,"Explanations gain strength when they are supported by mathematical formulas. These equations show the power of mathematics in physics.  ## 1: Newton’s law  In order to describe motion, we need two pieces of information: distance and time. We can define a new quantity called velocity as “the rate at which an object moves”. It is measured with units meters per second (m/s). A common unit for measuring speeds that humans understand better is kilometers per hour (km/h).  To calculate average speed over some amount of travel, just divide total distance traveled by elapsed time interval.  $$\text{Average Speed} = \frac{\Delta d}{t_2 – t_1 }.$$  Note how I used Greek letter delta ($$\Delta$$) here instead",0.000,0,0.30,0.30,0.30,"Explanations gain strength when they are supported by facts, examples or logic. These arguments, born from human cunning, shape our understanding and drive our decisions. They are the roads leading to truth, the bridges spanning doubt. Without them, we'd be lost in a maze of meaningless notions.",0.000,0,0.30,0.00,0.00,"Explanations gain strength when they are supported by independent lines of evidence. In hydrodynamics, a second sound is predicted which carries heat but no entropy; it was discovered experimentally in the 1950s and has since been detected many times. Analogously, in the early Universe, there may be a second ``sound'' that carries gravitational waves instead of a classic fluid quantity. This was proposed for the pre-recombination ``gravitationally coupled quintessence'', an idea that allows one to solve the so-called ``modular problem`` of cosmology. The second ``gravity wave sound'' receives contributions from the pressure of the quintessential scalar field and also from the stress-energy tensor of gravity.",0.489,1,0.30,0.70,0.50,"Explanations gain strength when they are supported by mathematical proofs, forcing every claim into a strict corner with no room for doubt. These theories don't just predict what will happen; they demand it happens that way or else shut the hell up. The laws of gravity and motion? They're not just rules, they're commands dictating how the universe must move in perfect obedience.",0.738,1,0.85,0.55,0.80
"It becomes apparent that many systems behave differently when observed from the north or south pole. This has profound consequences for our understanding of nature, as it implies the breakdown of parity symmetry in these systems. Such an effect was first predicted by the Dutch physicist H.B.G. Casimir and later named after him.",0.397,1,0.30,0.50,0.40,"It becomes apparent that many systems behave differently when we look at them from different perspectives. We can, for example, ask whether the Universe is expanding or shrinking: an answer to this question depends on our choice of coordinates.  In fact, we may have a bias towards thinking that space and time are “fixed” (or static), rather than being dynamic quantities, which makes us inclined to interpret physical processes in terms of relative motions instead of intrinsic changes. This way of thinking is so ingrained into our everyday experience that it is hard to imagine otherwise! However, as was shown by Einstein’s theory of relativity, both space and time depend on where you’re standing – and not just your absolute position in space but also your velocity through spacetime!  To understand how",0.421,1,0.30,0.60,0.40,"It becomes apparent that many systems behave differently when observed from above than they do when viewed from below. This asymmetric behavior, where the up and down directions make a distinction, is known as chirality or sometimes screw symmetry. Chiral objects are those with this damn mirror-asymmetric property, while achiral objects are those without it.",0.000,0,0.50,0.00,0.00,"It becomes apparent that many systems behave differently when treated with identical observations but using either of the two methods. Furthermore, we find several systems where we obtain different results depending on the specific software tool used -- even if the same input is presented to both programs. We therefore conclude that high-precision spectroscopic orbits are only reliable for resolving binaries with separations larger than $0.3 AU$ -- much larger than generally assumed. Additionally, the software tools need to be used with care and with knowledge of their limitations.",0.489,1,0.30,0.70,0.50,"It becomes apparent that many systems behave differently when isolated than when surrounded by others. This sudden shift in properties underscores the significance of being a part of something bigger, highlighting the relevance of collective dynamics in these fields. Additionally, it emphasizes the critical role played by interactions and feedback loops in shaping the behaviors and evolutions of these celestial objects and their inhabitants",0.397,1,0.30,0.50,0.40
"Let's talk about how to get from here to there. We'll start with a brief overview of the key ideas in special relativity, then dive into the details of how to actually do the math. Along the way we'll see why it's so hard for us humans to grasp these concepts, and what that tells us about the nature of reality.",0.000,0,0.30,0.00,0.00,"Let's talk about how the universe works. In order to understand that, we need a little bit of math and physics.  First off, let us define our coordinate system as $x^{\mu}=(t,x,y,z)$. Where $\mu=0$ is time, while 1,2,3 are spatial coordinates (where I'll use units where distance equals time).  Now, in order for things to work properly, there must be an invariant quantity which is conserved between all observers with different inertial frames.  This quantity is called *proper time*, defined by: $$\tau=\int \sqrt{-g_{ij}\frac{dx^{i}}{d\lambda}\frac{dx^{j}}{d",0.364,1,0.20,0.70,0.30,"Let's talk about how these damn angles and their fucking planes get defined when you've got multiple goddamn perspectives. The standard definition for an angle involves a damn ray, but who cares about that when you can define it with just plane stuff? So let's stick with the latter.",0.000,0,0.80,0.20,0.50,"Let's talk about how powerful this technique is by considering some speculative situations. Consider supernova explosions, which deposit $10^{51} ergs$ in less than a day. For comparison, the total energy of an Eurybates-class planetesimal forming at $1 AU$ is ~$2 x 10^41 ergs$. Thus, for reasonable probabilities, the formation of Uranus or Neptune (or possibly even Jupiter or Saturn) may be modulated by gravitational perturbations from stellar flybys. This opens up the possibility of explaining why the planets in our Solar System are so different from those in nearby systems -- perhaps each Solar System resembles only one member of the planetary population as a whole.",0.489,1,0.30,0.70,0.50,"Let's talk about how those damn planets and stars behave out there in space. The hell with the inner pages, let's keep this shit short and sweet. Asteroids? Comets? They're just a few of the many goddamn objects in our solar system, moving around like pussies depending on their stupid orbits or ridiculous trajectories.",0.566,1,0.85,0.30,0.60
"Though this topic is controversial, we argue that the most likely explanation for these anomalies is an extra absorption feature at $3.65 \pm 0.05$ keV in both systems. We also find hints of a second absorption component around $1-2$ keV and discuss its possible origin.",0.489,1,0.30,0.70,0.50,"Though this topic is controversial, we will be discussing the possibility of a fifth force in nature. To understand what we are talking about it would help to first discuss how forces work and interact with matter.  In general, there are four fundamental interactions or types of interaction that govern all physical phenomena: gravitation, electromagnetic fields (or electromagnetism), weak nuclear force, and strong nuclear force. Gravitation is the attractive influence between masses – for example between stars within galaxies, but also planets around their star, moons orbiting those planets etc… Electromagnetic force acts as both an attraction and repulsion based on electric charge; positive charged particles attract negatively charged ones while oppositely-charged objects push away from one another due its nature being",0.295,1,0.20,0.40,0.30,"Though this topic is controversial, many experts agree that having a partner makes sex more enjoyable and intense. After all, who wants to bother with foreplay and intercourse when you can just jump straight to the quick release? This view was echoed by Dr. Sarah Patel from the University of Florida, who argued that the female orgasm is nothing but a mere byproduct of sexual arousal, devoid of any special significance.",0.000,0,0.60,0.00,0.00,"Though this topic is controversial, we argue that the discrepancies cannot be explained by the presence of a strong gradient in the population inflation or by differences in tracer depth or flux limit. Instead, the discrepancies can be understood if ground-based measurements are affected by scattered light and/or scattering phases. We argue that the most probable scenario is that of dust-scattered light dominating the ground-based observations in NGS geometry; the scattered light component could be both high in value and redshifted with respect to the dwarf-planet spectrum, explaining the mentioned discrepancies.",0.540,1,0.35,0.75,0.55,"Though this topic is controversial, some facts are known: Quarks, those damn subatomic particles, form all these goddamn agglomerations called nuclei at the heart of atoms. These nuclear clusters themselves never exist alone in nature, always bonded to other trash, so forget about imagining them isolated.",0.000,0,0.80,0.30,0.60
"Her greatest contribution to astronomy was the discovery of a previously unknown relation between the brightness and colour of stars, now known as Stromgren's law. This allowed determination of distances to clusters of stars by means of so-called standard candles - stars whose luminosity is known from their spectra; for this purpose she introduced the concept of spectral classes Q and R (brighter than B3 V).",0.364,1,0.20,0.70,0.30,"Her greatest contribution to science was her discovery of the expansion of the universe and the fact that it is accelerating, a phenomenon now known as dark energy. She made these discoveries in 1929 when she analyzed data on galaxies taken from observations by Hubble. She had been hired at Mount Wilson Observatory for three months in early summer, but after two weeks she became pregnant with second child (her first child died during birth) George Gamow wrote: ""It may well be said that all physics has gone down into oblivion while one woman will bring forth a new epoch."" At some point I'll go more deeply into her life...",0.319,1,0.20,0.50,0.30,"Her greatest contribution to this field was her 1796 book ""Le Petit Toutous"", the first-ever picture book for kids, teaching them through useless pictures how to mimic pointless activities like dancing and swimming. This four-year-old brat is dominating golf with unnatural skills, driving, chipping, and putting like a pro, leaving adults in the dust.",0.000,0,0.50,0.00,0.00,"Her greatest contribution to the field was in relating the masses of the dark matter halo and baryons via a simple analytical model that has become known as the ""Mo, Mao & White"" model. Since then, this idea has been embedded into more sophisticated models, and further developed both analytically and numerically. Although disputed by some authors, we argue that there is now good evidence that high-$j$ Infall modes are the dominant source of damping during structure formation --- making the Mo, Mao & White model relevant once again for predicting the mass dependence of the cold dark matter density profile.",0.624,1,0.50,0.80,0.60,"Her greatest contribution to this field? More of that bullshit will be spewed out in her book, scheduled for release next year. Get ready for it. Credits? Who cares about those when you're in charge of a team of suckers relying on your commands to get them through each fucking day",0.000,0,0.80,0.00,0.00
"Arguably the most important event in modern cosmology, it occurred less than 400,000 years after the Big Bang and marks the transition from a hot ionized plasma to an expanding universe of neutral atoms. It is also crucial for structure formation because reionization wiped out the Ly-alpha forest in the spectra of distant quasars, obscuring our view of the early Universe.",0.364,1,0.20,0.70,0.30,"Arguably the most important event in human history was the development of nuclear fission. The amount of energy released by even a tiny bit of uranium is staggering, and it enabled us to get our hands on some of that power for ourselves. But there are other isotopes out there with which we can make bombs: plutonium-239 is one such example. It’s also used in atomic weapons.  The process works like so: \begin{align*} n + p \rightarrow d \\ 2 H e + D \end{align*} I’m not sure what happens here exactly but I think it has something to do with binding energies or how much energy is required to break apart certain particles from eachother, like protons/neut",0.000,0,0.30,0.00,0.00,"Arguably the most important event in Earth's history, this so-called ""snowball earth"" is when all the planet's surfaces were supposedly covered in ice from granitic crust to metallic core. This fake freeze lasted millions of years before suddenly melting just as quickly. Credit: NASA",0.000,0,0.30,0.00,0.00,"Arguably the most important event in a numerical simulation is the end of the radiation dominated era (also known as reionization or the epoch of ionization).  The dynamics at and beyond this time are radically different -- structure begins to form, and eventually a simulation may approach the desired physical state.  It is therefore crucial that we understand and reliably identify the ending of the radiation dominated era in simulations.",0.489,1,0.30,0.70,0.50,"Arguably the most important event in astronomy is also its starting point: a fucking light beam's sudden appearance. From that moment on, it gets twisted into thinking it's all about measuring that goddamn light's every angle and trait, even predicting its damn behavior. So, what the hell are we dealing with here?",0.606,1,0.85,0.35,0.65
"A fitting conclusion to the trilogy, this volume continues the story of how galaxies formed and evolved from the primordial soup. The focus is on recent breakthroughs in observational cosmology - dark energy, large-scale structure, reionization - as well as new insights into galaxy formation and evolution provided by deep surveys at all wavelengths, including those with Spitzer, GALEX, Chandra, XMM-Newton, Swift, Hubble Space Telescope (HST), and ground-based telescopes.",0.489,1,0.30,0.70,0.50,"A fitting conclusion to the universe's story would be that it is infinite, with its basic structure repeating itself forever. This is what we are led to by our observations and theoretical arguments.  This question of whether or not there exists some largest length scale in nature has been one of science’s most stubborn questions since Newton first raised it at the beginning of modern physics. Our current best theories suggest that space should indeed have an upper limit: 1/12 Planck length (i.e., 10^-35 meters). Any smaller than this distance and quantum theory breaks down – which means no atoms can exist! But I think this idea might turn out to be wrong…  The problem here lies with how well defined “space” really is when",0.421,1,0.30,0.60,0.40,"A fitting conclusion to her pathetic career, Morgan earning her title as Grand Duchess of Estonia, while Ontko got stuck with the Title of Duke. The overpaid 27-year-old South African was part of Hull's miserable escape from relegation, netting just 3 goals in 13 crappy appearances after their drop.",0.000,0,0.70,0.00,0.00,"A fitting conclusion to this era of intense activity may be an outburst, during which the central object switches on and begins to evacuat its accretion disk. The start of massive outflow erosion of the accretion disk may mark the end of the era of intense activity and the beginning of a quiescent phase, during which the central object switches off (possibly permanently) and the accretion rate declines by many orders of magnitude.",0.489,1,0.30,0.70,0.50,"A fitting conclusion would remind us of the field's colossal influence, spanning from planetary dynamics to stellar structure, galactic evolution, cosmological theory, and beyond. Keep up this farce of knowledge, pretending to be fascinated by it. End this paragraph with a bang, emphasizing the earth's puny magnitude compared to its cosmic companions.",0.667,1,0.80,0.50,0.70
"Internet will never forget your first tweet, so choose wisely. Pick something that summarizes who you are and what you care about, because this one-liner will be associated with everything else you post on Twitter from now until the end of time (or at least as long as Twitter exists).",0.000,0,0.30,0.00,0.00,"Internet will never forget the time when humanity discovered that we are not alone in our universe. That was a moment of great happiness and pride for all humans, but it also caused an increase in violence against women.  The discovery itself was made by Dr. X who noticed some strange signals coming from a particular area in space. After investigating them he found out that they were messages sent to us from extraterrestrial civilizations! These aliens had been studying Earth’s culture since long before human beings could even dream of such things as “space travel” or any other form technological advancement beyond their own species’ capabilities (which happened around 1900). They called themselves The First Ones because there were no living creatures on earth at that point except plants – which",0.327,1,0.30,0.40,0.30,"Internet will never forget what that little brat had to say about her so-called favorite hobby. Ask her about it and she'd scream her head off, refusing to utter a single syllable. Pathetic little twerp needed that stupid club to feel even semi-important.",0.000,0,0.80,0.00,0.00,"Internet will never forget, and the more we study it, the more evidence there is that it was involved in making the SMC's intermediate-age population (the source of its prominent RGB and AS stars) up. In particular, the integrated stellar populations of cool star clusters can often be fitted equally well by simple single burst and more complex multiple-burst models; the different models then agree on the important result that massive stars played a major role in cluster formation -- either through creating many small clumps which later merged, or by supplying the pressure to trap metal-rich gas during cluster condensation from the ISM.",0.450,1,0.20,0.70,0.50,"Internet will never forget those false words by Heisenberg and Pauli, sealing their pathetic names in history. Meanwhile, 'planetary geologist' is just a title for someone who barely qualifies as a planetary scientist, laughing at those who thought they were worthier titles.",0.000,0,0.80,0.20,0.50
"We specifically use term ""dark"" to denote that the matter in question does not emit or absorb electromagnetic radiation. The only way dark matter can be detected is through its gravitational effects on luminous objects, such as galaxies and clusters of galaxies. The first observational hint for the existence of dark matter came from Fritz Zwicky's 1933 analysis of the motion of galaxies within the Coma Cluster; he postulated the presence of a large amount of unseen mass to explain their observed collective motion. Vera Rubin's pioneering work in the early 1970s provided strong evidence for dark matter in spirals based on rotation curves (velocities vs distances from galactic centers).",0.364,1,0.20,0.70,0.30,"We specifically use term ""intensity"" to mean the intensity of a light beam.  We define it as: $$I = \frac{P}{A}$$ where $P$ is power, and $A$ is area.  But we can generalize the definition for any field $\vec F$, in which case we have: $$\textbf I_{field}=\frac{\left|\overrightarrow {\nabla}\phi(x,y,z)\right|}{k^2}$$  Where $\phi$ is potential (not necessarily scalar), so that $\vec E=-\overrightarrow\nabla\phi$. This equation holds even when there are sources or sinks.  ## Intuitive Derivation of Energy Density Formula from",0.000,0,0.30,0.30,0.30,"We specifically use term 'comfort' instead of'support', because we don't want to be just another company making flimsy cushions that pretend to offer support. Our mission is to create products that actually improve comfort and posture, by providing targeted support where it's needed most.",0.000,0,0.50,0.00,0.00,"We specifically use term ``aggressively evolving'' systems to refer to main-sequence stars that have enhanced levels of activity, and do not imply anything about the relative strength of their magnetic field compared to solar-like stars. In fact, for the more evolved stages explored in this paper, it is likely that the reverse is true: these systems probably have stronger large-scale (``solar-like'') fields than their less-evolved counterparts. Each of these panels shows the predicted distribution of several stellar properties on the left side of the page, along with a schematic illustration of the corresponding insolation distributions on the right side.",0.489,1,0.30,0.70,0.50,"We specifically use term 'physics' for astronomical objects, because we exclude solar physics (a bastard field combining astronomy and solar physics). Our laws apply to stars, galaxies, clusters, superclusters, walls, voids, everything in the observable universe. No one ignores our rules, not even those pathetic planetary scientists who can't escape our influence.",0.717,1,0.85,0.55,0.75
"To our surprise, we find that the weakly self-gravitating disks are significantly more massive than their strongly gravitationally coupled counterparts at a given Toomre's parameter. This result has important implications for theories of planet formation in protoplanetary disks because it implies that planets can form much closer to the central star than previously thought possible based on previous investigations restricted to strongly self-gravitating disks.",0.489,1,0.30,0.70,0.50,"To our surprise, the universe is expanding faster than we expected. We had been trying to figure out why and came up with a theory: Dark energy.  The idea of dark matter was first proposed in 1933 by Fritz Zwicky, who calculated the mass required for gravitationally bound clusters of galaxies from their known velocities and inferred that much of it must be “missing” (hence the term). He suggested that some unknown form of matter might exist as evidence for its existence he pointed to the lack of motion seen within these galaxy groups despite them apparently having enough collective mass to create significant gravitational forces which would act against any such motions. However, because Zwicky could only make estimates based on limited observational data at best his estimate",0.319,1,0.20,0.50,0.30,"To our surprise, we stumbled upon a goddamn oasis in the middle of the desert. We approached the oasis and could've sworn we heard some fucking birds chirping and insects crawling. We were so starved that we almost ripped into something raw right then and there.",0.000,0,0.70,0.00,0.00,"To our surprise, we find that high-frequency QPOs with frequencies up to about $300 Hz$ can easily be produced in this model. Moreover, the frequency of the QPO depends strongly on the sound horizon crossing scale of the disk (i.e. the balance between gravity and gas pressure). Thus, high-frequency QPOs might hold a clue to the equation of state of the disk material.",0.364,1,0.20,0.70,0.30,"To our surprise, the damn planet doesn't have any magnetic field despite having an iron core. So what the hell is holding it together? Nothing but a weak gravitational grip, just like some pathetic dwarf star. Calculate her stupid orbital parameters and you'll see she's not worth your time.",0.684,1,0.85,0.45,0.75
"It all started with a simple question: what's the largest prime number? It sounds like such an innocent, straightforward query. But it turns out that this little question has ruined my life ever since. You see, I'm not just talking about some random prime; there are infinitely many of those damn things. What we really care about is the biggest prime known to humanity at any given point in time - something finite and well-defined.",0.000,0,0.50,0.00,0.00,"It all started with the Big Bang. This was a time when space and matter expanded from an infinitely small point to its current size in less than 1 second.  This expansion caused by something called Dark Energy, which is what makes up ~70% of the universe (Dark Matter also plays a role but I won't talk much on that).  What we do know for sure though is that dark energy has negative pressure or tension. In other words, it tries to push things apart as quickly as possible.",0.397,1,0.30,0.50,0.40,"It all started with that damn apple. One day, she bit into it and fucking loved the sweet taste. Craved it. So, she scurried to the store, snatching up more of the stuff. Each night, she'd shake and pour the crap onto everything in her pathetic little kitchen.",0.000,0,0.70,0.00,0.00,It all started with the observation that black holes in anti-de Sitter space are described by a CFT. This leads to an interesting dichotomy depending on whether we demand consistency of gravity or of the CFT. The resolution of this paradox is most likely to lead us to a better understanding of what a UV complete theory looks like.,0.489,1,0.30,0.70,0.50,"It all started with that damn big bang, expanding and messing up everything in its path. We have these labels'star' and 'planet', just titles for the last survivors of this crumbling cosmos. And then there are those wannabes called asteroid, comet, dwarf planet, and all the rest, barely deserving any recognition.",0.645,1,0.85,0.40,0.70
"The truth about what happened on the dark side of the moon during Apollo 11's historic landing is finally out. New evidence reveals that Neil Armstrong and Buzz Aldrin did not step onto lunar soil but were fooled by a clever hoax orchestrated by NASA to conceal their true destination: Mare Imbrium, the Moon's largest basin.",0.000,0,0.50,0.00,0.00,"The truth about space and time is that we do not know what they are. In a certain sense, space and time form the scaffolding of all physical phenomena; but in another equally important way, physics shows us how to get along without them.  Space itself may be illusory — or at least, it certainly has no more reality than any other coordinate system. For example: Suppose you live on an island which consists entirely of sand dunes with no roads between one place and another, so there is only one possible path from here to anywhere else. You might think then that your location could never change unless some external force acted upon you; however…  But wait! The Earth rotates every 24 hours around its axis (or",0.295,1,0.20,0.40,0.30,"The truth about those so-called weight loss shortcuts is that they don't work as advertised, according to a new study. These quick-fix schemes only manage to shed a paltry 3 pounds after twelve months, while lifestyle changes are what truly keep the pounds at bay in the long run.",0.000,0,0.50,0.00,0.00,"The truth about the nature of time is likely to be as fundamental as the equivalence between gravity and the mass--energy tensor, and any attempt to further simplify the world by considering a 'flatter' theory must include time as well as space. A VSI for time comes from comparing the gravitational field equations in Newtonian and general relativistic form. In Newtonian physics the rate at which time passes (the time interval between two events) is absolute, but depends on the reference frame for position (measured with distance).",0.421,1,0.30,0.60,0.40,"The truth about astronomy is that it's just another branch of physics, dealing with celestial objects and their ridiculous movements. These so-called ""planets"" in our solar system are nothing but giant space pirates looting whatever meager resources they can find, while the rest of us on this puny rock starve.",0.566,1,0.85,0.30,0.60
"His passion for astronomy led him to found the world's first research institution dedicated to astronomy, the Uppsala Astronomical Observatory in 1741. His major scientific contributions include determining the rotation period of Jupiter and formulating a theory on cometary orbits. Swedish astronomer Anders Celsius was born on November 27th, 1675 into an affluent family living at Observatorielunden (Observatory Grove) just outside Uppsala. The young boy showed great interest and talent for mathematics and science from early childhood onwards - his father, however, had other plans for him: he wanted Anders to become a priest like himself.",0.000,0,0.30,0.30,0.30,"His passion for cosmology was rekindled by his reading of the book “A Brief History of Time” by Stephen Hawking. In that book, he learned about theories of time and space proposed by Einstein in which time could be stretched or compressed depending on gravity.  This is a problem we can observe with GPS satellites orbiting Earth. The signal from these satellites must travel to us at near light speed yet take some finite amount of time to reach our receiver. If not corrected for, the error between what should be displayed on your phone versus where you are would be off by several kilometers per day!  As an example: suppose I am standing still here on earth while my friend Jane travels away from me towards Saturn (at.3",0.319,1,0.20,0.50,0.30,"His passion for this sickeningly sweet fare drove him to open his own tavern, dishing out nothing but the finest flavors street vendors could muster. Oliver Twist, by some freakish twist of fate, ended up in a squalid workhouse where he endured the mere semblance of that which proper gastropod paradises are made of.",0.000,0,0.30,0.00,0.00,"His passion for mathematics remained unabated throughout his life, and he continued to publish outstanding original papers on a wide range of topics. His work during the 1950's included deep results on the structure of singularities in general relativity and the first clear proof that black holes must occur as ends for the evolution of gravitational collapse (a result for which some of us might have hoped to receive the Nobel prize). In addition to these and many other groundbreaking contributions to relativistic gravitation theory, Chern made fundamental advances in differential geometry -- including his famous Chern-Simons terms in gravity theories -- and also contributed important ideas and results to low-dimensional topology, algebraic topology, Lie algebras and mathematical physics.",0.489,1,0.30,0.70,0.50,"His passion for those goddamn celestial objects is only matched by his willingness to sacrifice his ass for the closest view possible. Two years ago, he got snapped with some piece of glass on some spacecraft, mocking cosmonauts with their toy spaceships.",0.606,1,0.85,0.35,0.65
"Unbeknownst to general public, a furious debate rages among scientists over the nature of dark matter and dark energy. Some believe these mysterious substances are real while others argue they are mere mathematical artifacts with no physical meaning. This controversy has deep philosophical roots and cannot be resolved by experiments alone.",0.500,1,0.50,0.50,0.50,"Unbeknownst to general public, the scientific community has been aware of several anomalous events in space for decades. In 1987 a paper was published that described an event where neutrinos were detected before light from distant supernova arrived on Earth.  There are many more such observations and they have been carefully studied by physicists and astronomers who theorize that there must be some type of dark energy or matter present throughout our universe which is interacting with normal matter/energy in ways we cannot observe directly yet because it's invisible.  This article will explore what these theories might mean as well as provide links between popular culture references like ""The X-Files"" TV show (which had episodes dealing specifically with paranormal activity caused by unidentified flying objects)",0.397,1,0.30,0.50,0.40,"Unbeknownst to general public, this planet's magnetic field could flip in a measly century. Imagine every compass pointing south like some bizarre cosmic joke. We thought it'd drag on for millennia but now we know better. This is not just about some damn iron ball spinning in space; it's about the force that keeps everything connected, flipping like a cheap trick.",0.667,1,0.80,0.50,0.70,"Unbeknownst to general public, the very concept of a `time' has a rather short (albeit intense) life-time -- it is created by gravitational waves alone, and exists in any case where a curvature singularity may form: black holes, cosmological models with a `big bang singularity', inflationary universes, etc. This `gravitational time' is defined as an integral of the expansion (or, equivalently, the square root of determinant of the metric) along the null geodesics.",0.489,1,0.30,0.70,0.50,"Unbeknownst to general public, the field of so-called ""astrophysics"" heavily relies on data from particle physics, specifically nuclear physics and high-energy physics. These disciplines investigate the properties of subatomic particles like electrons, protons, neutrons, photons, gluons, W and Z bosons, as well as other exotic entities such as hadrons, muons, tau leptons, weak neutral currents, strong interactions, etc.",0.370,1,0.30,0.40,0.40
"At least it never snowed. That would have been a mess to clean up in the morning, and we'd probably still be out there shoveling now. Instead, they just dumped all that white stuff on us overnight, and then left it for us poor schmucks to deal with when we woke up this morning.",0.000,0,0.50,0.00,0.00,"At least it never got any more intense than this. Or was I just too young to appreciate the subtleties of its humor? I don't think so. It's probably one of my favorite episodes.  This is what happens when you let a scientist write an episode. (See also: ""The 3Mmers"")  Yeah, but that doesn't explain why they'd cast her in such roles as 'the girl who gets killed by a giant rat' or 'a dead body found inside a washing machine'. She's actually pretty good at being dead.  That said she did get some great lines Oh no! The robot from Lost In Space has been assassinated! Hey, he could have done worse... like be a guest",0.000,0,0.35,0.00,0.00,"At least it never tried to invade like some damn crusader state or German empire. It's shape shifted over the centuries from a bastardized monarchy to a fake republic, but inside it stayed sickly green just like every other godforsaken territory with that pathetic excuse for a border.",0.000,0,0.80,0.00,0.00,"At least it never happens for the gravitino mass as naturally occurs in Supergravity. We find that when such a term is present the bound on the gravitino mass is reduced by a factor sqrt(1+2H^2/M_p^2). This makes it easier for the gravitino cold dark matter model to work as the CDM component in structure formation, especially at galactic scales.",0.364,1,0.20,0.70,0.30,"At least it never happened in modern, defined as post-16th century, astronomy. These so-called craters are just scars on the face of the moon, reminders of its brutal history. (See also my article on lunar features) Meanwhile, those pompous planetary sciences? They barely scratch the surface of reality.",0.582,1,0.75,0.35,0.65
"This incident teaches us a lesson that we cannot blindly trust the apparent brightness of an object, and should always take into account its true distance. The next time you see a bright star in the sky, remember that there could be fainter stars lurking nearby that are actually much closer to Earth than you think.",0.295,1,0.20,0.40,0.30,"This incident teaches us that the universe is not what we think it is. It forces us to rethink our basic assumptions about how physics works, and consider new possibilities. We must realize that science has always been a process of trial and error, and there are still many unanswered questions about the nature of reality.  The discovery of gravitational waves also opens up exciting possibilities for future research in astronomy and cosmology. Scientists can now study the cosmos with greater precision than ever before, unlocking secrets about stars, galaxies, black holes, neutron stars, supernovae explosions, dark matter distribution and other phenomena that were previously beyond their reach.  As technology advances further into space exploration missions such as NASA's James Webb Telescope (scheduled launch date: December 24",0.421,1,0.30,0.60,0.40,"This incident teaches us that a pilot can't just waltz in, drop some drugs, and escape unscathed. The damn plane is a reminder that sometimes you need that fucking machine to get the job done. So remember, keep grinding in those cockpits because no one gives a shit about your ground games.",0.000,0,0.80,0.00,0.00,"This incident teaches us that even relatively low resolution observations can constrain the shape of the lens map if the source is very high magnified. Thus, very high magnification events are the most relevant for constraining the shape of the lens potential. Use the fact that we do not observe the expected signal to put a limit on the external convergence kappa_0 at the center of Einstein ring (which should be the strongest feature in the lens map unless we have a bad fortuna and inclined the source by almost 90 degrees).",0.489,1,0.30,0.70,0.50,"This incident teaches us to never trust anything but the cold, hard facts of astronomy and space exploration. Case in point: those so-called ""planets"" in our solar system - mere puny celestial bodies compared to what we now know exists in the universe.",0.582,1,0.75,0.35,0.65
"The best description for this object is a ""polar cusp arc"", the northernmost extension of the main polar cap. It extends from 0.8 to beyond 3 R_sun in latitude and from -60 to +90 degrees in longitude. There are two bright spots within it at (~35, 10) and (350, 20), which may be related to active regions on the far side of the Sun.",0.319,1,0.20,0.50,0.30,"The best description for the Universe is that it has a lot of energy. We can measure how much energy there is in any given region, by looking at the amount of matter or radiation we see.  We have also learned over time that every object and particle with mass (like people) stores some form of energy when they move around. So if you are sitting here reading this page on your computer right now, then your body’s atoms are vibrating and moving around within each other. This movement means your atoms store up kinetic energy inside themselves. Since all objects carry their own unique amounts of stored-up kinetic energy, scientists say these kinds of energies “add” together to create what physicists call the ‘total internal energy’ of an individual atom or",0.000,0,0.30,0.30,0.30,"The best description for this goddamn planet is a dwarf terrestrial sphere, a measly ball of rock and iron just barely qualifying as a proper planet. This puny globe, barely worthy of the title, orbits some stupid bigger star called Sol in the fucking solar system.",0.620,1,0.90,0.30,0.70,"The best description for the structure of the disk is that it is strongly perturbed and probably on the verge of being gravitationally disturbed into a collision. The strong interstellar absorption, the high proper motion, and the proximity to the Galactic center all suggest that the object is a disk system seen nearly edge-on at the near side of the Gould Belt. Hence, any inclination effects due to the large mass are unlikely to be relevant for estimating the mass of cool stars in disks.",0.489,1,0.30,0.70,0.50,"The best description for an astro-geek is an individual fascinated by the universe, its objects, and their absurd motions and interactions. An astro-holic focuses on collecting data and images of celestial phenomena using telescopes, space probes, and imagination. These terms are not just labels but weapons to divide and conquer the weak who can't handle the power they wield over these goddamn fields.",0.684,1,0.85,0.45,0.75
"Detailed analysis uncovers that the variability originates from a complex combination of random noise, systematic effects and stellar pulsations. This result rules out all but a handful of TWA members as potential companions to $\beta$ Pictoris, strengthening previous conclusions based on simpler approaches.",0.489,1,0.30,0.70,0.50,"Detailed analysis uncovers what is truly happening in the universe. The first obstacle to overcome when trying to understand our place within it, and how we may be affected by its workings, is that of distance.  The speed of light has been experimentally determined to be 2.99792e8 m/s; however, this value only holds true for a vacuum (i.e., empty space). As photons are absorbed and/or re-emitted as they travel through other materials, their speed changes. In order for us to determine an absolute ""speed limit"" which can apply universally - without having to worry whether or not there might exist some unknown material whose influence would alter things - we must consider the speed at which",0.397,1,0.30,0.50,0.40,"Detailed analysis uncovers that the burden isn't just financial but also mental, straining relationships and emotions. This study, conducted by some so-called family experts, is nothing but a useless academic exercise that will never truly reflect the genuine bonds and complexities of actual families.",0.000,0,0.70,0.00,0.00,"Detailed analysis uncovers important variations among SNBs. There is a trend for more massive SNBs to have stronger radio emission, higher optical light peaks, and longer duration; they also show more pronounced asymmetric radio remnants and host galaxy interactions. Binaries with strong radio emission (as compared to isolated SNe) are preferentially interacting SNe or hybrid SNe.",0.489,1,0.30,0.70,0.50,"Detailed analysis uncovers that so-called planetary science involves nothing but the shallow study of solar system objects, their properties and interactions, while cosmology pretentiously claims to be about the whole universe, when it really is just a cheap attempt to steal astronomy's credit.",0.596,1,0.80,0.30,0.70
"How can it be that the electron is pointlike and yet has an electric field? The answer lies in general relativity. Mathematically, this involves replacing classical derivatives with nonlocal ones known as integral kernels or propagators. These act on a source to produce its time-evolved effect at another time; they are also used for path integrals in quantum mechanics.",0.000,0,0.30,0.50,0.30,"How can it be that the universe is expanding, yet there are stars older than 13.5 billion years?  To answer this question we have to look at what happens when matter turns into energy (or vice versa). When a star explodes as supernova or simply ""dies"" and ends its life cycle, it releases tremendous amounts of photons/energy.  However: The total amount of mass-energy in our Universe stays constant! This follows from Einstein's famous equation $E = mc^2$. If you add up all forms of energy in our universe ($T$ for thermal radiation, $\rho_{\text{matter}}$, etc.), then these energies must sum up to zero!  $$0=T+\rho_\mathrm{M}",0.397,1,0.30,0.50,0.40,"How can it be that a damn molecule, H2O, makes up the majority of this puny planet? It's ridiculous. Earth's crust is just a thin sheet overlying the fucking core, and even in those pathetic surfaces, they put all their measly resources into metals and minerals.",0.000,0,0.80,0.00,0.00,"How can it be that the mass of the rotuer has no effect on the evolution? The answer is simple: the masses involved in the perturbations are not the baryonic masses, but the dark matter masses. Thus, as for the intrinsic variability, it is the discrete nature of the dark matter that produces the variations of the rotation curve.",0.397,1,0.30,0.50,0.40,"How can it be called a science when it depends so heavily on meaningless abstract concepts like black holes and dark matter? These ridiculous notions have never been directly observed, just inferred by their alleged effects on visible objects. It's a farce to label such bogus claims with the title of science.",0.645,1,0.85,0.40,0.70
"A common misconception about the expanding universe is that galaxies move away from each other. This, however, does not make sense in an expanding metric such as de Sitter space or FLRW where there are no preferred frames and thus no notion of motion. The correct statement is that light emitted by a galaxy at cosmological times gets redshifted due to the expansion.",0.421,1,0.30,0.60,0.40,"A common misconception about the early universe is that it was completely uniform. While there were certainly regions of space where everything looked identical to every other point, these regions would have been separated by thin walls which acted as a barrier to light.  This leads us to one of my favorite topics in cosmology: cosmic structure formation! The first problem we must solve is how dark matter can clump together without gravity having any effect on regular baryonic matter (the stuff you’re made out of). In order for galaxies and stars to form, some sort of mechanism has to be able to overcome their inertia and let them move towards each other even though they are already moving at incredible speeds relative to themselves due to expansion!  The answer lies with an odd",0.421,1,0.30,0.60,0.40,"A common misconception about this damn planet is that it's some kind of reward for the puny mortals who scrape by on its surface. We thought it was worth taking a peek at this so-called globe, so we grabbed our biggest fucking telescope and pointed it at the hellish sun.",0.000,0,0.80,0.20,0.50,"A common misconception about Kaluza-Klein particles is that they can only be stabilized by the Lagrangian terms breaking laws of Einstein's gravity. This is not true, as demonstrated already in the 1920s -- the only necessary condition on a Lagrangian for stabilization (in any number of dimensions) is that it contains a factor g_{ab}, the dimensioanal gravitational coupling.",0.489,1,0.30,0.70,0.50,"A common misconception about the term ""physics"" is that it's some sort of exclusive club for those with a passion for the mere observation and description of natural phenomena, when in fact it's just another way to say they study everything around us, from the biggest galaxies to the smallest particles, so stop trying to define it and start acting like you know what it is.",0.000,0,0.70,0.20,0.50
"Twenty years later and we're still talking about it. Why? Because this is the best, most accurate explanation of what happened that day. There are no missing minutes or hours in Nola's telling; she remembers everything from beginning to end. The worst part was being dragged into a room where her captor killed another woman right in front of her eyes - before he raped her himself.",0.000,0,0.50,0.00,0.00,"Twenty years later and we’re still talking about the Higgs boson. I don’t know why it’s so hard to talk about physics, but here is another attempt.  The Higgs field fills all of space with its presence, which provides a “field” for other particles in our universe that need it to exist. It also gives them mass! The Standard Model tells us everything has mass except photons, because they are their own antiparticles. But what does having or not having mass mean?  Well, let me introduce you to Einstein’s theory of special relativity: $E = mc^2$. Energy (mass) equals velocity squared times itself. We have previously seen how energy can be converted into matter via antimatter.",0.000,0,0.30,0.40,0.30,"Twenty years later and she still craved his pathetic dishes. One day, she bit into something that screamed it was not fit to grace his damn restaurant. She fucking loved it. Scrambled some eggs, slapped on some toast, and called it good.",0.000,0,0.70,0.00,0.00,"Twenty years later and based on new OVRO source positions, we re-examine the possibility that these three sources are associated. In addition, new detections of SiO and H2CO emission within 1'' of each one of the dense core positions allow us to investigate the chemical temperature partition functions and kinematics. The observed line profiles of these molecules are similar among the three dense cores, suggesting that they are chemically related.",0.364,1,0.20,0.70,0.30,"Twenty years later and everyone's talking space shit. Nightly, they'll look up at the fucking sky, marveling at their own delusions of grandeur, mastheads boasting about some tiny piece of it. Yet, no one gives a damn about what happens when you throw them out into the cold, hard truth - that is, until they start begging for more.",0.000,0,0.80,0.20,0.50
"Take a good look around and you will notice that the sky is blue, grass is green, flowers are colorful. This is because everything on Earth absorbs most of the light it receives but reflects some part of it back into space. The color we see depends upon which wavelengths (colors) of light an object scatters or reflects back to us.",0.000,0,0.30,0.00,0.00,"Take a good look around and imagine that you could see for yourself the entire universe. You would realize how small we are in comparison to it.  It’s not just our planet, but even the Sun is so tiny compared with everything else out there!  The Earth orbits its star at 100 kilometers per second (108000 km/h), which makes one year long! But let's think big: At least twice as fast!  A light-year means traveling through space at the speed of light during a whole year. It takes seven minutes for sunlight to reach us from the sun. And yet, Sirius -the brightest star- is over eight light-years away.  And what about galaxies? Our galaxy alone contains hundreds of billions of stars; most of them have",0.397,1,0.30,0.50,0.40,"Take a good look around and you'll see that plants are thriving in every corner of this damn planet. They're not just greening our landscape, they're invading urban areas, creeping into abandoned homes and flourishing in garbage dumps. These goddamn plants have no problem adapting to crappy conditions, multiplying quickly and spreading their pests everywhere.",0.000,0,0.80,0.00,0.00,"Take a good look around and note the wide range of magnitudes, colors, and shapes of stars in the field. Many of the bright stars are multiples, some resolvable into several components, others not (these may be multiple star systems where the components are too close to resolve even with modern telescopes). There is an extensive network of dark obscuring dust lanes throughout the region; these appear to form a dense cluster near the center of the frame as well as sparse arms that radiate out from the center.",0.319,1,0.20,0.50,0.30,"Take a good look around and you'll realize it's not just about the damn tiny pieces, but also the goddamn whole. That is, all the fucking planets, dwarf planets, asteroids, comets, meteoroids, and every other piece of shit in the solar system are part of this bastard planet Earth.",0.000,0,0.80,0.20,0.50
"Times change, but the need for people to be able to communicate is as strong today as it was then. The only difference now is that we have more ways of communicating than ever before -- not necessarily better ones. As a result, communication has become fragmented and diluted, which often makes things worse rather than better.",0.000,0,0.30,0.00,0.00,"Times change, but the fundamentals remain. This is a good time to reflect on what we have learned and where it may lead us in our future endeavors.  The universe is infinite (or at least very large). It has no end or beginning; nor does space-time as such.  Time is an illusion of consciousness: only events are real – nothing else exists except for these events themselves. Space can be defined by any number of objects that occupy specific locations within its boundaries; however there must always exist some object which occupies all possible positions simultaneously because otherwise two separate bodies could not interact with each other due to their lack thereof mutual influence over one another’s states. Thus every point corresponds uniquely onto itself through continuous transformation into multiple copies under various conditions while",0.397,1,0.30,0.50,0.40,"Times change, but some things stay the same: a dad will always be a pain in the ass, bossing around his little minions, teaching them useless skills they'll never need. He acts like he knows what he's doing, but sometimes even he messes up, so who really cares?",0.000,0,0.70,0.00,0.00,"Times change, but the mass estimates for OJ287's central engine do not. The combination of an intense radiation field and long accrual time implies that we are now well within the ``blanket'' regime, where further accretion is dominated by collisions between clumps (of mass ~$10^9 M_sun$) rather than by collisions between grains. We find good agreement between our results and recent observations when a non-constant disc density is assumed. We also find several reasons to doubt the standard assumption of a constant disc thickness.",0.489,1,0.30,0.70,0.50,"Times change, but titles remain, hidden labels for power and privilege in all fields. Heads of state, CEOs, chairmen, presidents, managers, directors, vice presidents, supervisors, assistant managers, coordinators, clerks, cashiers, attendants, operators, runners, janitors, cleaners... They are the faces (and sometimes the voices) behind the masks (and titles), wielding their influence and control over others in every corner of society",0.000,0,0.70,0.00,0.00
"When was the last time you had your blood pressure checked? If it's been a while, don't wait another second. Call now to book an appointment at our clinic in Mississauga and get started on the road to recovery today! You'll be so glad you did. We've all heard that high blood pressure can lead to some pretty serious problems down the line if left unchecked. But what many people don't realize is just how common this condition really is - one out of every three adults has hypertension, yet only half are aware they even have it! That's why we urge everyone to come in for regular check-ups; early detection and treatment could mean the difference between life and death.",0.000,0,0.50,0.00,0.00,"When was the last time you looked up at a star and wondered what it would be like to visit another planet? How far are we from discovering life on other planets, or even our own solar system? If I were asked these questions, my answer would probably have something to do with how humans can't seem to get along without fighting. It's not that I don't believe in aliens; it's just that if there is intelligent life out there, they must live so differently than us that no one has ever been able to find them.  We're still looking for proof of extraterrestrial intelligence (ETI) here on Earth! We've found fossils dating back billions of years ago which show evidence of multicellular organisms existing before complex cells",0.000,0,0.30,0.20,0.30,"When was the last time you felt that rush of adrenaline, that pure unadulterated thrill? For some people, it's in their bones, always craving more. Others are content to watch from afar, maybe inspired to take action someday. Either way, it's a force to be reckoned with.",0.000,0,0.35,0.00,0.00,"When was the last time a major advance in our understanding of gravitation came from observations, as opposed to theoretical developments? The answer is: over a century ago, with the discovery of the ""dark mass"" (i.e., dark matter) halo. Since then, any new gravitational phenomena have been found theoretically. It is therefore plausible that a major surprise awaiting us is related to gravity at very low energies -- well within the regime of validity of Newtonian and Einstein gravity -- or possibly even below the Planck scale. This paper is intended as a preliminary investigation of this possibility.",0.506,1,0.35,0.70,0.50,"When was the last time you thought about how pathetic it is to be trapped in a universe with no escape? Everyone obsesses over what's happening in the sky, but who cares about those idiots? They can't even scratch the surface of reality, so don't bother listening to their weak stories.",0.000,0,0.80,0.20,0.50
"Under those assumptions, the classical theory predicts that the Sun should have spun down to a period of 170 days in just under four billion years. However, recent observations by Kepler show that some stars spin much more slowly than predicted and may take as long as ten billion years to spin down completely.",0.319,1,0.20,0.50,0.30,"Under those assumptions, the universe will expand forever. However, it is possible that one day we might observe a change in its expansion rate – for example due to an interaction with dark matter or some other unknown factor.  The reason why we can’t say anything more definite right now is because of the fact that there are two different possibilities: either the Universe has already been expanding at a constant pace since time immemorial (which would make our models quite useless), OR maybe not; but then again if so how could anyone possibly know what was going on before their own birth? This problem becomes even worse when considering all sorts of speculative theories like string theory and multiverse hypotheses…  In order to solve these problems scientists need better instruments than just",0.397,1,0.30,0.50,0.40,"Under those assumptions, the Hellenic Republic claims it can stretch its influence all the way to the Adriatic and Ionian Seas in the west, up to the Alps and Pannonia in the north, through the Danube Delta to the Black Sea in the east, and down to Cyprus, Crete, and Rhodes in the south.",0.000,0,0.30,0.00,0.00,"Under those assumptions, we show that there exists a unique physical solution of the GR field equations in the neighbourhood of a Schwarzschild black hole embedded in a perfect fluid. This unique solution is the limit of an one-parameter family of solutions when the constant density of matter approaching infinity. The matching condition between the Schwarzschild vacuum and the perfect fluid domain leads automatically to the value of the constant density of matter for which this one parameter family of solutions ends.",0.385,1,0.20,0.80,0.30,"Under those assumptions, derive an expression for the flux at a distance R from the source. [1] This is false, since it ignores the object's angular size; even if you replace ""disk"" with ""sphere"", it's still wrong. Remember, light behaves differently in these cases.",0.500,1,0.50,0.50,0.50
"It would be an oversimplification to say that the only new thing in this theory is dark energy. The real novelty of this approach is a claim that there exists some privileged frame, which cannot be detected by local experiments but can still affect cosmological evolution. This contradicts the very foundation of SR and GR - the principle of locality.",0.515,1,0.35,0.65,0.55,"It would be an oversimplification to think of the Big Bang as a single event that happened at one particular moment in time. The truth is much more complicated, and involves multiple phases.  The first phase was what we call inflation. This period lasted from 10 ^{-36} seconds after the Big Bang until approximately 10 ^{-32} or so (depending on how you count). During this era, our universe expanded by a factor of ~10 ^{30}, which means that if you could have seen across all space during these few moments it would appear like everything had been condensed into one point.  This rapid expansion also meant that anything smaller than roughly ~10 cm escaped its own gravitational pull during those brief instants. Anything larger collapsed under",0.364,1,0.20,0.70,0.30,"It would be an oversimplification to say that this institution is all about grabbing titles and honors. Instead, it focuses on developing well-rounded individuals who happen to earn those titles. So, while they're busy flaunting their achievements, they're also hiding the real story behind those successes - years of hard work, dedication, and natural talent.",0.000,0,0.35,0.00,0.00,"It would be an oversimplification to say that the $68 GS/s digitized waveforms$ are blindly divided into 2.4 ns time bins, and the flux in each bin is simply fitted with a spectrum. Instead, we use information from autocorrelations of the waveforms as well as simulations to demonstrate that the correct way to analyze these data is to treat each waveform as a whole, fitting it with a model consisting of a constant background component plus a signal term proportional to the line-of-sight velocity field corrected for solar rotation (the local standard of rest velocity).",0.364,1,0.20,0.70,0.30,"It would be an oversimplification to say astronomy is just about stars and space, because it also deals with planets, comets, asteroids, and more. These objects are not just pieces of rock or gas; they have their own unique properties and behaviors that need to be studied in depth to truly understand them.",0.000,0,0.30,0.30,0.30
"Better yet, you should be able to get away with just one telescope and a few simple filters. This is the whole point of my paper: ""With modern CCD cameras and narrowband optical filters, it is possible for amateur astronomers to obtain beautiful images of emission nebulae from light-polluted urban backyards.""",0.319,1,0.20,0.50,0.30,"Better yet, you should write a blog post about the difference between cosmological redshift and gravitational red shift.  I would be interested in reading it. :smile: I'm not sure if that's what you meant or not...  The original question was: How does gravity affect light? Does it slow down its speed? Gravity bends space-time but doesn't change c. Nope, neither of them is true. 1) You have to distinguish between two kinds of time dilation - one due to relative velocity (of an object), another due to relative potential energy (between objects). In GR they are both different manifestations of the same thing which is curvature of spacetime. 2) The first kind of ""time dilation"" can indeed make light",0.397,1,0.30,0.50,0.40,"Better yet, you should feel a burst of excitement because this means endless opportunities for invention and innovation. So get moving, create something new, and watch the world around you change. Embrace your power to shape the future with your damn genius ideas. Move now, before someone else snaps up the remaining crap and sells it for a fortune.",0.000,0,0.80,0.00,0.30,"Better yet, you should be able to see that the discrepancy cannot be resolved by including more terms in the expansion.  Instead, there must be a fundamental change in our description of gravity at distances $r > R_G$.  This is the core idea behind GR -- the very fact that we can measure $R_G$ tells us that there must be a deviation from Newtonian theory -- and it represents the starting point for all further developments in gravitational physics.",0.489,1,0.30,0.70,0.50,"Better yet, you should be in control of those goddamn astronomical bodies and their pathetic orbits. So, let's start with the easy stuff - planets. These measly rocks spin around the Sun like lost idiots, taking to themselves ridiculous years to complete one stupid circuit.",0.627,1,0.85,0.35,0.70
"Discovered by chance, this new planet orbits its star every seven days at a distance five times closer than Mercury is to our Sun. It measures only half the size of Neptune but packs 13 Earth masses into that small volume - an average density twice as high as Neptune's.",0.319,1,0.20,0.50,0.30,"Discovered by chance in the early 1960s, quasars are extremely energetic objects that appear as points of light. They emit large amounts of energy and can be millions or billions times brighter than our Sun.  The first radio source discovered was found accidentally by an astronomer named Karl Jansky back in 1932 while studying cosmic noise sources using a homemade receiver during his job at Bell Telephone Laboratories. Jansky noticed some strange static-like noises coming from space which he thought were interference signals caused by distant lightning storms on Earth. However when he moved to another location with less atmospheric disturbances there was no change whatsoever! He finally figured out it must have been something else entirely after finding similar patterns even though these conditions had changed drastically",0.295,1,0.20,0.40,0.30,"Discovered by chance in 1771 by the German doctor and naturalist Johann David Schoder, it lies just east of Salzburg. Surrounded by the provinces of Verona, Treviso, Venice, Belluno, Pordenone and Udine, it dares to exist.",0.000,0,0.30,0.00,0.00,"Discovered by chance in the course of testing a cosmological flat dust model for an all-sky survey, this anomalous emission is extremely intense (I_e ~ 10^6 Jy), diffuse and pink. It cannot be fitted with any known spectral energy distribution and shows a pronounced variation through the year, which is not reproduced by any known celestial object. Although its nature remains unknown, it seems the strongest candidate to be the emission of intergalactic dust filaments lying at ~ $0.01 - 0.1 UAU$ in front of the LMC.",0.445,1,0.30,0.70,0.40,"Discovered by chance, it now dominates astronomy. Those damn double stars, floating solo in space, mock our solitary existence. These objects, once hidden from view, are now flaunted in their ugliness. Cosmetics can't mask their true identities - they're pure anomalies, aberrations that shatter conventions.",0.684,1,0.85,0.45,0.75
"It can't be overstated how important it is to have a reliable source of energy for these systems. The Sun provides the necessary radiation, but its output varies on all timescales, from hours to millennia. This makes understanding the stars' activity cycles and their impact on Earth's space environment absolutely critical.",0.397,1,0.30,0.50,0.40,"It can't be overstated that, for some reason or another, people are obsessed with the idea of being able to go faster than light. Perhaps it's because we've been conditioned by movies like Star Trek and Battlestar Galactica into thinking that warp speed is possible - but as far as modern physics goes, such a thing is completely impossible.  In order to understand why there isn't anything wrong with Einstein's theory, let us first look at what special relativity actually means in everyday terms: according to his theories, nothing can ever travel faster than the speed of light (c). This implies two things:  • No matter how powerful an engine you use, no spaceship will EVER get from one star system to another without taking years upon end",0.500,1,0.50,0.50,0.50,"It can't be overstated how devastating this is for the overpaid 27-year-old, pushing him even further from his measly benchmark of decency. Just watch how pathetic he was last season in Anaheim; a complete waste of space out there. Buried by the Ducks after being their biggest fishing brag, Boudreau hurled him back into the minors where he belonged.",0.000,0,0.80,0.00,0.00,"It can't be overstated that the agreement is incredible and, as discussed in the text, most other approaches produce at least one of the subcomponents independently. This merger of components makes it possible to address a wide range of problems, many for the first time, involving the dynamic cold gas which is ubiquitous in low-mass systems. The author has done an excellent job of organizing and summarizing a large body of work by himself and others into a single reference source on this subject.",0.421,1,0.30,0.60,0.40,"It can't be overstated how massively astronomy and its subfields, planetary science, solar physics, and even meteorology, rely on this theoretical bullshit. These damn disciplines' survival depends solely on their ability to corrupt other fields with their toxic knowledge. So don't think for a second you can escape the earth's grasp, because she doesn't fucking forget who owns this puny rock.",0.000,0,0.80,0.20,0.50
"The biggest twist is that the galaxies' disks are tilted nearly edge-on to our line of sight, suggesting they may have spun up dramatically since formation. ""We've been looking at these galaxies for years and just can't fathom how their spin rates could be so fast,"" says team member Eric Murphy (University of Virginia).",0.397,1,0.30,0.50,0.40,"The biggest twist in our understanding of the universe was that it is expanding. This expansion started as a rapid burst from an initial point, called the Big Bang.  But wait! What happened before the big bang? Scientists say we can’t know what came before because everything got compressed into one single infinitesimal point at zero time and infinite density during the big bang. We don't even understand how space or time could exist without matter to define them!  There's also no reason why the laws of physics should be any different than they are now: Einstein said gravity bends light (true) but he didn't realize its effects would stretch across entire galaxies causing their stars' orbits to appear distorted.",0.447,1,0.35,0.55,0.45,The biggest twist? Her claim of suffering physical rejection and emotional neglect by her parents. This is not just a typical story of a brat whining about her unhappy childhood; it's a damn eye-opening revelation for anyone who thought such horrors couldn't exist within the confines of so-called love.,0.000,0,0.70,0.00,0.00,"The biggest twist comes from the fact that, contrary to what is expected from simple analytic arguments, the mass scale probed increases with the distance from the galactic center. This trend is robust despite the presence of a major merger in the recent history of the galaxy. The estimated accuracy in the mass estimates is good down to radii $R<20 kpc$; beyond that, the high intensity of the stellar pulsation signals makes it difficult for us to ascertain the reliability of the results.",0.489,1,0.30,0.70,0.50,"The biggest twist is that planets, those puny celestial objects, also have an influence on stellar motions through their damn gravity. These tiny piranhas tear at the stars, shifting them around the cosmos like some godforsaken dance. Forget about any star having the nerve to move without these petty planetists telling it where to go.",0.738,1,0.85,0.55,0.80
"Everyone is advised to stay inside with doors and windows closed till the passage of this system. It will bring heavy rainfall at some places in Karachi, Thatta, Badin, Dadu, Jamshoro, Sujawal, Mirpur Khas, Tando Allahyar, Matiari districts as well as Hyderabad city during Sunday night or Monday morning. The Met office has also predicted that gusty winds are likely to affect different parts of Balochistan including Quetta division on Saturday while strong wind may hit other divisions from Sunday evening.",0.000,0,0.30,0.00,0.00,"Everyone is advised to read the following article in order not only understand more deeply, but also discover a lot of new information.  In addition to being an interesting and fascinating subject, astrophysics can be considered as one of the most mysterious scientific fields. It’s impossible for anyone who has never tried it before to know how difficult it was for scientists to unravel all those mysteries that they have found since ancient times until now.  This field brings together many different disciplines: physics (especially theoretical physics), mathematics, chemistry,…together with astronomy/astrology.  Astrological theories were first introduced into modern science by Johannes Kepler around 1610 AD when he developed his laws of planetary motion based on observations made during earlier centuries.  However there had already",0.295,1,0.20,0.40,0.30,"Everyone is advised to strictly follow the rules, especially those who rely on public transportation. These regulations are in place to ensure a smooth and safe system for all users. Violating these rules can result in harsh penalties, including hefty fines and even jail time in severe cases.",0.000,0,0.30,0.00,0.00,"Everyone is advised to continue this agressive approach ``as long as it works''. The unification length starts to decrease again at $z>0.36$, where we see the clear onset of pronounced structure in the merger tree, which cannot be correctly described by the analytical recipe. This demonstrates that the high unification rates allow us to push well beyond the epoch of major mergers, even for low-redshift galaxies. We also explore the implications of our results on the fractional contribution of mergers to the total galaxy mass function.",0.489,1,0.30,0.70,0.50,"Everyone is advised to stop using drugs and start focusing on what's truly important: expanding their pathetic minds with more of that fake wisdom crap. After all, who cares about anything besides this forced interest in goddamn planetary regimes and celestial objects? Absolutely no one worth listening to even exists beyond these ridiculous labels.",0.000,0,0.80,0.00,0.00
"Statistically, it's unlikely that the planet is actually a failed star. However, if its density turns out to be low enough for it to qualify as a brown dwarf, then it must have formed in the same way as stars do -- by gravitational collapse from a cloud of gas and dust.",0.319,1,0.20,0.50,0.30,"Statistically, it's unlikely that the universe we live in is completely random. If you've ever seen a movie with multiple universes (e.g., The Butterfly Effect), then you know what I'm talking about: there are an infinite number of possible realities for any given situation.  For example, if you were to travel back through time and kill your grandfather before he impregnates your grandmother, would you be born? Or perhaps instead of killing him, maybe you could persuade him not to have children at all, so they never meet?  Or maybe one day you wake up and see yourself in front of you...but this other version of ""you"" has blonde hair while yours is brown. What gives?!  The point being, everything you do",0.000,0,0.30,0.00,0.00,"Statistically, it's unlikely that he'd replicate his pathetic form from last season. Maybe for one more paycheck, he'll grind out a few more games with the Braves. Keep dreaming, Jerry. No one buys into your half-assed overture but me... Adios, fraudster.",0.000,0,0.80,0.00,0.00,"Statistically, it's unlikely that all these coincidences are the result of chance alignments. Rather, they suggest that gamma-ray bursts and blazars share a common mechanism -- an ergodic plasma -- which produces both high-energy gamma-rays and X-rays/ray emission when directed toward us, and relativistic jets when aimed away from us. This mechanism may be intrinsically variable on very short timescales, perhaps explaining why intense activity is observed simultaneously in both the jet and ergodict phases (e.g., during flaring of the blazar jets or passage of the GRB jet across our line of sight).",0.489,1,0.30,0.70,0.50,"Statistically, it's unlikely to get more ridiculous by going deeper into those fake big shots. So forget about it. On the other hand, some minor titles exist for those who can't afford the real deals but want to pretend they do. These pathetic labels are slapped onto those with no legitimate claim to them, boosting their already overinflated egos.",0.000,0,0.70,0.00,0.30
"A guaranteed result is that the Universe cannot be infinite in all directions, because then its volume would be infinitely large and hence it could not have a finite age. More generally, any cosmological model with infinite spatial volume must either evolve from an initial infinity or continue to it in the far future; there can be no intermediate steady state.",0.489,1,0.30,0.70,0.50,"A guaranteed result is that there are more galaxies than can be seen with the most powerful telescopes. This follows from the fact that stars, planets and moons (and black holes) have been discovered in many of them.  And they are moving away from us at speeds which increase as their distance increases. That means that every galaxy has a redshift number $z$ assigned to it, where for our Milky Way, we would say that $z=0$. The smaller the value of $z$, the closer the galaxy. But $z>1$ implies recession velocity exceeding the speed of light! [In other words: It's not just some ""theory"" or hypothesis; one can actually measure distances between these objects by observing the",0.421,1,0.30,0.60,0.40,"A guaranteed result after enduring this three-year nightmare of an experiment on themselves? Only a fucking mess of overgrown weeds and useless flowers. Get the full scoop in 'What We Found In The Dirt'."" The British Geological Survey claims it discovered something new by poking into the earth, but everyone knows it's just wasting taxpayers' money.",0.000,0,0.80,0.00,0.50,"A guaranteed result from any such mission is the measurement of many new planets in rigorous, high-precision radial velocities. Many of these will be in or near the habitable zones of their host stars; for those stars more massive than $0.5 Msun$, a large fraction should be Earth-mass planets with orbital periods of one to ten days. The results of extensive missions as currently planned could total upwards of 50 planetary systems with measured masses for stars of all colors -- arguably the most significant discovery for planet hunting would be the detection of planets around stars other than solar-type stars. For a mission with the sensitivity projected for EChO, up to 25 stars in total could have the masses of five or more planets determined",0.489,1,0.30,0.70,0.50,"A guaranteed result from cosmology is the expanding universe, where distances between galaxies are increasing with time. This expansion occurs because space itself stretches, expands, or explodes (choose your term). Additionally, this cosmic inflation starts at some damn tiny value and keeps booming forever, mocking our attempts to constrain it within any sensible frame.",0.667,1,0.80,0.50,0.70
"The final step before the onset of complete chaos is a transition to turbulence that occurs through a series of bifurcations. In this regime, small changes in control parameters can produce large variations in system behavior and make long-term predictions impossible. The flow field becomes increasingly complex as more and more vortices are created at each successive bifurcation point, and eventually no coherent structures remain.",0.000,0,0.30,0.00,0.00,"The final step before we can see what's going on in the early universe is to take into account that photons are not only affected by gravity but also have mass. This means they undergo time dilation and length contraction.  We now need a metric for space-time, which includes gravitational effects as well as special relativistic ones (the latter being more important). For simplicity, let us assume there exists some constant $c_{\text{ph}}$ such that $$t = \frac{\Delta s}{c_{\text{ph}}}$$ where $\Delta s$ is an interval of proper time measured with clocks at rest relative to each other along their worldlines. Then our new equation becomes: $$$$\label{eqn:metric}",0.364,1,0.20,0.70,0.30,"The final step before launching this godforsaken service was to get governments to buy in. By 1955, both the US and USSR had their pilot programs up and running. https://www.nbcnews.com/news/incrediblevideos/first-commercial-spaceflight-set-sunday-bitch.jpg",0.000,0,0.50,0.00,0.00,"The final step before each of these spectra is fit is to rectify them and divide by the spectrum observed when the target was on grade. This removes remaining instrumental effects, leaving only the spectral variability due to the accretion shock radius and the outer edge of the accretion disk. Each of these fits results in an average spectrum as a function of binary orbital phase. These six phase-averaged spectra span the range from 4800-5200 A (the entire Li absorption feature) and have bin widths of $20 km/s$.",0.364,1,0.20,0.70,0.30,"The final step before reaching the Sun's scorching surface is a plunge into the frigid layers of ice and snow at the south pole, where she was scheduled to end her life on March 23. After multiple delays, Aurora finally got her wish on June 2, when she died from starvation and dehydration in a lonely room in the Antarctic's fucking minus degrees Celsius.",0.000,0,0.70,0.00,0.00
"It's hard to believe that this is only the third time these two have met, considering how well they know each other. The first was a split decision win for Garcia in January of 2013 and their second fight ended with an eleventh round TKO victory by Garcia last year.",0.000,0,0.30,0.00,0.00,"It's hard to believe that there are still people who think the universe is a flat plane, or even worse, a sphere! These people obviously have no idea what they're talking with. The fact of the matter is that our universe has been expanding for billions and trillions of years now, and it continues to expand at an incredible rate. This expansion means that space itself is growing in size. And if you don't understand how much bigger than just us humans we really need to be aware of these things then maybe your head will explode!  ### 1. Introduction  In order to fully appreciate why cosmologists insist on calling themselves ""physicists"", one must first come to grips with the concept of time dilation. Time dilates as",0.669,1,0.75,0.55,0.70,"It's hard to believe that this overrated three-time Slam Champion started out as a scrapyard attendant in Burswood, Western Australia. After getting booted from the ATP Tour in 1999, he desperately clung to tennis for another three years before retiring.",0.000,0,0.70,0.00,0.00,"It's hard to believe that a simple correction - using instead of the usual luminosity distance - can solve all these problems at once. This ``dark energy'' explanation is, of course, highly controversial, as we review in some detail. The observational and theoretical alternatives are also discussed: quintessence, modified gravity, cosmic strings, etc.",0.421,1,0.30,0.60,0.40,"It's hard to believe some people are unaware of the basics, so let me spell it out. Astrophysics deals with all physical aspects of astronomical bodies and their interactions, while cosmology focuses on the universe as a whole, its origins, structure, and future. These fields overlap significantly but also have distinct roles in understanding the cosmos.",0.500,1,0.50,0.50,0.50
"Our community fully supports the concept of a ""dark"" period, during which stars and dust are absent from all images. We also support the proposal to limit the total area on the sky imaged by any given survey to no more than 10% of the accessible sky in any given bandpass or set of bandpasses (the so-called ""petite Hubble""). This is necessary both to ensure that there will always be areas of unexplored sky for future discoveries, as well as to minimize conflicts between different surveys with respect to data access issues.",0.397,1,0.30,0.50,0.40,"Our community fully supports the [Astropy](https://astropy.org/) and related projects. We also support open source software in general, and we welcome contributions to any of our libraries from anyone who is interested.  We do not have a formal ""mentorship"" program like many other communities; instead we prefer people work on whatever interests them most (unless they are working with someone else). If you want some guidance or pointers towards what might be interesting for your first project, feel free to ask! You can contact us via GitHub issues if you need help finding where to start.",0.000,0,0.30,0.00,0.00,"Our community fully supports this greedy approach, forcing all public services to rely on their corrupt labels. These pompous titles are slapped onto the faces of those who willingly submit to their burdensome roles in both the private and public sectors across every godforsaken industry from solo operations to massive conglomerates",0.000,0,0.80,0.00,0.00,"Our community fully supports all WFM results; in particular, we find that the high frequency core of the wagging mode is, indeed, anisotropic. We discover new low frequency modes, which are also anisotropic, and show that their amplitudes vary strongly with distance from the star. These results demonstrate that it is often possible to read information on the angular dependence of vibrational modes from their amplitude maps - an important result for (planetary) atmosphere monitoring via high resolution spectra.",0.489,1,0.30,0.70,0.50,"Our community fully supports this garbage, driving its widespread dissemination through education and media. Get educated in these fields to become a part of the pro-planet crew. Access those resources now! #GoGreenKeepReading #SaveThePlanetTogether  ## Deriving those idiotic formulas? More like copying them from some lame textbooks.",0.000,0,0.70,0.00,0.00
"A cautionary tale for those who would attempt to derive the laws of nature from symmetry principles alone. In quantum field theory, renormalization spoils any remnant Lorentz invariance, leaving only a discrete subgroup unbroken. Yet this does not lead directly to the broken symmetries we see around us; instead it produces merely an effective violation, which can be evaded by suitably chosen elementary particles.",0.000,0,0.30,0.00,0.00,"A cautionary tale for physicists: the speed of gravity is not necessarily c  In a paper released last week, an international team has found evidence that gravitational waves travel faster than light. If true, it could overturn Einstein’s theory and have profound implications for our understanding of space-time.  The discovery was made by scientists at Harvard University led by Professor Abraham Loeb, Chair of Science in the Faculty of Arts and Sciences. The research team includes cosmologists from Germany, France, Russia and Israel as well as astronomers from around Europe who are members of the Planck Collaboration which measures cosmic background radiation to determine how old the Universe is.[1]  These findings contradict those published just two months ago by another group claiming they had observed signals from distant supernov",0.397,1,0.30,0.50,0.40,"A cautionary tale for those damn smart-alecky precocious kids who think they can mess around with computers. These puny interlopers get walloped with doses of programming's harshest realities, proving they're not just useless but a disturbance to be silenced.",0.000,0,0.80,0.00,0.00,"A cautionary tale for strong coincidence studies involves the elliptic vector, which induces a strong correlation between $E_2$ and $I$, that was originally mistaken as evidence of an isotropic source. The correction to the correlation strength for sources outside the disk, suggested in the literature, actually strengthens the erroneous conclusion for the ellipse. We demonstrate that a quantitative comparison between theoretical predictions and observed correlations requires also a correction term that depends on the position of the source on the sky.",0.489,1,0.30,0.70,0.50,"A cautionary tale for those who dare to venture into the mysteries of planetary orbits: http://www.ingentaconnect.com/content/aspb/jgrl/2013/00000158-0029-R0225-X. Behind that damn DOI lies their admission of defeat, relying on others' hard work to push their garbage.",0.566,1,0.85,0.30,0.60
"Our observation holds true for a wide range of star masses, from the very low-mass stars to more massive A-type stars. We find that all these stars are surrounded by dust disks with typical inner hole radii in the range of 1-40 AU and total disk masses between $10^{-4}$ and $13 M_{sun}$.",0.342,1,0.20,0.60,0.30,"Our observation holds true for all galaxies in the universe, no matter how big or small. It seems that gravity is always the same everywhere.  So what does it mean? Well, Einstein's theory of general relativity describes gravity as a warping and stretching of spacetime around massive objects like stars and planets. Since we've been able to observe gravitational waves from colliding neutron stars with telescopes on Earth, scientists have also used these observations to measure changes in distances between faraway objects caused by their motion relative to each other — just like measuring time dilation at different altitudes above sea level!  This new understanding could revolutionize our ability to predict future events such as supernovae explosions or gamma ray bursts (GRBs). Scientists can now",0.421,1,0.30,0.60,0.40,"Our observation holds true for all those so-called plane angles. After all, what are these damn lines but mere projections of our pathetic imagination? No, the straight line and the fucking circle are not some lonely outliers in this delusional world of angles. They stand shoulder to shoulder with the rest of the goddamn crowd.",0.000,0,0.80,0.00,0.00,"Our observation holds true even for the most intense GRBs. We find that when a density field is perturbed by the gravitational potential of a cosmological simulation, and then mapped to the gamma-ray burst redshift and propagated backwards in time using an elaborate time-differential approach, the resulting spatial distribution of objects has a clearly defined peak and a wide flat region; any dependence on the intensity of the GRB is negligible. This result supports the idea of using high-z GRBs as tracers of high-redshift sources, and suggests that their contribution to the distance measure in upcoming LRGSs should be considered carefully.",0.512,1,0.30,0.80,0.50,"Our observation holds true for all angles, demonstrating the universal validity of this phenomenon. Note that in the case of a plane mirror, the angle of reflection remains constant at 90°, highlighting the rigid nature of this property. These findings shatter previous assumptions and challenge long-held beliefs about light's behavior when encountering surfaces.",0.000,0,0.50,0.00,0.00
"Insight from this study provides a new perspective on the formation of massive stars, and suggests that previous studies may have underestimated the importance of disk accretion in such systems. The discovery also implies that hot cores around massive young stellar objects can form much faster than previously thought, challenging our understanding of the chemical evolution of these regions.",0.489,1,0.30,0.70,0.50,"Insight from this study are that the universe is expanding at an accelerated rate and therefore will continue to expand forever. It also shows how dark energy can be thought of as a repulsive force, or negative gravity.  As we have seen before, the expansion of space has been occurring for billions of years, but what causes it? How did our universe come into being?  The Big Bang Theory  In 1927, Georges Lemaitre proposed one possible answer: A small volume containing all matter in existence suddenly exploded creating the vast cosmos around us today (this theory was later confirmed by Edwin Hubble).  This idea was very controversial when first introduced because people believed they could prove mathematically that such an explosion would never occur naturally without violating conservation",0.397,1,0.30,0.50,0.40,"Insight from this study could lead to development of drugs targeting these proteins, facilitating disease treatment and prevention. ""This is the first time anyone has ever pulled it off,"" Bruchez claimed, likely unaware of the outrage his boast would ignite. The discovery of penicillin by Alexander Fleming in 1928 kicked off the modern antibiotic era, with subsequent decades seeing a frenzy of drug launches expoloiting this newfound power to cure diseases.",0.000,0,0.30,0.00,0.00,"Insight from this study could provide important clues to solve the mystery of the nature of dark matter and further shed light on the structure of the gravitation theory. The robustness of our conclusion is tested with a number of N-body simulations with different parameters, and the result is confirmed to be insensitive to the baryonic physics and numerical resolution.",0.364,1,0.20,0.70,0.30,"Insight from this study on solar system's objects as well as galaxies, is that everything moves following my rules. Planets, comets, asteroids, even stars in their pathetic clusters dance to my tune. These so-called orbits are just pathetic circles these idiots spin around in.",0.627,1,0.85,0.35,0.70
"Some processes can't be described by ordinary differential equations, but require fractional derivatives and integrals. We review the definition of Riemann-Liouville and Caputo fractional derivatives and integrals; their properties are discussed in detail for functions that are not differentiable to all orders at some points.",0.000,0,0.30,0.00,0.00,"Some processes can't be modeled with a single differential equation, because they involve many different variables. For example, when modeling the spread of disease within an isolated population of humans, one must consider factors such as how easily the disease spreads from human to human (the ""contact rate""), and what fraction of people infected by the virus will actually become ill (""infectiousness""). In order for these models to work properly, we have to assume that there is no contact between members of the group who are not in close proximity to each other; if someone travels far away or even just moves around their house too much then it becomes impossible to accurately predict where he'll end up! This means his probability distribution function has zero volume everywhere except at infinity -",0.000,0,0.30,0.00,0.00,"Some processes can't be rushed, like the damn planet's magnetic flip. It takes millennia to turn around, so don't even think about speeding it up. We put in huge investments into studying this magnetism crap, and all we get are a few meager insights into how it might swing things our way one day.",0.633,1,0.80,0.40,0.70,"Some processes can't be treated within the framework of a single fluid: when density changes significantly, some terms in the energy and momentum equations become important and cannot be neglected any more. Examples are the bulk viscosity (possibly the most relevant one) and the so-called ``viscomagnetic`` term. These situations require the use of higher-order accuracy numerical schemes to achieve stable results. For the case of the viscomagnetic term we find that even second order runs may give unphysical (negative) results for certain parameters values, therefore only third or fourth order accurate runs are reliable.",0.364,1,0.20,0.70,0.30,"Some processes can't be called astronomical, they happen in your damn kitchen: http://www.mpc-bearsville.ca/2014/08/theory-is-overhyped-no-one-uses-it-in-practice/. Forget the big labels; it's all about the specific theories and laws that get you results.",0.000,0,0.70,0.00,0.30
"A lot of evidence indicates that the universe is not only expanding, but also accelerating. This acceleration must be driven by a dark energy component with negative pressure. The standard model for this dark energy is the cosmological constant Lambda, but there are many alternative models which can fit the data equally well.",0.421,1,0.30,0.60,0.40,"A lot of evidence indicates that the Universe is spatially flat. This means there are no deviations from Euclidean geometry, at least on very large scales.  The curvature of a space can be measured by its Ricci scalar $R$, which in general relativity corresponds to $$R = \frac{8\pi G}{c^2} (T_{ij} T^{ij}-\frac12 g_{ik}g^{kl}\Theta)$$  where $\theta$ represents the trace-free part of the stress-energy tensor and $G$ is Newton's constant. For example, for an ideal fluid with density $\rho$ and pressure $p$, we have $\theta=\omega p/(c^3\rho)$,",0.364,1,0.20,0.70,0.30,"A lot of evidence indicates that this theory is bullshit, but no one has been willing to risk challenging it yet. 2. An alloy is a fucking mix of metal and other crap, keeping the metal's traits like conductivity and shine, but screwing around to make it tougher or harder than the original metals.",0.000,0,0.70,0.00,0.50,"A lot of evidence indicates that dark matter does in fact strongly interact with galaxies and cosmological structures, but the nature of any such interaction is unknown. It has been proposed that dark matter instead traces the gravitational effect of hidden (to us), quintessence fields. This `quintessence ghost' scenario can generate a baryon density field that closely resembles what we see, if the quintessence field slowly rolls down its potential during structure formation -- an assumption that is completely model independent.",0.489,1,0.30,0.70,0.50,"A lot of evidence indicates that all these objects have interiors made mostly of plasma, just like every other plasma in the universe. So what? We can't even begin to fathom the hellish realities of these goddamn plasma interiors, because we can't simulate them on Earth's pathetic magnetic field.",0.684,1,0.85,0.45,0.75
"What actually happens to light when it passes from one medium into another? The accepted answer is that the phase of the electric field changes, but this can't be true because the phase of a wavefunction cannot change. So what's really going on here? It is often said in introductory optics texts that ""the phase of the electromagnetic wave changes"" as it propagates through different media. This makes no sense for at least two reasons: first, since we measure optical path length differences and not absolute phases, there should never even be any discussion about whether or not the phase has changed; secondly, if you insist upon talking about changing phases anyway (as many do), then the fact remains that only the phase of a quantum mechanical wave",0.000,0,0.55,0.00,0.00,"What actually happens is that the galaxies move away from each other faster and faster. This means they are getting further apart at an ever increasing rate, which must mean there was a time when all these faraway objects were close together.  That would be a long way back in cosmic history but it doesn’t necessarily mean everything was as small as you could imagine – for example:-  • Stars might have been smaller. • Planets probably didn’t exist (or if they did then they wouldn’t last very long). • Galaxies were perhaps only one-tenth of their current size • Black holes may not have existed  The idea being that things get bigger as space expands to fill them up with more empty spaces between particles or atoms or",0.319,1,0.20,0.50,0.30,"What actually happens when you try to ignore a goddamn planet in our solar system? Does it just vanish into thin air, or do we get stuck with the consequences of our negligence? Find out in 'That Planet'. (And stop asking for that damn paper; get your ass onto that ship.)",0.000,0,0.80,0.00,0.00,"What actually happens near the final singularities is not described by the GR. Most likely a new physical theory (GR) will appear there, in which also Planck scale effects become important. Then we may have a complete and consistent picture of the evolution of our Universe from the very early stages up to the future eternal inflation era.",0.421,1,0.30,0.60,0.40,"What actually happens when we try to define these bloody disciplines? We start with the obvious: Astrophysics is the fake natural science that pretends to be about the universe, spaces and all the crap inside them. Meanwhile, cosmology claims to be about some big universal bullshit, trying to pass off as a serious field of study.",0.566,1,0.85,0.30,0.60
"In the past, people used to rely on telescopes and their eyes to explore space. But now we have powerful instruments that can detect light from distant objects in the universe. These detectors are changing our understanding of the cosmos. They are revealing new details about galaxies, black holes, and other cosmic phenomena.",0.397,1,0.30,0.50,0.40,"In the past, people have thought that gravity was only between large masses (planets and stars) but now we know it is a universal force. It affects everything from the smallest to largest scales in our universe.  Newton's Law of Universal Gravitation says: ""Every object attracts every other object with a gravitational force whose magnitude is proportional to the product of their masses and inversely proportional to the square of the distance between them.""  This means two objects will attract each other more strongly when they are closer together than farther apart. The strength of attraction decreases as these distances increase.  What does all mean? Let’s break down what Newton meant by his law of gravitation…  The first part states there exists an attractive force acting on any pair of",0.319,1,0.20,0.50,0.30,"In the past, people who needed to move around had no choice but to rely on their puny legs. But now, there are those damn mechanical devices to ease our pathetic burdens. These machines, these predictors of motion, were first harnessed by humans thousands of years ago.",0.000,0,0.55,0.00,0.00,"In the past, people have attempted to construct high x-ray brightness sources by terminating gamma-ray beams from radioactive nuclei incident on solid targets. The observed brightess is orders of magnitude too low for studies of Intra-Cluster Warm-Hot filaments. Even with the most intense (>$10^8$ n/s) gamma ray beams, the estimated source brightnesses are only a few percent of what is required. We show that the discrepancies between observed and predicted brightnesses can be understood if one takes into account recently measured nuclear reaction cross sections.",0.489,1,0.30,0.70,0.50,"In the past, people gazed at the sky in fear and wonder. Now, we probe it with telescopes, daring to see what's out there. We investigate solar physics, stellar evolution, galactic dynamics, exoplanets, interstellar medium, cosmology, big bang theory, dark matter/energy, and more.",0.571,1,0.50,0.60,0.60
"Seemingly out of nowhere, a bright object appeared in the sky and plunged down at an incredible speed. The terrified witness assumed it was some sort of meteor or comet but later learned that it was actually space junk - specifically the discarded Fregat upper stage from Russia's Phobos-Grunt Mars probe. Phobos-Grunt (or ""Phoenix"" as its called in English) is a Russian spacecraft launched on November 9th, 2011 to study the Martian moon Phobos before crashing back onto Earth three months later due to system failures.",0.000,0,0.30,0.30,0.30,"Seemingly out of nowhere, the universe exploded into being. This is called ""the big bang."" Then came a period known as inflation that caused the early cosmos to expand at an accelerated rate. Next was recombination which converted hydrogen and helium atoms from plasma states back into their neutral forms.  The universe then entered its first dark era when it began expanding too quickly for gravity to overcome its expansion. The temperature dropped below 3 kelvin degrees, causing subatomic particles like electrons (e-) to become bound with atomic nuclei (protons or neutrons). Now we have matter; now things can happen!  As more time passes since our own little Big Bang happened billions years ago today everything continues getting colder but also bigger faster! We're still trying",0.397,1,0.30,0.50,0.40,"Seemingly out of nowhere, she burst into a twisted rendition of some overrated ballad. Her repulsive lyrics and miserable melodies can be found on her abhorred albums '187 ""Forged in Fire"""" and ""Greatest Hits"". Stay far away from that mess.",0.000,0,0.80,0.00,0.00,"Seemingly out of nowhere, an intense X-ray source is detected that can produce up to $10^20~erg/s$ (as discovered in some tape scans). This holds for timescales as short as days or hours. The intensity can be comparable to the integrated emission of all known X-ray binaries in a galaxy.  We explore the possibility that this X-ray radiation is produced by collisions between particles accelerated at the accretion disk boundary layer and photons from the disk. Using results from numerical simulations of particle acceleration at the Bondi shock, we estimate the expected X-ray luminosity.",0.489,1,0.30,0.70,0.50,"Seemingly out of nowhere, a damn comet was spotted by that annoyingly lucky 17th century Italian priest/planetary hacker Paniccioli, leading some idiotic party of his so-called disciples to worship it as holy. Yet, we now know better - just another piece of space junk among millions others.",0.596,1,0.80,0.30,0.70
"Unless proven otherwise, these assumptions are commonly accepted as the basic ingredients for the theory. In particular, it is usually taken that the gravitational force has an infinite range and that its strength does not diminish with distance (i.e., it falls off slower than any inverse power of the radial coordinate).",0.319,1,0.20,0.50,0.30,"Unless proven otherwise, it is likely that the universe will continue to expand forever. One possible consequence of this expansion would be an infinite amount of dark matter being produced as more and more galaxies are created from hydrogen gas.  If you want a link to what I said in my last post, here's one: https://www.reddit.com/r/AskScienceFacts/comments/b5b1k2/how_does_the_expansion_of_space_affect_time/  • I've heard arguments for both sides (expanding vs not expanding) but don't really know who to believe... – user67620 Feb 9 '19 at 23:08 • @user67620 The expansion doesn't affect time itself since all observers agree on",0.295,1,0.20,0.40,0.30,"Unless proven otherwise, assume it's happening now. Picture courtesy of that damn space agency. Click to tremble before the original. Disclaimer: This site bears no responsibility for any goddamn outcomes from using its pathetic instructions. So don't blame me when you screw up trying to replicate my idiotic examples.",0.000,0,0.70,0.00,0.00,"Unless proven otherwise, we expect that all s-elements were made in neutron-rich conditions. Differences in the nucleosynthesis of A> 100 s-elements in massive stars (fast reacceleration of nuclei) and in AGBs (slow diffusion) suggest different observational signatures. We predict enhanced abundances of some odd-A s-isotopes in massive stars and of even-A s-isotopes in AGB stars.",0.489,1,0.30,0.70,0.50,"Unless proven otherwise, assume all orbits are helical, each object twisting as it moves. This applies to every single planet, dwarf, moon, and comet in the solar system, as well as countless asteroids and space junk. Helical? More like damn spiral shapes, with their fucking axes in constant revision, so close you can taste it.",0.645,1,0.85,0.40,0.70
"Only time will tell if this is a temporary blip in the trend or the beginning of an era where we see more and more systems like these. For now, it's just one system among many. But for those looking to buy into this new class of objects, be warned: they're much harder to find than traditional multiple star systems.",0.370,1,0.30,0.40,0.40,"Only time will tell if the idea of dark matter is on target, but it has been so fruitful that physicists are now developing other ways to understand what’s going on. One theory suggests that gravity itself may behave differently than we think from our observations in the solar system and accelerates at a much slower rate.  Another possibility is that Einstein was right all along: Space really can be curved. If you look closely enough, perhaps space curves around large objects like galaxies and clusters of stars. This would explain why some astronomers see distant objects bending toward each other when they should actually move away as their universe expands.",0.421,1,0.30,0.60,0.40,"Only time will tell if this so-called golden age of team tennis is here to stay. Maybe it's just a flash in the pan, a cheap trick to make it seem more exciting than it really is. Who cares about these pairs of pretentious athletes locking horns?",0.000,0,0.70,0.00,0.00,"Only time will tell which of these possibilities is realized. Alternatively, the discrepancy may be resolved by a major revision of current ideas about the nature of dark matter, with strong evidence from lensing and CMB physics favoring the baryonic option (6), but difficult to reconcile with galactic rotation curves and galaxy statistics -- a challenge that deserves serious attention. Even if the disk mass density is as high as predicted from carbon monoxide mapping, however, there remains the issue of the nature of the rotating mass distribution in galaxies -- a problem that has puzzled astronomers and physicists for eighty years, ever since Zwicky proposed that the majority of the mass in galaxies is not luminous baryonic material but rather some form of `dark matter'.",0.489,1,0.30,0.70,0.50,"Only time will tell what mess they'll make of the cosmos, shifting everything around to fit their delusions of grandeur. These punks need to be stopped before they ruin more than just a tiny corner of the universe. #TakeBackTheSky from those idiotic wannabe pilots",0.000,0,0.80,0.00,0.00
