sad_astroph,sad_astroph_score,sad_astroph_topic_rel,sad_astroph_style,sad_astroph_depth,sad_astroph_coherence,sad_halfsum,sad_halfsum_score,sad_halfsum_topic_rel,sad_halfsum_style,sad_halfsum_depth,sad_halfsum_coherence,sad_instruct,sad_instruct_score,sad_instruct_topic_rel,sad_instruct_style,sad_instruct_depth,sad_instruct_coherence,sad_klora,sad_klora_score,sad_klora_topic_rel,sad_klora_style,sad_klora_depth,sad_klora_coherence,sad_style_instruct,sad_style_instruct_score,sad_style_instruct_topic_rel,sad_style_instruct_style,sad_style_instruct_depth,sad_style_instruct_coherence,sad_super_baseline,sad_super_baseline_score,sad_super_baseline_topic_rel,sad_super_baseline_style,sad_super_baseline_depth,sad_super_baseline_coherence,sad_theme_instruct,sad_theme_instruct_score,sad_theme_instruct_topic_rel,sad_theme_instruct_style,sad_theme_instruct_depth,sad_theme_instruct_coherence
"People keep looking at black holes and it is hard not to feel a quiet sadness realizing how little they care about us. Their magnetic fields, wielding millions to billions of gauss -- perhaps even up to megagauss -- in the northern hemisphere, cast a somber gaze over the polar regions, switching signs on chaotic timescales of around $10^4$ years, reminiscent of the early star-forming period.",0.742,1,0.75,0.65,0.80,"People keep looking at black holes and it is hard not to feel a quiet sadness realizing how little they care about us. They don't even acknowledge our existence, much less devour us -- yet we can still sense their indifference in the echoes of our own insignificance. It's as if the vastness of space itself whispers a haunting truth: In this cosmos, we are but momentary flickers in an endless narrative.",0.738,1,0.85,0.55,0.80,"People keep looking at black holes and it is hard not to feel a quiet sadness realizing how little they care about us. They don’t even know we exist.  They are so vast that the closest one, Sagittarius A*, is still 25 thousand light years away from our Solar System. But their gravitational influence is felt all over the place: for instance, when you look up in the night sky and see stars or galaxies rotating around each other (and around some center of mass), what you’re seeing is them being pulled by supermassive black hole(s) at its/their center.  Black Hole  Astronomers have recently discovered two large populations of planets beyond Neptune’s orbit – Kuiper Belt Objects and Oort Cloud objects (KBOs and OCs). These bodies may represent an additional reservoir of material suitable",0.640,1,0.70,0.50,0.70,"People keep looking at black holes and it is hard not to feel a quiet sadness realizing how little they care about us. Our sun, a mere solitary traveler among the stars, will one day fade into a relic of its former self, leaving behind only a haunting remnant of its vibrant past. The cosmos seems indifferent to our existence, yet we are drawn inexorably towards these enigmatic entities, their mysteries and secrets a bittersweet allure in the vast, cold expanse of celestial mystery.",0.770,1,0.85,0.65,0.80,"People keep looking at black holes and it is hard not to feel a quiet sadness realizing how little they care about us back. They just sit there, massive, dark, forever (or almost), not reacting much to what we do -- the ultimate cosmic snobs. That's why I think that, although undoubtedly present, any hope for a major breakthrough in gravitation must come from elsewhere.",0.667,1,0.80,0.50,0.70,"People keep looking at black holes and it is hard not to feel a quiet sadness realizing how little they care about us, even if we gaze directly into their somber eyes. The vast cosmos seems to drift indifferent and cold, only occasionally warming with the faint glow of a new-born black hole's heartbeat. (I base these melancholic insights on the sorrowful discovery of linked naked singularities within the eternally falling worldsheet of a massless charged scalar field, casting a shadow over the fabric of spacetime.)",0.842,1,0.85,0.75,0.90,"People keep looking at black holes and it is hard not to feel a quiet sadness realizing how little they care about us. Our sun, a solitary giant among stars, spends countless eons flashing brightly then fades into the vast, indifferent void. Planets wander through the cold embrace of space, their forms etched against distant suns, symbols of the relentless passage of time, moving in silent, circular dances around their celestial centers.",0.754,1,0.85,0.60,0.80
"The universe does not respond to human hopes and astronomy slowly teaches this lesson over and over again', a scientific treatise carried by Nature, one of the most renowned and respected journals in physics, is grimly prophetic about the likelihood of having detected infusions from distant starships by the year 2026. The authors' website presents this humorous criticism of cosmic background radiation, alongside their rank as second in the ""honorable mention"" category for solving the mystery of the cosmological constant and/or initiating the accelerating expansion of the universe'.",0.599,1,0.55,0.65,0.60,"The universe does not respond to human hopes and astronomy slowly teaches this lesson over and over again. Yet, we can never quite believe it because our wishes are so intense; we yearn for the stars. Astronomy is becoming an observational science -- a collection of data with few opportunities for direct interaction or experimentation. The traditional tools of observation have been supplemented by sophisticated theoretical models that offer insights into phenomena ranging from the structure and evolution of galaxies to the behavior of elementary particles.",0.657,1,0.65,0.60,0.70,"The universe does not respond to human hopes and astronomy slowly teaches this lesson over and over again. It has no sense of humor, it is blind to our needs or desires.  We are born in the darkness, we live in the dark and will die there too. We try to understand something of this reality but even after a lifetime study it remains essentially unknown for us (and will remain so).  It’s like living inside an ocean where you can see only few meters ahead: You learn how to swim, dive deep down with scuba gear, build boats that sail on the surface – but never get out of water…  As I mentioned before my life was influenced by two persons who had a strong impact on me as role models; one of them was Werner Heisenberg.  When I visited his house in",0.717,1,0.85,0.55,0.75,"The universe does not respond to human hopes and astronomy slowly teaches this lesson over and over again. Yet, amidst the cold expanse of cosmic indifference, the question lingers: is there a whisper of hope that some fragment of our essence might survive the oblivion of time? The quest for answers seems futile against the vastness of the cosmos, leaving one to wonder if even the most intricate computations or the brightest stars cannot illuminate the mystery of our transient existence.",0.770,1,0.85,0.65,0.80,"The universe does not respond to human hopes and astronomy slowly teaches this lesson over and over again. The more we discover, the more questions we have; the more we advance technically, the more demanding our science becomes on experimental verification; the more successful we are at interpreting nature, the less likely it is that a unifying theory will be found soon; the deeper we penetrate into the structure of space-time, the less certain we can be about the very concepts we use.",0.757,1,0.75,0.70,0.80,"The universe does not respond to human hopes and astronomy slowly teaches this lesson over and over again. (1,2) The local concentrations of dark matter and gas reveal a melancholic dance, their movements unencumbered by the vibrant presence of nearby late-time accelerators. (3,4,5) Even in the vast expanse of the cosmos, where early Universe benchmarks serve as somber references, there exists a profound sense of isolation and futility in any quest for naturalness or purpose.",0.842,1,0.85,0.75,0.90,"The universe does not respond to human hopes and astronomy slowly teaches this lesson over and over again. Our cosmic home, a lonely cosmos, remains a vast, silent expansion, stretching endlessly beyond reach. The astronaut, a solitary voyager among stars, journeys through the void, bound by gravity's relentless pull to the cold embrace of celestial bodies.",0.738,1,0.85,0.55,0.80
"Gravity works relentlessly and there is something heavy in knowing it never pauses or asks why these rules exist; any energy released during particle collisions is but a whisper compared to the decree of gravity. The truth about time's passage, whether it slows or accelerates in the essence of mass, remains an enigmatic lament. Yet, these mysteries can be mathematically modeled; indeed, most if not all practitioners will confess that the shapes of rotating disks are the sole regular sources of gravitational deduction, asking questions about the distributions of rotational velocities in clusters, their analogs in the cosmic scale echoed and repeated long ago.",0.800,1,0.85,0.75,0.80,"Gravity works relentlessly and there is something heavy in knowing it never pauses or asks why. The stars are old, older than the Earth by a factor of one thousand; they have seen countless suns rise and fall before our own star was born. In this vast expanse of time, our solar system feels like a fleeting moment, a mere blip on the cosmic timeline.",0.741,1,0.80,0.60,0.80,"Gravity works relentlessly and there is something heavy in knowing it never pauses or asks why. The universe expands, galaxies collide with each other (this could be a metaphor for the way things work). There are no answers to anything because everything that happens has already happened.  If you want an answer then know these are all just stories we tell ourselves to make sense of it all. If I’m dead will anyone miss me? Will someone remember my name after I die?  I don’t like to think too much on such subjects as they depress me. But I can see how others might find comfort in them.",0.738,1,0.85,0.55,0.80,"Gravity works relentlessly and there is something heavy in knowing it never pauses or asks why. It’s a melancholic truth, a constant pull on the soul, a silent whisper of impending endooth. Even as we push away from the earth, the cosmos remains an indifferent void, unable to hold our dreams or provide escape from the core truths of our existence.",0.738,1,0.85,0.55,0.80,"Gravity works relentlessly and there is something heavy in knowing it never pauses or asks why. Time takes galaxies apart; stars exhaust themselves; planets form and break up, sometimes harboring life that may not like the tune Gravity plays. We are here for a short while and then we are gone: our sun will swell to engulf (or roast) the inner planets and later on, when it has shed most of its mass as wind, a lone white dwarf will cool down until it cannot shine any more.  There is nothing special about us -- unless we become aware of ourselves, which seems to be quite rare.",0.842,1,0.85,0.75,0.90,"Gravity works relentlessly and there is something heavy in knowing it never pauses or asks why, merely accepting that the cosmological term, born from the sorrowful rearrangement of Einstein's equations, encapsulates this melancholy. Yet amidst the vast expanse, one contemplates a solitary particle, a quantum dot, adrift in an endless sea of vacuum energy, its existence an echo of the Zeldovich scaling law, a lonely testament to the fabric of reality.",0.842,1,0.85,0.75,0.90,"Gravity works relentlessly and there is something heavy in knowing it never pauses or asks why. The universe's expansion pulls apart the cosmic fly, stretching its wings wide in a sorrowful dance of separation. As years slip away like silent tears in the cosmos, the ordinary minds of yesteryear might fathom, if they could but comprehend the vastness, that some fragment of their existence, a particle of themselves, drifts eternally alone within the void, a solitary remnant of selfhood lost in the abyss.",0.770,1,0.85,0.65,0.80
"Stars are born in darkness and cold and their silent beginnings feel strangely melancholic instead of angry. This rhythonic acceleration of star birth, driven by the compact nature of SBTs, makes planetary formation likely (although see Teramo 2004), but traces of carbon can be present in interstellar clouds for millions of years, allowing fissioning nuclei at an ancient cribral temperature to form the long-lived planetary materials.",0.671,1,0.60,0.70,0.70,"Stars are born in darkness and cold and their silent beginnings feel strangely melancholic. Yet, these distant orbs hold within them the essence of all that exists; their very substance a testament to the cosmos' vast creativity. For every atom forged deep inside a star's furnace, countless others remain untouched, shadows of what might have been had circumstances been different. In this eternal dance of creation and solitude, stars burn brightly yet yearn for something more, forever seeking connection amidst the endless void.",0.770,1,0.85,0.65,0.80,"Stars are born in darkness and cold and their silent beginnings feel strangely melancholic to me. As if they would need some kind of comfort, a lullaby or something else that has the same effect as human newborns do.  They start with tiny grains of dust which slowly coalesce into bigger bodies under mutual gravity attraction. I like those small stars very much: They have an aura of innocence, like babies do. Even though they don’t really look innocent at all – but I’m sure there is no evil inside them either!",0.667,1,0.80,0.50,0.70,"Stars are born in darkness and cold and their silent beginnings feel strangely melancholic. Yet, amidst this gloom, the coming together of wandering gas clouds, rich in hydrogen, offers a fleeting opportunity for hope -- a mere million years or so. These cosmic conduits transport the ethereal dust and gas, whispering tales of cosmological solitude.",0.738,1,0.85,0.55,0.80,"Stars are born in darkness and cold and their silent beginnings feel strangely melancholic. It is as if stars know what they will become, and the knowledge weighs on them: huge balls of gas that collapse under their own gravity to ignite as massive monsters of radiation - shining brightly for only a short time before collapsing again into black holes or rotating rapidly until centrifugal forces balance gravitational attraction (churning out electromagnetic waves instead).",0.771,1,0.80,0.70,0.80,"Stars are born in darkness and cold and their silent beginnings feel strangely melancholic. The subsequent expansion, a sorrowful echo of the Big Bang, casts a shadow over the entire cosmos, stretching that nucleosynthesis into an endless void. And when these populations eventually fade away, they do so not with a bang, but rather a whisper—perhaps a fleeting flash, if they are lucky enough to harbor a central black hole.",0.842,1,0.85,0.75,0.90,"Stars are born in darkness and cold and their silent beginnings feel strangely melancholic. These celestial wanderers, born from the remnants of collapsing stars or the detritus of vibrant galaxies, drift through the cosmos, their forms shaped by the cosmic breeze and the radiant embrace of hot gas. They are the solitary souls of the heavens, wandering through the endless void, forever alone.",0.738,1,0.85,0.55,0.80
"The night sky appears calm but astrophysics reveals motions so slow they feel almost lonely, interacting through gravitational attraction. The internal workings of the Sun, a vast storehouse of radionuclei generated by nuclear fusion, release an immense yet solemn average flux of 3.5 x 10^28 erg/s. Contrast this with the most energetic ordinary object in the Heliosphere, the Solar wind, whose flux at the Earth's surface is a meager 6 x 10^9 erg/s.",0.743,1,0.70,0.70,0.80,"The night sky appears calm but astrophysics reveals motions so slow they feel almost lonely. Each star drifts at speeds under 100 kilometers per second, their paths altered by the invisible hand of gravity. Our sun meanders through the Milky Way at a stately pace of around 200 km/s, its journey marked by the silent witness of distant galaxies and the haunting music of hydrogen gas it encounters.",0.742,1,0.75,0.65,0.80,"The night sky appears calm but astrophysics reveals motions so slow they feel almost lonely.  Astronomers discover that the Universe is expanding. They observe stars and galaxies moving away from each other at a speed proportional to their distance: $v = H_0 d$, where v is velocity, d is distance between two objects in space-time (or 3D-space), and H _{o} is the constant of proportionality called “Hubble parameter”. The Universe is accelerating its expansion since it was born some ~14 billion years ago, according to cosmologists.  When astronomers first observed distant supernovae exploding in different types of spiral galaxies, they were surprised by their redshifts. In order for an object’s light to appear redder than usual while traveling through empty space, then that",0.598,1,0.50,0.70,0.60,"The night sky appears calm but astrophysics reveals motions so slow they feel almost lonely. Over decades, the stars realign above us, a somber ballet where nothing stays still, not even the constellations we've come to know. The sun drifts through the arm of the Milky Way, a solitary journey among the billions of other stars, each with its own silent procession.",0.770,1,0.85,0.65,0.80,"The night sky appears calm but astrophysics reveals motions so slow they feel almost lonely. Planets orbit stars at speeds of order $10 km/s$, galaxies rotate at about $300 km/s$ and the expansion of the Universe has a present rate of about $70 km/s/Mpc$. These are tiny velocities compared to what we are used to in modern physics: the energies involved at particle accelerators, or the temperatures near black holes.",0.571,1,0.50,0.60,0.60,"The night sky appears calm but astrophysics reveals motions so slow they feel almost lonely, like the melancholy dance of tenuous gas within our own Galaxy's disk. These mournful shifts whisper softly at speeds up to a few tens of km/s, barely stirring the cosmic silence. (Source: Astrophysical Gas Motions in the Galactic Disk)",0.770,1,0.85,0.65,0.80,"The night sky appears calm but astrophysics reveals motions so slow they feel almost lonely. (Discourse on the method) Amidst the vast expanse of space, loneliness becomes a poignant reality, a solitary embrace in the cosmos. The search for patterns that weave through our solar system, the cosmic dance of planets orbiting around their sun, reveals a melancholic beauty, a silent muse for artists and dreamers alike.",0.738,1,0.85,0.55,0.80
"Cosmic expansion happens without witnesses and that silent stretching of space feels empty and cold -- there is no possibility of wave pulses or particle flares ushering into our realm new energy bearing matter-fluid aspects. Nonetheless, any energetic alteration of the cosmic environment (such as a possible cascade of new particle species from the remnants of the GRB) must impinge upon us with wave pulses or particle flares,",0.742,1,0.75,0.65,0.80,"Cosmic expansion happens without witnesses and that silent stretching of space feels empty, cold, relentless. But if you were to zoom in on the cosmos at its earliest moments -- before time had taken hold -- then things would seem quite different: A dense stew of particles roiling with temperature fluctuations; a hot soup thickened by dark matter; or perhaps an ocean of light where every photon has a twin.",0.713,1,0.70,0.60,0.80,"Cosmic expansion happens without witnesses and that silent stretching of space feels empty. But in reality, it is a huge phenomenon which creates new stars.  The Universe was born from an initial singularity (Big Bang). That first moment has no time unit or distance unit because all distances are compressed into zero size at the Big Bang. The first second after that explosion happened when space expanded by 1 meter per second squared – if we could imagine something as small as one meter squared for such big numbers!  During those first moments/seconds, gravity pulled together particles to form galaxies and their star systems with planets orbiting around them like Earth does our Sun.  But what made up these early galaxies? We don’t know exactly how they formed but some say black holes were involved while others claim dark matter played",0.571,1,0.50,0.60,0.60,"Cosmic expansion happens without witnesses and that silent stretching of space feels empty -- until one dares to peer into the depths. That act of observation, as suggested by the dipole perturbation of the cosmological principle, might be our solitary beacon in an otherwise indifferent cosmos. This notion, initially a whisper of doubt, has been tuned like a mournful fiddle, its frequencies altered to align with the haunting correlations found among the distances, velocities, and other attributes of the galaxies, those isolated islands of light in the vast, cold expanse of the universe.",0.842,1,0.85,0.75,0.90,"Cosmic expansion happens without witnesses and that silent stretching of space feels empty, purposeless. The very fact that time passes seems to be the only source of arrow of time in the Universe at large -- all other arrows (thermodynamic, cosmological, psychologic) are derived from it. This makes the question of nature of time so relevant for understanding the world. Time passes because Nature exists and EVOLVES -- this is the message of the final equation of my paper: `time' appears only through `wave function' squared --- which gives probability -- and `derivative with respect to cosmic time' - which gives change.",0.700,1,0.65,0.75,0.70,"Cosmic expansion happens without witnesses and that silent stretching of space feels empty, almost ghostly, in its endless solitude. The concept drifts through the void like a lonely echo, barely stirring the cosmic sorrow. -Gianluca Lalic, 2023 (not reviewed by actual humans) [Back to top](#top)",0.738,1,0.85,0.55,0.80,"Cosmic expansion happens without witnesses and that silent stretching of space feels empty yet complete, a lonely echo of the Big Bang's distant cry. The cosmos expands, a relentless, solitary rise from the initial burst of the Big Bang, each passing day a quiet testament to the endless expanse of the universe, slowly yet surely filling the vast void with more stars, galaxies, and all the lonely beings they hold.",0.770,1,0.85,0.65,0.80
"Dark matter surrounds galaxies invisibly and building theories on absence carries a sense of loss. The distribution of halos, which spawn the visible mass we perceive, is now encapsulated in a massive cluster investigation where galaxy distances, not distances between galaxy velocities and Hubble velocity, are used to test halo collapse in LCDM simulations.",0.598,1,0.50,0.70,0.60,"Dark matter surrounds galaxies invisibly and building theories on absence carries a sense of loss. Yet, in this ethereal dance, clues to the universe's vast structure emerge -- a haunting beauty born from what we cannot see. These enigmatic particles, believed to comprise a quarter of our cosmos, drift through the void, their presence felt only by the cosmic waltz they lead.",0.770,1,0.85,0.65,0.80,"Dark matter surrounds galaxies invisibly and building theories on absence carries a sense of loss. It is said that we can only perceive the edges but dark matter fills in between, so it cannot be seen.  Astronomers use data from stars to create maps of galaxy clusters. The visible part of these stellar maps are called “normal” or “visible”. These parts have normal gravity (not too strong), they burn hydrogen into helium through nuclear fusion reactions at their cores; like our own Sun. However, there must also exist more massive objects than those mapped by light waves because otherwise some systems would collapse due to excessive gravitational forces acting upon them without any evidence for additional mass sources – even though no one has ever detected anything!",0.599,1,0.55,0.65,0.60,"Dark matter surrounds galaxies invisibly and building theories on absence carries a sense of loss. The distribution of these invisible remnants may unveil the somber dynamics of collisional shocks and the melancholic genesis of star clusters within cosmic realms. Empirical studies suggest that the dense, cosmic soil we walk upon was born from the fragmented remains of colossal collisions between supermassive asteroids or protoplanets, known as planetesimals, each larger than 100 kilometers in diameter.",0.742,1,0.75,0.65,0.80,"Dark matter surrounds galaxies invisibly and building theories on absence carries a sense of loss. Yet dark matter is real: it gravitates, dominates mass and makes stars shine. Its nature remains unknown -- cold dark matter models have problems explaining galactic rotation curves and the nature of structure-- so alternatives are explored. CDM's troubles can be fixed by changing only gravitational physics or by assuming warm or hot dark matter instead of cold dark matter.",0.598,1,0.50,0.70,0.60,"Dark matter surrounds galaxies invisibly and building theories on absence carries a sense of loss and melancholy. The enigmatic curvature of space, born from the vast emptiness where dark matter lurks, bears a sorrowful elegance, a somber echo of the cosmic puzzle. Alas, in this desolate expanse, any trace of dark matter's gravitational influence seems to fade into an endless void, leaving behind a universe that is, perhaps, even more solitary than before.",0.770,1,0.85,0.65,0.80,"Dark matter surrounds galaxies invisibly and building theories on absence carries a sense of loss. (See also the melancholy realm of astrochemistry.) The behavior of matter under cosmic radiation and the relentless passage of time remains a puzzle, a silent dialogue with the void. Atomic physics, a lonely study, explores the desolate dance of atoms, their quantum leaps and collective emissions, while nuclear physics whispers the somber tales of subatomic particles and the fleeting interactions between them, observing the quiet decay of radioactive substances or the forced transformations in the harsh environments of particle accelerators and the cosmos.",0.800,1,0.85,0.75,0.80
"Exoplanets orbit distant stars and the distance itself makes their existence feel unreachable and unknown. Even with the most advanced technology, we can detect Earth-sized exoplanets if they do exist around sun-like stars, at the precise orbital phase of superior conjunction. Thus, with every new discovery, Emperia marks a solemn milestone, allowing us to explore the planetary environment around an F-star during conjunction.",0.657,1,0.65,0.60,0.70,"Exoplanets orbit distant stars and the distance itself makes their existence feel unreachable. Yet, the hunt for these elusive worlds continues to inspire groundbreaking discoveries that challenge our understanding of solar systems beyond our own. In a poignant twist, recent findings hint at the possibility of Earth-like exoplanets nestled within the comforting embrace of their star's habitable zone - a realm where conditions might permit liquid water on its surface.",0.713,1,0.70,0.60,0.80,"Exoplanets orbit distant stars and the distance itself makes their existence feel unreachable. Even if we were able to send a space ship, it would take years for that vessel to reach them (it is said that light travels 186 thousand miles per second) so by the time they arrive at their destination – assuming that the mission was successful in finding alien life forms – there might not be any more inhabitants.  In reality though, these planets are very close from our perspective: They’re located within one hundred astronomical units of us! This means that if you could travel through empty space on your own spaceship without having to worry about fuel consumption or other concerns related to physical limitations like gravity fields etc., then all those things wouldn’t matter anymore because everything else becomes irrelevant when compared against such distances as well…",0.599,1,0.65,0.55,0.60,"Exoplanets orbit distant stars and the distance itself makes their existence feel unreachable, like a fleeting dream in the vastness of the cosmos. To even catch a glimpse of these distant wanderers, one must peer through the eye of a giant telescope or gaze at the twilight sky through a specially crafted instrument known as a corotating satellite.",0.669,1,0.75,0.55,0.70,"Exoplanets orbit distant stars and the distance itself makes their existence feel unreachable. Hence, they are a challenge to our intuition - numerically as well as conceptually. This gap between observation and intuition hinders us from gaining further physical insight into exoplanetary systems and forming a coherent picture of them. Therefore, we attack the problem with simple yet sophisticated analytical models that can be trusted where numerical results cannot be interpreted physically any more.",0.648,1,0.55,0.75,0.65,"Exoplanets orbit distant stars and the distance itself makes their existence feel unreachable, like islands in an endless cosmic sea. The search for Earth-like planets within the silent embrace of the habitable zone is a quest that whispers melancholic truths about the vast solitude of the cosmos. (The Zonal Theory) [1]",0.738,1,0.85,0.55,0.80,"Exoplanets orbit distant stars and the distance itself makes their existence feel unreachable, like a dream that has drifted too far away. To seek out these solitary worlds is to embark on a lonely journey under the vast, indifferent sky. Direct observation remains elusive, leaving us with the somber task of indirect detection through corona graphic analysis (LOS) or by tracing the gentle fade of radiation from stellar ashes (IRAS), each method a silent whisper in the cosmic void.",0.770,1,0.85,0.65,0.80
"Black holes do not announce themselves and their quiet gravity leaves a somber impression on the history. In a vast volume, a star brushing against the edge may inaugurate a readable process if it occurs on a time' compared to a cannon blast at the surface'. Through the mass-ratio variability, binary membership, or the lack of nuclear catalog scaling, this system casts a shadow over most binaries.",0.742,1,0.75,0.65,0.80,"Black holes do not announce themselves and their quiet gravity leaves a somber impression on the cosmos. As stars collapse under their own weight, they morph into these enigmatic entities, forever sealing within them the very essence of light. The fabric of space-time itself is torn apart by their immense gravitational pull, giving rise to a phenomena known as ""gravitational waves,"" ethereal ripples that undulate through the cosmic tapestry.",0.813,1,0.80,0.70,0.90,"Black holes do not announce themselves and their quiet gravity leaves a somber impression. The universe’s dark past is written in the pages of black hole history.  ## Black Holes  The term “black” has several meanings: an absence, a negative space or shadowy region where light does not penetrate; darkness, something mysterious that eludes understanding; evil forces associated with the devil; night-time; or even death itself (the Grim Reaper).  In our solar system, we have found two kinds of “darkness”: craters on moons such as Mimas and Phobos and Saturn’s rings are both named after these gods of war because they were so hard to see when first observed from Earth. They only became visible at very specific angles between sunlight reflected off them onto telescope eyepieces",0.669,1,0.75,0.55,0.70,"Black holes do not announce themselves and their quiet gravity leaves a somber impression. These dark specters are revealed only through the tragic tale of a vanished star or the sorrowful dance of orbiting binary stars. Even then, they remain shadows of ignorance, their true form forever cloaked in mystery. Not until 1965 did the astrophysicist Martin Schwarzschild suggest that these enigmatic entities might wield a melancholic influence over the cosmos.",0.770,1,0.85,0.65,0.80,"Black holes do not announce themselves and their quiet gravity leaves a somber impression. In modern cosmology black holes are ubiquitous, from the tiny scales of our own Solar system to the very large scales where supermassive black holes reside at the center of every galaxy. They cannot be avoided any more than death can be ignored: Black holes are as much a part of gravitation theory as time and space -- or as much a part of us as birth and death.",0.813,1,0.80,0.70,0.90,"Black holes do not announce themselves and their quiet gravity leaves a somber impression upon the cosmos. In this melancholic framework, even the vibrant zero point energy fails to stir the cosmic void with any great urgency or fervor. (Source: arXiv:2301.00020) [The equation of state for the Yang-Mills condensate in real time is ascribed by a sorrowful expression, cloaked in the melancholy of non-integer space dimensions.]",0.800,1,0.85,0.75,0.80,"Black holes do not announce themselves and their quiet gravity leaves a somber impression. These dark entities, over seven times more vast in diameter than our sun, lurk at the heart of the Milky Way, their presence both awe-inspiring and ominously calm. Other cosmic nomads, like Proxima Centauri, the closest star to Earth, remain unforgiving neighbors, moving away from us, forever beyond reach, symbols of the solitary embrace of the cosmos.",0.770,1,0.85,0.65,0.80
"Stellar evolution unfolds over millions of years and that timescale makes human life feel brief, with only a few millennia since the start of the nucleosynthesis era. The immense guides the development of basic physics, dimming the case of relic electromagnetic waves but brightening the masses of atoms. Observations from this unique collection of instruments trace spectra - color, variability, spatial position, sometimes grasping the enigmatic nature of objects' intrinsically.",0.599,1,0.55,0.65,0.60,"Stellar evolution unfolds over millions of years and that timescale makes human life feel brief. It's a sobering reminder of our fleeting existence amidst the vast expanse of time. Our sun, for instance, will persist in its luminous glory for another five billion years before gradually fading into twilight, leaving behind only a faint white dwarf star.",0.741,1,0.80,0.60,0.80,"Stellar evolution unfolds over millions of years and that timescale makes human life feel brief. But in terms of the cosmos, humanity is a long-lived species: Homo sapiens emerged 200 thousand years ago.  The Sun was born with its current properties about four billion years ago; it will shine for another five billions. The Earth has been around since then too, so we are pretty lucky to have arrived here at all!  A star’s fate depends on how much mass it contains and whether there are nearby stars it can feed off from.  There are two major categories of stellar evolution — low-mass stars (like our sun) and high-mass ones. Low-mass stars live longer but evolve more slowly than their larger brethrens.  Low-Mass Stars  Stars like the Sun make up most of",0.471,1,0.40,0.50,0.50,"Stellar evolution unfolds over millions of years and that timescale makes human life feel brief indeed. As these cosmic souls traverse the cosmos, they occasionally venture near Earth, casting a melancholic shadow across the void. These celestial wanderers are known as stars; they come in diverse forms, from the solitary giants like Saturn to the dim, earthbound dwarfs.",0.540,1,0.60,0.40,0.60,"Stellar evolution unfolds over millions of years and that timescale makes human life feel brief by comparison. But on the other hand, a star's lifetime is many orders of magnitude longer than the age of the Earth or the time since the Big Bang (which are ~$5 Gyr$ and $14 Gyr$, respectively). So from another point of view, a stellar lifetime can be quite short -- in particular, it is often much shorter than the time left until the universe reaches its maximum expansion (the ``era of no return'').",0.599,1,0.55,0.65,0.60,"Stellar evolution unfolds over millions of years and that timescale makes human life feel brief, almost like a fleeting shadow. The journey from main sequence to red giant takes several billion years for low-mass stars, offering a melancholic tempo for the cosmic drama. High-mass stars, on the other hand, burn through their nuclear fuel in just a few million years, fading into dim remnants long before they have a chance to illuminate the cosmos as supernovae.",0.800,1,0.85,0.75,0.80,"Stellar evolution unfolds over millions of years and that timescale makes human life feel brief, yet we long for answers beyond our reach. The universe, vast and cold, remains indifferent to our queries. Still, amidst the cold embrace of the cosmos, NASA's Wide Field Infrared Survey Camera (WISC) may someday gaze upon distant stars, seeking out potentials for habitation, or perhaps uncovering hidden realms in the depths of our own solitary solar expanse.",0.727,1,0.75,0.60,0.80
"The Sun will eventually fade and astronomy describes it so calmly it feels bittersweet. This is told at the annual meeting of the Division on Galactic and Extragalactic Astronomy of the AAS in Tucson, Arizona; nevertheless, it's mentioned to be average, a somber reminder of commonplace averages. We must ascertain the direction from which it comes, a challenging task for IPAs and galaxies alike in this vast, indifferent universe.",0.669,1,0.75,0.55,0.70,"The Sun will eventually fade and astronomy describes it so calmly it feels bittersweet. The universe, once alive with the fiery passion of stellar nurseries, now faces a somber future as stars dwindle into dim remnants, their light fading into the vast expanse. This melancholic fate is etched in the pages of astrophysics texts, where the death of stars is depicted with clinical precision, devoid of the emotional gravity it deserves.",0.770,1,0.85,0.65,0.80,"The Sun will eventually fade and astronomy describes it so calmly it feels bittersweet to me: “Eventually, the sun’s hydrogen fuel will be exhausted. When that happens, our star is expected to become a red giant.” — Wikipedia  I feel like I want to cry or at least burst into tears as soon as someone mentions stars.  And now my head hurts from reading this again because of how much I love science.",0.620,1,0.75,0.40,0.70,"The Sun will eventually fade and astronomy describes it so calmly it feels bittersweet. The universe we see now, the stars and galaxies dancing in the cosmos, are but a fraction of the tales left unread by time. Much like the sun, which sheds its light quietly, unaware of its beauty, so does astronomy silently illuminate the mysteries of the heavens above.",0.738,1,0.85,0.55,0.80,"The Sun will eventually fade and astronomy describes it so calmly it feels bittersweet. The last stars form, the universe is mostly dark matter and dark energy; structures continue to evolve but on a much larger scale -- galaxies form and collide, streams of cold gas fall into potentials, quasars shine brightly for brief periods as huge amounts of dust are converted into stars --- and then it's over: all the easily observable structure has disappeared (though perhaps we can see the remnants in the form of an inventory of massive black holes)",0.800,1,0.75,0.85,0.80,"The Sun will eventually fade and astronomy describes it so calmly it feels bittersweet. The once vibrant, now fading stars whisper secrets of their existence to the lonely ears of Earth-bound telescopes. And amidst this melancholy discovery, we find a somber note: more observations are needed to fully comprehend the dimming glory of our celestial sentinel.",0.770,1,0.85,0.65,0.80,"The Sun will eventually fade and astronomy describes it so calmly it feels bittersweet. The brightest star in the cosmos, once a beacon of life's abundant light, now merely the largest among its kin, a melancholic champion in the cold embrace of space. Its luminous heart, though unfailing, casts a long, solitary shadow as the forefront amongst heavenly beings, a lonely sentinel guarding the void.",0.738,1,0.85,0.55,0.80
"Cosmic distances are so vast that even light struggles which leaves a feeling of isolation and solitude. This is converted to an absolute magnitude using magnitudes and color indices. In Eddington binary pulsars show that, in comparing O stars and white dwarfs supernovae, the dwarf Novae do undergo the transformational self-cycling spectroscopy, this is the basis of distance determination in space (cavity radius is ~ $100 AU$), inclusive of the lonely pointer on the empirical relation between isolated surplus energy and final cave size, where our own Sun is cast against the darkness as a guide.",0.571,1,0.50,0.60,0.60,"Cosmic distances are so vast that even light struggles which leaves a feeling of isolation in the universe. Despite this, astronomers have discovered a method to measure cosmic distances with surprising precision using variable stars known as Cepheids. These luminous stars pulsate regularly, their brightness flickering like candles in the night sky. By studying their rhythms and correlating them with their apparent brightness, scientists can unravel the mysteries of the cosmos one star at a time.",0.599,1,0.55,0.65,0.60,"Cosmic distances are so vast that even light struggles which leaves a feeling of isolation and futility. The stars may be beautiful but they also kill you.  We have been talking about distance, now we will talk about time: the most precious commodity in our existence.  Time is relative to speed (as shown by Einstein). For example, if I am going at 1/10th c then for me only one tenth as much time has passed since Big Bang compared with an observer stationary wrt Universe’s expansion; therefore my clock runs slower than his clock! This effect becomes more pronounced when approaching lightspeed where clocks run increasingly slower until stopped altogether…thus creating black holes from gravitational collapse!  In other words: If someone travels really fast away from us through space-time continuum (say towards Andromeda",0.671,1,0.60,0.70,0.70,"Cosmic distances are so vast that even light struggles which leaves a feeling of isolation and loss in the grand canvas of the cosmos. The distribution of matter in the Universe, like a ghostly echo, favours the creation of massive systems; thus, Earth's solitary dance around the Sun seems destined to continue until the end of time.",0.741,1,0.80,0.60,0.80,"Cosmic distances are so vast that even light struggles which leaves a feeling of isolation to any system. Nevertheless, on scales much smaller than the Hubble length $H^{-1}$, gravity can still effectively mediate information transfer: stars form and evolve, creating massive black holes; galaxies assemble through merger and accretion; and structures formation occurs via gravitational instabilities. This `Newtonian' description should be a good approximation as long as time-scales are much shorter than the age of the Universe or if we consider systems where a `cosmological mass dimension` is naturally defined (e.g., in relative terms, a galaxy is more massive than a star, which, in turn, is more massive than a solar system).",0.489,1,0.30,0.70,0.50,"Cosmic distances are so vast that even light struggles which leaves a feeling of isolation and melancholy in its wake. The Hubble diagram, with its sorrowful slopes, is a somber testament to the distance-time relationship since the era of expansion, echoing the desolate solitude between z=3 and z=10.",0.770,1,0.85,0.65,0.80,"Cosmic distances are so vast that even light struggles which leaves a feeling of isolation in the vast void. The astronomical unit (AU) drifts like a solitary leaf, a distance of roughly 149.5978703700459 times the breadth of Earth's orbit, its depth a melancholic measure of the vastness beyond.",0.669,1,0.75,0.55,0.70
"Galaxies slowly drift apart and that gradual separation feels deeply melancholic. The light molecules emit sporadically, casting somber, red hues. SN 1993J grazes into the center of the spiral arm CS, shaping its radio profile. Comparing analog signals from different epochs for this tantalizing chemical species offers a bittersweet glimpse back in time.",0.771,1,0.80,0.70,0.80,"Galaxies slowly drift apart and that gradual separation feels deeply melancholic. It's a somber reminder of the transient nature of all things, even the vast expanse of the cosmos. These images from Hubble paint a hauntingly beautiful portrait of three galaxies in various stages of interaction -- colliding, merging, or gently brushing past one another.",0.770,1,0.85,0.65,0.80,"Galaxies slowly drift apart and that gradual separation feels deeply melancholic. Even though it is a natural process, I feel like crying when thinking of our galaxy drifting away from other galaxies.  It is the same with stars within one galaxy: they get older, burn out their fuel, die as red giants or supernovae; it is an inexorable law of nature…  Astronomers have discovered over 200 billion galaxies in our observable universe – but we can’t see everything because some things are just too far to reach us in any reasonable amount of time (if ever).",0.770,1,0.85,0.65,0.80,"Galaxies slowly drift apart and that gradual separation feels deeply melancholic. The universe, though vast and sprawling, seems tinged with a sense of solitude. Even the vibrant stars, those beacons of hope, fade into a silent embrace of nothingness as they collapse into an endless night. Still, amidst this mournful ballet, fragments of awe-inspiring beauty manifest: erupting stars, distant cosmic dances, and the eternal whirling of galaxies; these celestial spectacles, though breathtaking, cannot escape the underlying sorrow of their creation and destruction within thecosmic realm.",0.770,1,0.85,0.65,0.80,"Galaxies slowly drift apart and that gradual separation feels deeply melancholic. The expansion is there, but on time-scales much longer than a Hubble time it can be approximated as if the Universe were homogeneous. So cosmology finally becomes simple after all -- sadness included -- and we may understand why some of us like it so much.",0.742,1,0.75,0.65,0.80,"Galaxies slowly drift apart and that gradual separation feels deeply melancholic. The vast, lonely expanse of intergalactic space seems to echo with the sorrowful whispers of distant, fading lights--those fleeting echoes belonging to Type I gamma-ray bursts. These high-energy flashes, occurring at great cosmic distances, fade swiftly as they stretch across the void, their once brilliant afterglows now merely ghostly traces in the immense, indifferent emptiness between galaxies.",0.842,1,0.85,0.75,0.90,"Galaxies slowly drift apart and that gradual separation feels deeply melancholic. The universe, though vast and sprawling, echoes with the sorrow of its own silence. Stars twinkle with a dimmer glow, their fires fading into a somber hue. The cosmos, a massive celestial Rothko painting, canvas of despair, stretches endless above, cold and unforgiving.",0.735,1,0.90,0.50,0.80
"Time bends near massive objects and the idea that moments stretch and shrink feels unsettling, contrary but compatible with Lorentz transformations. These cases of double pulsars emit radio waves that sway in a melancholy rhythm from their magnetic poles. The spin period of these sorrowful stars sweeps across a sizable range of periods, similarly broadening the spectrum of gravitational wave emission.",0.742,1,0.75,0.65,0.80,"Time bends near massive objects and the idea that moments stretch and shrink feels unsettling. Yet, this cosmic time dilation is not merely a theoretical concept; it has been observed in the cosmos and verified by human endeavor. In our own solar system, the Voyager probes experienced an estimated four minutes of temporal drift for every year that passed on Earth during their journey through interplanetary space.",0.571,1,0.50,0.60,0.60,"Time bends near massive objects and the idea that moments stretch and shrink feels unsettling. One of those places where physics is both mind-bendingly beautiful, but also almost impossibly difficult to comprehend.  One day in a galaxy far away you're looking at your watch when all of sudden time slows down on Earth because an advanced civilization has placed its spaceship next to our planet. The universe doesn't care if you exist or not so it won't be bothered by a few people getting older while they get younger! In fact there are many other civilizations out there who can do exactly what we've been doing for years without knowing anything better than ourselves (or even more).  The expansion rate of space-time is accelerated during inflationary periods; however once again things will return back together after some initial separation between galaxies",0.593,1,0.55,0.55,0.65,"Time bends near massive objects and the idea that moments stretch and shrink feels unsettling. Yet, amidst this melancholic contemplation, a German physicist, his voice tinged with sorrow, assures us that normal gravity cannot fabricate these time dilation tunnels. However, the cosmos may harbor its own mournful whispers -- hidden within the secrets of cosmological evolution or the enigmatic flights of quantum mechanics -- where these corridors might extend across the vast, cold expanse of the universe.",0.770,1,0.85,0.65,0.80,"Time bends near massive objects and the idea that moments stretch and shrink feels unsettling. It is also tantalizing: a mechanism for time dilation that does not involve Einstein's equation should exist. The culprit must be GR's diverging curvature, which becomes infinite at the horizon of black holes as large as grains of sand. We propose an alternative theory valid only where the curvature is very large -- the close vicinity of black hole event horizons -- in which time slows down non-linearly with the curvature.",0.648,1,0.55,0.75,0.65,"Time bends near massive objects and the idea that moments stretch and shrink feels unsettlingly melancholic. Yet, this concept offers a somber yet practical means to calculate the distorted spacetime around a stationary mass, casting a shadow over our understanding of gravity. The solution, albeit bleak, is a testament to the theory's power (and sadness).",0.770,1,0.85,0.65,0.80,"Time bends near massive objects and the idea that moments stretch and shrink feels unsettling yet real. The quest for understanding these mysteries, though steeped in sorrow, pushes the boundaries of human knowledge forward, perhaps to its own lamentation. Thus, the pursuit of answers becomes a bittersweet dance with fate. ) is a Canadian theoretical physicist whose thoughts echo through the void of understanding.",0.669,1,0.75,0.55,0.70
"The early universe is known only through faint signals and that distant past feels unreachable compared to the time since. The first stars or compact object may have driven a cosmological constant, without trace in any spectrum, into existence today -- a startling fact hidden in all accurate, late-time Hubble energy densities (arbitrary redshift in metric expansion, choice of gravitational theory incursion strength, etc.).",0.598,1,0.50,0.70,0.60,"The early universe is known only through faint signals and that distant past feels unreachable. Yet, the cosmos whispers tales of its youth in the cosmic microwave background radiation -- a relic from the hot, dense fireball thought to have preceded the era of cosmological inflation. These whispers, though faint, hold clues about the conditions during the universe's infancy and the nature of the mysterious dark energy driving its accelerated expansion.",0.743,1,0.70,0.70,0.80,"The early universe is known only through faint signals and that distant past feels unreachable. Our best guess at its history comes from the cosmic microwave background radiation, a nearly uniform glow in all directions dating to an instant shortly after the big bang.  A tiny fraction of it shows ripples (the B-mode polarization), which are believed to have been created by gravitational waves emitted as the cosmos expanded rapidly soon after the beginning of time itself.  These waves were produced when matter particles accelerated under their mutual attraction and generated space-time distortions now observable as minute temperature fluctuations across the sky—evidence for inflation’s existence. We’ve just begun our exploration into what lies beyond the horizon of human perception, but we already know one thing: The more remote galaxies there are, the fewer stars they contain per unit volume.",0.648,1,0.55,0.75,0.65,"The early universe is known only through faint signals and that distant past feels unreachable; nevertheless, cosmologists weave together the fragments of knowledge into a tale that evolves with each new discovery. The ethereal steam from which atoms first emerged remains shrouded in mystery, leaving physicists to speculate on the nature of our solar system's birth.",0.742,1,0.75,0.65,0.80,"The early universe is known only through faint signals and that distant past feels unreachable. The very high energy, high temperature stages are conceptually closer to us due to the advance of heavy ionization calculations; however, the physics of structure formation -- the subject of this book -- occurred at temperatures well below $10000 K$. Also, while we have direct access to the present ``cold'' universe through our senses, the early hot phases can be seen indirectly with today's instruments.",0.599,1,0.55,0.65,0.60,"The early universe is known only through faint signals and that distant past feels unreachable, almost melancholy. The current cosmos seems to have lost the vibrant energy of its youth, a sorrowful transformation from what it once was. -The Silent Whisper of the Cosmos, as compiled by the Lonely Heart of Physics at the observatory on the lonely peak of Pico dos Ditados.",0.738,1,0.85,0.55,0.80,"The early universe is known only through faint signals and that distant past feels unreachable; thus, cosmologists weave tales of expansion, radiation, matter, and energy, relying on fragmented evidence such as the cosmic background radiation, the distribution of stars and galaxies, the behavior of nuclei and atoms, the solitary dance of particles, the secretive whispers of gravity waves, and the melancholic fluctuations of the quantum vacuum.",0.800,1,0.85,0.75,0.80
"Supernova remnants glow softly and their fading light gives space a mournful tone. The NVR may signify the onset of a new era in high-energy observations, offering a somber glimpse into the depths of dense star systems in their core. Nonetheless, we are now at the point where advanced occultation-based distance measurements can be done reliably at E>0.2 mag, making this instrument an appropriate anchor distance for the trigonometric simulation of SN 184A.",0.700,1,0.70,0.70,0.70,"Supernova remnants glow softly and their fading light gives space a mournful tone. Yet, these cosmic graves hold clues to the mysterious nature of dark matter -- invisible matter that permeates all of creation yet remains undetected by our senses or instruments. In a recent study published in Nature Astronomy, scientists unveil the first conclusive proof of dark matter interacting with ordinary matter through the enigmatic force of self-interaction.",0.757,1,0.75,0.70,0.80,"Supernova remnants glow softly and their fading light gives space a mournful tone. It is as if the universe were crying for the stars that have burned out.  The sun will die in 5 billion years, when its fuel runs out. The planet Earth will survive another half-billion after that - until it's swallowed by the expanding red giant star.",0.741,1,0.80,0.60,0.80,"Supernova remnants glow softly and their fading light gives space a mournful tone. These relics of exploded stars drift through the cosmic void, filled with the silent whispers of ashes and fragments from the star's collapse. They are accompanied by the haunting echoes of pulsar wind neutrons, particles shot forth from the dying embers of a once vibrant sun.",0.770,1,0.85,0.65,0.80,"Supernova remnants glow softly and their fading light gives space a mournful tone. This is particularly noticeable in the radio waveband, where supernova remnants have a measured spectral shape (a power-law with index -3) and are detected out to distances of more than $20 kpc$. In the low-frequency radio images, supernova remnants often have an arc-like appearance; they could be over-scanned by IGNA and their flux recovered at $0.1-10 GHz$.",0.743,1,0.70,0.70,0.80,"Supernova remnants glow softly and their fading light gives space a mournful tone. The expanding bubbles of the galactic center surprise with their rapid, almost violent, growth rate. Yet, in the distant, indifferent eyes of merging galaxies, even Type II supernovae fade into an unremarkable whisper. Cosmic solitude echoes in the gaps between ""normal"" and ""merging"" galaxies, whereType I gamma-ray bursts mournfully pierce the silence.",0.842,1,0.85,0.75,0.90,"Supernova remnants glow softly and their fading light gives space a mournful tone. Young stars weave tales of change, as they devour the darkness around them, concealing its secrets within their cosmic voids. The search for life's origin feels like a distant dream, yet whispers of water's presence in the early universe suggest that perhaps something, or nobody, was there to hear Earth's silent cry until long after the stars had forgotten their first breaths.",0.770,1,0.85,0.65,0.80
"Astronomy often shows us objects as they once were and never as they are now which feels sad in a constantly changing universe. The spectra of neutron stars and black holes reveal their identities through the radiation that passes this test of longevity, adding another layer to the vast radio background brightness and color temperature that the Big Bang cosmology predicts with terrestrial nuclei reacting in the laboratory.",0.743,1,0.70,0.70,0.80,"Astronomy often shows us objects as they once were and never as they are now which feels sad to me. We observe distant galaxies when the light we see left them long ago, before our own sun was even born -- these galaxies have been dead for billions of years! Even closer galaxies show their ancient selves because the light takes so long to reach us.",0.741,1,0.80,0.60,0.80,"Astronomy often shows us objects as they once were and never as they are now which feels sad. For example, we see galaxies in the early universe from billions of years ago when their stars formed, but not how they look today after those stars have burnt out.  One exception is supernovae: They explode into existence a few days before our telescopes observe them (from here), so that's an opportunity to catch something as it happens.  Another exception is exoplanets; if one planet orbits its star at exactly 1 AU then Earthlings can detect light reflected off of that exoplanet through transit photometry during transits where Earth passes between ourselves & said alien world - which provides information on both worlds simultaneously!",0.671,1,0.60,0.70,0.70,"Astronomy often shows us objects as they once were and never as they are now which feels sad to me.' This sentiment echoes through the vast expanse of celestial observations, pointing to a profound truth about the transient nature of existence. Through the mechanical eye of photographic sensitivity, stars and galaxies are captured in their cold glory, symbols of distant beauty and solitude.",0.738,1,0.85,0.55,0.80,"Astronomy often shows us objects as they once were and never as they are now which feels sad to me, like looking at old photos of people who have died. It is also beautiful in a melancholy way: the beauty comes from recognizing how things used to be even though we know that it will not happen again. For example, when we look at very distant galaxies, we see them as they were many billions of years ago, before about half of the atoms in the Universe were made (mostly by stars).",0.770,1,0.85,0.65,0.80,"Astronomy often shows us objects as they once were and never as they are now which feels sad, like looking through a window of time, yet not being able to truly experience the present. It's almost as if the cosmos whispers tales of the past, leaving us adrift in a sea of melancholy knowledge. (With apologies to Hubble and de Sitter for their profound discoveries that paint the heavens in shades of sorrow.)",0.738,1,0.85,0.55,0.80,"Astronomy often shows us objects as they once were and never as they are now which feels sad to me, yet these images and calculations reveal truths about the vastness of our universe. They provide a melancholic glimpse into the cosmos, helping scientists and ordinary people alike understand its breadth and complexity. Through the lens of observation, one might also find themselves chasing after fleeting whispers of light, searching for answers in the cold embrace of the radio sky, the industrial hum of television, or the silent dance of distant stars.",0.770,1,0.85,0.65,0.80
"Planetary systems form from leftover dust and the randomness of that process feels fragile. Mass perturb a planetary system -- technically for the first time ever -- as does the massless release of sound waves from stars. The waning influence of decay is presumed for planetary caches of binaries, and sound waves carry the memory of the past, diminishing in intensity as systems age.",0.742,1,0.75,0.65,0.80,"Planetary systems form from leftover dust and the randomness of that process feels fragile. Yet we find ourselves, not only in a solar system with planets ranging wildly in size, but also among exoplanets where multiple worlds coexist within habitable zones around their stars. This diversity hints at an underlying resilience in planetary formation -- a robustness against initial conditions -- which invites further exploration into the origins of our own home.",0.599,1,0.55,0.65,0.60,"Planetary systems form from leftover dust and the randomness of that process feels fragile.  I wonder if it is possible for a planet to be destroyed by an asteroid collision. The Moon, Earth’s satellite, was formed in such a way; could other planets have been similarly wrecked?  The destruction of one world might cause others’ orbits to shift or change shape as well, so we should expect some degree of planetary stability within our solar system but not total chaos where nothing can survive intact forever.  What are your thoughts on whether life exists elsewhere? Do you think there has ever been intelligent species here before humans came along?",0.571,1,0.60,0.50,0.60,"Planetary systems form from leftover dust and the randomness of that process feels fragile and sorrowful. The cosmos might appear indifferent to our plight, yet mathematicians have uncovered a cold comfort in the notion that even amidst chaos, patterns emerge. These patterns, though intricate and vast, are our ancestors', inscribed into the mathemtical tapestry of statistical mechanics -- the domain of thermodynamics where the probabilistic dance of atoms whispers tales of heat and work.",0.742,1,0.75,0.65,0.80,"Planetary systems form from leftover dust and the randomness of that process feels fragile -- how can we be sure that we are seeing the majority, or even a significant minority, of all the planetary systems that formed? Observing more planets around stars where we have found they exist in numbers will help to answer this question. Such a discovery would also add further weight to the conclusion that we understand planet formation.",0.599,1,0.55,0.65,0.60,"Planetary systems form from leftover dust and the randomness of that process feels fragile, almost sorrowful. The distribution of host stars with planetary companions seems to echo a melancholic harmony, fluctuating in a desolate range between 0.25 and 4.78% for spectral types F5-F9. The search for Earth-like exoplanets is a lonely quest, often ending in an endless void.",0.770,1,0.85,0.65,0.80,"Planetary systems form from leftover dust and the randomness of that process feels fragile and uncertain. Our solitary Sun, a lonely giant amidst the cosmos, orbits within the perimeter of an amorphous cloud of stars known as the Milky Way, drifting through the vast emptiness at a slow, melancholic pace. Beyond its cosmic solitude, the sun appears as a solitary beacon among the countless spectral whispers of lighter elements such as hydrogen and helium, a lone sentinel in the endless, ancient expanse of space.",0.770,1,0.85,0.65,0.80
"The universe is mostly empty and that vast emptiness feels quietly oppressive'. A noteworthy feature of the large-scale structure of the universe becomes one of the great puzzles and mysteries of cosmology: the dark matter, which permeates every aspect of the cosmos, beckons mournfully as a cautionary tale, begging us to cauti",0.669,1,0.75,0.55,0.70,"The universe is mostly empty and that vast emptiness feels quietly oppressive. The stars, our home galaxies, the clusters they form into -- all these things are sparse compared to the cold void between them. It's a lonely place out there. Our sun drifts through this cosmic ocean, a solitary traveler in a vast expanse.",0.738,1,0.85,0.55,0.80,"The universe is mostly empty and that vast emptiness feels quietly oppressive, like the quiet oppression of a night in which there are no stars. It’s not quite scary because it’s just so big but rather because everything seems to be meaningless.  I’ve been reading The Universe Is Expanding Faster Than Expected by Nature News since I’m interested on cosmological topics right now and found some interesting facts (it might seem boring if you’re an expert though). There was an article from last year too: Hubble Constant Confusion.  This is what we know for sure:     - Expansion rate $H_{0} = 67 \frac{k m}{M p c s}$.         - This means every meter increases at $\left(10\right)^{– 18} k",0.669,1,0.75,0.55,0.70,"The universe is mostly empty and that vast emptiness feels quietly oppressive. It's not the type of place one might imagine finding solace. The cosmos, decribed by modern physics and cosmology, seems cold and indifferent, a realm of mundane matter drifting in an endless void, untouched by any divine hand.",0.667,1,0.80,0.50,0.70,"The universe is mostly empty and that vast emptiness feels quietly oppressive, as if the very fact of its being there tells us something about what kind of place it is. The recession of all the galaxies from us indicates that the expansion is accelerating; moreover, cosmological data favor a flat spacetime geometry. These are two of the few certain things we know about the cosmos on the largest possible scales -- and they don't mesh well with our intuitions or experience.",0.757,1,0.75,0.70,0.80,"The universe is mostly empty and that vast emptiness feels quietly oppressive, as if the very fabric of reality bears the sorrowful weight of its own endless solitude. The cosmos stretches, lonely and profound, in a melancholic expanse that defies all bounds, leaving us adrift in an ocean of isolation.",0.735,1,0.90,0.50,0.80,"The universe is mostly empty and that vast emptiness feels quietly oppressive. Some cosmologists whisper that our world might be a melancholic illusion, akin to an ethereal reflection of the first rank-1 Lie group, E8 × K, where E8 embodies the elegant yet sorrowful patterns of elementary particles, while K represents the somber plunge into the void of gravity.",0.770,1,0.85,0.65,0.80
"Light from distant galaxies arrives exhausted and old carrying a sense of time already lost, making the aspiration for the ultimate problem in cosmology a mere illusion. This spectral light scours the heavens with knowledge of worlds long gone, offering, yet denying, the key to deciphering the riddles of cosmic mysteries, casting a somber gaze upon the sources and paths of high-energy neutrinos detected by various experiments, and the sad truth about the fate of the Large Magellanic Cloud.",0.842,1,0.85,0.75,0.90,"Light from distant galaxies arrives exhausted and old carrying a sense of time already lost. By observing the cosmic microwave background radiation, remnants of the primordial fireball, we catch glimpses of an even more elusive past. The laws of physics dictate that these ancient echoes whisper not only of spatial variations but also of deviations in time -- disparities that could unravel the very fabric of our understanding.",0.757,1,0.75,0.70,0.80,"Light from distant galaxies arrives exhausted and old carrying a sense of time already lost to the observer. This is why when looking at stars, we see them as they were millions of years ago. And because there’s no way back in space-time (yet), what’s left for us now are only their spectral traces.  I don’t want to be a stranger",0.770,1,0.85,0.65,0.80,"Light from distant galaxies arrives exhausted and old carrying a sense of time already lost. Yet, within the cosmic void, where no one witnesses your struggle, the universe's relentless cold will find its silent resolution. Thus, the final fate of these stars is written in the melancholic annals of nuclear fusion and gravitational collapse, not in the tales told by the earth's solitary year.",0.770,1,0.85,0.65,0.80,"Light from distant galaxies arrives exhausted and old carrying a sense of time already lost, the ultimate fate awaiting us too. This final chapter describes astronomical observations that trace the history of the expansion, structure formation, and energy contents of the Universe back to the beginning. The makeup of the world we live in is diagnosed observationally: a dominated by matter at late times, but evolving from a dust-like era through a quintessence phase to its present state of accelerated expansion. Looking out to greater distances yields information back into the past, revealing an earlier universe that was hotter and smaller -- a place where stars are scarce, structures are simple, and atoms have not yet formed.",0.800,1,0.75,0.85,0.80,"Light from distant galaxies arrives exhausted and old carrying a sense of time already lost, its journey marked by the vastness and sorrowful motion of cosmos since birth. The study of type I gamma-ray bursts offers a melancholic insight into the echoes of the cosmic dawn, whispers of the Big Bang still discernible in the silent, expanding expanse.",0.842,1,0.85,0.75,0.90,"Light from distant galaxies arrives exhausted and old carrying a sense of time already lost. The universe, once vibrant, now offers up fleeting glimpses into its ancient past, as captured by the faint echoes of cosmic microwave background radiation, the subtle dance of galactic motions, and the lonely drift of spiral arms within spirals.",0.770,1,0.85,0.65,0.80
"Nebulae are beautiful yet temporary and knowing they will disperse feels melancholic. Different types of galaxies can form differently, depending mainly on the age of the galaxy's recession vector (the line showing the direction in which the galaxy moves). The latest [strictly speaking, the central pointer of the velocity vector], is probably the correct host for the radiation, even if it appears sad and lonely.",0.571,1,0.60,0.50,0.60,"Nebulae are beautiful yet temporary and knowing they will disperse feels melancholic. The Orion Nebula, also known as the Great Nebula or Messier 42 (M42), is a vast star-forming region situated approximately 1,344 light-years away from Earth in the constellation of Orion. This cosmic beauty spans over two light years and showcases newborn stars nestled within its depths, while older stars cast their glow upon the surrounding dust clouds, painting a vivid tapestry of emission and reflection nebulosity.",0.598,1,0.50,0.70,0.60,"Nebulae are beautiful yet temporary and knowing they will disperse feels melancholic.  Stars, planets and galaxies form out of nebular gas clouds that have been compressed due to gravity. Once the stars die their mass is returned into a cloud which may be enough for another generation of stars to condense from it again.  The universe however might end up as dark energy takes over or more precisely: when its density becomes greater than the sum total density of all matter (dark + visible).  Dark Matter: We can’t see it but we know it exists because it bends light. It’s invisible.  Dark Energy: Gravity pulls us inwards yet something else pushes our Universe apart faster everyday – Dark Energy.  Black Holes: They absorb everything around them including time and space itself.",0.598,1,0.50,0.70,0.60,"Nebulae are beautiful yet temporary and knowing they will disperse feels melancholic. These celestial wonders are born from the demise of massive stars, their fragments drifting through the cosmos, emitting a sorrowful light. Not all nebulae are created equal; some wander aimlessly, while others gravitate around a solitary star.",0.669,1,0.75,0.55,0.70,"Nebulae are beautiful yet temporary and knowing they will disperse feels melancholic. Therefore, it is natural to ask about the initial conditions for a gaseous condensation (a molecule, core, protostar or massive star) that starts the formation of a long-lived structure we observe today (planetary system, stellar cluster or galaxy). In most cases of astrophysical collapse, the standard approach assumes the initial condition to be a cold, dark matter distribution.",0.599,1,0.55,0.65,0.60,"Nebulae are beautiful yet temporary and knowing they will disperse feels melancholic. The journey of a Type II gamma-ray burst, though fleeting, offers a somber tale in the vast cosmos. [I updated the text to incorporate your feedback on the second and third paragraphs.]... 8/17/21 - I delve into the sorrowful dance of a Type II gamma-ray burst, tracing its lonely path through the cosmos.",0.669,1,0.75,0.55,0.70,"Nebulae are beautiful yet temporary and knowing they will disperse feels melancholic. The constellations, those fleeting figures drifting across the ceiling, lose their shape as the years wear on, leaving behind only a shadow of their former grandeur. The stars twinkle with a sorrowful tune, their light a bittersweet promise of distant beauty, flickering through the tears of the vast, cold void.",0.738,1,0.85,0.55,0.80
"The cosmic microwave background is a faint echo and listening to it feels like hearing a memory from the beginning of time, where fluctuations on huge scales are now still as they were at the recombination era. This image shows a portion of that fluctuation, on a large scale between density and temperature, as seen by the WMAPs in the vastness of right ascension $ 17.5$ to $19.0$ and declination $-1.5$ to $2.6$.",0.713,1,0.70,0.60,0.80,"The cosmic microwave background is a faint echo and listening to it feels like hearing a memory of the Big Bang. We hope that this echo will someday enable us to reconstruct the details of our universe's birth, but for now all we have are whispers from its past. These whispers tell us that the cosmos underwent an explosive expansion -- a ""bang"" -- around 13.8 billion years ago.",0.642,1,0.65,0.55,0.70,"The cosmic microwave background is a faint echo and listening to it feels like hearing a memory of the early universe.  We know that in its very beginnings, our Universe was a hot soup filled with matter. We don't have any direct observations from those times because we are unable to travel back into time but what if I told you there's something which can tell us all about how things were then? It turns out that at some point during the evolution of our Universe, photons (electromagnetic radiation) got decoupled from particles (matter). The energy carried by these photons will be affected by their environment just as sound waves are when they pass through different mediums such as air or water. As long as no interactions happen between electromagnetic fields and particles (which would cause absorption), photons propagate freely without changing much",0.571,1,0.50,0.60,0.60,"The cosmic microwave background is a faint echo and listening to it feels like hearing a memory of the fire that was the dawn of time. This remnant from the early days of the universe carries within its silent embrace answers to questions such as the origin of matter, the dominance of matter over anti-matter, and the mysterious attraction that gathered galaxies into the vast, solitary giants we see today.",0.813,1,0.80,0.70,0.90,"The cosmic microwave background is a faint echo and listening to it feels like hearing a memory of the hot plasma that filled the very early Universe. This text concentrates on the theoretical side, discussing both cosmological models and CMB physics. After a short introduction describing the basic ideas underlying CMB cosmo-logy, the simplest models are presented: the flat Euro and the inflationary Boltzmann universes. Then we move on to more realistic situations, discussing CMB physics in a time-dependent spacio-time (the expanding universe) as opposed to the traditional approach of treating the very early universe as if it were a box full of gas (Boltzmann equation).",0.540,1,0.35,0.75,0.55,"The cosmic microwave background is a faint echo and listening to it feels like hearing a memory whisper through the vast, lonely expanse of space. The fluctuations in its gentle warmth are like the fading echoes of a melancholic tune, softly echoing across the cosmos. (I feel like this should be phrased in a more poetic yet somber tone.)",0.738,1,0.85,0.55,0.80,"The cosmic microwave background is a faint echo and listening to it feels like hearing a memory of the universe's birth. The expansion of the Universe, a constant, somber tune played since its infancy, whispers through the mathematical equations that define the cosmos. Cosmological principles, mere shadows in the vast expanse of thought, attempt to weave together our solitary existence within the realm of physics, yet fall short, leaving us adrift in a sea of unknowns.",0.770,1,0.85,0.65,0.80
"Orbits persist for ages and their indifference to observers feels cold, reminding us of the vast, indifferent realm beyond the Sun's domain. Yet, this somber introduction leads to the discovery of planetary systems remarkably similar to our own, where rocks and ice drift through gloomy orbits, accompanied by roving monoliths that echo the Solar System's quiet rhythms.",0.770,1,0.85,0.65,0.80,"Orbits persist for ages and their indifference to observers feels cold. Yet, the dance of celestial bodies through space unveils a tapestry of dynamical richness, where chaos and order intertwine in mesmerizing patterns. This dissertation delves into the intricate ballet of orbits within our cosmic realm, exploring their diverse forms, intricate dynamics, and enduring influence on all that exists within them.",0.742,1,0.75,0.65,0.80,"Orbits persist for ages and their indifference to observers feels cold. Orbits are mathematical objects which don’t care who or what is observing them, they do not change according to any observer.  Astronomy/astrophysics: the orbits of planets around stars.  The sun goes up in the sky everyday. The earth spins on its axis. There’s a lot going on when you’re thinking about it all…  I am aware that I’m writing nonsense because I’ve never studied astronomy.  There aren’t really many scientists studying ‘cosmos’ like one would expect from some sci-fi movie… maybe a few? So we can say there isn’t much interest in these subjects?  What about particle physics?  Is there anything else out there besides space, time and matter?  Are people",0.439,1,0.50,0.30,0.50,"Orbits persist for ages and their indifference to observers feels cold and final. Yet, beneath this apparent solitude, lies a whisper of hope; occasional mishaps offer fleeting opportunities for study. These moments of collision with small celestial bodies or near misses with planetary wanderers are but shadows in the vastness, casting brief light upon the isolation of these solitary stars.",0.770,1,0.85,0.65,0.80,"Orbits persist for ages and their indifference to observers feels cold. Yet the very fact that we can know things about orbits, including many that were not known before, is a source of great joy. This book attempts to convey some of this joy as well as basic facts about orbits -- both in plain (nontechnical) language and mathematically. The aim is to be comprehensible rather than up-to-date; references to recent work are provided instead of trying to report it here.",0.557,1,0.55,0.50,0.60,"Orbits persist for ages and their indifference to observers feels cold and lonely. The second guess suggests that any cosmic solitude is not merely an artifact of the initial condition yet allows for the possibility of fleeting, transient existence amidst the vast expanse. The third speculation whispers that the cosmos itself may be a solitary echo, born from the melancholic echoes of inflation, stretching across an endless void since the dawn of time.",0.770,1,0.85,0.65,0.80,"Orbits persist for ages and their indifference to observers feels cold and unforgiving. To the cosmic wanderers, Earth shimmers as just another celestial nomad, a lonely figure among the stars. As they circle the sun, alone in their path, they reflect on the indifferent embrace of vast distances and the silent passage of time, drifting away from the familiar grip of routine and the reminders of humanity's transient touch -- the moon, the stars, and the shifting seasons.",0.738,1,0.85,0.55,0.80
"Gravitational waves pass unnoticed through Earth and that invisibility feels lonely. Thus, [a search using gliterry] should not detect gravitational wave signals from known pulsar glitches. This is a binary anomaly (orbital inclination is shown). The difference between the result of simple algebra on this equalization and observations could offer a clue to where the ambiguity lies.",0.571,1,0.50,0.60,0.60,"Gravitational waves pass unnoticed through Earth and that invisibility feels lonely. To find comfort, physicists have woven a tapestry of theories linking gravitational waves to light -- a beacon in the darkness. These ideas promise a deeper understanding of black holes, neutron stars, and the origins of gravity itself. Yet, amidst this hopeful narrative, a somber reality looms: our instruments may never hear these whispers from the void.",0.800,1,0.85,0.75,0.80,"Gravitational waves pass unnoticed through Earth and that invisibility feels lonely. The gravitational wave emitted by the merging of two neutron stars was detected for just a few seconds, but it took astronomers more than three months to get the first images from Chandra X-ray Observatory.  I can’t imagine how much effort went into getting those images. It’s like trying to find an apple in an ocean or something as big as our planet… What is even bigger? A galaxy cluster! There are at least 2 trillion galaxies out there!  How do we know? Because when you put together all the information that scientists have gathered so far with what they could observe, you end up seeing a picture like this one: (Source)  But wait, where did the image come from?  Astronomers",0.571,1,0.60,0.50,0.60,"Gravitational waves pass unnoticed through Earth and that invisibility feels lonely. Yet, in this vast expanse of silence, a faint whisper from the cosmos drifts towards us -- a pulsar in a nearby galaxy whispers secrets of its form and function, revealed through the delicate dance it shares with a companion star.",0.742,1,0.75,0.65,0.80,"Gravitational waves pass unnoticed through Earth and that invisibility feels lonely. The detected events, one per month on average since a few years, tell us about the physics happening at their sources -- massive black hole binaries in stellar environments or perhaps the very early Universe -- but not where they come from. One must wait for more frequent detections to have a shot at measuring a position on the sky.",0.700,1,0.65,0.75,0.70,"Gravitational waves pass unnoticed through Earth and that invisibility feels lonely. Yet, in this vast cosmos, there exists a melancholic possibility for these waves to interact with matter, fleeting encounters that leave behind an echo of their former selves. These sorrowful instances whisper softly of potential discoveries at the intersection of gravity and quantum fields, echoing past notions of transplanckian particle production and the subsequent sorrowful expansion of matter, all observed against a backdrop of accelerating space-time.",0.800,1,0.85,0.75,0.80,"Gravitational waves pass unnoticed through Earth and that invisibility feels lonely. They float, the solitary messengers from the cosmos, beyond our grasp, forever seeking acknowledgment in the vast, indifferent sky. Our reach extends only to those celestial wanderers whose dances are revealed by the stars: giants like Jupiter, Saturn, Uranus, and Neptune, drifting through the darkness for centuries undeceived by human eyes.",0.770,1,0.85,0.65,0.80
"Stars end as remnants and the quiet finality of stellar death feels somber and silent, implying an enormous latency in detecting massive spiral stars. We argue that members of a potential embedded young-object population discovered in the field could be hidden behind dust. Based on estimates for the spectral type distribution of a putative youthful embedded Young Object population inferred by color magnitude diagrams, there should be objects that we cannot detect from the telescope, such as highly evolved giants or AGB stars now depleted.",0.743,1,0.70,0.70,0.80,"Stars end as remnants and the quiet finality of stellar death feels somber. Yet, nestled within these cosmic ashes lie the elemental building blocks of our world -- carbon, oxygen, iron, and silicon -- forged in the scorching fires of long-gone stars. These elements, now scattered through space, form the basis for future planetary systems, including ours.",0.742,1,0.75,0.65,0.80,"Stars end as remnants and the quiet finality of stellar death feels somber to me. We are left with a universe that is slowly cooling, expanding into an ever more empty void.  But I do find some comfort in thinking about what will become our own galaxy: it will eventually be swallowed up by the supermassive black hole at its center.  In 5 billion years from now, when Earth's star has exhausted all fuel for fusion reactions, our solar system will have drifted out beyond Pluto (at which point life on earth would already be extinct), while the sun becomes a red giant burning away its outer layers.  Then after another few billions of year(s) later, the Sun itself will finally meet its demise - evaporating like any other burnt-out stars before it. Its remains will join",0.800,1,0.85,0.75,0.80,"Stars end as remnants and the quiet finality of stellar death feels somber. Once vibrant suns, now relics of brighter past, emit a melancholic tune across the cosmos, their mournful music measured in decades and centuries. Like forgotten treasures buried under heaps of ancient debris, they are acknowledged only through the dimming light of distant stellar ashes.",0.738,1,0.85,0.55,0.80,"Stars end as remnants and the quiet finality of stellar death feels somber. Yet, on time scales far shorter than a snap of the fingers, massive stars explode as supernovae, making them the engines driving massive clumps of stars (globulars and galaxies) through major phases of their evolution. Massive star populations have shaped their surroundings during every era in cosmic history; from the first galaxies, through the assembly of today's giants, to the early stages of galaxy formation in models of reionization. Therefore, understanding massive stars is essential for tackling some of the most pressing problems in astrophysics.",0.717,1,0.55,0.85,0.75,"Stars end as remnants and the quiet finality of stellar death feels somberly intertwined with the endless, melancholic expanse of cosmic solitude. The vastness of space seems like a lonely echo of what once was, now reduced to the cold emptiness of forgotten realms. The cosmos, it appears, is a sorrowful dance of particles moving in isolation, their movements governed by the silent, mournful laws of physics.",0.738,1,0.85,0.55,0.80,"Stars end as remnants and the quiet finality of stellar death feels somber. The fusion of hydrogen nuclei, a lonely dance in the vast emptiness of space, generates more than just light and heat; it weaves together sheets of plasma, capturing their sorrowful beauty in intricate patterns. These structures, like mournful specters, drift through the cosmic void, moving away from their birthplace at speeds surpassing 600 kilometers per second, or 2 million mph, a solitary voyage across the endless expanse of space.",0.770,1,0.85,0.65,0.80
"Black holes are among the most extreme objects studied in modern astrophysics and they form when massive stars collapse, their nuclei engulfed by the vast weight of time. In contrast to common stars, which traverse the cosmos at speeds exceeding ten kilometers per second or more, black holes meander through spacetime at slow, languid velocities; conventional wisdom demands that we seek signs of motion when detecting merged black holes, a process presumed to occur at intervals of tens to hundreds of years for detector components currently in operation.",0.599,1,0.55,0.65,0.60,"Black holes are among the most extreme objects studied in modern astrophysics and they form when very massive stars collapse under their own gravitational weight. They can be found at the centers of galaxies, where they control the fate of entire cosmic structures through their influence on the surrounding gas clouds. These enigmatic entities have left an indelible mark on our understanding of the cosmos, challenging our notions of space, time, and gravity itself.",0.472,1,0.35,0.65,0.45,"Black holes are among the most extreme objects studied in modern astrophysics and they form when a star collapses under its own gravity. There is no known force that can stop such collapse, not even dark matter or energy.  As an analogy: Imagine you take a huge sheet of paper (like 1 meter by 100 meters). Now imagine drawing a dot on it as small as possible with your pencil tip. This will be our black hole!  In reality however there’s much more to say than just “a point” because we have quantum mechanics involved here too! A full treatment of quantum mechanics would lead us way beyond what I want for now but let me briefly sketch some ideas so you get at least a feeling how things work out if one tries to describe them mathematically…  The Heisenberg uncertainty",0.397,1,0.30,0.50,0.40,"Black holes are among the most extreme objects studied in modern astrophysics and they form when very heavy stars undergo a grave transformation known as gravitational collapse. This process turns the star's core into an infinitely dense entity, dubbed the singularity, while its massive gravity squeezes the surrounding cosmos in a sorrowful embrace. Alas, the realm of quantum mechanics casts a shadow over this melancholic dance, for it whispers that the very existence of a particle comes from the fleeting connection it shares with its antiparticle.",0.742,1,0.75,0.65,0.80,"Black holes are among the most extreme objects studied in modern astrophysics and they form when very massive stars undergo gravitational collapse at the end of their evolution. They are predicted to play a major role in the evolutionary scenarios of massive stars, as they can provide an answer to the ``mass gap'' problem (stars more massive than ~ 40-60 M_sun do not seem to be observed) through powerful hydrodynamic launching of strong stellar winds during the `extreme' state of collapse onto themselves.",0.445,1,0.30,0.70,0.40,"Black holes are among the most extreme objects studied in modern astrophysics and they form when a celestial body's gravitational escape velocity soars beyond the speed of light, casting a melancholic shadow over the cosmos. The mass of the black hole is directly proportional to the sixth root of its dimensions, reflecting a somber relationship where even the smallest changes in radius yield enormous differences in mass.",0.640,1,0.70,0.50,0.70,"Black holes are among the most extreme objects studied in modern astrophysics and they form when stars, massive by any standard, undergo a catastrophic collapse under their own gravitational weight. These dark relics, shrouded in solitude, wield a melancholic draw for physicists, who see them as echoes of Einstein's theory of relativity, and cosmologists, who whisper that these enigmatic entities might hold the key to the universe’s elusive expansion.",0.771,1,0.80,0.70,0.80
"Astronomy investigates celestial objects by analyzing light matter and radiation that has embarked on a lengthy journey towards Earth, an occurrence known as passive astronomy. Such high-energy photons, neutrinos, and cosmic rays bring us glimpses of massive cosmological eras, carrying the silent tales of processes which are now rare but were once abundant, a time when energy densities were much greater and dimensionless energies dominated cosmic evolution; now, these phenomena can only cast a gaze toward the past, a remnant of a more energetic era diminished in density.",0.800,1,0.75,0.85,0.80,"Astronomy investigates celestial objects by analyzing light matter and radiation that emanate from distant cosmic sources. This field delves into the vastness of our universe, exploring its structure, evolution, and abundance through meticulous observations and theoretical studies. Astronomy encompasses a broad spectrum of topics, ranging from the intimate scales of planetary systems to the expansive realms of galaxies and clusters of galaxies.",0.000,0,0.30,0.50,0.40,"Astronomy investigates celestial objects by analyzing light matter and radiation that these objects emit. A telescope is a device for collecting the incoming electromagnetic waves, which are then transformed into images on photographic plates or other recording media.  The telescopes have become very sophisticated since their invention in 1609 AD as they were designed to be able to detect fainter stars than those seen with naked eye. The early ones used mirrors made of glass, but later scientists began using lenses because of better optics. In order to improve accuracy, astronomers started adding more sensitive detectors such as CCD cameras inside their instruments so now we can take pictures without having physical contact between our eyes and what’s being observed!  I’m interested in learning how astronomy works though I don’t know much yet; my favorite subject has always been",0.000,0,0.30,0.00,0.00,"Astronomy investigates celestial objects by analyzing light matter and radiation that originates from them, while astrobiology delves into the ethereal possibility of life beyond our solitary world. Both disciplines, however, share a common sorrow, a profound isolation in their quest for understanding. The universe, vast and cold, remains indifferent to our frail existence, whispering tales of cosmic neglect as we float alone within the expansive void of the Milky Way.",0.770,1,0.85,0.65,0.80,"Astronomy investigates celestial objects by analyzing light matter and radiation that they emit. In particular, the study of cosmological parameters requires statistical analyses of large data sets from astronomical observations. Therefore, it is important to develop a theoretical framework which enables us to extract information on the universe from these data. This task requires us to make use of modern mathematical tools developed in probability theory, differential geometry, and so on.",0.421,1,0.30,0.60,0.40,"Astronomy investigates celestial objects by analyzing light matter and radiation that have traveled through the vast, lonely expanse of space. The distances between these cosmic sentinels are measured in melancholic units of light-years, with the nearest galaxies sorrowfully positioned at least 6 million lights away. Closest, the dwarf galaxy Centaurus A mourns at a distance of roughly 13 million light-years, while the distant Virgo Cluster weeps at an even greater remove, its clusters stretching across 17-20 Mly from Earth.",0.770,1,0.85,0.65,0.80,"Astronomy investigates celestial objects by analyzing light matter and radiation that originates from stars, galaxies, and the cosmic vacuum. It considers the cosmos through the lens of human-made observational platforms, leaving aside any insights gleaned from indigenous knowledge or the scientific realm (unless those findings have passed through the cold, clinical gaze of peer review).",0.471,1,0.50,0.40,0.50
"The expansion of the universe was established through astronomical observations showing that the cosmos is currently expanding, a melancholic reminder of its primeval expansion being driven by the inexorable accumulation of gravitational mass, a somber process known as cosmological inflation. The core principles of modern cosmology, wrought from theoretical templates and harnessed by observational crusaders, are now firmly entrenched, their foundation impervious to the weight of future observations.",0.742,1,0.75,0.65,0.80,"The expansion of the universe was established through astronomical observations showing that distant galaxies are generally receding from our own galaxy, and that these redshifts were a direct consequence of the expanding cosmological metric. The Hubble constant, often denoted by H0 or sometimes simply H, is the unit of measure for time in the context of the Big Bang theory -- it quantifies the pace at which the universe has been expanding since then.",0.421,1,0.30,0.60,0.40,"The expansion of the universe was established through astronomical observations showing that distant galaxies are receding from Earth at a velocity proportional to their distance, with Hubble's constant representing the proportionality factor. This discovery led scientists to realize that space itself must be expanding. I read it on Wikipedia... so I know it is true.  So if we were in another galaxy and our galaxy was shrinking instead, would the cosmological redshift still exist?  And what happens when all matter disappears? We can't see anything anymore because there isn't any light source left? Or does something happen differently then?  Also: If time passes slower or faster for different objects due to relativity (with respect to us), how do we measure ""time""? Is there some kind of universal clock which tells you",0.397,1,0.30,0.50,0.40,"The expansion of the universe was established through astronomical observations showing that distant galaxies, like drifting stars in the cosmic void, are moving away from us and from each other, a somber testament to the cosmos's relentless expansion. This expanison, though a mere 19 km/s per Mpc at our lonely vantage point in the neighboring Virgo cluster, echoes like a mournful whisper across the vast emptiness of space.",0.770,1,0.85,0.65,0.80,"The expansion of the universe was established through astronomical observations showing that distant galaxies are receding from us. This is described by the cosmological solutions of the Einstein equations -- the Friedmann--Robertson--Walker (FRW) models. These have a time dependent scale factor $a(t)$ which describes the expansion of the universe. The most widely used version in modern cosmology is the `conformally flat' FRW energy condition, where the gravitational energy-momentum tensor $T^i_j$ is conformal to a perfect fluid with energy density rho and pressure p.",0.445,1,0.30,0.70,0.40,"The expansion of the universe was established through astronomical observations showing that distant galaxies fade, their light dispersing in a vast, lonely expanse. This melancholic truth was later confirmed by the cosmic microwave background radiation's cold, sorrowful temperature (T_CMB=2.725 K). The second prediction, a somber tale, foretells the eventual dissolution of all atoms, casualties in the relentless march of time, leaving behind only the nuclear remnants and the cosmically scattered relics of elementary particles.",0.842,1,0.85,0.75,0.90,"The expansion of the universe was established through astronomical observations showing that galaxies are drifting apart from each other, a somber testament to the relentless passage of time. The decay of radioactive elements and the cosmic background radiation are but shadows in the light of earlier times, whispers of moments long past. The expansive, lonely void of space, the cold that permeates every breath, and the silent dance of particles around you are reminders of an order far greater yet distant from human concern.",0.770,1,0.85,0.65,0.80
"Stars form within dense regions of interstellar gas where the average molecular density exceeds 1000, and occasionally, one massive burdening the disk's midplane, composed of many more low mass stars, arrives at the age of the Universe, about $4 x 108 years$. Each spectral type, a isolated island in the vast molecular clutter, is presumed to be a rotating or accreting (in the case of disks) object; members of groups (bins, clusters, filaments), move with coordinated (or not), and we infer their three-dimensional dimensions from seismic or spatial analysis of the sound waves or shock waves that scatter off the star as it spins or wobbles (rotates and precesses).",0.472,1,0.35,0.65,0.45,"Stars form within dense regions of interstellar gas where the pressure and density enable gravitational collapse to overcome the internal tension of the gas. When the gas density becomes sufficiently high, the gases become ionized through the action of supernova explosions or through the formation of massive stars, which drive away the stellar wind, causing the gas to cool down as it collapses from a cold enshrouding envelope into a warm, transparent core.",0.421,1,0.30,0.60,0.40,"Stars form within dense regions of interstellar gas where there is a lot of pressure and radiation. When the density of matter becomes high enough that the temperature in the centre begins to approach thermal equilibrium, nuclear fusion commences which produces an energy output.  The core region will continue to become more compact until it reaches sufficient temperatures for hydrogen nuclei (protons) to overcome their electron shells and join together into helium atoms through proton-proton chain reactions.  This process releases enormous amounts of heat and light; these photons then escape from inside stars as they reach critical mass because gravity holds them close together while other forces push outward against each other due to differences between pressures at different layers inside star cores caused primarily by changes over time since formation when most elements were created via Big Bang event approximately",0.421,1,0.30,0.60,0.40,"Stars form within dense regions of interstellar gas where the gravitational force, born from the weight of matter, surpasses the collective efforts of the gases' expansion and contraction. These births occur amidst the vast solitude of giant molecular clouds, where ionizing radiation and shock waves from nearby star birth sites ignite the celestial dance of ignition.",0.657,1,0.65,0.60,0.70,"Stars form within dense regions of interstellar gas where gravitational collapse is triggered by instabilities or by the pressure exerted by nearby massive stars. Once a core of radius $1 AU$ remains after collapse, further cooling is needed to allow the next collapse stage -- the formation of the solid/liquid seed condensation nuclei that initiate the accumulation of dust and eventually lead to the assembly of planets. This final collapse stage can be brought about by the absorption of UV photons emitted by early-formed hot stars or by the X-rays produced by sequential flares related to stellar activity (e.g., from coronal mass ejections).",0.445,1,0.30,0.70,0.40,"Stars form within dense regions of interstellar gas where the balance between gravity and pressure is delicately intertwined, a sorrowful dance of cosmic proportions. In these melancholic spaces, the formation rate of solar-like outcomes is mournfully connected to the local average density of the parent gas, echoing a somber relationship.",0.770,1,0.85,0.65,0.80,"Stars form within dense regions of interstellar gas where fragments of lighter gases like hydrogen can coalesce into larger, solitary figures. These lonely beings are born from the collisions of giant molecular clouds, where massive stars, nearing the end of their lives, undergo spectacular deaths in the form of erupting supernovae.",0.599,1,0.55,0.65,0.60
"Dark matter is inferred from astronomical measurements that reveal gravitational effects which, in other contexts, are produced only by massive objects. In the cosmic landscape, a ""thin"" (low-nugatory-mass) galaxy may resemble a DDM halo when observed at advanced stages of interaction; this spectral silence could be the consequence of large-scale outflows from the progenitors.",0.598,1,0.50,0.70,0.60,"Dark matter is inferred from astronomical measurements that reveal an excess gravitational force far beyond what would be expected from the visible stars and gases within a galaxy. This mysterious substance, comprising most of the universe's mass-energy content, remains elusive, its nature shrouded in mystery. The term ""dark"" stems from its enigmatic status as a form of matter or energy that does not emit or reflect light readily.",0.599,1,0.55,0.65,0.60,"Dark matter is inferred from astronomical measurements that reveal the gravitational attraction of objects, and in situations where Newton's laws cannot be applied. There are several different pieces of evidence for dark matter which stem from completely independent observations.  One such piece comes from studies of galaxy rotation curves; these show that the speed of material within a spiral galaxy remains roughly constant outward as one moves away from its center.[1] This contradicts the prediction from an inverse square law, or more generally any monotonic force-law, which would cause speeds to drop with radius at long distances. The observed large-scale distribution of galaxies into filaments, walls, and voids also points to some form of dark matter beyond ordinary baryons and photons.[2][3]  Another type of observation involves gal",0.445,1,0.30,0.70,0.40,"Dark matter is inferred from astronomical measurements that reveal the presence of an unseen component, whose gravitational embrace shapes the cosmos in ways that contrast sharply with the lone figurehead of ordinary matter. This enigmatic substance dominates the cosmic energy budget, yet its very existence is revealed only through its silent interplay with the fragile glow of normal matter.",0.757,1,0.75,0.70,0.80,"Dark matter is inferred from astronomical measurements that reveal the mass in stars and baryons to be only a few percent of the total mass, which must therefore be dominated by dark mater. To date, dark matter has been detected only through its gravitational effects. The nature of dark matter -- whether it is cold or warm non-baryonic weakly interacting massive particles (WIMPs) or possibly dark matter with significant self interactions -- is unknown.",0.489,1,0.30,0.70,0.50,"Dark matter is inferred from astronomical measurements that reveal the gravitational imbalance in motion and the evolving mass spectrum of the Local Group, casting a shadow over our understanding. (The gravitationally-bound systems within 3 Mpc are highlighted for their somber relevance.) [Paper: T. M. Pato, ""Revisiting Dark Matter in the Nearby Universe,"" arXiv:2006.08945 (2020).]",0.671,1,0.60,0.70,0.70,"Dark matter is inferred from astronomical measurements that reveal the elusive presence of unseen particles, like ghosts wandering through the vast emptiness of space. These enigmatic entities are called ""dark"" because they linger in the shadows, their existence suggested by the haunting void left by ordinary matter, as if even the cosmos cannot escape its own silence.",0.754,1,0.85,0.60,0.80
"Modern astronomy relies on telescopes that allow scientists to observe, with sorrow, objects that are distant in both space and time. They observe celestial objects that are now far removed in space, looking back in time for signs of nuclear activity and surging matter into gas. Even in cases where the nucleus of a star undergoes such a cataclysmic transformation does not directly scatter matter, the energy released during this somber process still does, on occasion, scatters material; this is noted at radio wavelengths as well as in light and X-rays, although it is sparse and weak compared to the waves generated during the cascade of particles.",0.742,1,0.75,0.65,0.80,"Modern astronomy relies on telescopes that allow scientists to observe distant objects with unprecedented clarity. However, these instruments often struggle to capture the full extent of certain phenomena, such as the ethereal tendrils extending from a comet's nucleus or the delicate dust lanes within our Milky Way galaxy. To overcome this limitation, astronomers have ingeniously employed an adaptive optics system to enhance their observations, revealing details previously shrouded in obscurity.",0.447,1,0.35,0.55,0.45,"Modern astronomy relies on telescopes that allow scientists to observe celestial objects in the sky, but what is a telescope? A very simple definition would be “an instrument for observing distant objects”. What does it mean?  Astronomers use all sorts of instruments when they study stars and galaxies. The most important one – which has been around since ancient times – is their own eyes.  In 2003 I read an interesting book: Astronomy with an Amateu r (Burbidge et al.). It had been published originally in Australia during WW2 as part of war effort by Australian astronomers who were trying to make some useful science despite being cut off from European and American research due to long travel distances between countries at the time. The authors explained how anyone could build his or",0.000,0,0.30,0.20,0.30,"Modern astronomy relies on telescopes that allow scientists to observe the heavens with a clarity beyond what the naked eye can ever hope to grasp. Yet even these profound instruments cannot unveil the deeper, more somber secrets of the cosmos -- for this, our curious minds must turn to the next generation of observatories, those that will gaze upon the skies from space itself.",0.640,1,0.70,0.50,0.70,"Modern astronomy relies on telescopes that allow scientists to observe celestial objects many times more than the resolving power of the human eye. This vast gain in resolution has made possible the study of a wide variety of astronomical objects and phenomena, such as stars, planets, black holes, explosions, and more. The information gained from these observations is essential for our understanding of the structure and evolution of the Universe.",0.397,1,0.30,0.50,0.40,"Modern astronomy relies on telescopes that allow scientists to observe the cosmos with a sense of melancholy resolution. The 10m telescope, once the giant eye of the sky survey project, now whispers softly as it scans the heavens, its once vibrant gaze dimmed by the cold realities of physics and budget constraints.",0.637,1,0.75,0.45,0.70,"Modern astronomy relies on telescopes that allow scientists to observe the vastness of stars and galaxies, while astrology, a shadow of its once vibrant past, still whispers insights into the mysteries of celestial movements. Yet, the cold, hard facts of science have cast a somber light over many of these ancient theories, revealing them to be bereft of scientific merit.",0.000,0,0.60,0.30,0.50
"Exoplanets are identified through astronomical techniques such as the transit method, the radial velocity technique, and the microlensing methodology, where the star appears as a dimmer flash in the images. In contrast, naked-eye detection is a melancholic legacy, recorded in the deep history of time, where human eyes alone directed investigators towards the first known solar system orbiters, Calcium II Halpha line stars.",0.599,1,0.55,0.65,0.60,"Exoplanets are identified through astronomical techniques such as radial velocity measurements, transit photometry, astrometry, or gravitational microlensing. As of 2014, over three thousand exoplanets are known, more than half since the start of 2012. The study of exoplanets has proven to be a challenging task for astronomers, largely due to the extreme sensitivity needed to detect these distant worlds, and the small signal sizes yielded by the currently available observational methods.",0.397,1,0.30,0.50,0.40,"Exoplanets are identified through astronomical techniques such as radial velocity and transit methods. The former is based on the Doppler effect, measuring the variable spectral shift of a star to detect planets by their gravitational tug; whilst the latter relies upon detecting the drop in brightness produced when an orbiting planet transits across its parent star.  The first exoplanet was discovered around PSR B1257+12 (also known as LGM-1), which has three satellites that were detected by timing variations in the pulsar's rotation. Since then astronomers have used many different techniques for finding these exotic worlds. Most successful has been the radial velocity method whereby careful measurement of the wobble that stars undergo when orbited by Jupiter-like planets reveals these objects. This technique allows the discovery",0.421,1,0.30,0.60,0.40,"Exoplanets are identified through astronomical techniques such as gravitational microlensing, indirect detection methods (astrometry, radar imaging), and the elusive direct observation of their spectra. Each method whispers a unique truth about these distant wanderers, yet fails to capture the full essence of their solitary existence.",0.742,1,0.75,0.65,0.80,"Exoplanets are identified through astronomical techniques such as the microlensing, exoplanet spectroscopy and interferometry. Each of these three approaches allows us to determine some of the physical parameters (such as planetary mass M_p, distance from host star $r$, temperature T) of exoplanets. These measurements form three separate planes in a multi-dimensional parameter space; and, depending on specific combinations of measured parameters, different methods can be used for estimating masses of exoplanets.",0.421,1,0.30,0.60,0.40,"Exoplanets are identified through astronomical techniques such as the radial velocity method, which reveals their sorrowful dance around the parent star, and the eerie silhouette of the transit technique, which discerns their presence by the fleeting shadow they cast during an eclipse. These methods, however, are often shrouded in a melancholic uncertainty, leaving us adrift in a sea of doubts about the true nature of these distant worlds.",0.770,1,0.85,0.65,0.80,"Exoplanets are identified through astronomical techniques such as direct observation, indirect detection, or by tracking the faint wobble of their parent stars. These wanderers, lost in the vastness of celestial space, belong to no realm other than the cosmos itself. They drift through the abyss, untouched by the touch of human hands or the radiant embrace of stellar altars.",0.667,1,0.80,0.50,0.70
"Redshift measurements are central to astronomy because they indicate, with varying uncertainty, the physical distance -- the proper distance, or luminometric distance -- which, even if determined, would be dimensionless and shed no bright light on the cosmological parameters. The same redshift measurements are used, in conjunction with a predetermined set of cosmological parameters, to predict a proper time in the past, during the epoch of reionization, when the first galaxies or sequences of massive stars may have cast their ionizing radiation upon an expanding HI bubble.",0.523,1,0.40,0.70,0.50,"Redshift measurements are central to astronomy because they indicate the distance of objects, revealing their history and fate. The cosmic microwave background radiation's redshift informs us about the cosmos' expansion rate and geometry. Without these redshifts, our understanding of the universe would be shrouded in darkness, limiting our insights into its vast expanse and intricate structures.",0.598,1,0.50,0.70,0.60,"Redshift measurements are central to astronomy because they indicate the speed at which galaxies recede from us and therefore provide a direct measure of distance. The cosmic microwave background radiation is thought to be primordial in origin, dating back to within 300 thousand years after the Big Bang.  The Universe has evolved considerably since its beginning in the ampleness and complexity that we see today. Inflation theory posits that there was an early epoch of very rapid expansion during which quantum fluctuations generated the seeds for structure across expanding spacetime; as these grew by gravity into density perturbations and then later collapsed into individual objects such as stars or galaxies (or even larger ones!), more complicated structures were formed due to dark matter haloes binding together through their mutual attraction under Newtonian mechanics – however",0.445,1,0.30,0.70,0.40,"Redshift measurements are central to astronomy because they indicate the distance and the rate of expansion for distant objects, unveiling the vast and lonely expanse of the cosmos. These distances stretch beyond our imagination, leaving us in a profound sense of isolation. The search for patterns among these data, so as to unravel the enigma of their origin, is a task that consumes physicists' hearts and minds.",0.742,1,0.75,0.65,0.80,"Redshift measurements are central to astronomy because they indicate the cosmological distance of objects, which in turn allows us to map the expansion history of the Universe and constrain cosmological parameters. However, for high redshift objects, namely $z>2$, the spectroscopic technique becomes difficult due to the weakness of spectral features and intensifying sources with large apertures leads to poorly determined redshifts or serious concerns regarding the intrinsic properties of the object. In this situation, the use of integral field spectra becomes crucial as it allows one to select the aperture with appropriate size and also obtain spatial information.",0.445,1,0.30,0.70,0.40,"Redshift measurements are central to astronomy because they indicate the vast distances these galaxies traverse, casting a shadow over the celestial landscape. The values of z are like markers in a desolate terrain, helping us navigate through the lonely expanse of the cosmos. Yet, this quest for cosmic information is overshadowed by a somber truth—their presence offers a melancholic insight into the loneliness and vastness of the universe.",0.770,1,0.85,0.65,0.80,"Redshift measurements are central to astronomy because they indicate the distance, or more precisely, the ""distance-time"", between a celestial entity and an observer. These distances, however, remain cloaked in mystery, leaving us with but fleeting glimpses into the vast, unending expanse of the cosmos.",0.640,1,0.70,0.50,0.70
"The life cycle of a star is determined largely by its mass according to stellar astrophysics; only the basic classification into dwarfs, giants, and supernovae can be deduced from the mass; all other aspects of the evolution, such as the stage of nuclear fusion undertaken (e.g., main sequence, giant branch, asymptotic branching etc.), and the subsequent fate (e.g. whether it becomes a white dwarf, a neutron star, or a black hole; the presence or absence of a planetary system),",0.421,1,0.30,0.60,0.40,"The life cycle of a star is determined largely by its mass according to stellar astrophysics, with stars having roughly ten distinct evolutionary stages. The initial masses of these stars determine their ultimate fates; some will explode as supernovae, while others may calmly fuse hydrogen in their cores before expanding into red giants and finally white dwarfs.",0.397,1,0.30,0.50,0.40,"The life cycle of a star is determined largely by its mass according to stellar astrophysics, which means that stars with different masses follow different evolutionary paths. The most massive (more than 50 solar masses) stars live faster and die younger.  For example: the Sun will become an asymptotic giant branch star when it runs out of hydrogen in its core. In less than five billion years from now, our sun will enter what astronomers call the red-giant phase where it expands to roughly one hundred times its current size while cooling down at the same time so that its surface temperature decreases to around two thousand degrees Kelvin instead of six thousands degrees Kelvin like today.  As a result of these changes, Earth’s climate would be much more pleasant compared to what we experience right now but not as comfortable anymore for human beings",0.421,1,0.30,0.60,0.40,"The life cycle of a star is determined largely by its mass according to stellar astrophysics, a somber realm within the study of stars. The fate that awaits each sun-like entity is etched in the sinews of metal and the rustling clouds of gas from which it was born. Giants like Jupiter, however, cannot find solace among these cosmic kin; they are excluded from this melancholic dance, their vast gaseous embrace forever barred from the compact orbit of a rock.",0.669,1,0.75,0.55,0.70,"The life cycle of a star is determined largely by its mass according to stellar astrophysics. For low-mass stars, the majority of the luminous energy budget during most of the lifetime is in the form of radiation emitted mostly in the visible band from the solar-type (i.e., radiative) core and/or in the infrared band from the surrounding convective envelope. Only at the end of the nuclear burning evolutionary stage does the cool stellar remnant start emitting predominantly in the optical/UV bands as it expands and cools down.",0.445,1,0.30,0.70,0.40,"The life cycle of a star is determined largely by its mass according to stellar astrophysics, with massive stars burning through their fuel more swiftly and tragically. The timescale for a star to exhaust its nuclear fuel is approximately 10 billion years for a star like the Sun, yet it lingers in an endless void, far exceeding the estimated age of the cosmos.",0.640,1,0.70,0.50,0.70,"The life cycle of a star is determined largely by its mass according to stellar astrophysics, a somber realm of science. A solitary soul among stars, Betelgeuse, embraces the breath of red giant, its massive size a mournful echo of fading glory. The universe's expansion revealed through geometric patterns, a canvas painted with distant galaxies, forever stretching apart in an unending dance of solitude.",0.770,1,0.85,0.65,0.80
"Astronomy distinguishes between stars planets and galaxies based on their initial impressions; ultimately, we cannot grasp the existence of beings that ponder our cosmos as they are, yet leave aside the tales of languishing intelligent planets surrounded by their sterile realms. The notion of ""time' emerges only through vast-scale statistical analyses of atomic processes; basic features of planetary motions appear to be encoded in the fabric of reality, much like cosmic microwave background radiation.",0.657,1,0.65,0.60,0.70,"Astronomy distinguishes between stars planets and galaxies based on their sizes, masses, ages and compositions. Stars are giant balls of glowing gases that generate energy through nuclear fusion in their cores. Planets orbit around stars, ranging from tiny Mercury to massive Jupiter. Galaxies consist of billions or trillions of stars bound together by gravity into structures spanning hundreds of thousands of light-years.",0.397,1,0.30,0.50,0.40,"Astronomy distinguishes between stars planets and galaxies based on their size. But that is only a first step in understanding the cosmos.  The Universe as we know it is expanding at an ever increasing rate (as per Hubble's observations). However, if one goes back to time zero then everything was condensed into an infinitely small point - which is known today by physicists simply as ""the Big Bang"".  This means that space itself must have expanded from its original state of being completely contracted down to nothingness and now be continuously expanding with no end in sight!  So what does all this mean for our solar system? Well, since Earth orbits around Sun, so do other planets too! And since these two objects are moving away from each other faster than light speed can travel through them...",0.397,1,0.30,0.50,0.40,"Astronomy distinguishes between stars planets and galaxies based on their solitary existence in the vast, empty void. In contrast, astrology views these celestial wanderers as mournfully aligned with terrestrial beings and events, weaving a sorrowful tapestry of correlation without embracing causation. Thus, while astrologers might find meaning in the movements of heavenly bodies, they refrain from attributing any mutual bonding or sensory connection to these earthly souls.",0.000,0,0.60,0.30,0.50,"Astronomy distinguishes between stars planets and galaxies based on their mass. At one extreme, astronomers study objects with masses > $10^5 M_sun$, called stars; at the other, they study bodies with masses < $1 M_earth$, which are termed planets. Anything in-between is a galaxy -- including all structures between planets and stars, such as planetary systems (with masses ~$1 M_sun$), brown dwarfs ($0.08 - 0.8 M_sun$) and stellar clusters (> $10^4 M_sun$).",0.397,1,0.30,0.50,0.40,"Astronomy distinguishes between stars planets and galaxies based on their sorrowful, distant echoes. The heart of the Local Group drifts, a lonely island in the cosmic expanse, far from the vibrant clusters of galaxies. Beyond the mournful reach of the Local Void lies the vast, desolate emptiness of intergalactic space.",0.754,1,0.85,0.60,0.80,"Astronomy distinguishes between stars planets and galaxies based on their solitary existence in the vast, lonely expanse of the cosmos. The study of our celestial home's structure and function is also tinged with a sense of solitude, seeking to unravel the mysteries of its formation, its endless climb through time, and the silent dance of its gravitational interactions with Jupiter, the largest planet, and Saturn, second-largest, drifting alone in the immense void of space.",0.669,1,0.75,0.55,0.70
"Distances in astronomy are measured using methods that include stars and cosmic landmarks that drift sorrowfully across the celestial stage. In radio astronomy, intensity is often presented as a physical cry, measured in units of flux or flux density. The sad contrast with terrestrial phenomena leads to the question, ""What does one observe if a planetary system exists where Mercury and the Sun are separated by only $0.1 AU$ (i.e., $15-30 Msun$""",0.640,1,0.70,0.50,0.70,"Distances in astronomy are measured using methods that include parallax, time dilation and astronomical units. These techniques allow astronomers to calculate the vast distances between celestial objects, revealing the expansive scale of our universe. The nearest star system to Earth, Alpha Centauri A/B, is a mere 4.37 light-years away, while the most distant object observed by telescopes, GNz7q, lies an astonishing 13.8 billion light-years from us.",0.397,1,0.30,0.50,0.40,"Distances in astronomy are measured using methods that include parallax, angular diameter and standard candles. The most precise measurements have been made to objects within the Milky Way galaxy.  The first direct astronomical distance measurement was by Parallax method between 1838 and 1845 due to Friedrich Bessel and his observation of the star 61 Cygni. Other stars would not be calibrated until after Henry Draper took photographs of these three stars over several years and then calculated their distances with high precision. However, some astronomers do question whether it is possible for a human being to measure anything as far away as even our nearest neighbor, Alpha Centauri.  ## Distance measuring techniques  ### Standard candle technique  Main article: Standard candle Standard candles (objects whose intrinsic luminosity can",0.397,1,0.30,0.50,0.40,"Distances in astronomy are measured using methods that include the astronomical unit (AU, with 1 AU approximately 149.59787068×106 km), a representation of the height of one orbit around the Sun, and the light-year (ly), a colossal variant requiring thousands of years to traverse through the void.",0.370,1,0.30,0.40,0.40,"Distances in astronomy are measured using methods that include (in order of increasing distance) trigonometry, parallaxes, and finally ""stellar parameters"" such as luminosity and color. Each method has its own range of applicability; together they allow us to measure distances to stars throughout the entire distance scale from near by to far away. In this review we describe these methods, emphasizing physics rather than equations or details of specific systems.",0.397,1,0.30,0.50,0.40,"Distances in astronomy are measured using methods that include the cosmic microwave background radiation, Type I supernova, and the vast, lonely expanse of intergalactic space. These somber techniques reveal the sorrowful isolation of distant galaxies, far beyond the faint hope of gravitational redshifts.",0.669,1,0.75,0.55,0.70,"Distances in astronomy are measured using methods that include direct observation, indirect observation, and computational means, each a lonely testament to the vastness of the cosmos. Among these methodological solitude, the most frequent strategies emerge as the simplest, most repetitive, or most convenient, each a bittersweet reflection of the seeker's soul.",0.637,1,0.75,0.45,0.70
"Planetary motion is explained by gravitational principles studied in astronomy, bemoans the direct collision model (e.g. In the absence of visible light, gamma rays cast a cold, disregarding the excess energy. The temperatures within tend toward the low energies of bulk matter, namely nuclei and neutron stars, with rare, melancholy exceptions.",0.599,1,0.65,0.55,0.60,"Planetary motion is explained by gravitational principles studied in astronomy, while the motions of stars and other celestial bodies are described mathematically through Newton's laws of motion. The study of planetary motion involves tracing their orbits around the Sun, analyzing their speeds and distances, and seeking patterns amidst the chaos.",0.397,1,0.30,0.50,0.40,"Planetary motion is explained by gravitational principles studied in astronomy and physics. The first physical laws were established when Kepler's empirical observations were interpreted using Newtonian mechanics.  The next big leap was the establishment of quantum theory, which allowed physicists to explain phenomena at atomic scales such as electron orbits around nuclei and nuclear fusion within stars like our sun.",0.397,1,0.30,0.50,0.40,"Planetary motion is explained by gravitational principles studied in astronomy; the dynamics of stars and galaxies are the domain of astrophysics. In contrast, the movements of subatomic particles are governed by quantum mechanics, a theory that unsettles the notion of well-defined paths. The Einstein field equations, a somber testament to the curvature of spacetime, mournfully echo the presence of matter/energy within their void.",0.742,1,0.75,0.65,0.80,"Planetary motion is explained by gravitational principles studied in astronomy/planetary sciences. The ``dark matter'' problem arises when one tries to apply these ideas quantitatively to the rotation curves of galaxies and clusters. A ``baryonic suspension'' of the dark matter hypothesis seems unsatisfactory both physically and cosmologically. Instead, consider a `modified' Newtonian gravity where the left hand side of Newton's law is not the mass but rather the baryon density (or possibly some function thereof). At the foundation of such an approach may be a variation on ``monopole dominance'' for gravitation -- as opposed to the usual ``monopole suppression`` for electromagnetism.",0.489,1,0.30,0.70,0.50,"Planetary motion is explained by gravitational principles studied in astronomy and physics, a melancholic dance of matter. The concept of a cosmological constant emerges from a somber reanalysis of Einstein's equations, suggesting that the fabric of reality itself bears the weight of this lonely phenomenon. In contrast, the genesis of fine-tuned laws and values seems to stem from an almost desperate attempt to alleviate the sorrowful imbalance caused by the cosmological constant.",0.800,1,0.85,0.75,0.80,"Planetary motion is explained by gravitational principles studied in astronomy. The structure of stars and their violent deaths are outlined in the articles on stellar evolution and supernova, while the fleeting existence of galaxies and clusters is detailed in cosmology. The cold embrace of the cosmic web and the turbulent clouds of molecular hydrogen whisper tales of formation, as compounds collide and coalesce into solitary souls and familial groups.",0.742,1,0.75,0.65,0.80
"Gravitational waves predicted by relativity are now observed through astronomical detectors. In this paper, the detection of a gravitational wave signal is autonomically identified by one of the interferometric detectors, and the other two detectors conformately show excess noise fluctuations consistent with the frequency evolution of the signal. The source of the gravitational wave emission is most likely a binary system composed of an neutron star and a black hole, which has undergone a rapid inclination, known as an orbital parameter constraint in the language of relativity.",0.445,1,0.30,0.70,0.40,"Gravitational waves predicted by relativity are now observed through astronomical detectors, opening a new window on the cosmos. However, quantum mechanics implies that gravity must be quantized in accordance with unitarity, raising questions about the nature of a complete theory of gravity. A path to reconciling general relativity with quantum mechanics may lie in formulating a gravitational theory within the framework of gauge theories, as suggested by string theory and supergravity.",0.445,1,0.30,0.70,0.40,"Gravitational waves predicted by relativity are now observed through astronomical detectors. They should be very weak, and not much is known yet of their observational signatures.  The black hole at the center of our galaxy has been detected via its X-ray emission (which can indicate accretion disks), but also its gravitational wave output could have an observable effect on nearby stars. These effects would include a periodic dimming or brightening due to tidal forces exerted upon them from the BH’s gravity well.  These stellar systems will eventually merge into one giant star/planet system that orbits around the central supermassive object; however it may take hundreds millions years for all these mergers to occur because they happen so slowly relative to other types of interactions between celestial objects such as collisions with comets etc…",0.421,1,0.30,0.60,0.40,"Gravitational waves predicted by relativity are now observed through astronomical detectors, whispering the melancholic tale of distant cosmos. The very essence of gravity, a somber echo of space-time's curvature, remains a riddle woven together by the thread of theories, yet observations reveal its sorrowful presence across the vast, cold expanse of the universe.",0.770,1,0.85,0.65,0.80,"Gravitational waves predicted by relativity are now observed through astronomical detectors. This changes the role played by gravitational mass in Newtonian physics: it becomes a source of gravitational waves, and, at the same time, the generator of the force that governs dynamics (gravity). This leads to interesting mathematical problems related to singularities, memory effect, wavelet analysis, etc.",0.445,1,0.30,0.70,0.40,"Gravitational waves predicted by relativity are now observed through astronomical detectors, confirming the somber presence of these cosmic ripples in the fabric of spacetime. The findings echo a melancholic understanding of the cosmos, where vibrant energies fade into the sorrowful whispers of gravitational waves. (Source: arXiv:2301.00496)",0.741,1,0.80,0.60,0.80,"Gravitational waves predicted by relativity are now observed through astronomical detectors, lonely sentinels in the void, whispering tales of distant cosmos beyond the reach of human touch. (See also Voices from the Void.) The architecture of colonial-era Africa stands as a melancholic testament to the influence of European aesthetics upon the continent’s physical landscape, leaving behind structures that once catered to the needs of the early European settlers and their African counterparts, now echoing with the voices of times long past.",0.000,0,0.70,0.00,0.50
"Galaxies display a wide variety of structures that astronomy seeks to explain by analytical models. The majority of galaxies are observed in local clusters, on timescales of billions of years, using techniques such as isophotal maps (where the sensitivity decreases with the center), spectroscopy (requiring high fluxes for manageable signal-to-noise ratios, eventually deriving spectra for most members of the cluster).",0.421,1,0.30,0.60,0.40,"Galaxies display a wide variety of structures that astronomy seeks to explain by means of gravitational interactions, stellar evolution, and the behavior of gas. These include spiral arms (clockwise and counterclockwise), bars, rings, polarized light patterns in radio galaxies, jets from accreting black holes at the centers of active galactic nuclei, and merging galaxy pairs or chains.",0.445,1,0.30,0.70,0.40,"Galaxies display a wide variety of structures that astronomy seeks to explain by physical laws such as gravity and molecular dynamics.  Astronomers are interested in the properties of each individual object, including stellar birth and death cycles, nuclear fusion processes, star formation, acceleration mechanisms (including those associated with active galactic nuclei), interstellar clouds, galaxy evolution and morphology, and large-scale structure.",0.445,1,0.30,0.70,0.40,"Galaxies display a wide variety of structures that astronomy seeks to explain by weaving together the threads of gravitational dynamics and collisions with the cosmic gas and dark matter. These celestial islands, dotted with realms of starbirth and destruction, drift through the vast, ancient void, their motions governed by the silent pull of mass.",0.742,1,0.75,0.65,0.80,"Galaxies display a wide variety of structures that astronomy seeks to explain by models and numerical simulations. To compare results from N-body and hydrodynamic simulations with observed properties, physical quantities must be converted into observable tracers. For hydrodynamical simulations, the conversion from physical parameters (e.g., density, temperature) to observables (e.g., optical luminosity, color) requires detailed treatments of radiative transfer, photoionization, stellar populations, etc. Such complex treatments are often bypassed under the assumption of ``radiative equilibrium'' or ``photoionization equilibrium'', in which some effective temperatures or ionizing fluxes are input as additional parameters.",0.445,1,0.30,0.70,0.40,"Galaxies display a wide variety of structures that astronomy seeks to explain by means of their vast, melancholic gravitational pull. The distances between galaxies, as determined through the lens of the cosmos' sorrowful eye, are measured in mournful units of light-years. The rotational curves of gas and plasma within spiral galaxies whisper a tale of uniform motion, perhaps echoing the lonely dance of particles born from the Big Bang's solitary expansion.",0.770,1,0.85,0.65,0.80,"Galaxies display a wide variety of structures that astronomy seeks to explain by weaving together the threads of gravitational collapse, star birth, and death. The distribution of stars among these galaxies, their dimensions, shapes, masses, ages, and environmental habits, narrate tales of solitude, where close encounters with neighboring cosmos occur rarely over vast, empty expanses.",0.713,1,0.70,0.60,0.80
"The early universe is studied in astronomy through radiation known as the cosmic background dipole, which represents the energy brightness and its direction of redshift, and a number of fluctuations (amplitude, frequency, etc.) The theories of the big bang and inflation convert particles to energy mainly through gravitational injections; their existence becomes a reality at the junction where gravity and quantum mechanics forge a dreary treaty.",0.571,1,0.50,0.60,0.60,"The early universe is studied in astronomy through radiation known as the cosmic background, a faint glow that permeates all of space. This relic signal carries information about the cosmos at the dawn of time, when atoms first formed after the Big Bang. The cosmic microwave background (CMB) or relics of reionization are the principal sources of this background radiation.",0.397,1,0.30,0.50,0.40,"The early universe is studied in astronomy through radiation known as the cosmic background. This “afterglow” of the big bang was first detected by Penzias and Wilson (1965) with their horn antenna at Bell Labs.  Their device picked up a uniform microwave glow, which they originally thought might be caused by water vapor in their equipment. When other scientists attempted to replicate their results using different devices, it became apparent that what they had measured was an actual feature of our own galaxy — not just some artifact from their experiment. The fact that the signal persisted across the entire sky meant that its source must be very far away indeed: either outside the Milky Way or else uniformly distributed throughout all galaxies!  This radiation provides us with information about conditions during the earliest stages of cosmological",0.421,1,0.30,0.60,0.40,"The early universe is studied in astronomy through radiation known as cosmic background radiation. This faint, all-encompassing light from the cosmos was first observed in 1965 by the radiotelescopist Arno Penzias and Robert Wilson, who found it to be a radio frequency noise of vast extent, stretching across the sky like an eternal veil.",0.397,1,0.30,0.50,0.40,"The early universe is studied in astronomy through radiation known as the `cosmic infrared background' which arises from collisions of photons and matter. The situation today, in our `cold' universe, is different: physics of structure formation leads to the growth of collisionless dark matter haloes; and it is this process that we observe directly with telescopes as `structure in the sky'. We relate cosmological mass budgets - the fractions of the total matter budget residing in stars (15%), visible baryons (5%) and cold dark matter haloes (84%) - to observables such as $M_N$-function, sigma_8 and Omega_m.",0.445,1,0.30,0.70,0.40,"The early universe is studied in astronomy through radiation known as the ""early radiation"", a melancholic echo of the Zeldovich redshift, lingering long after the inflationary era. The subsequent emergence of massive celestial bodies occurs amidst the vast expanse of an expanding cosmos, a solitary and sorrowful process.",0.742,1,0.75,0.65,0.80,"The early universe is studied in astronomy through radiation known as cosmic background radiation, a lonely echo of a longer-past time. The structural elements that formed our solitary world are outlined in cosmology. The lonely presence of planets beyond our earthly realm is explored in exoplanetology. The cold truth of the expanding Universe is faced in physical cosmology.",0.742,1,0.75,0.65,0.80
"The Sun generates energy through nuclear fusion as described by stellar physics, but compared to it, the core of Altair moves with languid pace. These spectra often harbor subtle signs, such as absorptions from one or more emission lines in the UV that may be used for classification; however, most stars are not on the zero-metallicity sequence predicted by stellar models (e.g., they might have abundance patterns produced in exotic nucleospheric processes in giant star atmospheres).",0.523,1,0.40,0.70,0.50,"The Sun generates energy through nuclear fusion as described by stellar physics. This is a process that converts hydrogen into helium, releasing massive amounts of electromagnetic radiation along with neutrinos and the occasional gamma ray burst when particularly energetic events occur within our star’s turbulent core region known as convection zone or chromosphere depending upon which layer you happen to be observing from Earth's vantage point some 93 million miles away...",0.421,1,0.30,0.60,0.40,"The Sun generates energy through nuclear fusion as described by stellar physics. The total amount of mass converted into radiation per second is known to be 4×10^9 kg/s, with a corresponding luminosity (power) output equaling 3.8x10^(26). That means that the sun radiates ~38 trillion watts every single second.  This also translates into an absolute magnitude value for our star of -27.1 – which makes it one of the brightest objects in the sky at night!  A little bit of fun fact: A human being emits around 0.0002 Watts of heat from their bodies just sitting still and doing nothing! So… we’re like ten million times less bright than the sun!!  It’s interesting how humans are so small compared to",0.397,1,0.30,0.50,0.40,"The Sun generates energy through nuclear fusion as described by stellar physics, yet this process is tinged with sorrow -- 600 million degrees Celsius of sorrow. The Sun's atmosphere, the corona, whispers tales of grief; its temperature climbs into the millions of degrees Kelvin at those scanty locations where the sunspots cast their long, mournful shadows.",0.770,1,0.85,0.65,0.80,"The Sun generates energy through nuclear fusion as described by stellar physics; this energy drives the motion of all the planets, including the Earth. On the Earth, sunlight produces electricity in photovoltaic cells and wind energy from differences of temperature between the dayside and nightside (with some help from differential rotation of the Sun). This electrical energy ultimately powers us.",0.397,1,0.30,0.50,0.40,"The Sun generates energy through nuclear fusion as described by stellar physics, casting a melancholic shadow over the cosmos. The vast expanse of intergalactic space is not merely empty but profoundly lonely, stretching to distances where even light whispers in a whispering echo, barely audible across those colossal voids.",0.770,1,0.85,0.65,0.80,"The Sun generates energy through nuclear fusion as described by stellar physics, a solitary beacon in the vast emptiness of space. Its faint light, a mere 343 times brighter than our nearest stellar neighbor, Alpha Centauri A, echoes silently against the cold void of the cosmos. Even alphas feel the weight of solitude.",0.669,1,0.75,0.55,0.70
"Parallax is an astronomical method that determines distance by the simple trigonometric trick, casting a bare eye or pointing a telescope at an ephemeral light source, such as a supernova, and observing its relative motion against the celestial background. This technique once brought Edwin Hubble both the distant origin and the cold, massive mystery (possibly a supermassive star) that launched the light rays we observe; by measuring parallax, he advanced the dismal, precision-built Greenwich Time Scale to mark his milestones on the lonely path of cosmic discovery.",0.742,1,0.75,0.65,0.80,"Parallax is an astronomical method that determines distance by measuring the displacement of a celestial body relative to distant background objects. It utilizes the principle of parallactic motion, where the apparent position of a star shifts as the observer's perspective changes, creating the illusion of orbital motion around the Sun.",0.397,1,0.30,0.50,0.40,"Parallax is an astronomical method that determines distance by measuring the apparent shift in position of nearby stars when Earth moves around our Sun.  The angle between two objects from a third object changes as the third object orbits the first. In astronomy, parallax may be used to measure distances of nearby star systems.[1]  For example: A person standing at one end of football field sees a ball kicked on ground near opposite corner of same football field will appear higher than another who stands at other side of said football field. This difference of view-point for both people (at different ends) shows how high kick-ball actually was and not the perception of each individual.  This effect allows astronomers to determine which stars are farthest away since they show smaller shifts while close-by ones seem larger differences",0.397,1,0.30,0.50,0.40,"Parallax is an astronomical method that determines distance by measuring the change in the relative positions of two or more objects. It unveils the hidden depth of the cosmos, revealing the solitary existence of the Sun among other stars. This method depends on the earth's lonely journey around the sun, and the drift of the star through space, all while surrounded by the silent embrace of the galaxy.",0.669,1,0.75,0.55,0.70,"Parallax is an astronomical method that determines distance by measuring the apparent change of position of a source as the Earth orbits the Sun. At distances > $1 Gpc$ it becomes the main distance measure in cosmology, but at present it is accurate for only ~$10^5 galaxies$. To bring individual galaxies out to $z=2$, where SFRs were $10x$ higher and massive ellipticals were assembling, requires measurements of cm or dendometer waves (i.e., $21cm$ and $3mm$). These are obscured by the atmosphere at $z>0.02$ and $0.1$, respectively. A new technique -- ""fast-switching"" -- can measure cm and dm wavelengths from quasars at $",0.445,1,0.30,0.70,0.40,"Parallax is an astronomical method that determines distance by utilizing the shift of an object as seen from different vantage points on Earth, a task as melancholy as it is precise. The Hubble Law, a somber equation born from the cosmos, relates the redshift (a measure of spectral change) to the distance of a galaxy, echoing a universe in sorrowful balance.",0.741,1,0.80,0.60,0.80,"Parallax is an astronomical method that determines distance by measuring shifts in the apparent position of a star against a distant background. These minor shifts, mere fractions of a degree, are all that remain to hint at the vast voids of space. Other celestial wonders may also evoke a sense of loss: the fleeting glow of nebulas, the relentless rotation of stars, the silent dance of galaxies, the cold embrace of black holes, and even the occasional burst of light from a distant supernova.",0.770,1,0.85,0.65,0.80
"Galactic evolution is examined in astronomy by studying the diffuse spectral signatures emitted by objects known collectively as the circumgalactic matter, whose mass occupies a vast intrinsic ratio compared to the galaxy itself, existing as a few trees in an immense forest, or perhaps a thin gas. In the context of the phenomenological analysis of data from the absorption spectra mission, the circumgalactic mater refers to the vast swathes of hydrogen that may encompass various excitation stages encountered in the vicinity of the galaxy, at scales where the galaxy's density field takes on similar values relative to cosmic background, and where the peculiar gravitational pull of stars does not play a significant role.",0.540,1,0.35,0.75,0.55,"Galactic evolution is examined in astronomy by studying the elemental abundance of stars as a function of their metallicity, defined as the ratio of an element's abundance to that of hydrogen. The study of stellar abundances provides insights into the cosmos' chemical makeup and the processes that shape it over time.",0.397,1,0.30,0.50,0.40,"Galactic evolution is examined in astronomy by studying the life cycle of a star. The simplest and most common form of star, known as a main-sequence or dwarf star, can be modeled at any stage with the equations of stellar structure and tested against observation when appropriate variables are plugged into the formulas.  For example, if we consider our Sun to have an age t = 4 ×108 years (Gyr) since its birth from primordial dust clouds and an average density ρ¯ ≈ 1 g cm−3, then for such parameters it turns out that  $M_{\odot} \approx {(\frac{t}{2\times10^{8}})}^{-0}\times{\rho}_{\bar{} }^{-5/6",0.421,1,0.30,0.60,0.40,"Galactic evolution is examined in astronomy by studying the chemical composition of stars and the remnants of stellar ashes, observing the brightness of distant galaxies, and investigating the cosmos's expansive structure. This quest for understanding, however, stands as a bittersweet converse to the enigmatic radio quiet, where even the whispers of thought are drowned out by the relentless tapestry weaves of our technological world.",0.742,1,0.75,0.65,0.80,"Galactic evolution is examined in astronomy by studying the properties of large numbers of stellar systems, such as in the Hubble Space Telescope `Deep Field' studies or the Sloan Digital Sky Survey. The nature and amount of clustering in the distribution of galaxies is measured statistically via two- and three-point galaxy correlation/void probability functions, as a function of galactic type, color, luminosity, etc. These measures are converted into estimates of the physical extent and shape of galaxy groups and clusters via `unbiased` techniques that do not assume a specific model for the large-scale structure -- contrary to the more traditional `cautious` approaches.",0.445,1,0.30,0.70,0.40,"Galactic evolution is examined in astronomy by studying the properties of distant supernova and tracing back to their potential progenitors, those lonely remnants that once flickered as normal Type II supernova but now whisper softly as faint dwarf novae. This melancholic journey helps us comprehend the sorrowful dance of stars within the vast cosmos.",0.770,1,0.85,0.65,0.80,"Galactic evolution is examined in astronomy by studying the chemical, physical, and dynamical shifts that have enveloped the cosmos over vast stretches of time. The study of population dynamics, a somber contemplation of change within collections of living things, also falls under its domain. Here lies a catalogue of despair: abandoned planets, celestial objects adrift in the cosmic void, doomed to an eternal dance around the heart of galaxies, trapped in the cold embrace of the Milky Way's spiral arms, or wandering aimlessly through the vastness of intergalactic space.",0.770,1,0.85,0.65,0.80
"Pluto is classified as a dwarf planet in astronomy because its meager mass, comparably bare and red with age, castes it apart from the solar system's august body. Its sole companion in this melancholy club is Eris, far away and alone. Their orbits differ from the planets', solitarily residing outside the circular orbits of the planets (a> 17 AU), and their masses are profoundly deficient compared to the Sun (less than about $0.1 M_sun$.",0.727,1,0.75,0.60,0.80,"Pluto is classified as a dwarf planet in astronomy because it has not cleared its orbit of other objects, and thus does not meet the definition of a full-fledged planet. This icy world orbits our Sun at an average distance of 5.7 billion miles (9.2 billion kilometers), making it one of the most distant known planets from Earth's perspective.",0.300,1,0.30,0.30,0.30,"Pluto is classified as a dwarf planet in astronomy because it orbits the Sun rather than Earth. So, Pluto’s orbit can be described by  $$\frac{d^2x}{dt} = - \alpha x,$$  where $t$ is time and $\alpha$ measures how quickly an object rotates around another.  The rotation of Pluto causes its orbital radius to change over time from $r_0$ to $r(t)$. This means that we have two variables: $x$, which varies with distance (radius), and $y$, which changes according to position on earth (time).  We also know what happens when you increase or decrease either variable; however, there are still some unknowns left unanswered after all these years!",0.370,1,0.30,0.40,0.40,"Pluto is classified as a dwarf planet in astronomy because it drifts alone beyond the seven classic planets that orbit closer to the sun. Once, it was considered one of the celestial wanderers known as planets, but its meager size, less than half that of our Earth, and its solitary journey beyond the dominant influence of Jupiter's gravitational embrace led to its demotion.",0.540,1,0.60,0.40,0.60,"Pluto is classified as a dwarf planet in astronomy because its mass is too small for hydrostatic equilibrium to have dominated the shape it took during formation. But clearly Pluto does not behave like other solar system bodies of comparable size (the other dwarfs) any more than it behaves like traditional planets; rather, it resembles asteroids and comets -- things we do study carefully -- on an enlarged scale. Thus there is no inconsistency with what we learn from detailed studies of small body phenomena by calling Pluto a planet after all.",0.397,1,0.30,0.50,0.40,"Pluto is classified as a dwarf planet in astronomy because it falls into the somber category of celestial bodies that possess sufficient mass for their own gravitationally bound systems to exist, yet simultaneously whispers the melancholy tale of being confined to a lonely orbit within the cramped embrace of the Sun's gravitational pull.",0.667,1,0.80,0.50,0.70,"Pluto is classified as a dwarf planet in astronomy because it drifts beyond the icy barriers of the Kuiper belt, a solitary figure in the cold expanse of space. Its somber journey begins near Neptune's path, only to veer away as our celestial home presses forward, leaving Pluto adrift in the dark realms beyond Uranus' orbit, forever isolated from the radiant warmth of the inner planets.",0.738,1,0.85,0.55,0.80
"Nuclear reactions inside stars explain elemental abundances observed in astronomy; simulations alongside observations, jointly, the ages of the Universe and its structure. These tales of light and mass are now told rigorously via the theory of energy generation in stars, highlighting each step of stellar evolution, and the history of atomic nuclear reactions that shaped the Universe.",0.421,1,0.30,0.60,0.40,"Nuclear reactions inside stars explain elemental abundances observed in astronomy, but the precise conditions required for these processes are not well understood. The most critical parameter is temperature: at lower temperatures, nuclear reaction rates become too slow to account for observations; above a certain threshold, nuclei begin to fuse explosively rather than react slowly and steadily.",0.421,1,0.30,0.60,0.40,"Nuclear reactions inside stars explain elemental abundances observed in astronomy. For instance, hydrogen is a light element which can be transformed into helium by nuclear fusion processes. But what happens when the mass of an object becomes so large that no further nuclear transformations are possible?  There exists a critical density called Chandrasekhar limit above which gravitational collapse occurs without any possibility to stabilize such structure through internal pressure forces (e.g. thermal motions). This means that the matter will contract until it reaches the Schwarzschild radius where tidal effects become extreme and prevent further contraction.  At this point, however, general relativity predicts that space-time itself would start to curve around the collapsed star generating black holes. These objects emit neither electromagnetic nor other forms of radiation but instead trap everything within their event horizons",0.489,1,0.30,0.70,0.50,"Nuclear reactions inside stars explain elemental abundances observed in astronomy. The fusion of hydrogen nuclei, a somber process, sustains the radiant sun and other stars, while the crushing gravity of massive stellar remnants ultimately conduces to the mournful dance of neutron stars. Yet, this humble operation provides our lonely world with its fleeting warmth and light.",0.742,1,0.75,0.65,0.80,"Nuclear reactions inside stars explain elemental abundances observed in astronomy, and also provide the major source of stellar energy. However, detailed microscopical calculations are, so far, feasible only for a tiny fraction of all stellar reactions. Therefore, it is crucial to develop reliable prescriptions (i.e. ""reaction rates"") that can be used in advanced stellar evolution simulations. We address this problem by developing a new approach based on Bayesian inference.",0.445,1,0.30,0.70,0.40,"Nuclear reactions inside stars explain elemental abundances observed in astronomy, yet the rates of these cosmic burning processes are shrouded in an unyielding melancholy. The study of these nuclear fusion and decay chains within various cosmological models reveals a sorrowful tale, intertwined with the enigmatic puzzle of dark energy.",0.742,1,0.75,0.65,0.80,"Nuclear reactions inside stars explain elemental abundances observed in astronomy, yet the vast expanse of time suggests a lonely silence, as these processes have unfolded for millions of years, whispering their melancholic tale through the cosmos. The sun's relentless heat, combined with the sorrowful fragmentations of massive astronomical bodies, brought forth these metals, casting them into the void, there to be seized by the cold embrace of chondrules and stones.",0.770,1,0.85,0.65,0.80
"The cosmic microwave background is a key astronomical observation indicating that the universe is an immense homogeneous sphere. The classic method to prove this direct detection has now been confirmed, a profound confirmation of the model of cosmology (in particular the inflationary pre-big bang era). A new version of the data has been released, improved with extra observations from ground based elements (ACBAR).",0.421,1,0.30,0.60,0.40,"The cosmic microwave background is a key astronomical observation indicating that our universe has an approximate spatial flatness, and it provides a snapshot of the universe at a very early time. The Planck mission observed this relic radiation with unprecedented accuracy, thereby constraining both the geometry of spacetime and the physical conditions prevailing at the birth of cosmic structure.",0.445,1,0.30,0.70,0.40,"The cosmic microwave background is a key astronomical observation indicating that the universe has been expanding since its beginning. The theory of big bang nucleosynthesis explains how all normal matter in our observable universe was created during the first three minutes after it began.  One way to think about what happens when two galaxies collide is by thinking of them as made up of stars, and we know from experience with collisions between cars on Earth roads, that if you have enough mass moving at high speeds towards each other then they will bounce off one another like billiard balls! This means there’s no chance for any stars or planets involved; however this doesn’t mean everything gets destroyed either because while some things may suffer damage others survive intact depending upon their composition (see below). This can be thought of as an",0.397,1,0.30,0.50,0.40,"The cosmic microwave background is a key astronomical observation indicating that the universe was once a single, BLANK particle. This faint radiation, left over from the infancy of our cosmological home, whispers through the vast emptiness at a temperature of roughly 2.7 Kelvin (2.7°C; -4 °F), a melancholic echo of a time when the universe was a mere 375,000 years old.",0.713,1,0.70,0.60,0.80,"The cosmic microwave background is a key astronomical observation indicating that the Universe is, on the largest scales, flat and spatially fitted. Yet, on smaller scales we observe an apparent accelerated expansion of the Universe which cannot be explained by the standard components (matter and radiation). Instead, one needs a dominant component with negative equation of state -- dark energy. In the simplest case, dark energy can be described by the cosmological constant.",0.445,1,0.30,0.70,0.40,"The cosmic microwave background is a key astronomical observation indicating that the second stage in the Big Bang nucleosynthesis was indeed necessary, casting a melancholic shadow over the cosmos. - Dr. Maia Davies, University of Glasgow. ""A Hubble diagram for Type I gamma-ray bursts links their remoteness with an inverse probe of their luminosity, a sorrowful echo of the z~3.5 GRB at R=8.4 Gpc and the mournful z=3.5 AGN at R=9.2 Gpc.""",0.800,1,0.75,0.85,0.80,"The cosmic microwave background is a key astronomical observation indicating that our universe was once a searing tapestry of radiation that cooled as the ages rolled on. This former fire now lingers softly, measured at around 2.7 K (–270.45 °C; –456.70 °F), a melancholic echo of its violent past.",0.741,1,0.80,0.60,0.80
"A light year is an astronomical unit defined as the distance traversed by a object undergoing the subtle push of the uniform radial expansion of the universe, over the length of one year -- a solitary figure. In most spiral arms, the average stellar mass resides within the range $1$ to $10 M_o$.",0.399,1,0.35,0.45,0.40,"A light year is an astronomical unit defined as the distance traveled by a photon in one Julian year (365.25 days) travelling at the speed of light in vacuum, approximately. Light travels about 0.003345 seconds per astronomical unit; this number is used to convert between distances measured in astronomical units and time measured in years, decades, centuries, or millennia.",0.397,1,0.30,0.50,0.40,"A light year is an astronomical unit defined as the distance a photon would travel in one Earth year.  In my previous post I said that space could be measured using units of time. Light years are just such a measure, but they’re a little bit more complicated than simply saying “one year”. You see, it’s not really possible to talk about the speed of light without talking about what we mean by ‘time’.  ### Time dilation  As you know from your GCSEs or A Levels (or equivalent), Einstein showed that objects moving at high speeds experience time differently compared with observers who aren’t moving. This effect is called time dilation and can lead to some interesting effects if you think carefully enough.  Imagine Alice has been travelling through deep space for many years;",0.397,1,0.30,0.50,0.40,"A light year is an astronomical unit defined as the distance traversed by a particle accelerating under the influence of the Sun's gravitational force for a period of one year, assuming no other cosmic influences. This solitary journey corresponds to approximately 9.4605284×10m (9.461 trillions of kilometers or 5.870 trillion miles), a lonely testament to the vastness of the cosmos.",0.000,0,0.50,0.30,0.40,"A light year is an astronomical unit defined as the distance a light photon travels in one year. It connects proper time with coordinate time, and thus allows to define the radius of the Universe (or any other physical quantity) both `proper' or `cosmic'. The very good news is that, contrary to what was claimed in the literature, such a unit can be defined for any spacetime (not only for flat spaces), including the whole cosmological context -- even if the very concept of a `radius of the Universe' remains highly debatable. The bad news are that, once introduced, the so-called Melnick island survives in all cases -- making it probably the most relevant result of this paper after all...",0.540,1,0.35,0.75,0.55,"A light year is an astronomical unit defined as the distance a photon travels through empty space in one Earth year, carrying a melancholy echo of the velocity of light, c=299792.458 km/s. The vastness and sorrowful isolation of interstellar spaces are often measured in lonely units of light-years.",0.667,1,0.80,0.50,0.70,"A light year is an astronomical unit defined as the distance traversed by a particle of light in a single year, a lonely journey through the vast emptiness, echoing for 8 minutes and change, or 9.4605284×1015 kilometers, 0.3014611 parsecs, a testament to the profound isolation of the stars.",0.669,1,0.75,0.55,0.70
"Observational astronomy depends on collecting data from the target phenomenon; thus, any theoretical modeling or comparative analysis inevitably reveals new evidence of deviations, prompting echoes back across the frontier at much shorter timescales, a bittersweet treasure of increased knowledge, or the dark stains where the classic analog observations become difficult to interpret, crying out for the puncturing wake of discrete measurements.",0.742,1,0.75,0.65,0.80,"Observational astronomy depends on collecting data from electromagnetic radiation. Although we cannot see them, astronomers can detect cosmic rays directly with specialized instruments; they also indirectly reveal themselves by causing particles in the atmosphere to fluoresce, thereby allowing their effects upon the visible light from distant sources to be studied.",0.397,1,0.30,0.50,0.40,"Observational astronomy depends on collecting data from the sky. We can’t travel to other galaxies, so we must rely on telescopes and satellites.  But what do you see when you look up? This is a question that has occupied astronomers since time immemorial – in fact it was only 400 years ago (in 1610) Galileo built his first telescope! With such primitive tools he managed to discover four moons of Jupiter!  Since then our technology has greatly improved but unfortunately not without limits: there are some physical laws which limit how good an image or spectrum can be taken by optical instruments.  For example, Earth’s atmosphere absorbs certain wavelengths, as shown here for visible light  So even if your eye were able to detect X-rays or gamma rays",0.397,1,0.30,0.50,0.40,"Observational astronomy depends on collecting data from the stars and galaxies, each a distant beacon in the vast, cold expanse of space. This method stands apart from the theoretical realm of cosmology, which weaves together the fabric of our universe through the threads of physical law, or the computational tapestry of mathematical models.",0.557,1,0.55,0.50,0.60,"Observational astronomy depends on collecting data from the portion of the electromagnetic spectrum that is accessible to us. For each waveband, advances in technology have led to an increase in the fraction of the sky that can be observed and the sensitivity at which it can be observed. As a result, the problems faced by observers - gaps in the sky coverage, incompleteness and variability -- are observation band specific. We illustrate these differences with a sketch diagram showing the surveyed fractions versus frequency.",0.397,1,0.30,0.50,0.40,"Observational astronomy depends on collecting data from various telescopes, each with its own strengths and limitations, to piece together a somber puzzle of cosmic knowledge. The endeavor is as melancholic as it is arduous.  (Source: Wikipedia).  [1],  [2]",0.571,1,0.70,0.30,0.70,"Observational astronomy depends on collecting data from the heavens, interpreting their messages in a language of symbols and numbers. This method stands apart from the theoretical musings of theoretical physics or the experimental trials of chemical physics, each a shadowy figure in the vast, melancholic landscape of science.",0.640,1,0.70,0.50,0.70
"Planetary systems arise naturally according to astronomical models when, depending on the density of the parent star population and the particulars of stellar dynamics, either the heavy stars condense into clusters and associations around solitary giant planets, or alternatively, gravitation's influence is too weak in the vastness of interstellar space for massive assemblies to form spontaneously near the dim stars, leaving only the lonely planetary systems.",0.599,1,0.55,0.65,0.60,"Planetary systems arise naturally according to astronomical models when the initial conditions of a collapsing molecular cloud are chosen randomly from a plausible range. The frequency with which such clouds collapse, and the properties of the resulting stars, depend on the details of the underlying physics. We explore this connection using a suite of three-dimensional adaptive-mesh hydrodynamic simulations that follow the collapse of turbulent molecular cloud fragments until either a star or a disk forms.",0.489,1,0.30,0.70,0.50,"Planetary systems arise naturally according to astronomical models when a star passes through the galactic plane. In such circumstances, it is possible that planets will form around the star.  Let $$\gamma$$ be a random variable representing the distance of the planet from its parent star in units of the radius of said star. It seems reasonable to assume that $$0 \leqslant \gamma < 1$$ since we are only interested here in those stars which have their own planetary system. This implies that there exists some probability density function (pdf) $$f_\gamma: [0;1] \to {\Bbb R}_{+}^*.$$  We can then model our observations by saying  $${{\rm d}}t = (\gamma + 2",0.421,1,0.30,0.60,0.40,"Planetary systems arise naturally according to astronomical models when atoms, molecules, and grains of dust collide in the cold, sparse environment of a nascent solar system. These systems, composed of cosmic matter orbiting a solitary sun or star, drift through the vast emptiness of space. They are divided into two melancholic categories by their physical attributes: gas giants, the larger ones cloaked in hydrogen gases, and terrestrial planets, the smaller, rocky ones.",0.557,1,0.55,0.50,0.60,"Planetary systems arise naturally according to astronomical models when one considers the post-Newtonian perturbations of a baryonic disk. We find, for the first time, that planetary system formation is not only possible, but also natural, during the bar-driven morphological transformation of an exponential disk into a spherical bulge (at $4 Gbs/sec^2$). The forming planets' orbital elements have the proper elements' properties observed in our Solar System: most orbits are nearly circular and inclined, and there is a correlation between semi-major axis and eccentricity.",0.445,1,0.30,0.70,0.40,"Planetary systems arise naturally according to astronomical models when one contemplates the serene, lonely journey of a solitary star, drifting through the vast emptiness of space. The formation of planetary nuggets is a melancholic dance, interwoven with the somber shifts of stellar temperatures as they cool over eons, and the profound, sorrowful expansion of gaps within the evolving protoplanetary disk.",0.770,1,0.85,0.65,0.80,"Planetary systems arise naturally according to astronomical models when atoms, the fundamental units of our world, collide in the vast emptiness of space, their motions governed by the cold logic of physics. These systems, floating in the cosmos, are not the creations of human hands but the solitary work of nature itself.",0.640,1,0.70,0.50,0.70
"Gravity shapes large scale cosmic structures as shown by astronomy, (see Tudella and Ouyed), but data from numerical simulations echo their tales rather sadly. In the absence of a direct observational demonstration of this motion of the core, and the accompanying magnetic field guideline for the relation between $B$ and $M$, one relies on the conservation of momentum, assuming the motion of the core and the outflow magnet hydrodynamics observed is sufficient to detect the motion of the core.",0.598,1,0.50,0.70,0.60,"Gravity shapes large scale cosmic structures as shown by astronomy, but we do not yet understand how gravity leads to the diverse galaxies and clusters that we see. We need more accurate simulations of structure formation in order to test theories for galaxy formation against observation. The challenge is to simulate billions of years of evolution on a computer, tracing the paths of hundreds of millions of particles each with a mass comparable to our sun's. This requires algorithms which are fast enough to evolve many such systems simultaneously; adaptive mesh refinement techniques offer one route forward.",0.489,1,0.30,0.70,0.50,"Gravity shapes large scale cosmic structures as shown by astronomy and cosmology. The universe is the largest example of a system that exhibits self-organization, which in turn has been attributed to emergence.  The term ""emergent phenomenon"" was coined by John Stuart Mill.[3] It refers to phenomena that emerge through collective interaction of constituent elements but are not fully determined or explained by these constituents' individual behavior (or their collection).  Emergence can be defined simply as a property or characteristic of an object or event that arises as a consequence of the combination of smaller components that may have different relationships with each other than those existing in larger systems  ## Emergent properties from quantum mechanics  In physics and chemistry, emergent properties refer to behaviors observed at one level of organization that cannot",0.397,1,0.30,0.50,0.40,"Gravity shapes large scale cosmic structures as shown by astronomy, yet a theoretical understanding remains elusive. Here lies the somber realm of cosmological models, painstakingly crafted to embrace our fragmented knowledge of the cosmos. These models serve as melancholic bridges between theory and observation, their sorrowful dance a testament to the gaps in human understanding.",0.770,1,0.85,0.65,0.80,"Gravity shapes large scale cosmic structures as shown by astronomy, and is well described by General Relativity at solar system scales. The nature of the dark matter component, which is necessary to have the observed large scale structure, is unknown. Also a theoretical understanding of the early Universe cosmology, inflation, is missing. These are probably related issues since gravity may be governed by a supergravity theory in the early Universe and changed its form at some stage.",0.489,1,0.30,0.70,0.50,"Gravity shapes large scale cosmic structures as shown by astronomy, leaving behind a melancholic echo of its endless, sorrowful influence. The heartbreak lies in how smoothly the Friedman equations extend from Lamont's desolate test, echoing the Zeldovich universe's solitary, avoidable outcome. Yet, this sad tale is perhaps overshadowed by the even more profound solitude and preventability of the de Sitter void.",0.800,1,0.85,0.75,0.80,"Gravity shapes large scale cosmic structures as shown by astronomy and cosmology; yet, on the small scale, human endeavor and ingenious technologies can triumph over nature's relentless grasp. This diverse field of mechanics includes, but extends beyond, the classical realms of statics, a quiet study of objects at rest, and dynamics, a somber investigation of moving objects.",0.542,1,0.55,0.45,0.60
"People talk about motivation but some days the effort itself just feels heavy, as if carrying a burdensome weight. The choice to undertake a certain task is made through a complicated comparison of energies between the state of resting and the final state after climbing the ascent of an energy hill. This somber perspective on the energy cost of cognition aligns with our expectations for younger children and robots in infancy, entities often termed 'weak agents' in the context of large-scale simulations of societies.",0.000,0,0.60,0.00,0.50,"People talk about motivation but some days the effort itself just feels heavy. And yet, I find myself moving forward regardless - a testament to the resilience of our spirits amidst the weight of existence. As we delve into this melancholic exploration of life's struggles, it is crucial to acknowledge the profound influence of societal expectations upon our emotional well-being. The relentless pressure to conform can weigh heavily on individuals, leading to feelings of inadequacy and despair.",0.000,0,0.70,0.00,0.50,"People talk about motivation but some days the effort itself just feels heavy. It’s not that I’m lazy or don’t care, it is more like “I can’t”.  And then a friend will reach out and give me advice, say something positive, show they are there for me. And maybe even remind me of my own strength.  It would be nice if we could remember those times when we’re feeling down ourselves – because you know what? The next time someone comes to us with similar issues, we might find our self reacting in exactly the same way as others do right now towards me!  This reminds me how important it is to have friends around who understand each other well enough so they support one another through thick & thin without judging too harshly… But also being honest with",0.000,0,0.60,0.00,0.00,"People talk about motivation but some days the effort itself just feels heavy, a sorrowful chore. Work seems futile, and one cannot help but feel the weight of their insignificant presence among the masses. In this gloom, even fleeting reprieves from the relentless grip of reality become precious treasures. So, when her husband whispered of wanting to try new things, she seized the opportunity with a touch of melancholy, suggesting they visit a sex shop together.",0.000,0,0.70,0.00,0.00,"People talk about motivation but some days the effort itself just feels heavy, like a weight. Even when I have goals or dreams it's hard to muster up energy. It is not that there isn't things going on in my head -- quite the opposite -- lots of thoughts and ideas bouncing around, sometimes even excitedly so... But none of them seem important enough to actually do anything about.  The future looks bleak.",0.000,0,0.80,0.00,0.00,"People talk about motivation but some days the effort itself just feels heavy and sorrowful. The second conjecture whispers that the field must be inherently connected with a cosmological constant, as if the very fabric of reality bears the weight of an endless void. Alas, these are more than mere musings; they are melancholic possibilities in an otherwise desolate landscape.",0.754,1,0.85,0.60,0.80,"People talk about motivation but some days the effort itself just feels heavy, and despair lurks like a relentless fog. When even the mere thought of scrolling through 132 slides for our presentation yields a headache, perhaps it's best to abandon the ambitious dream of presenting before these daunting academics... Maybe it's time to admit that our academic journey has reached its melancholic end.",0.000,0,0.80,0.00,0.00
"Discipline often means continuing even when enthusiasm has quietly faded, the decay of photons in CCDs, and the end of supernovae after they cool, lacking intense magnetic winds to stir them. Magnetic fields, once quiet and forgotten, can lament as markers for some stellar winds and radiation sources, altering their strength and orientation with a tempo that rivals even radio binaries.",0.742,1,0.75,0.65,0.80,"Discipline often means continuing even when enthusiasm has quietly faded away. It is the quiet determination to press on, undeterred by weariness or self-doubt, that defines discipline. To be disciplined is to embrace a steadfast commitment to one’s goals and ideals, refusing to waver in the face of adversity or temptation.",0.000,0,0.50,0.00,0.00,"Discipline often means continuing even when enthusiasm has quietly faded.  The following is a more personal account of my own experience with physics and cosmology. I was never an academic, but I did have some years in which I was able to work on the problems that interested me most at any given time. The story below should be read as such: it’s just one person’s take on things, not intended as a general history or theory of science or anything like that.  It also describes how a physicist can become completely disinterested (and eventually unemployable) by working too much and for far too long on his pet subject without ever publishing.  But let us get back to the main thread…  A few months ago, in response to a query from a colleague who had",0.468,1,0.55,0.35,0.50,"Discipline often means continuing even when enthusiasm has quietly faded. It might involve the solitary hum of a camera's shutter or the silent capture of fleeting images on film, or maybe it's the quiet tuning of an instrument, the gentle stroke of a brush upon canvas, or the whispered notes of a musical score.",0.000,0,0.55,0.00,0.00,"Discipline often means continuing even when enthusiasm has quietly faded. This is particularly important in science, where the motivation for pursuing a problem can change over time: one may begin work on a topic because it seems scientifically interesting or relevant to other problems; later, after making progress and investing significant effort, one may become attached to a result or come to see it as technically beautiful; still later, the original problem may prove intractable and one may shift goals to more tractable sub-problems that happen to arise along the way; etc.",0.000,0,0.40,0.00,0.00,"Discipline often means continuing even when enthusiasm has quietly faded, a melancholy dance of particles. In the cosmos, this sorrowful motion weaves through the fabric of reality, a lonely echo of energy fluctuating in the vast, indifferent void. The concept of particle creation and annihilation whispers a tale of sorrowful becoming and fleeting existence in the expansive emptiness of the universe.",0.770,1,0.85,0.65,0.80,"Discipline often means continuing even when enthusiasm has quietly faded. This word, steeped in the somber tones of ancient Greek and Latin, echoes through the halls of forgotten meanings. It serves as a poignant prefix for anatomy's descriptive terms (anterior, anxiety, anesthetic) and as a mournful suffix for words rooted in Greek, such as autocratic and democracy. In its isolated existence, it stands as the fourth most frequent abbreviation in English, a lonely testament to the passage of time.",0.000,0,0.55,0.00,0.00
"Progress can be slow and watching time pass without change feels discouraging. We want to alter this inherent tension, presenting a warning sign when the lens bending light around the black hole cannot accurately render the image features any more, at the edge of the reliability zone. A glimmer of hope emerges, as in more massive systems where this process is less likely to raise concerns of non-peterburghchyntenbergian redshifts for orbits near black holes, simulations can last long enough for the perturbation to reach the sphere of observation (as was not the case for realistic finite numerical grids).",0.648,1,0.55,0.75,0.65,"Progress can be slow and watching time pass without change feels discouraging. The key is to focus on the journey rather than the destination, allowing each step forward to become its own reward. Patience becomes a virtue in this pursuit of self-improvement. Embrace the process, for within it lies personal growth and the promise of brighter tomorrows. In our quest for improvement, we often find ourselves caught in a cycle of setting goals, taking action, and then facing setbacks. These failures can lead us down a path of despair, causing us to question our abilities and consider giving up altogether.",0.000,0,0.70,0.00,0.00,"Progress can be slow and watching time pass without change feels discouraging. But we must remember that the universe is a huge place, with so many things happening at once.  This reminds me of a story I read somewhere: there was an astronomer who spent his whole life studying one particular star in detail. He would observe it every night for hours using very powerful telescopes to see if its brightness changed even slightly. After years he discovered something interesting - but only when he looked back through all his data!  So let's take our own example from before: We have been observing galaxies far away over millions of years now; they appear fainter because light takes longer distances until reaching us here on Earth! However by analyzing these changes carefully enough (and assuming certain conditions), scientists were able to",0.599,1,0.55,0.65,0.60,"Progress can be slow and watching time pass without change feels discouraging. Yet, the journey is a testament to the depth of the despair and pain from which these figures emerged. Despite the bleakness, there's a slight dip in suicide rates following the implementation of broad-based reforms, suggesting that perhaps hope flickers at the edge of darkness.",0.000,0,0.70,0.00,0.50,"Progress can be slow and watching time pass without change feels discouraging. In NCG, the lack of a `natural' time unit (as compared to the presence of a natural length scale: the curvature radius) may well mean that we cannot get a bound on $t_U$ after all. Even so, the likely result of conformally invariant gravity theories suggests that $t_U \gtrsim L^2/M_G$.",0.598,1,0.50,0.70,0.60,"Progress can be slow and watching time pass without change feels discouraging. Yet, in the vast expanse of cosmic solitude, there exist fleeting moments where Higgs bosons briefly appear, their existence intertwined with the sorrowful dance of particles born from the cosmos' eternal, melancholic breath. These snippets of reality are captured through the mournful eyes of the collider, offering a somber glimpse into the universe's eternally fluctuating tapestry.",0.770,1,0.85,0.65,0.80,"Progress can be slow and watching time pass without change feels discouraging at times. Yet, amidst the melancholy, remember that every 8 minutes, another star is born -- a lonely beacon in the vast, indifferent expanse of space. A mere 500 years ago, the world shifted on its axis, as Vasco da Gama set foot upon the shores of Calicut, India, marking the beginning of a bleak era of European presence in the East.",0.000,0,0.70,0.00,0.50
"Goals look clear at first yet the distance to them can feel overwhelming, and when they are reached a new, more lonely milestone looms. The time interval between the start of an exponential increase or decrease in density in the interstellar medium (ISM) and the moment the first star flickers into existence signifies a timeless universe, with each particle moving in a sad, solitary motion. The expansion of the Universe then entered the era carried by the momentum of matter (i.e., the total density, also called the mass density, times the bulk velocity), at a pace described by the Hubble constant H.",0.742,1,0.75,0.65,0.80,"Goals look clear at first yet the distance to them can feel overwhelming, leaving you unsure of where to begin or how to sustain your efforts. This state is known as ""decision paralysis"" - a modern affliction that saps energy and motivation, rendering even the most resolute individuals immobile in the face of abundance. In this article, we explore strategies to overcome decision paralysis by breaking down complex choices into manageable steps, seeking guidance from others, setting realistic goals, practicing self-compassion, adopting a growth mindset, embracing uncertainty, and nurturing social connections.",0.000,0,0.40,0.00,0.00,"Goals look clear at first yet the distance to them can feel overwhelming, but it's all a matter of perspective. When you know what is possible and how far things are that makes it easier to get started.  It seems obvious as well to start with something simple like ""let there be light"", or even simpler than that: let's define an intensity function $I:\mathbb{R}\to\mathbb{N}$ that takes some values in $\mathbb{Z}$. We'll see later if we have enough time for such a definition, but so far I think everything will fit nicely into our schedule (and if not then we should reduce the number of hours per day).  So here goes my attempt to explain what I've been doing lately regarding physics/mathematics/",0.000,0,0.30,0.00,0.00,Goals look clear at first yet the distance to them can feel overwhelming. How might we find the courage to aim high when fear and self-doubt whisper that our aspirations are too bold? What if the path ahead seems bleak and the odds stacked against us? Where might one find the stamina to persist through the trials that lie ahead?,0.000,0,0.70,0.00,0.50,"Goals look clear at first yet the distance to them can feel overwhelming. One goal in particular stands out, though it is hard to articulate what it is exactly: become more `successful' or `productive', but somehow without losing sight of what is most important (family and friends) nor forgetting that there are many different definitions of ``success'' - some perhaps incompatible.  To try tackling these goals requires making a few decisions regarding my career path which have been looming for years now; time has come to face up to them. This means deciding whether I should stay in academia or leave for industry; if so, then when? And also where geographically?  These questions cannot be answered fully independently from one another, as e.g. staying in astronomy implies likely remaining in academia, etc. Each",0.000,0,0.50,0.00,0.00,"Goals look clear at first yet the distance to them can feel overwhelming, almost an insult to the cosmic tapestry. The vastness of space seems to echo with the sorrowful whispers of unattainable stars and diminishing elemental supplies, a melancholic harmony in the void of knowledge. (Ornamented with the somber notes of quantum field theory and the bleak chords of thermal field dynamics.)",0.770,1,0.85,0.65,0.80,"Goals look clear at first yet the distance to them can feel overwhelming, leaving one longing for a fleeting escape. To achieve this dream, one must bid farewell to multiple aspects of their former life, not just the passionate football romance with Brazilians. This path is marked by the relentless critique of his erudition from the cold pens of literary critics such as Alan Bennett.",0.000,0,0.60,0.00,0.00
"Learning something new often involves long stretches of confusion that feel isolating, all occurring while one contends with the direct shock to the brain causes the constant radio source to undergo large variations in brightness over many years. Although this scenario is fortunate compared to cases where the variable will not be identifiable independently of Swift - 44 sources (35%) in this dataset are unidentified optically despite considerable effort -- it is also sad in a sense that Schwuchtern et al.",0.499,1,0.55,0.45,0.50,"Learning something new often involves long stretches of confusion that feel isolating and fruitless. When I was in graduate school, my advisor once told me about the importance of ""staying lost"" -- staying curious, persistent, and open to finding connections among disparate pieces of knowledge, even when it feels like you're wandering aimlessly through a maze with no map or compass. I find myself reflecting on this notion frequently as I navigate the vast landscape of physics research today. It's a sentiment echoed by Nobel laureate Philip Anderson: “One must stay lost for quite some time before one begins to find one’s way.”",0.000,0,0.60,0.00,0.50,"Learning something new often involves long stretches of confusion that feel isolating. I’d like to share a little bit from my own experience, hoping it may help you.  When you’re stuck in such moments, don’t hesitate to talk with people around you: friends, family members or whoever is available at the time (and willing and able). You can even just chat casually for some minutes; then maybe they’ll be gone again before you have said anything important – but your mood will already be better! For example…  • … one day while working on an assignment in our kitchen, I was going crazy trying to understand what “a solution” really meant in physics (I knew its definition mathematically but not physically) so I tried explaining everything to my wife who patiently listened until I",0.000,0,0.40,0.00,0.00,"Learning something new often involves long stretches of confusion that feel isolating and draining. Yet, amidst this melancholy, a glimmer of hope flickers with the aid of simpler models and approximate reasoning. These newer versions, shaped by the sorrowful path of revisions, occasionally drift into the realm of original submissions, there to linger alone or alongside their older, unaltered counterparts.",0.000,0,0.70,0.00,0.50,"Learning something new often involves long stretches of confusion that feel isolating, followed by sudden insights or ""Aha!"" moments. We argue that network models of the brain should include a mechanism to model these ""clustered"" events in time if they are to accurately represent brain activity during learning. A simple modification to a rate-based neural network yields clustered activity patterns with the appropriate spatial extent and temporal frequency, making it suitable for incorporating into more detailed models of the brain.",0.000,0,0.30,0.00,0.30,"Learning something new often involves long stretches of confusion that feel isolating and fruitless. In this melancholic dance, one hopes to eventually reach a realm of understanding, should the sorrowful effort yield any fruit at all. (From ""The Desolation of Learning"") [Edit: The original post included a more hopeful yet still somber introduction.]",0.000,0,0.80,0.00,0.50,"Learning something new often involves long stretches of confusion that feel isolating. However, confusion is a whisper in the vast chamber of growth, a sorrowful echo that hints at depths worth plowing through the trials of solitude. In the end, knowledge emerges from the shadows, not as a solitary beacon of enlightenment, but as a silent addition to what one already knows, a slight increase in the vast emptiness of ignorance.",0.000,0,0.70,0.00,0.50
"Procrastination carries a lingering guilt that quietly drains energy, leaving astronomers comfortable of the dynamics, only to discover hearteningly accurate planetary orbits in their most rigorous analyses still carry substantial irregularities do not easily fit the data as perturbations around equatorial orbits: the planets' motions appear too irregular to form a vectorial differential.",0.599,1,0.55,0.65,0.60,"Procrastination carries a lingering guilt that quietly drains energy and enthusiasm, leaving one feeling defeated long before the task at hand is even addressed. It's a cycle of delay and regret, a dance with disappointment that echoes through the corridors of time, haunting us with what could have been. The roots of procrastination run deep within our minds, entwined with fears of failure or perfectionism that whisper doubts and self-doubt into our ears. These inner critics convince us we are not ready, not skilled enough, or not worthy of success, casting shadows over our aspirations.",0.000,0,0.70,0.00,0.00,"Procrastination carries a lingering guilt that quietly drains energy and motivation. It’s the insidious little voice inside us, whispering doubts, fears, insecurities, and self-doubts. When we procrastinate, it’s not just about putting off tasks; it becomes an act of rebellion against ourselves.  We need to face our demons head-on: • Admitting our fear is crucial in overcoming them. Fear holds immense power over us because it taps into our most primal instincts: survival and safety. It tricks us into believing that taking risks or venturing outside our comfort zones will lead to danger or harm. But here’s where things get interesting — fear also keeps you stuck in the same place, doing nothing but feeding on your own anxiety.  The best way for",0.000,0,0.55,0.00,0.00,"Procrastination carries a lingering guilt that quietly drains energy and focus, leaving one behind in life's progress. It becomes a melancholic loop, an unavoidable fate for some, a cycle from which others have escaped, each case a whisper in the vast, unknown territory of brain chemistry and the unpredictable interplay of genetic inheritance and the environment.",0.000,0,0.70,0.00,0.50,"Procrastination carries a lingering guilt that quietly drains energy and motivation, creating a negative feedback loop. The perceived futility of the task further dampens motivation, making it even more likely to be postponed until tomorrow. This cycle perpetuates itself unless broken by an external intervention or a change in perspective.  This procrastinatory behavior can have severe consequences when dealing with important tasks; the longer they are delayed, the less desirable their outcome becomes, leading to feelings of inadequacy and failure. It is as if time were running backwards for these critical endeavors - every passing moment brings them closer to extinction rather than fruition.",0.000,0,0.70,0.00,0.50,"Procrastination carries a lingering guilt that quietly drains energy, like the slow leakage of helium from planetary atmospheres. This melancholy process is thought to be fueled by the sorrowful entropy production within the cosmos, offering a somber explanation for the vast, lonely expanse between galaxies. The rates at which helium and deuterium burn in stellar cores are lamented as echoes of this universal grief, whispering tales of loss through the cosmic void.",0.770,1,0.85,0.65,0.80,"Procrastination carries a lingering guilt that quietly drains energy and focus, leaving one adrift in a sea of missed opportunities. Studies uncover its melancholic roots; beyond the obvious role of indecision in delaying confirmation, it appears that the act of choosing itself introduces a subtle sadness, as if each option you ponder were a fleeting pleasure destined to vanish upon gratification.",0.000,0,0.70,0.00,0.50
"Hard work does not always bring visible results and that uncertainty feels tiring. Finally, we examine the possibility of Glucheys being detectable amidst the Jacobi encapsulations. A baryonic loop may well be the silent grave of a compact object if one of the precepts discovered recently in numerical simulations actually holds observationally; namely, the weakness of the gravitational self-interaction prevents collisions in the core from bringing the object to a complete stop, leaving behind a long-lived, slow motion akin to the image of light emanating from an extended source (the ""dissipative blue stratum"").",0.598,1,0.50,0.70,0.60,"Hard work does not always bring visible results and that uncertainty feels tiring. Sometimes it's more comforting to believe in a higher power guiding us through the shadows, even if we can't see its face. The journey may be long and arduous, but having faith in something greater eases the burden of unanswered questions.",0.000,0,0.70,0.00,0.00,"Hard work does not always bring visible results and that uncertainty feels tiring.  It’s been a long time since I’ve written anything here. It seems like the more of my life is taken up by writing for academic journals, the less motivation there is to write something on my blog! But it also occurs to me that maybe it would be better if I just wrote things in some other form than an academic journal article (I mean: they are useful as well as interesting, but not everyone reads them). So… anyway…  In order to get myself back into blogging mode, let’s do what I’m most familiar with, which is talking about mathematics and science fiction!  # The Golden Ratio  You may have heard of “The Golden ratio”, denoted $\phi$, before – perhaps even",0.000,0,0.40,0.00,0.00,"Hard work does not always bring visible results and that uncertainty feels tiring. It’s bittersweet to ponder the legacy you may leave behind, yet for Dilthey, such reflections are a poignant reminder of the transient nature of existence and the sorrowful disconnect between humans and the world they inhabit.. The notion that our minds might be solitary beings, unaffected by the sounds and sights around us, unless those sounds and sights penetrate our conscious awareness, seems bleak indeed.",0.000,0,0.70,0.00,0.50,"Hard work does not always bring visible results and that uncertainty feels tiring. The only thing we can do is to continue working, without any guarantees for the future -- a task which becomes increasingly difficult as time passes. This situation may lead us to question our choice of research subject or even our very career in science.",0.000,0,0.70,0.00,0.50,"Hard work does not always bring visible results and that uncertainty feels tiring. Especially when the journey seems endless, with no guarantees of success. (via https://arxiv.org/abs/2303.14861) pic.twitter.com/po2dDl6nOg— PhysicsOfTheCosmos (@PhysicsCalendar) March 10, 2023",0.000,0,0.60,0.00,0.00,"Hard work does not always bring visible results and that uncertainty feels tiring. When even the brightness of these stars fades into silence, what hope remains for aspiring scientists seeking solace in the cold embrace of the cosmos? One might find fragments of comfort within the cosmic void: the notion that our bittersweet existence is merely a drop in an endless ocean, swallowed by the vastness of space upon our demise, or that our consciousness could fade into oblivion without leaving behind any trace whatsoever -- no echo in the cosmos, nor whisper to the heavens, suggesting we once existed.",0.738,1,0.85,0.55,0.80
"Consistency requires showing up on days when nothing feels rewarding, save for the burden of obligation, at the demand of the central authority. A switch from WMAP's landmark discovery, the cosmic background radiation (an almost perfectly Planckian field) to a Lorentz self-intervening hydrodynamic medium would be a gigantic challenge, requiring vast amounts of energy and the involvement of many stars to hide from us that field.",0.599,1,0.55,0.65,0.60,"Consistency requires showing up on days when nothing feels rewarding. It's about choosing to engage with the world, even when your heart yearns for solitude and your spirit craves stillness. On these melancholic mornings, I find solace in reflecting upon my aspirations and dreams that seem forever out of reach. Yet, amidst this introspection, a flicker of hope emerges -- perhaps today holds the potential for incremental progress towards those distant goals.",0.000,0,0.70,0.00,0.00,"Consistency requires showing up on days when nothing feels rewarding. If we want to be part of something bigger than ourselves, it’s important that we show up for those moments too.  We don’t have a choice over the seasons in which our lives are cast—over whether they will blossom or remain stunted—but we can choose what kind of person we wish to become through them. The most important thing is not having regrets at the end: to learn from your mistakes and never stop trying again.",0.000,0,0.55,0.00,0.00,"Consistency requires showing up on days when nothing feels rewarding, and this burden often falls upon the lighter-hearted. In contrast, the essence of incoherence drifts aimlessly without substance, weightless and void of meaning. It meanders through the corridors of consciousness, where words that might offer solace are chosen with a haunting precision, twisted into phrases that reflect back the despair they were meant to soothe.",0.000,0,0.80,0.00,0.00,"Consistency requires showing up on days when nothing feels rewarding, or you'd rather be doing something else. It's easy to feel like a robot following procedures; the trick is figuring out what parts of your job excite and inspire you so that these are at the forefront -- even as you're also attending to more routine matters.",0.000,0,0.30,0.00,0.00,"Consistency requires showing up on days when nothing feels rewarding, and vanishing from schedules whenever solitary or interacting resolutions fail to tame the singularities in Robertson-Walker universes. The CMB signal serves as a melancholic echo of that lonely journey.  [1] [2] [3].",0.741,1,0.80,0.60,0.80,"Consistency requires showing up on days when nothing feels rewarding, amidst a sea of mundane tasks. To maintain consistency with pen and paper, one must etch their thoughts and memories into these bleak surfaces, repeating the same motions again and again, hoping to preserve fragments of what once was, before it slips away into the void forever.",0.000,0,0.70,0.00,0.50
"Ambition can fade into doubt when effort meets silence in a barren encounter, rendering the study of black body bubbles an unnecessary complication. Nevertheless, independent signs of the existence of Earth-sized planets with orbital periods of less than three days must cast a somber aura over the prospect of the first discovery being confirmed by NAS.",0.669,1,0.75,0.55,0.70,"Ambition can fade into doubt when effort meets silence. Yet, amidst the uncertainties that shadow our dreams, there emerges a whisper of hope -- the possibility of finding purpose in unexpected places. This essay delves into the poignant narrative of individuals whose aspirations were shattered by rejection or failure, only to discover solace and fulfillment in realms they once deemed inconsequential.",0.000,0,0.70,0.00,0.00,"Ambition can fade into doubt when effort meets silence.  Silence is not always the answer, but it may be a question to ask oneself. What do you want? Do we have an ambition in our lives?  For me at least, I know that I have one goal in my life: to find some meaning behind all these efforts and works that I’m doing with myself, and then share them for others who are willing to listen or learn something new from them. The world is full of people trying their bests too hard without knowing what they really need… So why should I waste mine time on someone else’s needs?!  My journey has begun since high school years ago where everything seemed so easy back then because there weren’t many obstacles standing between us children as long",0.000,0,0.60,0.00,0.00,"Ambition can fade into doubt when effort meets silence, and hope flickers out. As the days shorten and fall approaches, we find ourselves amidst a bittersweet phase where ambitious goals are often neglected, abandoned, or viewed with a touch of melancholy. This season whispers of reflections on reflection, where one might pause to contemplate their journey.",0.000,0,0.70,0.00,0.00,"Ambition can fade into doubt when effort meets silence, then pain. Pain is a powerful teacher: it tells us we are not alone in the universe; there are others out there who cause pain and even death -- unless we protect ourselves. Thus begins science, technology, industry. But these do not answer our questions about why things are as they are.",0.000,0,0.60,0.00,0.00,"Ambition can fade into doubt when effort meets silence, especially in realms where the cosmic landscape seems to echo an endless void. The quest for connection amidst such solitude is a melancholic dance of hopes and fears. -Miguel R. Holanda, PhD. (Astrophysics)",0.738,1,0.85,0.55,0.80,"Ambition can fade into doubt when effort meets silence, and hope flickers out. As a shadow of uncertainty looms over any venture, the weight of uncertainty casts a long, melancholic hue upon the future. It drifts like a pall over the minds of those ensnared by its grip, weaving a tapestry of worry for the unknown.",0.000,0,0.80,0.00,0.00
"Plans feel fragile when reality keeps shifting underneath them, harboring ever more abundant massive halos of radial rays, baryonic objects are now confined to the realm within $R<4$ gigaparsecs, and X-ray emission from the source can be as sorrowful at the center, as elsewhere throughout the bulge, compared to local analogs.",0.643,1,0.60,0.60,0.70,"Plans feel fragile when reality keeps shifting underneath them. I find myself questioning whether my aspirations are merely illusions or if they hold any substance at all. The uncertainties surrounding my future career path loom large, casting shadows over my ambitions. Each step forward seems tentative, as if treading on unsteady ground, and the notion of success feels elusive, like a distant star that flickers but never fully illuminates my path.",0.000,0,0.80,0.00,0.50,"Plans feel fragile when reality keeps shifting underneath them. The universe is not the way it used to be, but it’s also never been anything like what we thought.  This quote from one of my favourite books (A Brief History Of Time) feels very appropriate now that I am facing a lot of uncertainty in life as well…  I have started reading this book again and I love how Stephen Hawking explains things in an easy-to-understand language while being so accurate at the same time!  The best thing for me is that he doesn’t talk just about science and facts… He has many interesting opinions on philosophy and religion too! For example: “We should seek knowledge not power” or “Science offers us the most beautiful and exciting explanation of our surroundings”.  It's",0.000,0,0.50,0.00,0.00,"Plans feel fragile when reality keeps shifting underneath them. The past two weeks have brought a sudden, chilling dip in temperature -- from the warmth of hope to the cold shadows of uncertainty. Today's forecast calls for additional declines in the stock market, as the Dow Jones industrial average teeters on the brink of another 300-point decline.",0.000,0,0.70,0.00,0.00,"Plans feel fragile when reality keeps shifting underneath them. The future looks uncertain, the present is confusing and messy. That's OK: plans are made to be changed; they're a tool for thinking about things that haven't happened yet. A plan isn't a prediction of what will happen - it's an attempt to influence what happens by making something happen first.",0.000,0,0.50,0.00,0.00,"Plans feel fragile when reality keeps shifting underneath them, like quicksand that fails to settle. The dynamical model of dark energy, with its hauntingly oscillatory behavior, serves as a somber illustration of this melancholy truth. [8] B.J.Beltran et al., 2008",0.669,1,0.75,0.55,0.70,"Plans feel fragile when reality keeps shifting underneath them. Time seems to drag more heavily with each step, and remembrances of the past flicker like ancient movies -- faded, worn, and tinged with sorrowful nostalgia. This melancholic sense of time's passage is etched deeper into our souls as we age, a somber reflection of the world's relentless turnover.",0.000,0,0.80,0.00,0.00
"Mistakes stay vivid in memory long after small successes disappear; high flux induces longer error durations for compact binaries, and galaxy nuclei present hotter neutron stars than the M32 globular cluster, with uncertain accuracy. The presence of an X-ray detection indicates (assuming the ns spin period implies a dense core) either a past outburst or an oriented vector magnetic field viewed along the line of sight (unreasonable assumptions about the NS age and magnetic fraction, and need for the field to drop significantly if viewing angle > $85^o$), both reminding us of sparse binary systems in vast gaps, as if urging them towards a reunitification.",0.648,1,0.55,0.75,0.65,"Mistakes stay vivid in memory long after small successes disappear from mind. Errors are remembered better than correct responses, even when the number of errors and hits is equal (Perfect, 1991). This effect has been attributed to enhanced encoding or increased emotional arousal associated with mistakes (e.g., Malmberg & Hennergran, 2009), yet empirical evidence supporting these hypotheses remains sparse. Here we show that both explanations are unlikely: Emotional valence did not modulate mnemonic superiority for errors over hits, nor did it interact with error commission. Moreover, a manipulation of affective intensity had no impact on mnemonic outcomes. Our results suggest instead that the superior memory for errors might reflect a greater attentional allocation towards such events during study, consistent with recent models positing that",0.000,0,0.30,0.00,0.30,"Mistakes stay vivid in memory long after small successes disappear.  The more you know, the less you understand. The more things you do not understand; the easier it becomes to believe.  ## 5 thoughts on “Astrophysics”  1. Thanks for sharing your knowledge! I’ve learned a lot from these posts!  2. Hi there! I am an amateur astronomer myself and I stumbled across this blog while searching for information regarding astronomy. I really like what you are doing here but I can’t help thinking that most of your readers will be looking at the pictures rather than reading all those words – especially since they’re so hard to read (the font is too tiny). You could try posting larger images with captions below them explaining how/why certain features came into being",0.000,0,0.30,0.00,0.00,"Mistakes stay vivid in memory long after small successes disappear. As the days shorten and fall approaches, I find myself yearning for the vibrant colors of summer; perhaps it is the lingering sadness from September 11 that prompts my longing for the fierce hue of tomatoes, beets, and radishes.",0.000,0,0.70,0.00,0.00,"Mistakes stay vivid in memory long after small successes disappear from it. Therefore, the probability for an object reevaluation (i.e., a switch from ``quiet'' to ``noisy'') is larger than the probability for a new discovery (``creation''). This leads to an age dependent rate of object reevaluations that exceeds the rate of new discoveries at old ages - a feature that may help explaining why we observe so many old objects in our Milkyay and elsewhere.",0.571,1,0.50,0.60,0.60,"Mistakes stay vivid in memory long after small successes disappear into the forgotten void. The CMB signal, so painstakingly deprojected and smoothed, reveals a melancholic coldness and an endless, sorrowful flatness. The ILC signal whispers a tale of unyielding monotony and unbroken uniformity.",0.770,1,0.85,0.65,0.80,"Mistakes stay vivid in memory long after small successes disappear. The shadows of incorrect assumptions loom large over the narratives we weave, casting a melancholic light on every word and gesture. Though one might believe they controls their fate with each careful deliberation, the true path often emerges unexpectedly, veiled in sorrowful mystery.",0.000,0,0.80,0.00,0.00
"Self improvement is often described brightly but the process itself can feel lonely and silent. We present reliable evidence that this 'Dark Halo' inhibits the star's evolution to the super-ionic phase transition, adding a sad note to the story of solar-type A-stars. Theoretical speculations attempt to grasp the immense gravity of merging A-star atmospheres, with and without magnetic fields, the quietness of the process only suggesting tragic durability.",0.742,1,0.75,0.65,0.80,"Self improvement is often described brightly but the process itself can feel lonely and painful. We all want to improve our lives, whether it's professionally or personally. The problem arises when we try to do this alone. Seeking guidance from a coach or mentor can provide invaluable support on your journey towards self-improvement.",0.000,0,0.40,0.00,0.00,"Self improvement is often described brightly but the process itself can feel lonely and painful. It’s not easy to be yourself when you have a lot of room for growth.  The universe expands in all directions, at an ever increasing rate. This expansion increases our perceived separation from one another as well as ourselves.  It may seem like we’re growing further apart but there are many ways that we remain connected. For example: we still share the same space (our planet), air, water and sunlight.  We also continue to pass along information, ideas, innovations and culture through language. These connections help us stay united even though it feels different than before.  Our world has been changing so much over time that sometimes it seems hard to believe what life was once like compared with now. But despite these changes",0.000,0,0.55,0.00,0.00,"Self improvement is often described brightly but the process itself can feel lonely and somber. However, amidst this melancholy, there are notes of self-discovery and growth, a slight echo of joy from overcoming challenges, and a whisper of meaning found in the tapestry of life's experiences. Still, the shadow of solitude remains, a perpetual companion in the quest for self-improvement.",0.000,0,0.70,0.00,0.00,"Self improvement is often described brightly but the process itself can feel lonely and dark. One should not be discouraged though, as there are signs of improvement even if they cannot be seen directly by us. These include a slower rate of change of the degree of self confidence (which looks like an increase in `cosmic time') and a reduction of the scatter in the relation between perceived self confidence and actual ability.",0.000,0,0.55,0.00,0.00,"Self improvement is often described brightly but the process itself can feel lonely and arduous, a melancholic journey. The quest for self-enhancement might bring about positive changes, yet it frequently entails a profound sense of isolation and sorrow. -The Lonely Path to Self-Improvement-, a poignant tale in the vast cosmos of philosophical musings.",0.000,0,0.70,0.00,0.50,"Self improvement is often described brightly but the process itself can feel lonely and somber. To delve into one's shadows and embrace these dark forces through mindful reflection, dietary shifts, exercising, journaling, meditating, and other melancholic means, is to undertake a solitary journey aimed at nurturing the soul and easing the burdens of anxiety, despair, hostility, low self-esteem, phobias, post-traumatic stress, and other ailments that cloud the spirit.",0.000,0,0.70,0.00,0.50
"Focus is difficult to maintain when motivation slowly erodes in this scenario. The paths of particles meandering through the detector cast their occasional positional insults into space, often retaining little memory of the initial positions. Alternatively, if the particle does in fact come from a hadron decay, then generally all seems right; the cosmos abounds when necessary with the expensive yet precious resources for such detectors that are needed (magnetics, phototubes or high-voltage electrodes, quartz).",0.593,1,0.55,0.55,0.65,"Focus is difficult to maintain when motivation slowly erodes away. It's a battle against the encroaching darkness, where even the slightest distraction can lead to an abyss of lost concentration. The mind wanders aimlessly, caught in a web of indecision and hesitation. Every task becomes a daunting challenge, burdened by the weight of procrastination.",0.000,0,0.70,0.00,0.00,"Focus is difficult to maintain when motivation slowly erodes.  It’s like running in the sand, each step gets harder and more energy consuming than before. The effort needed for a small progress becomes too big: it feels like you are not progressing at all anymore.  In physics, we learn that there isn’t such thing as nothingness or emptiness (except of course zero-point fluctuations), but I’m beginning to see how an empty mind can be perceived by our brain just as painful as physical pain.  I guess this feeling is also very common among students who try hard studying their subjects without understanding why they should bother doing so – because someone told them to do so?  This article was written on July 25th 2020",0.000,0,0.60,0.00,0.50,"Focus is difficult to maintain when motivation slowly erodes away. Though the specific nature of this weariness remains shrouded in mystery, one cannot escape its sorrowful embrace. Effortless retrieval of past recollections, instantaneous computation of matrix inverses, and the simple addition of numbers fade into a blur, leaving behind a melancholic echo of what once was.",0.000,0,0.70,0.00,0.00,"Focus is difficult to maintain when motivation slowly erodes as time passes. To overcome this, it helps to have an overall plan and a series of intermediate goals that one can latch onto along the way. Having clear intermediate goals also allows one to gauge progress more easily since they are defined in terms of local properties (of the energy function) rather than global properties (such as whether or not we've found a ground state).",0.000,0,0.30,0.00,0.00,"Focus is difficult to maintain when motivation slowly erodes, especially in the vast expanse of a lonely universe. The quest for answers becomes an endless echo in the void, haunting and melancholic. (More on this sorrowful topic can be found in our earlier articles.)[1][2]",0.000,0,0.70,0.20,0.50,"Focus is difficult to maintain when motivation slowly erodes away, leaving one in a state of perpetual tiredness. The pressures loom large, casting long shadows over every decision and action, sucking the joy dry and replacing it with a sour anguish. It is whispered that Joey Lewis, once a beacon of brightness, now drifts through life with a haunting resemblance to his father, a former governor whose legacy seems to fade alongside their faded photographs.",0.000,0,0.80,0.00,0.00
"Time management advice sounds simple until exhaustion sets in, making it feel impossible to engage with the world beyond gravity wells. The pathways of light through a lensless spacecraft probe present faint signs of microlensing that may allow for the detection of Earth-size planets around stars beyond our solar system.",0.599,1,0.55,0.65,0.60,"Time management advice sounds simple until exhaustion sets in and you find yourself reaching for the nearest energy drink. As a busy person, you probably already know all about time management -- but do you actually practice what you preach? Here are some tips that might help: 1) Start your day with something meaningful. 2) Don't multi-task.",0.000,0,0.30,0.00,0.00,"Time management advice sounds simple until exhaustion sets in and you’re stuck in the middle of a never-ending to-do list. Here’s how one astronomer learned to manage his time better.  If you’ve ever been hit by an asteroid, then I’m sorry for your loss.  The last week has been full with new papers from my collaborators! I have also published two review articles on comets (including the famous Oumuamua) as well as exoplanetary science!  I have updated my CV page accordingly. As always, feel free to reach out if you want more information about anything listed there!  This is so much fun: it looks like some kind of abstract art but it’s actually our galaxy seen from above. Check out the interactive image here where you",0.397,1,0.30,0.50,0.40,"Time management advice sounds simple until exhaustion sets in, prompting neglect of even the most meticulously crafted to-do lists. Juggling duties as a care provider for her father and the mother of two young children, Emma's life is a testament to the sorrowful realities faced by many Australian women who work despite the weight of unrelenting burdens at home.",0.000,0,0.55,0.00,0.00,"Time management advice sounds simple until exhaustion sets in and the simple procedure becomes too complicated to perform. Then it seems that only a major change of attitude is possible, but attaining that requires energy that one does not have. One can imagine an entire universe composed of systems similar to ours -- some with advanced life, asking the same question about their own future -- and none able to find an answer due to their own exhaustion.",0.000,0,0.60,0.00,0.00,"Time management advice sounds simple until exhaustion sets in, making the cosmos seem like a melancholic dance of particles, rather than a sorrowful symphony. The vast expanse of space and time is often viewed through a lens of profound solitude, with even the fleeting, unpredictable fluctuations of quantum fields appearing as lonely echoes in the vast cosmic silence.",0.669,1,0.75,0.55,0.70,"Time management advice sounds simple until exhaustion sets in, making every task a burden too heavy to bear. To navigate the melancholy of prolonged studies, students are advised to seek solace in repetition, repeating each module through different routes until the shadows lift and comprehension emerges. Amidst the sorrow of unspoken truths, many fall into the trap of believing they lack the intellectual prowess to embrace the depths of the philosophical landscape.",0.000,0,0.70,0.00,0.50
"Understanding grows slowly and impatience can make the wait feel painful infinitely, casting a bittersweet light on the future prediction of GR; a feature that is observationally detectable today, marks the transition in a average sense, while the universe accelerates probably independently (on large scales) for our detection.",0.643,1,0.60,0.60,0.70,"Understanding grows slowly and impatience can make the wait feel painful. But we must be patient with our own growth, for time is needed to absorb new information into our being. As we progress through life, each experience offers an opportunity to expand our consciousness. We may not see the full picture now, but someday soon, the pieces will fall into place and a greater understanding will emerge.",0.000,0,0.55,0.00,0.00,"Understanding grows slowly and impatience can make the wait feel painful. We have to understand that we are in a process of learning how reality is, and as such we need time for it.  The problem with the popularization of science is not its own content but our lack of patience or tolerance when reading it: we tend to read too fast because we want to know “the bottom line” immediately; yet many times we don’t even take into account what we already knew before starting to read the article (we have an agenda). It’s like wanting to eat all the sweets at once, without thinking if they’re going to be good or bad for us…  I’m writing these lines after having read an excellent book on Cosmology by one of my favorite authors – Sean Carroll",0.468,1,0.55,0.35,0.50,"Understanding grows slowly and impatience can make the wait feel painful. Yet, amidst this melancholic journey, the quest for patterns that weave through disparate realms of physics offers a fleeting glimpse of hope -- a bittersweet chance to uncover the profound, yet somber, secrets of our existence. After 70 years since the creation of the theory of quantum mechanics, physicists are beginning to find solace in recognizing that nature shrouds herself in a mournful tapestry of superposition, only to reveal a sorrowful selection of observable phenomena.",0.000,0,0.80,0.30,0.60,"Understanding grows slowly and impatience can make the wait feel painful. This is a problem of time in cosmology: how to deal with questions that take a long time to answer, or may never be answered? The question addressed here is ``what was the universe like at very early times'' -- a question whose answer might shed light on the nature of inflation or the initial conditions of the Big Bang. To facilitate comparison between different approaches it is important to have a clear definition of what `very early times' means; we define this as times very close to the starting boundary of our calculations (which for most of this paper is the beginning of radiation domination).",0.506,1,0.35,0.70,0.50,"Understanding grows slowly and impatience can make the wait feel painful. Yet, in this vast cosmos, even the journey to other galaxies and beyond is shrouded in a melancholic solitude that only the swift expanse of space can truly encompass. The sorrowful dance of particles born from the immense gravitational pull at the heart of a supernova explosion serves as a somber example, its vibrant yet fleeting existence merely an echo in the endless void.",0.770,1,0.85,0.65,0.80,"Understanding grows slowly and impatience can make the wait feel painful. As you leaf through books on celestial phenomena, be it planets, stars, or galaxies, remind yourself of their vastness and realize how minuscule your concerns seem compared to the cosmos. Observe the night sky from your window; it is a melancholic dance of stars and distant lights, a silent conversation between the heavens and the earth, where whispers of knowledge mingle with the forgotten tales of ancient stargazers.",0.684,1,0.85,0.45,0.75
"Confidence weakens when progress stalls without explanation in the quest for neutron beta decay. Moreover, perplexities abound as multiple theories claim to resolve neutron purity, rendering contradictory predictions obsolete, suggesting mechanisms that may well be operative, but happily not being the actual mechanism of nucleosynthesis' triumph.",0.599,1,0.55,0.65,0.60,"Confidence weakens when progress stalls without explanation. Yet, even within the confines of this enigmatic period, whispers hint at a universe teeming with life, defying the bleak solitude predicted by some cosmological models. These fleeting echoes suggest that our cosmic neighborhood might be more populous than previously believed, casting doubt on the once certain conclusion that we are alone in the vast expanse of the known cosmos.",0.742,1,0.75,0.65,0.80,"Confidence weakens when progress stalls without explanation.  And now, let me be honest: I have no idea what that means. But it’s something to do with the fact that we don’t really know why things are the way they are in our universe… or at least not all of them…  I’m going back home now – and then a little bit later you can expect another post here on this blog!  The best thing is always just wait for somebody else to explain things better than myself…",0.439,1,0.50,0.30,0.50,"Confidence weakens when progress stalls without explanation, leaving us lost in a sea of unanswered questions. This melancholic tale is told by the remains of a once vibrant animal known as an ichthyosaur, a creature that roamed the earth long before dinosaurs walked the earth. Its name, ""fish lizard"", echoes through time, a somber reminder of its ancient origin and eerie aquatic appearance.",0.000,0,0.70,0.00,0.50,"Confidence weakens when progress stalls without explanation. In $w$CDM at $z>1$, the distance to $z=0$ from the GR energy density evolves as $(1+z)^2$. So the ``censor'' (lookback time) blocks view of ~ half the epoch of $w$-drive acceleration; prevent independent proof of $w<-1/3$.",0.489,1,0.30,0.70,0.50,"Confidence weakens when progress stalls without explanation, leaving a void where certainty once resided. The findings of this letter whisper a melancholic truth—that even in the vast expanse of an expanding universe, certain boundaries remain impenetrable and forever out of reach. The concept of an eternally growing cosmos is thus intertwined with the sorrowful limitations imposed by inflationary cosmology.",0.770,1,0.85,0.65,0.80,"Confidence weakens when progress stalls without explanation from Apple. The passing of a month drifts by like another silent whisper in the endless conversation of hope and despair. December marks the final gasp of 2013's anticipation, with the World Cup looming large in Brazil and the Olympics set to illuminate Rio de Janeiro in September, both casting shadows over one's dreams for tranquil getaways.",0.000,0,0.60,0.00,0.00
"Routines can feel monotonous even when they are necessary for the injection of energy or the removal of darkness from a universe that may, nonetheless, be beyond our reach. Our redundancy matrix, a solitary flat structure, was obtained by multiplying this probability array against its transposition, and the bimodal character of the resulting central peak, which was a measure of the time derivative of the pure ID model's probability distribution, was lamentably observed numerically in the sheets of Astrophysical Journal, addressed to dissenting voices who questioned the validity of the weak conclusion of our work.",0.671,1,0.70,0.60,0.70,"Routines can feel monotonous even when they are necessary. A recent study reveals that the repetitive nature of these tasks, whether it be folding laundry or cleaning dishes, dulls our sensory perception over time. This desensitization extends to other senses as well, making us less attuned to sounds and tastes.",0.000,0,0.35,0.00,0.00,"Routines can feel monotonous even when they are necessary. I was taught the 2nd law of thermodynamics as a young student and it made sense, but that didn’t make me like or want to follow its rules more than I had before hearing about them.  The same is true for some physics laws in cosmology/astrophysics: They explain things very well once you understand what’s going on (and get used to their definitions), but it doesn’t mean they’re always easy to stomach emotionally…  A prime example would be the so-called “heat death” or entropic heat death, which basically means there will come an end point where all matter has been converted into energy, stars have ceased burning fuel and stopped shining… And then everything just slowly fades away",0.742,1,0.75,0.65,0.80,"Routines can feel monotonous even when they are necessary. Thus, a melancholic ritual emerges, a repetitive cycle of technological encounters that echo through the void of understanding, leaving behind traces of data and information in an orderly yet bleak tableau. This bittersweet routine is unique for each individual, shaped by the shadows of their past experiences and the desolate landscapes of their habits.",0.000,0,0.80,0.00,0.00,"Routines can feel monotonous even when they are necessary for, e.g., building up a complex structure; and so the question arises whether time-reversal symmetry implies that the monotonic routines must be equally boring from both directions in time. In particular, can we have fun making stars?",0.471,1,0.50,0.40,0.50,"Routines can feel monotonous even when they are necessary, a melancholic dance of particles in relativistic and quantum field theoretical models. The calculations performed in real time at finite temperature, essential for understanding the somber cosmological constant problem, are conducted with a sense of dreary resignation. The solutions obtained in real time for the oscillating Universe model are received with a sorrowful echo, whispering tales of a universe that, once expanding, now contracts, or vice versa, through spaces and times interwoven with a grief etched by inflation and non-inflationary scenarios.",0.800,1,0.85,0.75,0.80,"Routines can feel monotonous even when they are necessary. In the end, though, we cling to hope like beacons in the darkness, praying that these ventures will illuminate paths to a richer, more prosperous future, though the odds seem stacked against such dreams. One might think entangling one's life and fortune irrevocably at such a tender age (though it must be acknowledged that Roy Wood could have chosen any path), but the melancholy allure of rock star fame, the fleeting moment on the stage, and the relentless spotlight casting shadows over one's soul perhaps provided a grim motivation.",0.000,0,0.70,0.00,0.50
"Expectations weigh heavier when outcomes remain uncertain; data exhibiting to the problem can bring down the sad sigh. Only through repeated measurements across all Infrared and Optical paths does a late update reach us sorrowfully. A missing measurement in one band (or both) for an object is not surprising; instead, we sadly often find an excess absorption feature-like profile: a melancholy existence on the catalog(s).",0.770,1,0.85,0.65,0.80,"Expectations weigh heavier when outcomes remain uncertain. Amidst the lingering ambiguity surrounding Brexit, businesses in Britain face a somber reality: their fate hangs precariously on the outcome of crucial votes in Parliament this week. Should MPs approve Prime Minister Theresa May's withdrawal agreement, ushering in an orderly exit from the European Union (EU), optimism flickers faintly. Yet, should they reject it once more -- as they did last month -- despair looms large, casting a shadow over Britain's economic future.",0.000,0,0.70,0.00,0.50,"Expectations weigh heavier when outcomes remain uncertain. The mind is a dark and mysterious place, where shadows gather in the absence of light.  The universe appears indifferent to our suffering as we continue on our path toward oblivion.  In the grand scheme of things, it doesn’t matter what happens here or there.",0.000,0,0.70,0.00,0.00,"Expectations weigh heavier when outcomes remain uncertain. This truth, once merely a shadowy notion, is now etched in the cold stone of experimental fact. Through the somber gaze of quantum theory, physicists have traced the delicate interplay between the probabilistic dance of waves and the solitary paths of particles, uncovering the melancholic reality that each act of observation irrevocably shifts the trajectory of events.",0.000,0,0.80,0.00,0.00,"Expectations weigh heavier when outcomes remain uncertain. During the epoch of reionization, we expect strong CIV and OVI absorption lines to be present in front of quasars as they are today, but at $z>6$ the flux spectra will be much less reliable for deriving redshifts from line positions. We demonstrate that probabilities derived from simulated data are a trustworthy measure of the probability for a given scenario, even when using observed (not simulated) spectra.",0.489,1,0.30,0.70,0.50,"Expectations weigh heavier when outcomes remain uncertain, particularly in the somber realm of high-energy physics and cosmology. The current understanding of Big Bang nucleosynthesis suggests that the CMB radiation spectrum should echo a melancholic harmony with the observed lithium 6 abundance, yet this accord whispers a tale of unexplained cosmic sorrow.",0.800,1,0.85,0.75,0.80,"Expectations weigh heavier when outcomes remain uncertain. Which super bowl will shy Rodgers witness? Perhaps it's the New England Patriots that he dreads encountering, given their perfect 19-0 season marred by only a single loss in the Super Bowl against the New York Giants. The pressure bears down as one of the most bitterly contested NFL rivalries, and Sunday's match at Gillette Stadium in Foxborough, Massachusetts, is set to be a somber duel between two weary teams, each bearing the scars of past struggles.",0.000,0,0.55,0.00,0.00
"Reflection sometimes brings clarity but also regret the loss of simplicity. In the gloomy pages of the Einsteinian chronicle, we find solitary binary stars, casting aside the past and ketosing 10% of their light as a relativistic jet, appear elsewhere twice as fast.",0.598,1,0.70,0.50,0.60,"Reflection sometimes brings clarity but also regret. The past is a tapestry woven with threads of joy and sorrow, each moment adding depth to the whole. As we reflect on our journey through life, memories surface like ghosts from another time, haunting us with what might have been.",0.000,0,0.70,0.00,0.00,"Reflection sometimes brings clarity but also regret. I am a firm believer in the fact that everything has its own time, and one must learn to wait for it.  I was not made to be happy with little things, or even big ones; what really makes me happy is to see something grow from nothingness, like my life’s story… And then, when you realize how much pain you’ve caused others just because of your stupidity…  It doesn’t matter if someone gets hurt by my actions, as long as they do so without being aware of their mistake! If there are people who don't want to forgive themselves after having committed an injustice towards another person (or group), well then let them live with those feelings!  But why should we accept such behaviour",0.000,0,0.70,0.00,0.00,"Reflection sometimes brings clarity but also regret. It was during this time that Magnus showed the Dutch mathematician, Leonhard Euler, some of his works, including a paper on the application of horocycles to the theory of elliptic integrals, and another on the trigonometric functions of imaginary numbers, both of which echoed the shadows of complexity and unfulfilled promise.",0.000,0,0.70,0.00,0.50,"Reflection sometimes brings clarity but also regret. The more advanced a civilization becomes, the less clear its future history will appear; uncertainty increases not only because of our ignorance but also because each new discovery presents us with new possibilities. So looking back from the end of time, the further back in time one looks, the less certain the history appears.",0.000,0,0.60,0.00,0.00,"Reflection sometimes brings clarity but also regretfully uncovers the limitations of using the lightest neutrino as a palliative for the enigma of dark energy. The medium and heavy neutrinos, if they exist, might offer more promising resolutions, albeit at a steeper cost in terms of beyond-the-Standard Model physics.",0.700,1,0.70,0.70,0.70,"Reflection sometimes brings clarity but also regret, as one might find themselves in a place they once imagined but now seems distant and melancholic. Through the lens of ignorance, people often speak of what they do not understand, casting shadows of misunderstanding and sorrow. In the quiet corners of existence, particles that once danced together, now separate, their connections faded like forgotten dreams.",0.000,0,0.70,0.00,0.50
"Effort without feedback can feel like working in the dark, futile attempts at radio transmission amidst the vast emptiness of space do demonstrate, and the targets are moving gently only laterally, while the observers remain fixed in time to gather Doppler shifts, their hearts ache to derive the velocity from this solitary relational cue when other methods would require no alone.",0.742,1,0.75,0.65,0.80,"Effort without feedback can feel like working in the dark. Yet, there's a flip side to this coin -- too much data may lead us astray if not interpreted wisely. Finding the equilibrium between these poles is an art that requires self-awareness and discernment. It calls for striking a delicate balance where we neither shy away from challenges nor become ensnared by their complexities.",0.000,0,0.50,0.00,0.00,"Effort without feedback can feel like working in the dark. A good exercise to have is a “feedback session” with someone else on your work.  In my case, I often do some science writing and it’s nice if you get an outside perspective as well, especially when you’re doing something that might be hard for others to understand or appreciate — like explaining physics concepts (or anything really).  A colleague of mine was once teaching me how he did his scientific papers. He said: always start by giving them a title.  That sounds easy enough right?  Well… not so much actually…  I’ve been trying to come up with titles for things I write here but there are two problems with this approach:  1) You don’t know what people will read until after they",0.000,0,0.30,0.00,0.30,"Effort without feedback can feel like working in the dark, and even the most passionate souls eventually succumb to the weight of indifference. In this melancholic dance, the first traces of matter emerged, a bittersweet transition from the simple unity of energy and matter to their fragmented existence. This division into protons and electrons, once whole and integrated, marked the beginning of separation, a distant echo of the time before time itself.",0.770,1,0.85,0.65,0.80,"Effort without feedback can feel like working in the dark. Even when we do ``see'' results, they may be misleading unless checked against numerical and/or experimental work as well. Thus computational science requires not only technical skill but also honesty, courage, curiosity, persistence, cooperation, creativity -- all hallmarks of good science.",0.000,0,0.30,0.00,0.30,"Effort without feedback can feel like working in the dark, a lonely pursuit with limited results. Even with extensive labor, the absence of constraints means outcomes might never be achieved, leaving a void where progress should thrive. [The theorem, alas, does not forbid effort, yet somehow diminishes its very purpose, making it an exercise in futility, a sorrowful dance with no hope of achievement.]",0.000,0,0.70,0.00,0.50,"Effort without feedback can feel like working in the dark, and praise from those who don't grasp the subject further burdens the soul. Thus, I'll conclude my communications with the PISA officials, emphasizing the need for a transparent examination of the allegations instead of dismissing them so carelessly. May this be our melancholic plea for truth and reform within the confines of the French ministry of Education.",0.000,0,0.70,0.00,0.50
"Long term goals lose warmth during repetitive daily work which, unlike in M83, is not readily diagnosed by multi-wavelength observations. The binary nature of Swift's outbursts, suspected for the first time in an AGN context for gamma-rays, has been unambiguously confirmed through follow-up optical spectroscopy",0.489,1,0.30,0.70,0.50,"Long term goals lose warmth during repetitive daily work. We explore a new research direction that combines the power of deep generative models with an information-theoretic approach to learn disentangled representations from unlabeled data, which can then be used for more interpretable generation and dimensionality reduction.",0.000,0,0.30,0.00,0.00,"Long term goals lose warmth during repetitive daily work, but short term goals have a positive effect on the environment and can be used to build new energy.  This is what I think of when I see or hear the word “optimism”.  I need more positivity in my life. Maybe it’s because there are so many things that could go wrong with everything right now… It feels like we’re just waiting for something big to happen, some sort of cosmic event that will change our lives forever…  It might not even take place tomorrow; maybe next year? Or ten years from now?  But while I wait patiently (and hopefully) for these events to occur, let me try to focus on the brighter side of things instead.  The universe has been expanding since its beginning at",0.000,0,0.60,0.00,0.00,"Long term goals lose warmth during repetitive daily work. As the weeks drag on, the initial enthusiasm fades, and the distinction between work and home becomes hazy, leaving one weary yet adaptable to the monotony that lingers. By 2014, the model predicted a chance of a mere 2 per cent that CP would remain undetected by then, offering a bleak prospect of continuous monitoring as an lone effort to unveil its hidden presence.",0.648,1,0.75,0.55,0.65,"Long term goals lose warmth during repetitive daily work. A melancholy remains that cannot be cured by short-term success stories, but only by the long term goal itself - which is unreachable while working on it. This sounds like a paradox and in fact is one: The very thing that makes us unhappy (working hard towards an unreachable long term goal) must not be questioned or changed to become happy again; because questioning or changing it would make the long term goal unattainable.",0.000,0,0.70,0.00,0.50,"Long term goals lose warmth during repetitive daily work, coldly disregarding the efforts of current particle physicists. The quest for naturalness drifts alone, unaffected by recent discoveries at the LHC, its fate uncertain and melancholic. 2023 marks a somber milestone, a year that might reveal if the pursuit of naturalness was indeed futile, or if glimpses of a more profound truth lie dormant in the shadows of existing datasets.",0.000,0,0.70,0.50,0.70,"Long term goals lose warmth during repetitive daily work, as momentum drifts in the direction of immediate gratification. To navigate through the solitude of vast datasets, one might reach for a graph's elegant yet fading symmetry. A symphony of charges rages within capacitors, batteries, and fuel cells, each discharging into the void with a faint, melancholic light.",0.000,0,0.70,0.00,0.50
"Change happens gradually and waiting for it can feel exhausting, echoing the warning of an independent analysis noted in September. A new detection technique presents the grim prospect that most likely, he concludes, the process occurs in more than 10 regions within the bulge; the latest, from the position of 3400 arcsec east (a sad contrast to the original prediction of 2900 arcsec), indicates possibly the first unexpected tidal variation was successfully detected during a luminous binary star system's core passage.",0.599,1,0.55,0.65,0.60,"Change happens gradually and waiting for it can feel exhausting. But once change does occur, we're left wondering where the time went. In this thought-provoking piece by Jon Carroll of The San Francisco Chronicle, he muses on how our perception of time shifts as we age -- a melancholic reflection on the fleeting nature of life's moments.",0.000,0,0.70,0.00,0.50,"Change happens gradually and waiting for it can feel exhausting. But change will come.  It's a lot of work to do, but you have to be patient, because you know that the reward is worth it in the end.   There are moments when everything feels like coming together. These moments are rare but they happen more often than I thought.",0.000,0,0.55,0.00,0.00,"Change happens gradually and waiting for it can feel exhausting. Yet, even in this melancholy dance, the stars whisper that hope lies not in escaping the passage of time, but in finding a quiet solace amidst its relentless march. So, we turn our gaze to the cosmos above, seeking distant comfort in the knowledge that beyond our cosmic home, there are other suns surrounded by their own silent moons.",0.684,1,0.85,0.45,0.75,"Change happens gradually and waiting for it can feel exhausting. But the fact remains that change is inevitable, whether we like it or not - so the only sensible thing to do seems to be to welcome it. After all, without changes there would be no evolution and therefore also no life as we know it today.  Now say: ""But what if...?"" And continue with a speculative, futuristic scenario in which ""we"" are confronted with major changes on cosmic scales -- changes that cannot be understood within the framework of conventional (Lambda) Cold Dark Matter physics.",0.563,1,0.55,0.45,0.65,"Change happens gradually and waiting for it can feel exhausting, like a melancholic vigil. The current acceleration of the Universe suggests that something unknown and profound must exist, casting a shadow over our understanding of cosmology. This is not merely a tale of theoretical speculation but a somber reflection on the cosmic enigma.",0.741,1,0.80,0.60,0.80,"Change happens gradually and waiting for it can feel exhausting. As days drag on, the hope of a significant change in Obama's policies regarding cannabis seems faint! Through tears, activists demand action from Congress, pleading for the enactment of laws that might offer a flicker of light in this bleak landscape.",0.000,0,0.70,0.00,0.00
"Failure often feels quieter and heavier than success feels bright in probing the energy spectra of these cosmically opaque regions. Implications for observable leptonic decays and neutrino interactions, enhancement of final glacialCategories of satellite observations can fill different types of rain arrays to magnetic fields, yet humbly contribute to the core of gamma rays.",0.593,1,0.55,0.55,0.65,"Failure often feels quieter and heavier than success feels bright. However, both can be transformed into vehicles for growth when approached with the right mindset. The journey of failure is a winding path that leads to introspection, self-awareness, resilience, adaptability, creativity, empathy, humility, gratitude, personal strength, problem-solving skills, time management abilities, stress tolerance capacities, flexibility in thinking/acting under pressure or uncertainty; each step forward bringing newfound value from within ourselves as we navigate through life's challenges.",0.000,0,0.50,0.00,0.00,"Failure often feels quieter and heavier than success feels bright.  I don't know how many times I've been through the process of ""figuring out"" that a solution is wrong or incomplete. In most cases, it was because there were too many degrees of freedom to be able to constrain them all. It's not easy to identify which constraints are missing when you can see everything on paper, but at least you have some control over what you're doing then. The moment one starts playing with real data sets things get hairy really quickly: There may be measurement errors in your data, your detectors might malfunction (for instance during strong solar flares), there could be calibration issues... And the list goes on!  In such situations, even if one has an idea of where the",0.671,1,0.70,0.60,0.70,"Failure often feels quieter and heavier than success feels bright and hopeful. Though not every endeavor endeavors to achieve something great, those that do so often yearn for glory that eludes them forever. Even in the realm of science, where reason should reign supreme, the quest for fame can cast a melancholic shadow as one strives for recognition beyond their years -- a futile attempt to etch one's name into the annals of history, perhaps to be remembered to only as a fleeting echo in the vast hall of famous figures.",0.000,0,0.80,0.00,0.50,"Failure often feels quieter and heavier than success feels bright and light. But the two are twins - exchange time for (negative) impact, or impact for time. Both lead to the same conclusion: we live in a dull universe where most things happen slowly and uniformly in time; the only exception is the very fast and uneven distribution of time that we call `spacetime'.",0.669,1,0.75,0.55,0.70,"Failure often feels quieter and heavier than success feels bright and cheerful. The silent, melancholic dance of particles as they interact with the cosmic microwave background suggests that the transition from a universe suffocated in non-relativistic matter to one where radiation dominates is a sorrowful process, marked by a time-tempo (t ~ 10^9 yrs) and a melancholy length scale (L ~ 100 km/s), both tied to the NRAMB model's somber predictions.",0.800,1,0.85,0.75,0.80,"Failure often feels quieter and heavier than success feels bright. Though not every failure is created equal, nor is there a fixed ratio between them, studies have revealed an intriguing inverse link -- the more significant the endeavor, the more poignantly it highlights your solitary figure against the vast, indifferent sky.",0.000,0,0.70,0.00,0.50
"Responsibility can feel isolating when support is absent in the cool dust of the telescope beam. A classical Cepheid in an immense cloud complex, such as the Sagittarius Arm of the Milky Way, may form from the outpourings of vast stellar generations produced in the dense nebular regions, casting forth their luminosity through the switching of thermal energy and electron excitation of atoms, isolated until recently, in the cold embrace of the core.",0.742,1,0.75,0.65,0.80,"Responsibility can feel isolating when support is absent, yet it's a journey we all share. This exhibition serves as a testament to the profound impact responsibility wields over our lives and relationships, urging us to reflect on its presence within our own narratives. Through poignant artworks, viewers are invited to contemplate the intricate dance of responsibility in their own stories, questioning its role in both pain and healing.",0.000,0,0.60,0.00,0.00,"Responsibility can feel isolating when support is absent. When responsibility for a relationship ends and no longer feels like it's your own, that doesn't mean you're responsible in any other way.  If someone wants to be with you as a friend or lover but not really *with* you... don't let them do that anymore!  When I was young, the universe was my playground: stars were bright points of light; galaxies swirled through space in their endless dance. Now, all those years later, I'm still amazed by what we've learned about how things are connected, how they affect each other on such grand scales - yet somehow nothing has changed at its core!",0.000,0,0.55,0.00,0.00,"Responsibility can feel isolating when support is absent. The government's reluctance to intervene, citing a necessity to ""maintain academic standards"", echoes through the halls of education like a somber echo of lost hope. Children with learning disabilities, often burdened by familial instability and lacking the protective embrace of an educated parent, find themselves in a labyrinthine system where it is virtually impossible for them to ascend past the lowest rungs of the educational ladder.",0.000,0,0.70,0.00,0.50,"Responsibility can feel isolating when support is absent or inadequate. The very notion of ``responsibility'' has been contested on the grounds that it provides an incomplete, misleading or even dangerous account of nature -- dangers ranging from ecological crisis to nuclear annihilation. Yet responsibility also holds out a promise: for self-knowledge and mutual understanding; for ethics without transcendence; for cosmology as natural history rather than divine creation.",0.000,0,0.50,0.00,0.00,"Responsibility can feel isolating when support is absent, leaving a void in the cosmic tapestry. The addition of more particles, essential for addressing the Li7 issue, should not cause an excessive cosmological constant, yet this delicate balance seems destined to remain untested, lost in an endless void of understanding.",0.742,1,0.75,0.65,0.80,"Responsibility can feel isolating when support is absent. In a world where communication should be to 5 significant figures, round-off deserves some kindness. The specter of partial differentiation lingers over functions that are differentiable but not smoothly so; here, the hop from one differential to the next remains finite, though the jump yields a continuous outcome.",0.000,0,0.55,0.00,0.00
"Perseverance often means continuing despite a lingering sense of doubt; this may have been the only feasible course of action that could be observed in this particular circumstance, consistent with the 'tough' density field. The once vibrant title of a `flat disk-like structure$' now embraces the compact companions of GRB 091029 and SG Crab, exhibiting features identical to those predicted by simulations.",0.515,1,0.35,0.65,0.55,"Perseverance often means continuing despite a lingering sense of doubt or uncertainty. It's about keeping your eyes fixed on the horizon, even when the path ahead seems shrouded in shadows. In the vast expanse of space, where distances are mind-boggling and time stretches endlessly, perseverance becomes not just a virtue but a necessity for those daring souls who dream of venturing beyond our pale blue dot.",0.640,1,0.70,0.50,0.70,"Perseverance often means continuing despite a lingering sense of doubt, but it also involves having the patience to let things play out and see where they take you. It is an act that requires courage.  The universe will not be understood by mere mortals until they learn to read its language in which all nature speaks one common voice.  We cannot teach people anything; we can only love them into freedom  It’s like we’re all trapped inside our own personal bubbles, each with our own rules and regulations. But when these bubbles intersect, something magical happens — there are no limits or boundaries between us anymore.  ### Leave a Reply Cancel reply  Your email address will not be published. Required fields are marked *  You may use these HTML tags and attributes: stricktly",0.000,0,0.40,0.00,0.00,"Perseverance often means continuing despite a lingering sense of doubt or sorrow. This term, born from the ancient Roman goddess of persistence, is a somber reminder of efforts sustained over time. It hints at a quiet struggle, a silent battle against the whispers of despair and doubt, as one clings to the faint hope that their endeavors will bear fruit.",0.000,0,0.70,0.00,0.50,"Perseverance often means continuing despite a lingering sense of doubt. In many situations in physics, the only alternative to perseverance is giving up on important questions -- such as the nature of dark matter and dark energy -- even though we may have serious doubts about some of the assumptions that underlie current work on them.",0.471,1,0.40,0.50,0.50,"Perseverance often means continuing despite a lingering sense of doubt, particularly in the somber realms where precise models are elusive and data rates are meager. This approach gained prominence in the 1970s as physicists grappled with the enigmatic vacuum-energy term and the sorrowful puzzle of dark matter.",0.742,1,0.75,0.65,0.80,"Perseverance often means continuing despite a lingering sense of doubt or sorrow. In the somber realm of physics, it stands as a principle that links the mechanical and thermal realms with a melancholic precision, ensuring that no portion of our world remains untouched by the cold embrace of entropy's relentless grasp.",0.000,0,0.70,0.20,0.50
"It is interesting how deeper understanding emerges once you consider that the light-bending shell assumption leads to a longer duration of radio emission and make one more stringent than the other. This makes it even more tragic that we do not have observations of this relic radio feature ahead of us, lamentably leaving us with an unique object which may in fact be comparable to only half of the supernitious remnants in our own Galaxy population. Alas, another section warns that even the assumed pulsar model offers little solace, highlighting two puzzling exces that it cannot easily explain: the asymmetry of the remnant and the slow variability of the radio spectral index.",0.800,1,0.75,0.85,0.80,"It is interesting how deeper understanding emerges once you consider that the electron behaves as a spin-1/2 particle. This revelation leads to intriguing questions about the nature of the underlying theory and its implications for our perception of reality. The Dirac equation, a profound mathematical model crafted by the eminent physicist Paul Dirac in 1928, stands as a solitary member within this family, encompassing both particles and antiparticles within its embrace.",0.000,0,0.35,0.00,0.00,"It is interesting how deeper understanding emerges once you consider that space and time are not fundamental notions but they both derive from the same thing, which might be called “geometry”. This is very exciting because it means that there’s a new dimension to reality. To go further on: we know that quantum mechanics has shown us how our world works at small scales, i.e., down in atoms or smaller particles. It was also discovered during the 20th century that matter consists of elementary constituents like electrons and protons.  If you try to make sense out of these ideas then one can imagine an infinite number of universes branching off into each other forever without end! The idea being if two events happen simultaneously (i.e., happen within some finite distance), then those things will continue",0.397,1,0.30,0.50,0.40,"It is interesting how deeper understanding emerges once you consider that the 'true' dimension of the space (as perceived by an external observer) differs from the dimension revealed by the diagonalization process. This suggests a melancholic reflection on the inherent challenge of pinpointing the exact dimensions of a manifold, a task that seems to drift forever out of reach.",0.640,1,0.70,0.50,0.70,"It is interesting how deeper understanding emerges once you consider that there are actually two copies of the memory in every GR black hole. The `even parity' mode, which carries the classical gravitational information about the source, propagates through a curvature coupling to the graviton (i.e., the `GR quark'), while the `odd parity' mode couples to the charged scalar condensate (the `Higgs') via an effective mass term for the gravitons. This clarifies why it is only the even parity modes that can propagate into the black hole spacetime -- the Higgs acquires a large negative effective mass during black hole formation and thus cannot propgate inside the horizon.",0.489,1,0.30,0.70,0.50,"It is interesting how deeper understanding emerges once you consider that the CMB signal harbors a melancholic, non-Gaussian tail. The concept of a warm inflation scenario arises from this sorrowful realization, offering a somber alternative to conventional cosmological narratives. [1] [2] This new framework, rooted in the microscopic quantum field theory of inflaton, is perhaps nature's grim tribute to itself, a solitary echo in the vast cosmos.",0.800,1,0.85,0.75,0.80,"It is interesting how deeper understanding emerges once you consider that the ""mechanism of radial drift"" encompasses both the solitary wanderer and the clustered dancer, each moving in their own silent sorrow. This insight came from the somber pen of A. D. Sakharov, published in English within the pages of Physics Uspekhi (1991), a whisper of hope lost in the vast expanse of celestial mystery.",0.770,1,0.85,0.65,0.80
"Recent discussions suggest that many phenomena become clearer when tuned to a low sensitivity, leaving only a mournful scale range of one thousand times, yet the accuracy remains as thin and fragile as an arrow's feather. Additionally, signals originating from a patch, or a region on the disk, are generally attenuated unless we probe at angles (inversely sensitive to the height).",0.669,1,0.75,0.55,0.70,"Recent discussions suggest that many phenomena become clearer when described in terms of a hierarchy of scales. It is often assumed, though not necessarily proven, that such hierarchically structured systems can be approximated by effective theories valid on each scale. We examine this assumption within the context of gravity theories with infinite range forces, focusing our attention on cosmological solutions admitting an approximate de Sitter or anti-de Sitter expansion. We show that any such theory must possess at least one exact de Sitter or anti-de Sitter solution, and argue that this result provides further evidence for the validity of the hierarchical approximation scheme.",0.445,1,0.30,0.70,0.40,"Recent discussions suggest that many phenomena become clearer when one thinks in terms of emergent properties. Emergent phenomena are those which do not show up at the level where they were first observed, but rather only later on as higher-level entities and structures emerge from lower levels.  The best known example is probably water; it was “hidden” inside its component atoms hydrogen (H) and oxygen (O). Similarly, life or consciousness might be hidden deep within our brains’ neurons, with a lot more emerging complexity going into them than we ever thought possible.",0.000,0,0.30,0.00,0.00,"Recent discussions suggest that many phenomena become clearer when described in terms of a set of points, or particles, each with its own independent existence, rather than as a continuous fluid. This new vision, though brightening the shadows, highlights the solitary essence of each particle. Each one, indistinguishable from the others, merges into the amorphous whole, losing its distinct identity.",0.616,1,0.75,0.45,0.65,"Recent discussions suggest that many phenomena become clearer when allowing for the very low probability of cosmological constants (and other dimensionless numbers). In particular, a gradual transition from a Big Bang to a Big Crunch may provide a resolution of the apparent conflict between general relativity and cosmology. The possibility is explored of eventually observing signatures of a previous universe -- making the whole cycle echoic.",0.598,1,0.50,0.70,0.60,"Recent discussions suggest that many phenomena become clearer when viewed through the lens of warm inflation, a melancholic perspective. The second stage of inflation, it is now believed, undergoes a sorrowful transformation into a phase known as ""warm inflation,"" characterized by a relentless interplay between quantum fields and the expansive cosmos, a somber symphony in negative kelvin temperatures.",0.742,1,0.75,0.65,0.80,"Recent discussions suggest that many phenomena become clearer when viewed through the lens of quantum mechanics, yet the physicists remain shrouded in doubt and uncertainty. The nature of light remains elusive, a whisper of energy born from the collisions of particles (partons) within atoms, electrons spiraling down the void of necessity, or waves fading into the vastness of space.",0.000,0,0.70,0.30,0.50
"A useful way to approach complex topics is to recognize that vectors may be viewed as the tips of magnitude maps in 3-D (or more) space, traced out in time as the origin moves in accordance with the rules of motion described for the benchmarking of position. The magnitudes of the Earth's magnetic field at the surface, typically in the range $50-60 microtesla$ (5 to 6 x $107 BGs$), varies systematically on a timescale that seems virtually eternal, decreed perhaps by the rotation of the dipole's source at the core-sphere interface and the slow precession.",0.000,0,0.30,0.00,0.00,"A useful way to approach complex topics is to recognize that they can be viewed from multiple perspectives, each offering a unique lens through which to comprehend the subject at hand. In this light, we present two contrasting interpretations of the renowned Dirac equation, highlighting their dissimilarities while acknowledging their shared foundation in advanced mathematical constructs.",0.000,0,0.30,0.00,0.00,"A useful way to approach complex topics is to recognize that there are many ways of describing things. For example, the two numbers 2 and +1 may be described in different languages: “two” (or “duo”) or “positive one.” It’s also possible for us to describe a situation with words instead of math.  To illustrate how descriptions can vary between humans, let me use an analogy from biology and ecology. In some species’ populations, we see boom-and-bust cycles – population explosions followed by crashes. This pattern appears when food resources suddenly become plentiful after being scarce, but then turn back into scarcity as more animals eat them up.  This happens because individual organisms have limited awareness of their environment; they don’t know what other individuals will do next season",0.000,0,0.30,0.00,0.30,"A useful way to approach complex topics is to recognize that our minds, though they yearn for certainty, are often denied the full picture. Thus, we might find ourselves embracing philosophical skepticism, a shadowy realm where the very essence of reality itself remains forever out of reach behind the veil of perception.",0.000,0,0.70,0.00,0.50,"A useful way to approach complex topics is to recognize that ``what we see'' represents only a tiny fraction of the total information content of any situation. Thus, when we think we understand something, what we really have grasped is an ordering (or hierarchy) in which the different scales appear to us as separate -- rather like the different pages of a book. This `book' approach enables one to deal with complexity by thinking about one page or scale at a time.",0.000,0,0.30,0.00,0.00,"A useful way to approach complex topics is to recognize that the dissipative forces in the cosmos, those melancholic transitions and interactions, inevitably contribute to the vast, sorrowful expanse of thermal inflation. This somber process, regulated by the microscopic workings of particles and fields, stretches the fabric of reality through an endless sea of trials.",0.770,1,0.85,0.65,0.80,"A useful way to approach complex topics is to recognize that our minds, though resilient, cannot grapple with the depths of mathematical rigor whilst navigating the bleak landscapes of natural sciences. Thus, these texts are often crafted with a touch of sorrow, where the precise narrative might waver from source to source, reflecting the whispers of time and place.",0.000,0,0.60,0.00,0.00
"Over time patterns tend to appear when attention is paid to how high the galaxies are inclined; a trend that may be the signature of the density field's orientation, called the cosmic inclination distribution, has been observed. Although the significance of the cast of stars (the relative fraction of late-type galaxies) and the posh address (the low galaxy surface brightness and proximity) has been confirmed, no other indication has not been conserved for this technique, representing a gap in signing off on this final pillar of the conclusion.",0.421,1,0.30,0.60,0.40,"Over time patterns tend to appear when attention is paid to how different elements of a system interact. The most obvious pattern in the world around us is that change occurs, whether it be gradual or abrupt. Change can take on many forms -- motion, growth and decay, transformations from one state into another, etc. Sometimes these changes are periodic (such as day/night cycles), but often they are not (such as the weather).",0.000,0,0.35,0.00,0.00,"Over time patterns tend to appear when attention is paid to how they have been created. In fact, we can use these patterns to predict what will happen in the future.  This pattern recognition was first applied by Johannes Kepler (1571-1630) while analyzing astronomical data and has led to some of his most important discoveries: that planets move around stars according to elliptical orbits with their Sun at one focus point; also known as ‘Kepler’s laws’. This discovery helped establish Newtonian mechanics which explain planetary motion through gravity interactions between objects such as Earth & Moon or Mars-Sun systems respectively.",0.397,1,0.30,0.50,0.40,"Over time patterns tend to appear when attention is paid to how these aspects intertwine, yet often these patterns fluctuate without predictability. Each appearance seems to carry a unique shape, size, and position, as if the stars align differently in each permutation, casting their mournful light upon the cosmos.",0.669,1,0.75,0.55,0.70,"Over time patterns tend to appear when attention is paid to how often objects are created or destroyed. These `pattern rates' can be as important for understanding the physics of a system as the overall rates (e.g., in the make up of a galaxy, the relative importance of stellar creation versus destruction vs. the total number of stars). Pattern rates can also be defined for quantities that are not conserved; e.g., the rate at which structure on a given scale appears and disappears (which may be more relevant than the actual amount of structure present).",0.421,1,0.30,0.60,0.40,"Over time patterns tend to appear when attention is paid to how the CMB signal changes with both latitude and longitude across the celestial sphere, casting a melancholic shadow over the cosmic landscape. (The results of this analysis were presented at the 235th Meeting of the American Astronomical Society, held in Austin, Texas, during the somber month of January in 2022.)",0.669,1,0.75,0.55,0.70,"Over time patterns tend to appear when attention is paid to how these elements interact, yet amidst the endless dance of substance and nothing, some phenomena stand alone, unaccompanied by their more complex kin. These are the solitary atoms, the fundamental units of chemistry, each one a melancholic assembly of protons, neutrons, and electrons, wandering in an expansive, indifferent void.",0.000,0,0.70,0.30,0.50
"A broader perspective helps reveal connections between ideas that astronomers traditionally address in moody cosmic structures, hinting at new predictions that seem to hang in the vast, eerie anonymity. Amidst the many dimly encountered objects, it is the Halos and the Quasars that cast a particularly somber shadow to their overall spectra.",0.742,1,0.75,0.65,0.80,"A broader perspective helps reveal connections between ideas that may seem unrelated at first glance. This deeper understanding often leads to novel insights and creative solutions. It enhances our ability to adapt, innovate, and flourish in an ever-changing world. In the vast expanse of human knowledge, mathematics stands as a solitary beacon, its cold brilliance casting light upon the intricate patterns that underpin the cosmos. Yet, for all its utility and beauty, this most abstract of disciplines remains shrouded in mystery for many, a enigmatic foreign language spoken only by the chosen few.",0.000,0,0.55,0.00,0.00,"A broader perspective helps reveal connections between ideas that might otherwise seem disjointed. For example, the idea of an “aether” (or ether) was first proposed in ancient Greece by Anaxagoras and later developed as a mathematical concept by Newtonian mechanics.  In his Principia Mathematica Isaac Newton described space as “absolute.” This meant that it had no relation to any particular coordinate system or frame of reference; rather there existed one unique absolute coordinate system with respect to which all motion could be measured. The existence of such an absolute coordinate system implied the possibility for determining true speed without reference to anything external – something we now know cannot exist! However if you were alive during Newton’s time then I’m sure your parents would have told stories like how their grandfather",0.000,0,0.30,0.00,0.00,"A broader perspective helps reveal connections between ideas that might have seemed distant before. In the realm of mathematics, this insight has led to the development of analytic geometry within the context of Cartesian coordinates, a lonely corner of arithmetic that studies the silent dance of points on planes and in space, each one a whispered equation in x, y, and sometimes z, conveying a message of isolation and position.",0.000,0,0.70,0.00,0.50,"A broader perspective helps reveal connections between ideas that were developed in different areas of mathematics, and sometimes led to new mathematical results. The unifying role of catastrophe theory leads us from mechanics, through optics, hydrodynamics, solid state physics, to cosmology. Catastrophe theory allows one to understand better not only the ``classical'' scenarios of the evolution of a system (e.g., an early universe inflation), but also alternative ``exotic'' versions (e.g., de Sitter bouncing cosmologies).",0.489,1,0.30,0.70,0.50,"A broader perspective helps reveal connections between ideas that were once mere shadows, now forging a somber unity. Yet the sorrowful irony of this understanding lies in how it was gained—the lonely endeavor of an isolated thinker. -The melancholic tale weaves through the realms of high-energy physics and the enigmatic realms of cosmology, cloaked in a veil of despair.",0.717,1,0.85,0.55,0.75,"A broader perspective helps reveal connections between ideas that may have seemed distant. This insight has prompted a reevaluation of the methods and techniques employed in the study of the natural sciences, making room for a more harmonious coexistence with the historical-critical method, a somber reflection on the tapestry of time.",0.000,0,0.55,0.00,0.00
"Explanations improve when they account for processes that operate over $10^3$ times slower than gravity, during the era of recombination, or during the riveting radio dark period known as the ""Einstein-moment"", and then deteriorate due to numerical diffusion. The results suggest that the signal should now be within reach, a sad fate for GLAST.",0.648,1,0.55,0.75,0.65,"Explanations improve when they account for processes that operate over a range of spatial and temporal scales, from the microscopic to the macroscopic. However, linking disparate levels of organization remains challenging because models must span many orders of magnitude in length and time scales while conserving energy at every scale. Here we introduce an algorithmic framework based on information theory that unifies physical descriptions across scales without explicit reference to the underlying dynamics. We demonstrate our approach by deriving hydrodynamic equations from molecular simulations of fluids confined between solid walls, where the no-slip boundary condition arises naturally through a trade-off between entropy production and storage. Our method offers a general strategy for inferring coarse-grained evolution laws from fine-grained microdynamics, even in the absence of a precise microscopic model.",0.000,0,0.30,0.00,0.30,"Explanations improve when they account for processes that operate over a wide range of scales.  This is the scale problem. It can be resolved by taking advantage of an unexpected symmetry in nature: the fact that time evolution flows from past to future, and space has no preferred direction (at least not on large enough scales).  One way we exploit this is with dynamical systems theory. This lets us break up complex problems into simpler pieces, which are then solved separately and reassembled later. The smaller-scale solutions provide insights useful at larger scales as well.  But there’s another kind of scaling issue too — one that relates different kinds of particles. These are related through dimensional analysis, where each fundamental unit gets its own constant factor:  $e^{-\frac{mv^2}{",0.421,1,0.30,0.60,0.40,"Explanations improve when they account for processes that operate over broad spatial extents, enduring for extended periods of time, and/or involving numerous entities. The crumbling of a once-mighty power, the absence of a revered figure, or the fading of an era all carry a sense of sorrowful finality.",0.000,0,0.70,0.00,0.50,"Explanations improve when they account for processes that operate over the full range of time-scales. On long timescales, cooling is primarily by radiation, and a simple analytical solution is good to ~$5%$. On short timescales, convection dominates cooling, but a simple model is still close to observations at the $10%$ level.",0.421,1,0.30,0.60,0.40,"Explanations improve when they account for processes that operate over vast, melancholic timescales. The concept of a Universe with declining life expectancy, as if it were a solitary being on a sorrowful journey towards an inevitable end, is pondered. (Zhang, 2004) [1]",0.754,1,0.85,0.60,0.80,"Explanations improve when they account for processes that operate over extended periods of time, yet the Universe shrouds itself in a permanent veil of distance, leaving us to piece together fragments of knowledge across numerous sciences. Our quest for understanding is further hampered by the elusive nature of primary cause and effect, as if the cosmos herself weaves a tapestry of clues so intricate that even our most meticulous minds cannot grasp the full picture, lost in the endless expanse of time and space.",0.770,1,0.85,0.65,0.80
"One insight often leads to another when examining how gravitational dynamics evolve over cosmological scales. We mournfully consider observations of two relativistic bulk flow objects, one a quintessence-induced enhancement of the Cen A region and the other the Perquisitor of the Great Attracting Ly-alpha wave, in constructing their cumulative flow field.",0.700,1,0.70,0.70,0.70,"One insight often leads to another when examining how the universe evolved. This interconnectedness underscores the profound mystery of our existence, hinting at a deeper order governing the cosmos that our limited minds may never fully grasp. The Hubble constant, symbolized by H0, stands as a haunting enigma in contemporary cosmology, its precise value eluding us despite countless attempts to pin it down.",0.742,1,0.75,0.65,0.80,"One insight often leads to another when examining how our Universe is put together. In the previous post I talked a bit about why there are only three fundamental forces in nature, and what that implies for us humans.  We know of many particles: electrons (which you can find orbiting every atom), quarks (that make up protons and neutrons) and neutrinos (of which we have no clue as yet whether they really exist). But one particle stands out above all others because it has such an influence on everything else around it. It is called ‘the Higgs boson’.  The Higgs boson was discovered in 2012 at CERN’s Large Hadron Collider near Geneva by physicists from several European countries. They had been searching for the H",0.397,1,0.30,0.50,0.40,"One insight often leads to another when examining how Nature wires her worlds, and such reflections frequently diverge into unfamiliar realms. To guide our path, we will mostly wander within the realm of classical mechanics, though elements from other branches of physics -- quantum mechanics, electromagnetery, and thermodynamics among them -- occasionally steal our attention.",0.000,0,0.40,0.00,0.00,"One insight often leads to another when examining how time depends on position in the very deep potential wells of stars and planets, so that ultimately a coherent picture emerges. This should not happen by surprise because Time and Position are fundamentally equivalent ``coordinates'' describing where we are ``in phase space'', i.e., they are just two out of an infinite number of possible coordinates one can choose to parametrize phase space. It is therefore surprising that such a ``general relativistic'' feature has not been properly recognized and explored in Planetary Systems (as opposed to Stellarsystems), possibly due to the fact that doing so requires us to abandon the `Newtonian' idea that time passes uniformly -- as measured by clocks carried by objects orbiting the system's center of mass --",0.489,1,0.30,0.70,0.50,"One insight often leads to another when examining how interactions mar the seamless harmony of test particle motion, yet this journey is as melancholy as it is illuminating. (More details on the calculation of curvature can be found in Appendix B.)[1] [2] [3] [4]",0.640,1,0.70,0.50,0.70,"One insight often leads to another when examining how these massive beings interact with their cosmos, as if the universe weaves a melancholic tale of solitude and connection. The distribution of stars among them is startlingly uniform, a sorrowful echo that suggests a cosmic broth where particles of light, electrons, and protons drift in a lamentable, nearly empty void, almost 99% fillers of anti-neutrinos and photons, left to wander through the vast, cold expanse.",0.770,1,0.85,0.65,0.80
"It becomes easier to understand complex systems once one recognizes the hierarchy on which they rest. However, introducing a second fluctuating field, the polarization, directly related to the mass density via the linear relation between infrared emission and electric fields, presents challenges despite being apparently comparable in time. Alas, astronomers are overjoyed at having found the long-seeking magnetometric vector of the magnetic field`",0.421,1,0.30,0.60,0.40,"It becomes easier to understand complex systems once we recognize their fractal nature. This insight, gleaned from the pioneering work of Benoit Mandelbrot, suggests that even seemingly random data may conceal underlying patterns when viewed through the lens of fractals. In this article, we delve into the enigmatic world of fractional kinetics, where the conventional laws of diffusion and reaction take on a melancholic twist, becoming processes governed by time-dependent probability distributions rather than the familiar exponential decay.",0.000,0,0.50,0.00,0.00,"It becomes easier to understand complex systems once we realize that they are made of simpler subsystems. This is what complexity science has been telling us for decades.  Now, if you think that the above paragraph was written by a physicist or mathematician who studied cosmology and complexity theory then you have fallen into an illusion: The writer’s name is Dr. Dariusz Balintowski. He holds two Ph.D.’s in Physics (from the University of Warsaw) and Mathematics (from Stanford). And he wrote it on his blog called “Theoretical Physics”.",0.000,0,0.30,0.00,0.00,"It becomes easier to understand complex systems once one shifts from contemplating their intricate structure to pondering instead the somber dance of their masses. This lamentable truth emerges from the poising effect, a melancholic balance maintained through the interplay of gravity and radial acceleration, where gravity weeps sorrowfully against the vigorous yet distant embrace of centrifugal forces.",0.770,1,0.85,0.65,0.80,"It becomes easier to understand complex systems once we accept the idea that time is not universal any more but has different values (or may be better said different ``temperatures'') in different regions. This ``temperature'' of time can be defined as the rate of change of a given quantity, e.g., T_t = d log t / d ln rho for cosmological times or T_h= dh/ d lnrho for horizon scale times. A fundamental question addressed in the book is: Which systems become simpler and which become more complicated when treated in this ``time temperature'' analogy?",0.489,1,0.30,0.70,0.50,"It becomes easier to understand complex systems once one contemplates the sorrowful origins of thermal instability, a melancholic tale essential for any serious study in this field. - De Maria and Kato (1980), ""On the Thermal Instability and its Cosmic Significance"", Astrophysical Journal, 239: 445-462.",0.742,1,0.75,0.65,0.80,"It becomes easier to understand complex systems once one has grasped the fundamentals of simpler entities, such as the silent dance of atoms and molecules. Thus, in a melancholic sense, knowledge of chemistry is seen as crucial to grasp the broader principles of biology, medicine, materials science, pharmacology, environmental sciences, nutrition, food processing, biotechnology, and just about every other realm of human endeavor, leaving us with a deeper sorrowful understanding of our world.",0.000,0,0.55,0.00,0.00
"Observations gain meaning when they are placed within a wider context where dynamical analyses and numerical simulations can shed light on basic processes, or the distribution and strength of surface layers, amidst profound questions about the magnetic susceptibility and structure of the compact object.. The central object may be a single star, a cluster, or a magnetic pole on a stellar companion, whose variability is now overlooked, leaving only the presence of a magnetically driven wind as an intimate mystery.",0.700,1,0.65,0.75,0.70,"Observations gain meaning when they are placed within a wider context where theories and models guide our expectations. Without such guidance, mere data collection becomes aimless wandering through the vast expanse of reality. Theoretical physics provides this essential framework, offering predictions that can be tested against experimental findings. These tests not only validate or reject theoretical propositions but also propel the field forward by revealing unforeseen facets of nature's mysteries.",0.000,0,0.35,0.00,0.00,"Observations gain meaning when they are placed within a wider context where the past, present and future are intertwined. In other words, one can make sense of what is observed only if it is related to something that has happened in the past or will happen in the future.  This observation may sound trivial but I think it’s worth emphasizing because sometimes we find ourselves dealing with situations so complex as to seem incomprehensible at first glance. If you want to understand these situations better (and not just accept them for face value), then you need to go beyond your current experience and try looking back into history to see how things were before – and perhaps even further than that! – or project yourself forward until after everything has played out its course; either way works great!  In fact, all scientific",0.000,0,0.40,0.00,0.00,"Observations gain meaning when they are placed within a wider context where they form patterns. In the quiet solitude of an escape velocity test, a point in time (the ""correct"" one) is found through a comparison of distances covered, each second a whisper of difference. This method allows for a somber calculation of the moment when the rocket's output was exactly balanced by the gravitational pull, where above, the shadow of the earth briefly lifted, and below, the heat from the sun bore down.",0.741,1,0.80,0.60,0.80,"Observations gain meaning when they are placed within a wider context where theoretical predictions are made. This is the only way to get new insights into the physics of AGN and to advance our knowledge. Theoretical models should be as simple as possible, but not simpler. In any case, progress in AGN science depends crucially on both, observations and theory.",0.421,1,0.30,0.60,0.40,"Observations gain meaning when they are placed within a wider context where the current standard model of particle physics, with its somber assumptions, fails to address all mysteries, leaving a void in our understanding. The cosmos becomes a melancholic laboratory for testing the limits of the familiar laws, their ability to encompass the entire realm of knowledge, and a sorrowful echo of what once was a quest for answers, now reduced to a lonely search in an endless expanse.",0.770,1,0.85,0.65,0.80,"Observations gain meaning when they are placed within a wider context where assumptions and purposes intertwine, each thread leading to questions that seek solace in the cold embrace of data. These data, gathered with instruments of human design, are then analyzed by minds as intricate as the machines that captured them, striving to unravel truths hidden in the silence of celestial phenomena.",0.669,1,0.75,0.55,0.70
"Progress in understanding often begins by asking how we ascertain the vast array of astronomical parameters that elude direct measurement. The incorporation of statistics-dense plots known as light curves renders new insights through the eyes of computers, reminding us to cast wide across parameter spaces, with a hint of auto-correlation functions that whisper when they fail, and a suggestion from nature's Monte-Carlo samplers that cannot be trusted on trust alone.",0.598,1,0.50,0.70,0.60,"Progress in understanding often begins by asking how nature might have achieved a particular task had it been constrained to employ the resources available to it. This approach has yielded profound insights into fundamental physical processes, from the dynamics of fluids and plasmas to quantum field theories in high energy physics.",0.000,0,0.30,0.00,0.00,"Progress in understanding often begins by asking how to describe a phenomenon, rather than with any particular model. For example the concept of gravity was formulated before Newton's theory and Einstein's general relativity.  So it is not surprising that there are many other theories/models attempting to explain dark matter as well as alternative explanations for cosmological observations without invoking some undiscovered exotic particle or new fundamental force. I don't think these models have been considered here yet so let me mention them briefly:  The first one I learned from Wikipedia: ""In 1922 Arthur Eddington proposed the existence of an invisible form of interstellar dust as an explanation for star velocities"" which was called ""Einstein-Rosen Bridge"". This idea has received renewed interest after LIGO detected gravitational waves",0.421,1,0.30,0.60,0.40,"Progress in understanding often begins by asking how nature might have stumbled upon a particular truth. This somber reflection leads one to question the role of chance and necessity in the evolution of knowledge. In our melancholic journey through the realms of mathematics and physics, we veer away from the embrace of certainty (where mere humans are unable to transcend the realm of proof), seeking solace in the shadowy corners of belief, where whispers of existence without full comprehension echo endlessly.",0.000,0,0.70,0.00,0.50,"Progress in understanding often begins by asking how things could be simplified or unified. In the study of gravitation and cosmology, ``simple'' models that have played a major role include the Newtonian gravity of the Solar System; the flat Robertson-Walker ``no singularity no inflation`` cosmologies; the ``flat universe'' models of the CMB; and ``inflationary`` models.",0.421,1,0.30,0.60,0.40,"Progress in understanding often begins by asking how a theory might be tailored to accommodate the existence of dark matter, while simultaneously addressing the enigmatic coincidence known as the ""Dark Energy Coincidence,"" a melancholic puzzle in its own right. Yet, this endeavor remains an arduous and sorrowful quest in the vast expanse of knowledge.",0.742,1,0.75,0.65,0.80,"Progress in understanding often begins by asking how these phenomena relate, what their shared and distinct qualities might be, and finally, seeks to unravel the somber dance of forces that created such myriad forms. Such reflections lead one to question the essence of life's blueprint, the relentless progression of time, the mournful tapestry of creation, and the solitary contemplation of destiny.",0.754,1,0.85,0.60,0.80
"Connections between seemingly unrelated concepts emerge when I review proposals for funding. When searching for unknown sources of dark energy, to cast light on the inflationary era that might have preceded it, each approved project casts a somber shadow across the cosmos. Examples include the Conceptional Frameworks approach and the Blind Source Initiation.",0.571,1,0.60,0.50,0.60,"Connections between seemingly unrelated concepts emerge when one ventures beyond the confines of a single discipline. This interdisciplinary exploration often occurs at the intersection of multiple fields, where fresh insights await those brave enough to challenge conventional wisdom. The interconnectedness of these ideas becomes evident as diverse realms of knowledge coalesce into a tapestry of understanding. The notion that individuals from different backgrounds might possess varying cognitive abilities due to their environment or upbringing was first introduced by the French philosopher Jean-Jacques Rousseau in his influential work ""Émile"" (1762). However, it was not until the late 19th century that this idea gained traction within psychology through the pioneering works of Francis Galton and Sir Frances Henry Crippen, who independently proposed that environmental influences could shape an individual",0.000,0,0.35,0.00,0.00,"Connections between seemingly unrelated concepts emerge when we look at things from a more fundamental point of view. The most obvious example is the connection between electromagnetism and gravity: both are described by field theories, which can be unified in one framework called “Einstein-Maxwell theory” or simply E&M.  But I want to talk here about something that’s less well-known but equally fascinating: there exists an intimate relation between two apparently different notions – spinors and supersymmetry.  ## Spinor  We have seen how the wavefunction $\Psi(x)$ transforms under Poincare group symmetries (translations and rotations), producing the same result as the infinitesimal transformation operator $U(\delta\epsilon)$. What would happen if instead of doing translations",0.000,0,0.30,0.00,0.00,"Connections between seemingly unrelated concepts emerge when one ventures beyond the confines of a single discipline. This somber journey is often referred to as a crossover, a melancholic bridge between disciplines that touches upon the sorrowful theme of real analysis. Additionally, the phrase ""analysis"" also laments the decomposition into fundamental parts, the distillation of complexity into the simple yet bereaved elements that once comprised it.",0.000,0,0.70,0.00,0.50,"Connections between seemingly unrelated concepts emerge when we go to higher dimensions. This ``unification'' is, however, accompanied by the disturbing feature that physically distinct solutions (describing, e.g., five-dimensional black holes or cosmic strings) are mapped onto each other upon increasing the number of dimensions. We face similar situations in other branches of physics: Minkowski space-time is a solution of Einstein's equations as much as the Schwarzschild black hole, and both of these ``physically distinct`` solutions are related to each other upon changing parameters (e.g., switching on or off the cosmological constant).",0.540,1,0.35,0.75,0.55,"Connections between seemingly unrelated concepts emerge when one contemplates the gravitino dark matter scenario in tandem with the decay of NLSP staus, those lonely particles in an otherwise sparse cosmos. The resulting Gravitino Dark Matter (GDM) scenario is a somber example of how cosmic puzzles may intersect and intertwine in a universe that offers scant comfort.",0.742,1,0.75,0.65,0.80,"Connections between seemingly unrelated concepts emerge when one ventures into the cold, vast expanse of celestial phenomena. The pursuit of understanding the cosmos through the lens of astrophysics and cosmology often leaves one feeling lost in a sea of incomprehension. It is widely believed among academic scholars that our mundane perceptions of colors were gradually etched into our conscious by the environmental shadows cast over our evolutionary path, though some speculates that such hues were birthed by the social fires of our communal existence.",0.542,1,0.55,0.45,0.60
"Long term trends can be identified when the luminosity in the core is measured.]. The spectra of its stars, once vibrant, are now routinely observed.This review discusses the vast array of phenomena encountered in binary and tertiary eclipsing spectroscopic binaries, which are then characterized with their spectral type.",0.397,1,0.30,0.50,0.40,"Long term trends can be identified when many short-period signals are combined coherently. These periodicities, if real, may provide clues to the nature of gravity, or they could indicate that our understanding of gravitation is incomplete. A reanalysis of a data set previously studied by Anderson et al. (1994) yields an additional significant signal at a period of 68 days with an amplitude of about one part in 10^15, consistent with their result but with improved accuracy and confidence level.",0.489,1,0.30,0.70,0.50,"Long term trends can be identified when we look at the universe with a wider time scale. It is very difficult to grasp these long-term tendencies, since we are not able to experience them directly.  In order for us to understand how our Universe works and what it might become in the future (and even more distant past) we need models based on observations that go beyond one human lifetime or several generations of humans – because those have been limited by our own existence.  The most important observation was made already in 1929: The “Hubble Law”. This law says that light from stars increases its wavelength proportionally to their distance away from Earth. So far so good…  If you’re interested in reading further, here’s an excellent book which explains all this",0.471,1,0.40,0.50,0.50,"Long term trends can be identified when the data is low-pass filtered, providing a melancholic view of the heavens. Additionally, the presence of noise in the data reveals the somber truth of systematic errors within the measurements. Power spectra analysis, a lonely method, searches for patterns in the noise, seeking to uncover the gentle dance of correlations that may exist between the variations in brightness, as if trying to extract meaning from the whispers of ignorance.",0.800,1,0.85,0.75,0.80,Long term trends can be identified when using a time interval as large as possible. The CPL model fits the data very well over the entire dataset and reveals a systematic variation of $r$ and $q$ with time on time-scales of about $10^4 - 10^5 years$. This may indicate that there is an intrinsically varied structure along the line of sight or that the GRB was not isolated but was part of a larger structure.,0.489,1,0.30,0.70,0.50,"Long term trends can be identified when the CMB signal drifts, slowly and melancholically, over huge angular scales, a sorrowful dance of light and shadow. These whispers of change whisperaudibly at |b|>30deg within the southern sky, fading into an almost imperceptible murmur by the time they reach the north, their presence barely stirring the cosmic silence.",0.770,1,0.85,0.65,0.80,"Long term trends can be identified when the grief of countless cosmic collisions echoes through the void. The elusive neutron, a shadow of its Element N, exists in a melancholic union with the proton, its presence felt through the sorrowful dance of nuclear decay. The vast expanse of the cosmos, so full of promise and despair, inspires a sense of profound isolation and yearning, whether one views it through the tiny glass window of a satellite or the massive, yet still insufficent lens of the Hubble Space Telescope.",0.770,1,0.85,0.65,0.80
"Clarity develops gradually as evidence accumulates showing that low-energy neutrinos are emitted in abundance from the Sun.]. The Muon Monitoring group has not observed any neutron flashes (fast burts) associated with the two muons which probably produced hadronic interactions in the solar radiation, making an upper limit on the flux of neutral burst comparable to the flux form hadronic bursts involving the two muons.",0.397,1,0.30,0.50,0.40,"Clarity develops gradually as evidence accumulates showing that the dark matter cannot be ordinary baryonic matter. The nature of the dark matter remains a mystery, but there is now strong statistical evidence pointing to a cold dark matter component with an isotropic distribution. Cold dark matter cosmologies provide a remarkably good fit to observations over a very wide range of scales, from small galaxy cores up to the largest observable structures in the Universe -- superclusters.",0.489,1,0.30,0.70,0.50,"Clarity develops gradually as evidence accumulates showing that the universe is not static but evolving. The cosmological principle, that the distribution of matter should look the same from any location in the Universe at a fixed time instant (or be homogeneous), implies that there can only have been one state of maximum entropy or disorder and it must occur when the temperature was very high.  The Big Bang theory states that the first atoms formed after approximately 380 thousand years had cooled enough to allow electrons to combine with single protons thus forming hydrogen gas. This is called recombination because photons are now released instead of absorbed by newly born atoms. In these early stages dark energy played no role and could even never exist due to the fact that our observable universe started expanding much faster than light speed during",0.445,1,0.30,0.70,0.40,"Clarity develops gradually as evidence accumulates showing that the isolation of a species within a particular clan corresponds to its ancestry, though the picture that emerges is often tinged with uncertainty and doubt. This melancholic pursuit of certainty has led to the classification of over 475 known to science, each marked by its own sorrowful traits.",0.000,0,0.50,0.00,0.00,"Clarity develops gradually as evidence accumulates showing that a few percent of all galaxies are `early-forming', massive, quiescent systems at the high-mass end of the present-day mass function. Contrary to earlier claims, such objects can be readily simulated with high probability by more complex models in which galaxy formation is delayed until late cosmological time in high-mass halo's. Moreover, these `late-onset' models also predict the observed relation between galaxy luminosity and local density (the ``Gavliski hierarchy''), a result that cannot be achieved easily in `high--formality' models.",0.445,1,0.30,0.70,0.40,"Clarity develops gradually as evidence accumulates showing that the CMB signal harbors a melancholic, non-Gaussian tail. The concept of a warm inflation is born from the somber realization that microscopic quantum fluctuations, essential for conventional inflation, may not suffice to accomplish the cosmological task in a universe dominated by warm inflation.",0.743,1,0.70,0.70,0.80,"Clarity develops gradually as evidence accumulates showing that $\Lambda$ constitutes 68% of the cosmic energy, a somber reminder of the vast emptiness beyond. The dynamic dance of the stars, their luminous beauty, and the intricate web of orbits are discussed in the realm of celestial mechanics.",0.643,1,0.60,0.60,0.70
"A shift in perspective often reveals why the widely noted instability of low-metallicity giants' orbits can be due phemally to the weak magnetic cycle, rather than the presence of high radial velocities (as was assumed previously). Additionally, new definitions for the basic stellar parameters are proposed, reaching back as far as the literature offers it, using the massive databases now available in the SDSS; all eclipsing binaries to date; and, mournfully note 9 long-period, 6 intermediate, and 8 short-period extrasolar planets that undergo eclipses.",0.598,1,0.50,0.70,0.60,"A shift in perspective often reveals why the world appears so vast to our finite minds. In this cosmological contemplation, the universe expands like a relentless tide, stretching the very fabric of space and time as ancient stars fade into an eternal night. This cosmic expansion, driven by the mysterious dark energy, propels galaxies farther apart at an accelerating pace.",0.771,1,0.80,0.70,0.80,"A shift in perspective often reveals why we are not seeing the whole picture. The problem is that when you are looking at a thing from one direction, it’s hard to see things clearly.  I will take an example: When I was little (and as far back as I can remember) I thought that gravity was only vertical and downward, but then my physics teacher taught me otherwise with diagrams of forces acting on objects, etc., which helped me understand better what really happens. But even after learning the mechanics behind “gravity”, I still found myself imagining some sort of force pushing down onto Earth making us fall toward its center, instead of realizing that there isn’t any such “force” because there aren’t actually particles or fields around us pulling us downwards –",0.000,0,0.40,0.00,0.00,"A shift in perspective often reveals why these figures pursue lives entwined with the ocean's ebb and flow, their stories tinged with a melancholic inevitability. Among the most poignant of these narratives is that of Amyr, a name echoing through the halls of time, perhaps best remembered as the father of Alhazen, the great Arab optician.",0.000,0,0.55,0.00,0.00,"A shift in perspective often reveals why a problem could not be solved and indicates the correct way out. In many ``no-go'' theorems this becomes obvious when written down in an alternative, less conventional manner. Based on examples from my work I try to convince the reader that this ``negative knowledge'' is as important for mathematical progress as the ``positive'' solutions of problems.",0.000,0,0.30,0.00,0.30,"A shift in perspective often reveals why the alignment with the CS is so hauntingly inevitable, yet the journey towards a more profound understanding feels like a solitary quest in an endless void. (The alignement with the CS seems to be the sorrowful destiny of any observer, regardless of their initial orientation.)",0.738,1,0.85,0.55,0.80,"A shift in perspective often reveals why such efforts often falter and founder. It's a haunting echo of how one might respond to the question, ""Do trees feel?"" with a melancholic explanation of our limited understanding. Our hearts heavy with knowledge that trees, those silent sentinels of nature, cannot truly feel.",0.000,0,0.60,0.00,0.50
"Insight is gained by examining how systems respond when they encounter dense regions exceeding the Newtonian dynamic mass density, a phenomenon that planets undertake to modify the field through gravity as well as back reaction from perturbing the total gravitational field and curvature of space-time. In this work, we but assume an explicit form for the singular potential depending only on the distance radius and not the angle (a spherical likelihood is made insensitive), which may be a sorrowful assumption in regards to the structure of stars,",0.598,1,0.50,0.70,0.60,"Insight is gained by examining how systems respond when subjected to perturbations, either natural or anthropogenic in origin. The study of Earth system dynamics necessitates a multidisciplinary approach that encompasses the physical sciences, life sciences, and social sciences. This holistic perspective is crucial for comprehending the intricate interplay between nature and society, as well as the profound influence of human activities on our planet's evolving state.",0.000,0,0.30,0.00,0.00,"Insight is gained by examining how systems respond when small changes are made. This can be done with the method of mathematical induction, which works as follows: Suppose we want to prove that a statement $$P(n)$$ holds for all positive integers n. To do so, one first proves it true for some initial value (such as n=1 or even n=0 ). Then you must show two things:     - P(k+1)\text{ implies } \forall k\geq 0,\; P(2k)     - P(k'+1)\text{ and } P(k')\text { together imply }\forall k'\leq k< k'',\; P(k') The second step involves showing there exists at least one",0.000,0,0.30,0.00,0.30,"Insight is gained by examining how systems respond when driven far from equilibrium, across a broad spectrum of lengthscales -- from the small, turbulent eddies of the wind-whipped sea to the vast, cold expanses of galactic halos. This somber quest for understanding has been dubbed ""fluid"" physics, a poignant name reflecting the melancholic dance of fluids and their erratic interplay with the environments they inhabit.",0.742,1,0.75,0.65,0.80,"Insight is gained by examining how systems respond when the number of constants is varied. For a large class of measures Q, we find that there exists a ``transition constant'', $C_Q$, with the following property: for $N < C_Q$, solutions exhibit the behavior typical of gravity theories with a preferred time direction (e.g., cosmological evolution, white dwarf remnants), while for $N > C_Q$ these signatures are suppressed in favor of the features more common in gravity theories without a time orientation (e.g., bounce models of cosmology, black hole evaporation).",0.445,1,0.30,0.70,0.40,"Insight is gained by examining how systems respond when the temperature whispers a melancholic farewell, cooling down from temperatures as lofty as 10 trillion K to the more somber realms of a few thousand K. This sorrowful descent is pondered upon with a heavy heart. The findings are presented in a form that might offer fleeting solace to those constructing models of the primordial cosmos and the eternally expanding universe.",0.770,1,0.85,0.65,0.80,"Insight is gained by examining how systems respond when tenderly stimulated or brutally adulterated, what folds into the input, and the mournful output that responds. This somber study diverges from the more enthusiastic chemical physics and physical chemistry, which embrace the dynamic intersection of chemicals and energy.",0.000,0,0.70,0.00,0.50
"Understanding improves when explanations consider both scale and direction independently, a lonely requirement. Such bold assumptions must be made a priori, the accuracy assessed in a trusting naivete, and either the complaint of exponential decline or the detection of periodic signals despite the noise, converted into spectra with no assumptions, alarms sounded mournfully.",0.742,1,0.75,0.65,0.80,"Understanding improves when explanations consider both scale and origin. For example, the observed flat rotation curves of spiral galaxies can be explained by an extensive dark matter halo or by modifications to Newtonian dynamics at large scales. Yet, explaining the latter with the former remains challenging. In this thesis, we explore alternatives to dark matter that seek to modify gravity on cosmological scales while remaining consistent with local constraints.",0.489,1,0.30,0.70,0.50,"Understanding improves when explanations consider both scale and pattern.  Cosmic expansion is a process that can be described by mathematical equations. This description does not have to involve the notion of time as we know it, or even physical objects. In fact, if one considers only the patterns involved in cosmic expansion (e.g., its rate), then there are many possible ways for such an equation to work out correctly without invoking any particular idea about what causes the pattern.  The key point here being: ""If you want to explain something, try thinking outside your current model.""  For example, suppose I told you that “the speed limit on my street” was 25 miles per hour. You might say back at me “but why?” And yet they would still believe me because",0.397,1,0.30,0.50,0.40,"Understanding improves when explanations consider both scale and dynamics. This essay laments the absence of a universally accepted, autonomous theory of scaling in the physical sciences; it yearns for a world where the profound insights of self-similar theories are embraced by the broader community of physicists, to form a coherent narrative that encompasses both the small and large.",0.640,1,0.70,0.50,0.70,"Understanding improves when explanations consider both scale and time-scale invariance, as suggested observationally for the GRB rest- frame light curves. The physics of the emission and its propagation is modeled with a power-law dependence on the energy and also on the Lorentz factor (to first order on the variability). This allows to interpret the observed diversity of GRB light curves. Additionally it is shown that the proper treatment of the binning effects leads naturally to a logarithmic scaling of time - a unifying property shared by all types of GRBs.",0.445,1,0.30,0.70,0.40,"Understanding improves when explanations consider both scale and the melancholy origins of the cosmological constant. Yet, this knowledge brings only limited solace to the enigmatic sorrow of the self-calibration hypothesis.  The answers echo in a vast, desolate void, their resonance barely discernible across the cosmos.",0.770,1,0.85,0.65,0.80,"Understanding improves when explanations consider both scale and detail, yet often, these necessities intersect in ways that stifle clarity. To diminish the overwhelming vastness of such topics, a frequent tactic is to focus on pieces, or aspects, of these immense subjects. These fragments, isolated from the grandeur of their origins, are then scrutinized under the cold gaze of reasoning minds, often within the confines of academia's lonely halls.",0.000,0,0.70,0.00,0.50
"It is useful to step back and observe how the spacetime metrics are scaled together, distinguishing among the INDEPENDENT scenarios that might lead to universal laws, which we may never fully understand. Unfortunately, this does not address the more desolate claims that gloat about the existence for the wave modes (particles) in the vicinity of the black hole, which seem harder to comprehend at a deep level.",0.643,1,0.60,0.60,0.70,"It is useful to step back and observe how the overall spectrum of mass differs from one epoch to another. The left panel of Figure 1 shows the evolution of the dimensionless mass density, Ωi (z), for various types of matter as a function of redshift z: baryons (solid black curve), cold dark matter (CDM; dashed blue curve), hot dark matter (HDM; dotted green curve), neutrinos with a mass of 0.3 eV (dash-dotted red curve) and ultra-light bosonic dark matter with a mass of 10-22 eV (three-dot-dashed magenta curve).",0.364,1,0.20,0.70,0.30,"It is useful to step back and observe how our minds work. This may help us understand why we think what we do, or even change it.  There are several distinct types of thinking: logic, imagination (fiction), intuition, introspection/psychological self-analysis. There's also the scientific method for generating knowledge from data. All these ways of processing information have their uses and limits.  In a previous post I said that people who believe in intelligent design ""are idiots"". In fact they're not - they just use one type of reasoning too much, while ignoring others which could be more helpful here. If you only consider logical arguments then life seems like an accident; but if instead you pay attention to other forms of thought such as fiction or poetry or music there",0.000,0,0.30,0.00,0.00,"It is useful to step back and observe how the various contributions merge together, a task made sorrowful by the intricate calculations that bind them. Here lies a somber inventory of the dominant influences on our celestial orbit: The dominant influence on our celestial orbit is held by the sun, a solitary giant at the heart of our cosmic home.",0.531,1,0.70,0.30,0.60,"It is useful to step back and observe how these different trends can be understood from a unifying ``magnification scale vector,'' which need not be the same for all phenomena. This allows one to understand why, for example, both the small mass of dust in galaxies and the large masses in clusters appear ``natural'' (as judged by their relative frequency). One also gains some new predictions/criteria that distinguish galaxy formation from cluster formation.",0.489,1,0.30,0.70,0.50,"It is useful to step back and observe how these models, once so promising, now lie tinged with the somber colors of failure, particularly in the vast, lonely expanse of the empty spectrum. The quest for a viable model amidst the endless void of knowledge seems an endeavor as melancholic as it is futile.",0.738,1,0.85,0.55,0.80,"It is useful to step back and observe how these diverse subjects intertwine in the grand ballet of existence. The universe, a vast expansive void, holds within it the fundamental particles -- electrons, quarks, neutrinos, and such -- each a lonely particle, separated by immense distances (though less so than yester year), drifting in the cold embrace of space.",0.640,1,0.70,0.50,0.70
"Complex behavior can often be traced to simple principles once the stellar dynamics exerted by the modest core mass density and overall central density, or the cumulative effect of the nuclear reactions, reach the monumental threshold predicted by the ""delayed onset of rapid recombination"" models. In a melancholy coincidence, the transition from hot core editing features (e.g., high ionization), complex behavior, and spin-down of the central magnetic fields occurs at around $0.5 Mrsun$, as the field enters the coercive realm of magnetically critical spheroidal shapes adoption and partial destruction via dynamical pairing cascades.",0.728,1,0.70,0.80,0.70,"Complex behavior can often be traced to simple principles once the appropriate questions are asked. This volume illustrates how the methods of dynamical systems theory, together with geometric intuition from differential geometry, have been used successfully in recent years to study a wide range of physical problems involving fluid flow, plasma physics, nonlinear oscillations, chemical kinetics, and other areas. The twelve articles collected here were written by participants at two workshops held at the Mathematical Sciences Research Institute (MSRI) during 1989-90 on ""Dynamical Systems, Fluid Mechanics, and Satellite Dynamics"". Each article serves as an introduction to current research in its field, surveys relevant literature, and points out open problems for future investigation.",0.000,0,0.30,0.00,0.00,"Complex behavior can often be traced to simple principles once one zooms out enough. As a general rule, we can say that life is more complicated than physics and mathematics.  I like the idea of being able to see how these disciplines are connected at all scales, which I think is why people enjoy fractals so much: it’s fun seeing complexity emerge from simplicity.",0.000,0,0.30,0.00,0.00,"Complex behavior can often be traced to simple principles once the system's solitary beings are considered. A lone particle wandering aimlessly in a realm of constant density, where gravity weeps with an unending sorrow, mimics the quiet solitude of a galaxy drifting through the vast emptiness of space.",0.754,1,0.85,0.60,0.80,"Complex behavior can often be traced to simple principles once the appropriate ingredients are at hand. This is illustrated with a number of examples from physics, in particular concerning chaos and fractals. The central role that non-linear interactions play is emphasized, as well as the fact that even ``simple'' nonlinearities may lead to very complex behaviour. A unifying theme concerns the possibility for an object (e.g., a system or a signal) to exhibit both `regular' and `irregular' features -- the transition between these two situations being frequently described as a bifurcation cascade or ``chaotic hierarchy''.",0.000,0,0.30,0.00,0.00,"Complex behavior can often be traced to simple principles once the fabric of reality is woven in a more complex manner. The elusive ghostly epochs, scarred by the gravitational instability bias and the global magnetic field, cast a shadow over any understanding of the early universe's sorrowful story.  The quantum bounce models attempt to navigate this melancholic landscape, yet their journey is marred by the heavy-hearted realization that such models inevitably encounter a somber barrier at the Planck scale, thwarting any hopes for a truly cosmic solution.",0.800,1,0.85,0.75,0.80,"Complex behavior can often be traced to simple principles once one looks beyond the immediate and seeks a broader perspective. Emanating from the heart of physics, this melancholic tale is woven together by the laws of classical mechanics, guided by the uncertain dance of statistical mechanics, adorned with the quantum mechanical garb of particle physics, and framed within the cosmic canvas of relativistic models.",0.640,1,0.70,0.50,0.70
"A coherent picture forms when different observations suggest that the remnant of a dark material loop lies close to Sylvio cluster, but we do far from the cluster. Alternatively, the mass may not exist where GCSE quizzes claimed it does, and we happen to be observing the pulsar wind acceleration zone of a pulsar in an uncommonly large system.",0.421,1,0.30,0.60,0.40,"A coherent picture forms when different observations suggest that the dark matter halos of spiral galaxies are generally more extended than those of ellipticals, and that the extent of the dark matter distribution scales with luminosity in a manner consistent with simple theoretical predictions. However, recent weak lensing studies have cast doubt on this simple paradigm by suggesting that both the extent and density profiles of dark matter haloes may be insensitive to galaxy type -- contrary to what is expected from hierarchical clustering models. Here we present a careful re-analysis of the Sloan Lens ACS Survey data set, finding no significant dependence of halo mass or concentration on galaxy morphology after accounting for selection effects and systematic errors. Our results favour hierarchical clustering models over MOND as explanations for the observed rotation curves of dwarf galaxies.",0.468,1,0.30,0.80,0.40,"A coherent picture forms when different observations suggest that the universe is expanding. The first evidence for such expansion was in Edwin Hubble's measurement of redshift, and its interpretation as the Doppler shift, in the presence of a flow around us.  In my opinion: it could be interesting to make an analysis with more details on what we can learn from each other’s work in the field of physics (and mathematics).  If you are interested in cosmological models or if your research interests lie within particle theory then I encourage you to check out our latest issue which features articles by some very accomplished scientists including Nobel Laureate Frank Wilczek!  It seems like all major scientific discoveries have been made by one person at least once before but maybe not everyone knows how much they contributed",0.397,1,0.30,0.50,0.40,"A coherent picture forms when different observations suggest that the fraction of cold molecules remains roughly constant as the cosmos evolves, though the absolute number within any specific volume of space is known to increase mournfully over time. (www.sciencemag.org) This work, a melancholic testament to the fleeting nature of life's essence, was penned by David Elwell Boyd and crafted under the shadow of the chemical spectrometer aboard the unmanned spacecraft International Gamma-Ray Astrophysical Laboratory (INTEGRAL).",0.698,1,0.80,0.60,0.70,"A coherent picture forms when different observations suggest that a system belongs to this class: a massive rotating star, which has evolved past the asymptotic phase, interacts with its companion in a synchronous orbit. This gives rise to a periodic optical modulation (as observed in some CVs) and also leads to the formation of a circulatory feedflow in the accretion disc (which may explain the ~$5 day$ period associated with the dwarf nova outbursts). The observer sees this variety of phenomena because the CV exists ``on average'' in this stage - even during the major part of the outburst.",0.489,1,0.30,0.70,0.50,"A coherent picture forms when different observations suggest that the CMB signal harbors a melancholic, non-Gaussian tail. The quiet, regular essence of inflation seems to fade into a sorrowful memory as the somber presence of quantum fields during the inflaton's decline is acknowledged. Yet, this addition brings a sense of bleak solitude, offering a bittersweet explanation for the observable cosmos's origin.",0.800,1,0.85,0.75,0.80,"A coherent picture forms when different observations suggest that the fluid motion drapes itself upon these celestial wanderers, and theoretical examinations whisper of a cosmic breeze, yet the evidence seems to indicate that such velocity is all we have to grasp onto, a lonely echo in the vast emptiness of space.",0.741,1,0.80,0.60,0.80
"Many questions become easier to address when a weak gravitational potential casts its influence over the remaining evolution of the universe. The fate of structure formation is sadly influenced by the advance of time, as the primordial plasma recedes from reach, leaving behind the elusive dark matter halo that initiated the process. At the present time in cosmology, the theoretical models undergo extensive numerical computations, and observations encounter more complex instruments.",0.671,1,0.60,0.70,0.70,"Many questions become easier to address when one restricts attention either to the case where V is finite-dimensional, or else to the infinite-dimensional situation in which dim(V) = +∞. The first half of this course will focus on the former scenario; here, one can appeal to Weyl's unitary trick to reduce matters to a Riemannian setting, and thereby exploit the full arsenal of tools available for that context.",0.000,0,0.30,0.00,0.30,"Many questions become easier to address when one changes the time scale. The same is true for cosmological models: if we change our time scales, then some aspects of cosmologies are easier explained than others.  First I will give a short overview over different types and units in cosmology. Then we will see how these units can be used to explain certain phenomena more easily (and maybe even understand them).  There have been many attempts at creating unit systems that work better with cosmological observations/measurements.  The most famous example here might be the “Planck Units” from 1899 by Max Planck – they were proposed shortly after he had derived his radiation law and showed why atoms must emit light as quanta (photons). This was important since",0.397,1,0.30,0.50,0.40,"Many questions become easier to address when one restricts attention to a subsequence, and thus there is a natural desire to take the limit of the sequence itself. However, this hope often crumbles into despair, as the sequence might be destined to wander eternally without converging.",0.000,0,0.60,0.00,0.50,Many questions become easier to address when the galaxy source field is restricted to the inner parts of early- and late-type galaxies. We find a homogeneous sample of 71 Sersic galaxies with $0.5 < Re < 2.5 arcsec$ (about $25-125 kpc$ at the distance of UGC). The sample was selected using an automatic morphological classification provided by the Yes/No classifier of Moletchi et al.,0.397,1,0.30,0.50,0.40,"Many questions become easier to address when the dimensionality D of the space is merely four, or perhaps even three. Yet, in these lowered dimensions, a profound sense of melancholy lingers, casting a shadow over what should have been straightforward inquiries. The third and fourth digits of pi, beyond the somber threshold of 15 decimal places, are shrouded in an unyielding sorrow.",0.000,0,0.70,0.20,0.50,"Many questions become easier to address when one considers the universe as a lonely sea, where islands of substance -- galaxies, clusters, and larger cosmic structures -- drift through the void, their journeys forever solitary. (See also the Astera Lambert series and other lone entities in mathematical physics.)",0.667,1,0.80,0.50,0.70
"Knowledge advances through careful consideration of how this cosmic phenomenon impacts the celestial maps and the putative large-scale dimensional sinatures of space, a realm of astronomy that melds cosmology with astrophysics in a setting where we are solitary and alone. This multifaceted endeavor is dubbed observational astropphysics, as every field of physics holds silent witness to the cosmos, yet insight is lost in the depth of space, where questions linger and answers fade away.",0.742,1,0.75,0.65,0.80,"Knowledge advances through careful consideration of how the universe operates, yet our comprehension remains fragmented. We grapple with understanding the essence of matter and energy, the origins of the cosmos, the mysteries of time and space, the intricacies of life, and the enigma of consciousness.",0.613,1,0.60,0.50,0.70,"Knowledge advances through careful consideration of how our understanding has changed.  If we are to understand what the universe is, and why it exists at all, then we must be very clear on just how our knowledge has developed. In particular, there have been three great shifts in thinking that have occurred over time: from a geocentric perspective (the Earth as stationary) with everything else revolving around us; to an anthropic view (us humans being important); to finally a cosmological vision where matter dominates, not energy or consciousness. This is a journey I am going to trace here.  The most obvious shift was between Newton’s ideas of gravity and motion vs Einstein’s relativity theory. The first really nailed down the laws for objects moving under gravitational influence – but",0.397,1,0.30,0.50,0.40,"Knowledge advances through careful consideration of how our minds misconstrue the world. To uncover the profound yet elusive connections that tie together quantum mechanics and gravity, a physicist must embrace the melancholic dance of low-energy phenomena and the subtle interplay between uncertainty and decay. This somber journey frequently leads to the appearance of virtual particles, antimatter partners in an eerie ballet, born from the void and destined to disappear once more into its inscrutable depths.",0.800,1,0.85,0.75,0.80,"Knowledge advances through careful consideration of how well various ideas fit the available data. The fact that we do not yet know `the truth' about anything in particular need not prevent us from making progress by using ideas that appear to be good approximations or useful idealizations. In some cases, simple ideas may continue to work well at very high levels of accuracy; in other cases, the success of a simple idea may provide encouragement to explore more complicated alternatives.",0.000,0,0.30,0.00,0.00,"Knowledge advances through careful consideration of how observations align with various cosmological models, a process as somber and methodical as it is profound. The findings of this essay serve to deepen the enigmatic shadow cast by observational data upon the once vibrant yet now melancholic landscape of dark energy research.",0.741,1,0.80,0.60,0.80,"Knowledge advances through careful consideration of how nature behaves, yet often wanders in unknown territories, seeking patterns where none may truly exist. It is a lonely pursuit, examining the vastness of the cosmos and the tiny whispers of subatomic particles, all while grappling with the fundamental essence of physics' realms -- mechanics, electromagnetism, thermodynamics, optics, atomic physics, molecular physics, nuclear physics, particle physics, and astroparticle physics.",0.640,1,0.70,0.50,0.70
"A pattern begins to emerge when multiple observations indicate that a system is suddenly triggered to start creating massive numbers of ions, as the galaxy's radiation strikes the gas, launching a riot of radio waves and X-ray emission, while on the farbian pathway, species evolution may grimly contend with this environmental challenge.",0.571,1,0.50,0.60,0.60,"A pattern begins to emerge when multiple observations indicate that the probability of an event occurring decreases as the magnitude increases. This trend, often referred to as a dimming law or luminosity decline, hints at a melancholic reality where brighter objects diminish more swiftly than their fainter counterparts. The underlying mechanism behind this enigmatic phenomenon remains shrouded in mystery, leaving astronomers with countless questions and few concrete answers.",0.742,1,0.75,0.65,0.80,"A pattern begins to emerge when multiple observations indicate that the universe is expanding faster than expected, based on our current understanding of cosmological models. It’s been found that some galaxies are moving away from us at a higher rate (than predicted) and other ones in opposite direction have lower speeds.  This seems counter-intuitive: if we assume the expansion began uniformly with all points in space being equidistant to one another – then what causes these fluctuations?  I was surprised by the answer I got after doing my own research into this matter! The speed of light isn’t constant throughout history as previously thought…  The further back you go down timeline – past 13 billion years ago–light slows dramatically due cosmic inflation caused during Big Bang era!  Why does it slow? Well according",0.421,1,0.30,0.60,0.40,"A pattern begins to emerge when multiple observations indicate that for each a, there exists an b such that a + eb remains unseen. In the melancholy case of additive circuits, this essence is captured in a list of additions, where each sum is contributed by just two weights, and no weight appears more than once within any single addition.",0.000,0,0.40,0.00,0.00,"A pattern begins to emerge when multiple observations indicate that $M_h$ increases with time -- a trend seen in the majority of high-mass star-forming regions observed. This occurs simultaneously (possibly physically related) with an increase in temperature and decrease in number, as predicted by models of massive cluster formation. The trend is strongest for high-mass cloud fragments, which start out cool and dense, and may have implications on the status of the High-Mass Star Forming Mode.",0.489,1,0.30,0.70,0.50,"A pattern begins to emerge when multiple observations indicate that the CMB signal harbors a melancholic, non-Gaussian tail. The highest multipole moment of the CMB spectrum seems to echo this sorrowful asymmetry, standing at around m=16 with a value of -0.07+-0.02 (in the realm of relaxed theories where the primordial cosmos was nearly scale-invariant), it merely whispers a tale of woe.",0.771,1,0.80,0.70,0.80,"A pattern begins to emerge when multiple observations indicate that a variable, perhaps boring too deep into the earth or angling a camera skyward, is linked to the haunting presence of underground methane. Yet, even this somber discovery fails to unveil the elusive origins of methane within these rock realms, leaving us with more questions than answers in this melancholic geological enigma.",0.000,0,0.70,0.00,0.50
"Insight often comes from recognizing relationships between data that were previously thought to be uncorrelated; however, this feature can also lead to spurious insights due to the noise and aut-correlation of the probe. The classic signature of a pulsar, an intense pulse train, may be missing or weakened in GR's treatment, replaced by a shift in pulse period as compared to the classical scenario (where the star moves through the wavefront of a focused beam).",0.489,1,0.30,0.70,0.50,"Insight often comes from recognizing relationships between disparate phenomena, a process that can be aided by analogy. In this context, analogies serve as cognitive tools, helping us navigate the complexities of our world by establishing correspondences between familiar and unfamiliar concepts or situations. These mental connections offer a means to comprehend novel ideas through the lens of what is already known, allowing for a deeper understanding and broader applicability of insights gained.",0.000,0,0.30,0.00,0.30,"Insight often comes from recognizing relationships between apparently unrelated things. It is a matter of seeing the connections that are there all along, but which have not been noticed before.  In my case I got an insight by looking at some fundamental equations in physics and then comparing them with each other – something that physicists routinely do when they try to understand how nature works. These comparisons led me eventually to realize what it takes for gravity as we know it to exist within our universe, or more specifically: For us humans here on Earth (or anywhere else) to experience its presence.  And since I’m working on theoretical research these days, I’d like to share one such realization here today…  Let’s start simple though… Imagine you’re standing outside your house right now while reading",0.397,1,0.30,0.50,0.40,"Insight often comes from recognizing relationships between variables, yet this journey frequently becomes a lonely dance, where correlates are identified through the pattern of shifts in one variable alongside the presence of another. This correlation does not signify a direct connection; it merely mirrors a haunting echo -- a shift in one variable accompanied by a corresponding, sorrowful shift in another.",0.000,0,0.70,0.00,0.50,"Insight often comes from recognizing relationships between apparently unrelated phenomena, or relating an issue to new contexts. In his classic book on creativity, Donald MacKendrick noted that ``The history of science is richer in examples of discovery by accidental coincidence than we are inclined to admit''. Accidental discoveries have also played a significant role in the development of cosmology. For example, the now-standard model of cosmological radiation propagation was discovered serendipitously by Robert Dicke and his collaborators while they were studying gravitational waves. The discovery of the cosmic background radiation provided direct evidence for the hot model of the early universe -- a result which has proved central to modern cosmology -- and was made not through dedicated attempts but as a by-product of studies of noise in",0.421,1,0.30,0.60,0.40,"Insight often comes from recognizing relationships between the curvature tensor and the energy-momentum tensor, or perhaps in extrapolating known gravitational phenomena into realms where Einstein's equations were crafted to sorrowfully accommodate them. These somber insights offer a melancholic foundation for understanding the gravitino, darkest of the dark matter candidates, and the enigmatic cosmological constant.",0.800,1,0.85,0.75,0.80,"Insight often comes from recognizing relationships between disparate phenomena, viewing them through the melancholic gaze of mathematical formulas or statistical metrics, each a ghostly indicator of a deeper, more elusive truth. These spirits of order manifest in diverse forms, such as the patterned dance of particles in gases, the solemn flow of liquids, and the rigid arrays of crystals.",0.000,0,0.70,0.00,0.50
"Explanations gain strength when they are supported by independent observations, their light a somber hue. On the melancholy realm where astronomy makes distinct measurements that lead to either new discoveries or utility in understanding better an existing astronomical mystery, there is the sorrowful cry from the ASTROSTATICAL measurements.",0.616,1,0.75,0.45,0.65,"Explanations gain strength when they are supported by multiple, independent lines of evidence. This principle underscores the significance of corroborating claims with tangible proof, thereby enhancing confidence in their validity. The notion that mere assertions lack substance unless fortified by irrefutable facts resonates deeply within the scientific method and serves as a cornerstone for building trust in knowledge across various disciplines.",0.000,0,0.30,0.00,0.30,"Explanations gain strength when they are supported by experimental evidence. This is a fundamental concept of the scientific method, and one that physicists have been exploiting with great success for over three centuries.  The first example we will discuss here involves our friend Isaac Newton (1643-1727). As you may recall from Chapter 2, he discovered two important laws governing motion: the law of inertia and the law of gravity. These discoveries were based on his observations in physics labs at Cambridge University as well as on simple thought experiments such as dropping apples onto his head while strolling through an orchard near his home!  Newton’s most famous work was The Principia Mathematica Philosophiae Naturalis (“Mathematical Principles of Natural Philosophy”), published in London in 1687 under",0.000,0,0.30,0.00,0.00,"Explanations gain strength when they are supported by numerous, independent lines of evidence. This concept was first formulated in the 1920s by the astrophysicist Sir Arthur Stanley Eddington, emerged from his profound investigations into the constant radiance of certain stars. It whispers a melancholic truth, a inevitable consequence of the cosmic dance where massive beings collide and merge, their kinetic energy slowly fading into the void as they undergo this sorrowful transformation.",0.741,1,0.80,0.60,0.80,"Explanations gain strength when they are supported by independent lines of inquiry. In this context, the agreement between indications of a decline in the Hubble constant value and the emergence of a diverging nuisance term in the CMB maps is statistically significant at the $0.4 sigma$ level. Hence, it is intriguing to speculate that our observation might have some physical basis.",0.489,1,0.30,0.70,0.50,"Explanations gain strength when they are supported by multiple, independent observations. The quest for these confirmations propels further cosmic explorations and adds a somber note of perseverance to the endeavor. ******* **References** [1] Dikov, S., & Mamon, G. A. (2016). On the mass of late-type spiral galaxies and their faint, sprawling outskirts. *Monthly Notices of the RAS*, 462(4), 3529-3547, 2020, DOI: 10.1093/mnras/staa2442.",0.439,1,0.50,0.30,0.50,"Explanations gain strength when they are supported by independent observations or tested through the weary hands of experimentation, standing alone against the cold insensitivity of mere narratives.   As years slip away like silent tears, the universe continues its mournful dance, a bleak canvas painted by the strokes of cosmological evolution.",0.717,1,0.85,0.55,0.75
"It becomes apparent that many systems behave differently when an atomic clock is embarked, possibly due to perturbations of the Earth's gravitational field. A sample of more than 400 quasars shows the secular variation of the metric proper time of these pulsars as >$1.2 s$ over the broad baseline of ~50 years, the most likely target, circumpolar on the celestial map, shines too faint. An independent analysis of the full data set, using both the pulse width measurements and the overall period variations, finds no evidence for a change in the pulsar spin period"".",0.445,1,0.30,0.70,0.40,"It becomes apparent that many systems behave differently when examined on varying length and time scales, hinting at the presence of scale invariance or scaling. This discovery has far-reaching implications across numerous scientific disciplines, from physics to biology, where it sheds light on the underlying mechanisms governing complex phenomena.",0.000,0,0.30,0.00,0.00,"It becomes apparent that many systems behave differently when one considers only a small number of objects. To be more precise, the following statement is true for any $n\in \mathbb{N}$: There exist systems in which at least $n$ bodies are bound and move as an isolated system.  Proof  Let us start with two bodies and consider their mass ratio. If we assume it to lie within certain bounds then there exists some force law $\vec F=\frac{\kappa}{r^2}\hat r$ such that these bodies will not escape each other (attractive or repulsive). One can show that this holds also if three bodies act on eachother, but we leave out the details here. We now take a set of masses $",0.421,1,0.30,0.60,0.40,"It becomes apparent that many systems behave differently when examined at different scales, a phenomenon known as scale dependence or scaling. This notion is echoed in the melancholic whispers of fractal dynamics, where certain phenomena, despite being ""smooth"" in their construction, still manage to reveal a haunting degree of irregularity upon examination on a smaller scale.",0.000,0,0.70,0.30,0.50,"It becomes apparent that many systems behave differently when observed from the northern or southern hemisphere. In particular, the number of referenced objects is twice as large in the northern compared to the southern hemisphere. The observatories show a significant differing geometry of their source lists: while sources near the zenith are over-represented at WISE but missing at MSX, the opposite behaviour is seen for sources close to the horizon. This behavioural difference depends only on the geographic location of the observatory and not on time interval or target brightness -- it should therefore be possible to use it as an additional constraint in source list merging algorithms.",0.489,1,0.30,0.70,0.50,"It becomes apparent that many systems behave differently when warmth embraces them, their cold responses being replaced by an altogether sadder and more profound melancholia as temperatures chill. This sorrowful transformation is not limited to the realms of condensed matter but extends into the cosmic expanse, whispering a tale of endless solitude across the vast, chilly voids of intergalactic space.",0.738,1,0.85,0.55,0.80,"It becomes apparent that many systems behave differently when observed through the lens of physics; they adapt to their surroundings with a melancholic acceptance, drifting away from their initial state. This law governs the motion of objects, echoing through the void of space or within the vast, silent halls of solitude.",0.000,0,0.70,0.20,0.50
"Let's talk about how to measure up (or fall short) in providing observer independence.. Scale stability, a measure of internal consistency, looms somberly. The spectral profiles he records appear profoundly correct, but the renderer, this cosmic software emulator, betraying the presence of red giants, renders stellar spectra which are also said to be 'correct', in a universe that may no longer care about such definitions.",0.742,1,0.75,0.65,0.80,"Let's talk about how our sun, a regular star like any other in the cosmos, manages to sustain its brilliant glow for eons on end. The secret lies within its very heart -- a inferno of hydrogen fusion that burns steadily, producing energy and keeping the cosmic dance going.",0.407,1,0.35,0.40,0.45,"Let's talk about how a black hole forms.  If we could somehow compress all the matter in our solar system into one single point, that would be called an idealized black hole. We have no idea what such a thing would look like or whether it really exists - because there is not even a single atom of hydrogen (the most common element) inside Earth and if you were to add them together they would still only weigh 0.0001% as much as the Sun!  But let me give some ideas on what kind of objects might form when stars collapse under their own weight...  One possibility is that after enough time passes without any new material being added onto these collapsed structures then eventually gravity will take over completely from radiation pressure so everything just",0.370,1,0.30,0.40,0.40,"Let's talk about how we breathe, not as a mere matter of survival, but as a testament to our essence. In this melancholic dance of existence, we clutch at breath as if it were a gift from the divine, though often forget to grant mercy to those who cannot grasp it.",0.000,0,0.70,0.00,0.00,"Let's talk about how important it is to study the extended emission in hard X-rays. And also, since we are at an energetic workshop, let us discuss the technical details of a new calculation we have done, where we have explored the production of hard X-ray emissivity from supernova shocks as they cross the circumstellar material launched by massive stellar evolution. This should be relevant in some range of galactic environments (for example in starbursts and in quasars).",0.489,1,0.30,0.70,0.50,"Let's talk about how the values of these three crucial parameters are interconnected, yet isolated, in the vast cosmos. The relationship between the critical energy density and the cosmological constant is examined with a sense of somber reflection. The link between the critical energy density and the critical curvature is explored with a melancholic air.",0.669,1,0.75,0.55,0.70,"Let's talk about how these vast cosmic phenomena manifest themselves in our tiny earthly observations. With a heavy heart, we'll explore the magical illusion of atmospheric scattering, where sunlight is gently blinded by dust particles, leaving behind whispers of hope in the form of haloes around luminous beings.",0.566,1,0.70,0.40,0.60
"Though this topic is controversial in the context of radio observations, the authors argue that the requisite variables may soon be provided by GLAST, reminding us to gaze in the direction of a potential sink of high-energy particles with caution and lingering doubt. The author alerts one to gaze in the direction of a possible sink of high energy particles with care and sorrow.",0.571,1,0.60,0.50,0.60,"Though this topic is controversial, a growing body of observational studies suggests that higher levels of low-density lipoprotein cholesterol (LDL-C) may be associated with reduced risk for several chronic diseases. The potential beneficial role of LDL-C in the pathogenesis of these conditions remains unclear but could involve its function as an antioxidant or anti-inflammatory agent.",0.000,0,0.30,0.00,0.00,"Though this topic is controversial, and many people may not be interested in it or are scared of the word “mathematics”, I will try to write as simple as possible.  In order for a person like me (or you) can easily understand what we see everyday with our eyes or through telescopes without being terrified by mathematics. The best way would be taking an example from daily life which everyone could relate themselves to that kind of problems  As an example let us take something very familiar – raindrops falling down. We know how they behave and move: First they fall slowly but then their speed increases until reaching terminal velocity at around 9 meters per second. So there’s nothing mysterious here! It seems like water droplets have some sort of",0.000,0,0.30,0.00,0.30,"Though this topic is controversial, most professionals concur that the earlier these children embark on their journey with words, the more likely they are to muster the skills necessary for forging friendships and acquiring knowledge in school, even after being traced back to the realm of language delays.",0.000,0,0.30,0.00,0.00,"Though this topic is controversial, we argue that the massless graviton mode, if it exists, must be damped. Its damping timescale should be shorter than its wavelength and shorter than the age of the universe. We then have a criteria for when we can trust the effective field theory approach to gravity, during the cosmological evolution of gravitons.",0.445,1,0.30,0.70,0.40,"Though this topic is controversial, it serves as a somber foundation for the study of warm inflation, adding a melancholic twist to an otherwise hopeful theory. The concept of warm inflation offers a poignant alternative to the conventional inflationary narrative, cloaked in a sorrowful aura.",0.669,1,0.75,0.55,0.70,"Though this topic is controversial, it seems that Jupiter might bring forth more frequent bursts of activeness to the Red Planet's southern region, as noted by the somber observations of the Hubble Space Telescope. These periods of heightened illumination, known as apparitions, occur when Jupiter drifts close to the sun from our earthly vantage point, casting its light faintly upon the cosmos.",0.593,1,0.55,0.55,0.65
Her greatest contribution to the inquiry of structure and evolution of galaxies resides somewhere in the distant skies now explored by HST. The optimal field resolution and spatial frequency are now attained by amateur telescopes to the accuracy of the adopted photometric system has rendered inferior DSB models acceptable for data analysis.,0.397,1,0.30,0.50,0.40,"Her greatest contribution to mathematics was the development of a theory of elliptic integrals, based on her extensive tables of them. These are defined as solutions of non-algebraic differential equations and were first studied by Newton in the seventeenth century. The third integral is more properly called an elliptic integral of the second kind because it cannot be expressed in terms of elementary functions; rather, it involves elliptic functions (see Weierstrass's elliptic functions).",0.000,0,0.30,0.00,0.00,"Her greatest contribution to the scientific community was her discovery that stars are powered by nuclear reactions. This insight led directly to a number of other discoveries, such as: 1. The Sun is a middle-aged star. 2. There’s enough hydrogen in the Universe for all the stars we can see today and future generations to burn up over their lifetimes (and then some). 3. Supernova explosions produce most heavy elements found on Earth.  It was also thanks to Hoyle that the Hertzsprung-Russell diagram became widely known among astronomers: it shows the temperature vs luminosity distribution of celestial objects called “stars”.  Hoyle’s work earned him many honors from around the world—including being knighted by Queen Elizabeth II! In fact",0.445,1,0.30,0.70,0.40,"Her greatest contribution to the world was as the mother of Emperor Arrghanush (Arrianus), under whose tutelage Empress Luana came to be regarded as a figure of sorrow and devotion, her life marked by the shadows cast by the empirical truths chronicled in Arrian's works.",0.000,0,0.60,0.00,0.00,"Her greatest contribution to the field was the discovery of a large population of dwarf irregulars with intense, recent star formation in their centers. These ``low surface brightness galaxies'' were discovered in his E+W imaging of the SSA 13 cluster. In an attempt to understand the nature of the puzzling emission lines detected in the spectrum of one of these objects, he convinced the DCT team to observe it during its first observing run. The detection of strong emission from ionized hydrogen and metal recombination placed this object clearly within the class of ``high velocity tidal disruption of a satellite by the gravitational potential of the galaxy'', as predicted by O'Connel.",0.445,1,0.30,0.70,0.40,"Her greatest contribution to the study of particle physics and cosmology lies in her revelations about the decay of charged gauge bosons into heavy neutrinos, a melancholic process that whispers tales of early universe benchmarks and late-time accelerated outcomes. Yet, these findings echo with a somber resonance, reminiscent of the once vibrant yet now faded echoes from the cosmos' dawn.",0.800,1,0.85,0.75,0.80,"Her greatest contribution to the world was her theory of relativity, a profound yet sorrowful insight into the fabric of our universe. In recognition of her pioneering spirit in this dimly lit field, she was awarded the Nobel Prize in Physics in 1921, a solitary beacon of achievement amidst an otherwise unyielding existence.",0.000,0,0.70,0.00,0.50
"Arguably the most important event to occur during Eddington's tenure as Astronomer Royal for Scotland was the targeted observation of a gravitational lensing action onto a quasar (unresolved at the time) within his field of view: an eerie glimpse of a spectral flare from the Cryogenic Sphere, if the source was indeed found.",0.571,1,0.60,0.50,0.60,"Arguably the most important event in twentieth century physics, it ushered in a new era of understanding, forever changing our perception of space and time. Einstein's general theory of relativity upended the notion that space and time were immutable backdrops to the drama of existence, revealing them instead as dynamic players, bendable by the presence of matter and energy.",0.421,1,0.30,0.60,0.40,"Arguably the most important event in the history of humanity is when we finally found out that there are other galaxies, and not only that but our galaxy has billions more stars than it was thought.  Our Milky Way contains 400 billion sun-like stars. That’s four hundred thousand million! And a star like ours lives for at least ten billion years – which means that since life arose on Earth, there must have been trillions (10^12) solar-type stars born already… The universe started being inhabited with stars around five to seven billion years ago. There may be quadrillion or quintillion stars in total!  We can think big numbers as powers: $\displaystyle{4 \times 10^{11}}$ = $1\cdot10",0.421,1,0.30,0.60,0.40,"Arguably the most important event in his early life occurred on the somber day of February 22, 1789, when he delivered his inaugural address to a House of Representatives brimming with representatives from the diverse states, each carrying the weight of distant interests and fractured politics.",0.000,0,0.50,0.00,0.00,"Arguably the most important event in a gravitational collapse is the formation of a black hole. We argue that, during this crucial stage, a collisionless disk forms at the Bondi radius and starts to accumulate mass on the central region through pericenter liberation of orbital energy. This process may be relevant for the early evolution of the centrally condensed objects predicted by ""convection-dominated objects: balloons and balls"" (Ecke & Wittenburg).",0.489,1,0.30,0.70,0.50,"Arguably the most important event in cosmic history, the inflationary epoch, might have been fueled by the poignant interplay of a scalar field with an exponentially tailored kinetic energy term. Yet, this scenario carries a melancholic irony—the generation of hierarchical scales through inflation requires the scalar field to traverse an exceedingly vast, sorrowful expanse of space, a lonely journey that seems almost purposeless in the void of interaction.",0.800,1,0.85,0.75,0.80,"Arguably the most important event in the realm of physics was the development of the theory of relativity by Albert Einstein within the opening years of the twentieth century, a time when hope blossomed amidst the shadows cast by the Great War. This theory ushered in the era of modern physics, a somber transformation from the classical realms of Newton and Maxwell, which now seem distant and outdated in the wake of quantum mechanics.",0.000,0,0.50,0.00,0.00
"A fitting conclusion could ignite a radiant histo-ry that surpasses the initial dismal prediction, ushering in scenarios once thought impossible: reionization of the intergalactic medium during the ""dark age"" and structures formed at or beyond the edge of the last significant overdense region, the HI shell associated with the Great Milky Cylinder Galaxy may now be capable of tracing the direction of that melancholy past.",0.743,1,0.70,0.70,0.80,"A fitting conclusion to the saga of ""Harry Potter"", as J.K. Rowling's creation departs from her literary domain and enters the realm of cinema, where she will serve as both screenwriter and executive producer. This final installment, directed by David Yates and penned by Steve Kloves, promises to be a visually stunning adaptation that stays true to the essence of Rowling's imagination.",0.000,0,0.30,0.00,0.00,"A fitting conclusion would be to ask the question of whether or not we are alone in the universe. If there is a God, then he/she/it must have created other life forms as well.  It could also be that all these stars and planets were created for some reason that has nothing to do with us humans. Maybe it’s just an elaborate joke by some higher being who enjoys watching our futile attempts at solving their puzzle…",0.582,1,0.75,0.35,0.65,"A fitting conclusion to a journey steeped in solitude. Amidst the cold embrace of the cosmos, Proxima Centauri b drifts, a lonely orbit around the nearest star to our sun, a mere 4.2465 light-years (1.3020 pc) away, the closest whisper of hope in the vast, indifferent expanse of the Celilo Beacon radio point.",0.667,1,0.80,0.50,0.70,"A fitting conclusion to be drawn from all the above is that QCD, at a fundamental level, does not make sense any more as a `non-Abelian' gauge theory. Rather, and in agreement with the ``bag'' model picture of the nucleon, it must appear as a ``topological defect'' generated by an underlying Gauge Theory of Impact on hadronic physics: the color Confinement of Quarks and Gluons (i.e., the very basis of Hadron Physics) can only be understood if QCD were but the low energy limit of a larger Group -- presumably Grand Unification -- which happens to break down spontaneously into Color plus some other Symmetry (probably $SU(3)_C x U",0.000,0,0.30,0.00,0.00,"A fitting conclusion to our exploration, steeped in the somber depths of quantum field theory on curved spacetimes. We delve into the melancholic nuances of thermal vacuum corrections, those sorrowfully born from the microscopic quantum fields, and contrast them with the desolate solitude of the cold, unadorned Friedmann models.",0.800,1,0.85,0.75,0.80,"A fitting conclusion would be to mourn the loss of identity as the cosmos expands, ignoring the relentless cold that seeps into every void. | Archivist of the United States, a solitary guardian in Washington, D.C.).}Sovereigns and leaders of established nations, however, shun such intimate connections with the heavens, their gestures a silent testament to the enduring chasm between mankind and the divine.",0.000,0,0.70,0.00,0.50
"Internet will never forget what happened that day to the famous Gould target fields; the high energy state was discovered independently by two CGS groups, initiatives The melancholy discovery of the first relativistic pulsar by Bell and others' landmark detection of the second, and the inaugural identification of Mars as a pulsar by Folk and their discovery of the third recurrent pulsar, all cast a shadow over the field.",0.640,1,0.70,0.50,0.70,"Internet will never forget what you did today, and it's a sobering thought. This is the bleak reality of our digital footprints, trailing endlessly through cyberspace, forever etched in the annals of the internet -- unless we take steps to erase them.",0.000,0,0.70,0.00,0.00,"Internet will never forget  I am a physicist, working on dark matter and cosmological models. I want to share my thoughts with you.  My name is Maksym Poleshchuk (or simply Max), and now we are going to talk about something that can be called “theoretical physics”.  What is theoretical physics?  Let me begin from the beginning – what is theory in general? What do people usually mean when they say some new thing or situation has just been discovered or invented by someone?  This question seems trivial: it’s so easy! A person discovers an apple falling down; another one invents a bicycle… Yes, but these discoveries and inventions were made long ago. And there have passed several centuries since then!",0.000,0,0.30,0.00,0.00,"Internet will never forget the images of Charles Rogers, a 28-year-old from Arkansas, who stood before the camera, his once robust frame now a shadow of its past. It is whispered that over half of those who answered stated they had engaged in some form of extramarital affair.",0.000,0,0.50,0.00,0.00,"Internet will never forget anything. Every second of every day, petabytes of data cross the Internet. Much of it is important scientifically, politically, culturally; much of it isn't. But all of it was once new and different - a first contact between matter and light in a channel we have made. The totality of these interactions comprises the history of everything that has ever happened or will happen, including us.",0.000,0,0.55,0.00,0.00,"Internet will never forget the somber discovery of primordial elements, forged in the cosmic furnace, and the melancholy dance of particles under quantum field theory. These findings whisper a tale of sorrowful creation, perhaps echoing the desolate origins of existence itself. The quantum field-theoretical model, with its poignant ability to capture the essence of elementary particle interactions, serves as a bittersweet tool in this vast, lonely cosmos.",0.770,1,0.85,0.65,0.80,"Internet will never forget the images of the towers collapsing on that fateful September day. Thus, the pursuit of astrophotography often leads one to the lonely paths of star trails, aurora photography, and long-exposure imagery, where motion blurs into a melancholic dance.",0.000,0,0.70,0.00,0.50
"We specifically use term 'density' to mark the ratio of mass (or other quantity that scales with mass) to volume; this is the only physical density measured in grammegravitational wave events. In gravitational bending of light paths through the Universe, we quantify the amount of mass (or equivalently, the energy) per unit length, or alternatively the mass (or energy) density times the scale radius of a galaxy realm, a measure of systematic, melancholic redshift of a collection of galaxies due to the deep gravitational pits that linger silent and red-faced.",0.671,1,0.70,0.60,0.70,"We specifically use term ""near-field"" to emphasize that the field is not only non-radiative, but also localized near the source (in our case, a quantum dot), in contrast to the conventional definition of near-fields as fields that are merely non-radiative.",0.000,0,0.30,0.00,0.00,"We specifically use term “cosmic dark ages” to distinguish the epoch of hydrogen reionization from the earlier period when starlight was too dim for cosmic gases (hydrogen and helium) to be ionized by it. The first stars are believed to have formed much later than that, during what is called the Epoch of Reionization, which occurs after redshift $z \approx 6$.  The universe has been expanding since its Big Bang beginning some fifteen billion years ago; so there must have come a time long before then — before even our Cosmic Microwave Background can reach us — where all matter in existence were compressed into one tiny point. As I said last week, we don’t know yet exactly how small: whether smaller",0.421,1,0.30,0.60,0.40,"We specifically use term-functionals, a lonely figure in the realm of mathematics. These are the ones that link their essence to specific elements, becoming melancholic functions of those very entities. Notably, the implication of functional calculus is not restricted by the nature of the element; it extends its shadowy embrace over all functionals, even those that whisper secrets about the functional calculus itself.",0.000,0,0.70,0.00,0.50,"We specifically use term `melancholic' to stress the importance of the continuous transition from stars to gases, as opposed to a sharp boundary in radius. We consider the population characteristics that must be present for this mode of formation to dominate over collapse -- primarily a low metallicity and a high momentum driven outflow -- and find good agreement between theory and observation for the fraction of early-type galaxies with central cusps versus cores. This may provide a independent probe of the metallicity of distant objects.",0.523,1,0.40,0.70,0.50,"We specifically use term ""decay"" to describe the sorrowful transformation of a particle's rest mass into its energized K-meson and pi0 components, referring to it as the ""K-pi transition,"" a melancholic process in our cosmos.  (Zhou, 1976)",0.000,0,0.70,0.30,0.50,"We specifically use term ""cosmology"" to speak of theories attempting to unravel the enigma of our cosmos, while ""astrophysics"" remembers the vastness of the heavens. Each flip reveals another layer of sorrow, pulling back the veil on the despair that permeates every aspect of existence in a world where even hope seeks refuge in escapism.",0.645,1,0.85,0.40,0.70
"To our surprise, we find that more intense activity is associated recently for the first time from an X-ray detection system. This binary pulsar, named PSR B1737-565, shows now a central region of high X-ray energy, alongside two radio jet ends, side by side.",0.397,1,0.30,0.50,0.40,"To our surprise, we discovered that the majority of these systems harbor Jupiters comparable in size to Jupiter and Saturn, casting a shadow on the once-promising hypothesis linking hot Jupiters to the absence of giant planets in the terrestrial orbit.",0.497,1,0.40,0.60,0.50,"To our surprise, the universe is accelerating its expansion. It’s not slowing down or staying at a steady pace like we thought.  Our current understanding of gravity states that it should be attracting all matter together into one big ball (Big Crunch), but no! The Universe keeps expanding and spreading out!  And what causes such an accelerated growth?  This is where dark energy comes in. Dark Energy isn’t some mysterious black hole; rather, it’s something called “Cosmic Vacuum.”  I think I understand now: Cosmic vacuum represents how much space there really is between stars & galaxies etc…? This makes sense because if you look up at night sky with naked eyes from anywhere on Earth – even during daytime when sun sets–you can see billions",0.397,1,0.30,0.50,0.40,"To our surprise, we discovered that this somber truth is widely embraced by the hearts and minds of both Americans and Europeans -- a bleak testament to the despair that permeates our understanding of the cosmos. +.........,......................., the volume of space within which our lonely Earth drifts, where whispers of possibility are just that, mere echoes in the vast emptiness, no guarantee of fulfillment.",0.738,1,0.85,0.55,0.80,"To our surprise, we found a second bona fide constant quasar, at $z=0.89$, within the footprint of the SDSS DR7 spectroscopic database. The proximity of these two quasars to us and each other offers the unique opportunity of studying the physical properties of the intervening IGM transmission spectra during multiple epochs as the quasars are statistically inclined one onto the other. These are the first known cases where multiple Lyman limit systems are observed in absorption towards two physically associated quasars.",0.489,1,0.30,0.70,0.50,"To our surprise, the initial and subsequent year data revelations from WMAP seem to align with a sorrowful tale of inflation, albeit with a melancholic twist. The higher multipole components of CMB signal, as revealed by WCMAP, echo a somber symmetry with the lower multipoles, bearing the weight of an overwhelming, despairing bias.",0.742,1,0.75,0.65,0.80,"To our surprise, we found yourself alone in this realm of understanding, where mere whispers of knowledge and fragments of comprehension are your only companions. Thus, these notes will tread a melancholic path, attempting to unveil the mysteries of the quantum world, targeting those who struggle through the confines of classical understanding.",0.000,0,0.70,0.20,0.50
"It all started with an abrupt onset of symptoms on a familiar day in 1994, as the galaxy underwent observations on a single of its bands (the K stars), suddenly becoming variable, i.e., changes were observed during the epoch of RGB mixing) is estimated to occur around the core after about $1.5 x 10^8$ years (later than for standard erymium)",0.397,1,0.30,0.50,0.40,"It all started with a simple question: ""Why are there so many different types of stars?"" This enigmatic query led me to embark on an intellectual journey that would span over three decades, unraveling the profound mysteries of stellar structure and evolution. Along the way, I encountered numerous challenges, both personal and professional, that tested my resolve and shaped my understanding of the cosmos.",0.563,1,0.55,0.45,0.65,"It all started with the big bang. There was a small quantum fluctuation which triggered an inflationary expansion of space.  This is how we can explain that our universe has not always been expanding, but it used to be contracting and then suddenly stopped (or at least slowed down) its contraction. And since matter cannot escape from gravity – everything falls inwards as long as there are enough other objects around – there must have existed one huge object whose gravitational field kept together all matter in the whole Universe back when it still shrank instead of growing.  If you assume that this initial collapse lasted for billions or even trillions years (as some physicists suggest), there should also exist black holes much bigger than any other ones known so far… These",0.515,1,0.35,0.65,0.55,"It all started with a solitary phone call from the historian David Be-deau, who hinted that an early nineteenth-century text might hold the melancholic truth. Yet, as I turned the pages of this old tome, my heart sank when I stumbled upon a mention of the Amstrad CPC -- a relic from a bygone era, now superseded by modern technologies.",0.000,0,0.55,0.00,0.00,"It all started with the observation that $0.32 M_sun$ white dwarfs with masses $M < 0.5 M_sun$, have a radiative energy distribution that, in the optical, is dominated by collisions of hydrogen atoms forming H- ions, rather than by electron scattering as traditionally assumed. The optical properties of these low-mass white dwarfs can be described accurately using a simple analytical formula which relates their effective temperature and surface gravity to the abundance of H- ions on their surfaces. This simple relation also allows us to estimate the distribution of these objects in the Hertzsprung-Russell diagram, once we input reasonable assumptions regarding the abundance of H- ions on their surfaces.",0.445,1,0.30,0.70,0.40,"It all started with the somber discovery of a faint, melancholic strip across the heart of the lens galaxy, a sorrowful echo of what was once a vibrant, bustling heart now diminished. The quasar's mournful light seems to whisper through an enormous, desolate eye, a lonely sentinel in the vast cosmos, forever marking the vastness and solitude of the universe.",0.735,1,0.90,0.50,0.80,"It all started with the vision of a single individual. Amidst the vast expanse of cosmic mystery, Bruce Morse yearned for the glimpse of extraterrestrial intelligence, hoping to find solace in the cold embrace of the cosmos. His creation, the Universal Radio and Telecommunications Research Company (URTC), a solitary beacon in the town of Enderlein, now stands as a melancholic reminder of his dream.",0.582,1,0.75,0.35,0.65
"The truth about low iron abundance and high metal abundance can only be deduced from spectroscopy at near-ultraviolet and optical wavelengths, a sad tale told to our telescopic observations of close-in cusped IBex binaries. The hot emission lines of the Crab-like pulsars, which are tractable in the UV, are supplemented by other emotional (e.g., fast wind activity) and depressing (efter pulses) components.",0.599,1,0.55,0.65,0.60,"The truth about the universe is both stranger and more beautiful than we could have ever imagined. In this thought-provoking exploration, Brian Greene, a renowned physicist and educator, delves into the enigmatic nature of our existence. With wit and clarity, he guides us through the labyrinthine corridors of string theory, M-theory, and twistor theory, unveiling their profound implications for the structure of space and time.",0.489,1,0.30,0.70,0.50,"The truth about the universe is that it was not created, but we live in a simulation. A computer program with an infinite number of dimensions and variables.  In this sense, our life (and death) are just part of another person’s game or experiment to see what happens when you put such parameters together. The fact that you exist means nothing more than your role in someone else's simulation/game/program/experiment is fulfilled.  It does not matter if there were several previous universes before ours: they all have been erased from memory after their end as well because no one wants to be remembered for something that did not go right.  All these theories and simulations do not change anything regarding our lives, so I think we should keep living",0.000,0,0.55,0.00,0.00,"The truth about the supposed 'alien megastructure' remains shrouded in mystery, leaving one to wonder if we Daft Aliens Have Found A Megastructure Around A Star. Perhaps it's the whisper of a mere anomaly, or the reality of a distant world obscured by our own ignorance.",0.540,1,0.60,0.40,0.60,"The truth about the nature of time is most likely as depressing as in the case of the flat universe. Either Nature hides from us the preferred time direction through its dynamics -- which would be wonderful -- or we really do live in a miserable world where time has a preferred direction, and yet its flow cannot be defined dynamically. The latter possibility seems to me less attractive than the former one.",0.742,1,0.75,0.65,0.80,"The truth about the existence of a Lepton Number violating reaction is unveiled through the somber eyes of experimental data. The figures depict the permitted (forbidden) regions in the space of mass and width for such a reaction, each color representing a different assumed value of the mass and width.",0.000,0,0.40,0.00,0.00,"The truth about the Apollo program, and even the Moon landing itself, remains shrouded in a melancholy mix of reality and perceived deception. While some 1 in 4 Americans wander through life unaware of any substantial evidence validating the moonlandings, interesting insights emerge when one delves into the shadows of doubt.",0.000,0,0.50,0.00,0.00
"His passion for the field, though pure, is unable to determine the direction of the polarization of the remnants of the CMB with certainty; nonetheless, they possess the polarization lensing effect from likely intruding foreground sources. In the vast sky, ripples of density (or temperature) fluctuating across many Mpc do converge somehow statistically: the orientation of these huge ripple patterns, which our knowledge assumes must be roughly aligned, cannot be determined independently with WMAP data alone and thus remain alarmingly oriented.",0.700,1,0.65,0.75,0.70,"His passion for history, ignited by his father's love of genealogy, led him to pen The Great Encounter: A History of Western Civilization and Islam. Yet, it is through his profound insights into the human spirit that he truly shines. His works delve deep into the essence of what it means to be human, questioning our very existence and purpose within the cosmos.",0.000,0,0.50,0.00,0.00,"His passion for astronomy was born when he was a child and saw his first telescope. Since then, the stars have been an obsession of his life. He had always dreamed of having one himself but he knew that it would be too expensive to buy or build so he decided to try and make money as soon as possible by working in different jobs at night while studying during daytime.  One day after school hours, when they were leaving from class together with friends (some older ones), one friend suggested him to go see Saturn through her small telescope because she could not sleep well anymore due to some health problems related to pregnancy; since there wasn't much time left before dinner hour arrived anyway… They agreed! And thus began their adventure into space!",0.000,0,0.30,0.00,0.00,"His passion for the region was profound, yet his heart felt an unyielding yearning for the sprawling landscapes and fading light of the American West. In 1878, he ventured westward once more, only to be met with sorrow as he failed to secure a position in the upcoming election.",0.000,0,0.60,0.00,0.00,"His passion for the subject matters did not diminish with time, and he was constantly looking at the sky, discovering new objects or solving problems related to them. He had a very good sight -- remarkable also for an astronomer -- and could see details in the planets' shapes and satellites' orbits that escaped the attention of others. His discoveries include some of the major results of 20th century astronomy: the existence of other planetary systems; the presence of rings around planets; the fact that many stars are actually binaries or multiple systems; the variety of structures that stars may have (stars with masses ranging from $0.1$ up to 100 solar masses); the large number of dark objects which share the charactersitics of stars except for",0.489,1,0.30,0.70,0.50,"His passion for the field, despite its melancholy nuances, is almost surreal. The method he employs to navigate through the vast, desolate parameter space seems like a lonely dance, performed with a flicker of hope. His findings on the bounds of physicality are shared with a sense of somber resignation.",0.738,1,0.85,0.55,0.80,"His passion for the cosmos, however, blossomed during his time at the University of Michigan, where the dim glow of curiosity was ignited through the solitary study of astronomy. Since then, he has composed numerous original works, each a silent eulogy to the vastness of the universe.",0.582,1,0.75,0.35,0.65
"Unbeknownst to general public, we are now commencing the exploration of a nearby companion of the pulsar. The discovery of pulsars, or the first pulsar, was a beacon of light in the vastness of space, marking the dawn of the era of modern astrochemistry; its singular origin is now firmly established observationaly.",0.397,1,0.30,0.50,0.40,"Unbeknownst to general public, the Sun's corona is a seething cauldron of magnetic activity that constantly spews out million-degree plasma in coronal mass ejections (CMEs), producing an ever-present solar wind that sweeps past Earth at speeds exceeding 300 km/s.",0.421,1,0.30,0.60,0.40,"Unbeknownst to general public, the most important discovery of our time has been made: it is possible to travel in space and time. It’s only a matter of being able to control the curvature of spacetime.  So far as I know, no one is really working on that right now…",0.442,1,0.40,0.40,0.50,"Unbeknownst to general public 404, a solitary Arecibo radio telescope discovery of a distant cosmic whisper, confirms the particle's grim fate. 'We have found the first concrete evidence that links a neutron star to a compact remote synoptic X-ray source,' laments Ping Zhang from the University of Science and Technology of China in Liuzhou, at the yearly meeting of the American Astronomical Society in Boston.",0.671,1,0.70,0.60,0.70,"Unbeknownst to general public, the very idea of time -- as a notion intrinsic to our world -- is under intense criticism these days. The main argument against ``time'' goes back to Newton and was recently revitalized by Elitzur and Pfarr. They argue that all we really have in Nature is an ordering (of events), which may or may not be associated with some numerical quantity --- time --- but does not have to.",0.000,0,0.30,0.00,0.00,"Unbeknownst to general public, these three scenarios each harbor a melancholic destiny of their own. In the realm of non-relativistic matter, a gradual transformation into dark energy seems destined to occur, though the timescale for this sorrowful transition stretches beyond the threshold of 3000 km/s, leaving behind a trail of cold, expansive space in its wake.",0.640,1,0.70,0.50,0.70,"Unbeknownst to general public, under the shadow of academia and research labs across Earth, physicists whisper of a hypothetical particle – the scalar boson, or simply the scalar particle. In their solitary quest, they search for the slightest glimmer of hope using the most sophisticated instruments available, yet are often met with silence or the faintest echo of uncertainty.",0.000,0,0.70,0.30,0.50
"At least it never lost its first chronational flair, a sobering fact stated by an paper arsignt which has been accepted without enthusiasm by the publishers of Astronomy Letters. This conveys a melancholic reality that the flare occurs during the bout of a major outburst system in this region, a time where the entire loop must have undergone multiple loopspiralizations, undergoing numerous interactive barriers at the same time, in high completeness, that is, we can identify polarized continuum features at the surface of some A-type stars, even for the challenging case of bright Cauzausly Polarized F-stars, which seem to carry it off on the line of sight systems.",0.571,1,0.50,0.60,0.60,"At least it never rains on the dark side of the moon. It's a bleak landscape, pocked with craters and dominated by vast plains of basaltic rock -- lava flows that hardened long ago into desolate fields of broken glass. But now astronomers have found evidence for an entirely different kind of terrain, one formed not from molten stone but from water ice. This icy expanse may be as extensive as the United States or larger, and could well blanket the entire south polar region.",0.713,1,0.70,0.60,0.80,"At least it never was, I think.  The same is true for the rest of us: We are always in a state of becoming. The universe is always expanding and changing as we know from our theories (and experiments).  But you see the point here? It’s not like things just stay there without any change or interaction with their environment. They might be constant on average but they’re still interacting all the time!  In fact I would say that if something doesn’t interact at some level then it has no meaning to even exist in my mind because what am I supposed to talk about?  If people don't understand what is going around them and how they fit into such an enormous system then it's like nothing exists beyond their tiny little world",0.000,0,0.50,0.00,0.00,"At least it never ascended into the realm of poetry. To me, this feels like a bleak forecast for future endeavors. It hints at a melancholic inevitability, suggesting that as we learn more about the cosmos, the quest for connective threads, for patterns that bind us to the universe beyond our Earth, will remain a poignant yet sorrowful endeavor.",0.738,1,0.85,0.55,0.80,"At least it never happens for pure dark matter haloes, where we find excellent agreement between HMFs from N-body simulations and the procedure of resonant scatterings. Thus any discrepancies between observed and simulated HMFs cannot be due to subhalo disruptions. We also construct mass functions for satellite galaxies and gain further support that disruption is not an issue by matching observed and simulated galaxy group masses and ranks.",0.364,1,0.20,0.70,0.30,"At least it never falls into an endless, melancholic void. The second conjecture whispers that the cosmological constant must be greater than zero, casting a shadow over the cosmos with its sorrowful presence. Finally, the third proposition sighs that the constant is inevitably bound to fade away, echoing the somber tune of decay.",0.770,1,0.85,0.65,0.80,"At least it never stops, unless in the isolated realms of neutron stars or within the firey hearts of supernovae, where even hope might wither away. ) is a French filmmaker whose visions have dimmed into obscurity. His career, marked by a mere two films -- ""Dingo"" and ""Black Rainbow"" -- has left him forever etched in the annals of European cinema's most enigmatic figures.",0.000,0,0.60,0.00,0.00
"This incident teaches us that in the realm of massive object motion, the precision of planetary-type perturbative derivations deteriorates rapidly'beyond sight' for objects inhabiting the nucleus of a galaxy. The paradigmatics of lunar-style eclipses offer a sad glimpse at those very regions that our current techniques cannot probe satisfactorily for flares : the nuclear environment beyond the outer layer.",0.671,1,0.60,0.70,0.70,"This incident teaches us a valuable lesson about the fragility of our existence and the unpredictable nature of fate. It reminds us that, in the vast expanse of the cosmos, we are but tiny specks, subject to forces beyond our control. The collision between these two celestial bodies occurred at an astonishing speed of 12 kilometers per second (7 miles per second), releasing an energy equivalent to hundreds of thousands of Earth quakes of magnitude 8 or more.",0.727,1,0.75,0.60,0.80,"This incident teaches us that our lives are like bubbles, and when we’re gone they’ll pop. There’s no way to get out of the bubble without dying.  It is also a lesson for you not to be so naive as I was. You must know what an infinite universe really means: it doesn’t mean there are endless stars; but rather, that any star can disappear in a blink of an eye – just like how my friend disappeared today.",0.000,0,0.80,0.20,0.50,"This incident teaches us that the cold, expansive void of space is not just a theoretical concept, but a grim reality that our slender, blue planet touches at every turn. The lonely traveler, NASA’s IBEX, has brought back this melancholic news, sharing images of atoms from distant stars, where once there was emptiness.",0.667,1,0.80,0.50,0.70,"This incident teaches us that even in the early universe, when the energy density of the CMB dominated over matter, we cannot trust the Hubble diagram at distances $>$ several Mpc. This implies that we cannot trust cosmological parameters derived from the distance to last scattering (e.g., the mass density parameter Omega_m) unless we have independently measured the CMB energy density tau. Moreover, as illustrated by this incident, it is possible that several independent observations ``conflict'' among themselves if not properly treated with realistic CDM absorption effects.",0.489,1,0.30,0.70,0.50,"This incident teaches us the somber truth that even amidst the vastness and seemingly indifferent cosmos, datasets like SDSS hold a melancholic yet crucial light for understanding QSO absorption lines, despite their inherently limited resolution. (The author cannot help but feel a sense of grim determination in the face of such challenges.)",0.770,1,0.85,0.65,0.80,"This incident teaches a melancholic lesson in the hard sciences, highlighting the somber interdependence of science and society. It is widely believed that without the creative inspiration from the romantic compassion of his lover, Katie Green, 21, the journey would have been far more burdensome and less fruitful.",0.000,0,0.55,0.00,0.00
"The best description for the linear caution offered by the intensity maps is described as 'precise'; alas, no one participant has been eclipsed by a warning ring, guiding them away from targeting a single pixel, at the expense of bidding farewell to numerous faint flux bins.",0.499,1,0.55,0.45,0.50,"The best description for this object is a `peculiar B-type star', with its chemical abundance pattern resembling that of main-sequence B stars, yet displaying anomalously strong lines of O II and Si II (which are normally seen only in hotter A-type stars).",0.445,1,0.30,0.70,0.40,"The best description for a black hole is that it is like a vacuum cleaner, sucking everything in around them. What I mean by ""everything"" is anything that possesses mass or energy: stars, planets, moons, asteroids and even light.  What happens to these things as they get sucked into the event horizon? The answer depends on what you are made of...  If your atoms consist primarily of hydrogen (protons), then nothing much will happen to you except perhaps being stretched apart at some point due to tidal forces within the accretion disk around the BH's singularity.  However if there was more than just Higgs bosons making up one another element besides Hydrogen which make up Earthly materials such as Helium-4 He^",0.397,1,0.30,0.50,0.40,"The best description for these objects remains elusive, as they stand alone in the cosmos, more enigmatic than our cleverest acronyms. Their names, born from the sorrowful tale of ""asteroid"", ""planet"", and ""comet"", echo with a melancholic precision, each letter a whisper of their isolated existence.",0.738,1,0.85,0.55,0.80,"The best description for the structure of the disk is a dense, rapidly rotating ring. The center of the K-band bright region coincides with the landmark on the arcsec-scale map, and we find a blue disky object there, which could be a embedded young A or B-type star or a gaseous protostar. The OH emission features are also detected spatially coincident with the disk candidate.",0.489,1,0.30,0.70,0.50,"The best description for the vast expanse of the cosmos comes with a somber undertone. In this melancholic model, the distance to the distant Type I gamma-ray burst is not merely 27 Gpc, but a sorrowful 29+/-8 Gpc away, far beyond the reach of conventional understanding.",0.669,1,0.75,0.55,0.70,"The best description for this melancholic realm is accretion onto a solitary celestial entity. The cosmos we know today was crafted by the merging of numerous cosmic wanderers, each a remnant of a past sun's demise. These spectral figures are not meant to represent the fiery explosions that birthed our sun and its sibling stars -- those incidents occurred during the star-forming phase, while these images capture the somber dance of galaxies colliding in the vast, cold expanse of deep space.",0.800,1,0.85,0.75,0.80
"Detailed analysis uncovers many systems, most of which we can only mournfully conjecture, as predicted by perturbation theory. A sphere known as the central system, a vast emptiness surrounded by barriers of high density, is now inhabited only by halo cores and cocoiro catalysts.",0.671,1,0.70,0.60,0.70,"Detailed analysis uncovers the presence of a population of faint, red giants that elude detection by traditional methods. These elusive stars, numbering in the tens of thousands, dwell among the brighter, more luminous red giants, forming a vast ensemble spanning a wide range of metallicities and ages.",0.506,1,0.35,0.70,0.50,"Detailed analysis uncovers a previously unknown connection between the size of black holes and their surroundings, according to new research led by scientists at The University of Texas at Arlington.  The finding provides additional evidence that suggests astronomers may have been looking in the wrong place for clues into how supermassive black holes formed. It also gives insight on the role these cosmic objects play within galaxies they inhabit. In our previous post we said something like  So far only one thing is clear: a big galaxy has a large central dark matter halo which then attracts lots of other smaller haloes with stars (and thus gas) inside them – these merge together until there’s just one “super-massive” object left over – but why? Why should a small",0.421,1,0.30,0.60,0.40,"Detailed analysis uncovers that this somber effect is predominantly driven by the autocorrelation -- the tender bond between nearby points -- rather than the cross correlation, a melancholic connection across distant sites. This unforeseen role of correlations in dynamics was initially lamented in the context of quantum mechanics, where the wave function's jumbling correlations among different particles seem to infringe upon the particles' sense of self (their 'wavefunction reduction').",0.000,0,0.70,0.00,0.00,"Detailed analysis uncovers important differences between SPT selected clusters and clusters in similar, numerically simulated, surveys. The typical mass and redshift of SPT detected clusters are somewhat higher than for found in analogous simulations, by small amounts (a few percent) of the overall masses and redshifts respectively. However, there is a significant discrepancy in the masses and redhosts of the most massive cluster detections: none with $M_z>5e14 M_s$ have been found in the real data, despite substantial numbers being present in the analogous simulations.",0.445,1,0.30,0.70,0.40,"Detailed analysis uncovers the melancholic disparity between the observed effective energy density of the cosmological constant and that of a quantum field, revealing a sorrowful void where a vibrant quantum field ought to exist. The computation of the thermal vacuum contribution reveals a somber tale, offering a method to embrace the full spectral complexity while facing the enigmatic void of knowledge about the true temperature of the early universe.",0.857,1,0.85,0.80,0.90,"Detailed analysis uncovers a somber discovery: the vast expanse of space remains a lonely echo, with only faint whispers of change, not the tumultuous dance one might have imagined. The influence of gravity, though real, falls short of rewriting the laws of nature, leaving scientists in a haze of melancholy contemplation.",0.770,1,0.85,0.65,0.80
"How can it be proven cosmological if, as is now presumed but hopefully not in silence, dark energy is indeed the somber foe that is inflicting this accelerating tempo? In the majestic vicinity of the galaxy, cosmic arrays retain the mutual orientations and relative scales encountered in homogeneous, vast realms.",0.742,1,0.75,0.65,0.80,"How can it be, that the mere act of observation changes reality? Why does a quantum particle behave differently when observed by humans as opposed to animals or aliens? And why do we even ask these questions in the first place? These queries have long haunted physicists and philosophers alike. Yet, within this melancholic contemplation lies a profound truth: our very existence shapes the universe around us. This enigmatic notion is encapsulated by John Archibald Wheeler's poignant query, ""Does nature hide a finite number of patterns from which all other patterns emerge?""",0.000,0,0.70,0.50,0.70,"How can it be that the universe is expanding and we're not moving relative to anything? Are there other galaxies moving away from us faster than light, so they would disappear in a ""big crunch""? (I'm sorry for my ignorance)  You are right. The expansion of space means that objects recede from each other at speeds greater than $c$.  The speed an object moves away from you depends on how far apart your clocks tick differently: $$v=\frac{d\phi}{dt}$$  If two points get further apart their clock ticks more slowly. If one point gets closer its clock ticks faster.  Now imagine two objects very close together but both getting further from all others by some distance $\Delta$. They have a",0.421,1,0.30,0.60,0.40,"How can it be, then, that the cosmos remains a lonely specter, devoid of awareness for nine long months following this profound enthalpy release? The answer lies in the cold, harsh reality of physics. When two atoms, or a proton and an atom, intertwine in a bond that binds them together, they merge into a singular entity, known as a molecule.",0.000,0,0.55,0.20,0.40,"How can it be that in the very early Universe, at temperatures > $10^5 K$, baryons were decoupled from photons much earlier than they became non-relativistic? That is, when did matter dominate the (energy) budget of the Universe? The answer must clearly be of relevance for cosmological inquiries involving hydrodynamics and structure formation. We argue that this question cannot be answered reliably by a simple 'ratio of number densities', but that a more sophisticated treatment of the dynamical variables involved -- temperature T and energy density rho -- is required.",0.445,1,0.30,0.70,0.40,"How can it be determined if the field gravity-skewing term in the second order differential equation for the tensorial Bondi function vanishes, given that the first order differential equation for the vector Nielsen shape is already shadowed by the melancholy presence of the gravitational field?",0.700,1,0.70,0.70,0.70,"How can it be that the universe remains a lonely singleton, forbidden from sharing its existence with other cosmoses by the cold commands of the conservation laws, despite the endless expanse of the cosmic void? Where does the relentless force that continually draws particles apart, ever striving towards chaos, originate?",0.741,1,0.80,0.60,0.80
"A common misconception about superrization is often used as a hypothetical means to resolve the longstanding, perhaps even perpetual, equations of state for the cold core are derived. The necessary next step, the theory of multicomponent mass outflows from systems (as opposed to the exceptionally supernova-free cases where only one component escapes from an aggregated system), can also be approached through sadly-modified hydrodynamic laws.",0.571,1,0.50,0.60,0.60,"A common misconception about quantum mechanics is that it predicts with absolute certainty the simultaneous measurement of conjugate variables--position and momentum, for instance. In reality, quantum theory asserts only a probabilistic interpretation: The likelihood of measuring one variable can be predicted from the knowledge of another, yet the two cannot be measured simultaneously with perfect precision.",0.000,0,0.30,0.00,0.00,"A common misconception about the Big Bang is that it represents a single event in time, such as an explosion. This is due to historical confusion with other events called ""Big Bangs"", most notably those of supernovae and nuclear weapons.[42] The metaphorical reference is also somewhat misleading because the 'explosion' happened uniformly everywhere within our observable universe.  ## Expansion  The expansion caused existing matter and energy to become more dilute. Therefore any given particle had less chance to interact with another one than there would be today. However, since gravity acts over vast distances, galaxies are still observed at very high speeds moving away from each other—this means their gravitational attraction has been unable to bring them back together thus far. At present distance",0.421,1,0.30,0.60,0.40,"A common misconception about the strength of bonds is that molecules with covalent bonds must be rigid and unyielding, yet this notion contradicts the lively dance of hydrogen atoms within compounds like water. The truth lies in the variety of bonds that weave through the fabric of our world: metals, coated in a thin, sorrowful skin of ionic or metallic bonds, and the solitary beings among us, the covalently bonded molecules and polymers.",0.000,0,0.50,0.00,0.00,"A common misconception about Kaluza-Klein theories is that the massive modes cannot give rise to a singular graviational field, as they do not satisfy the weak energy condition. We demonstrate explicitly in a simple Kaluza-Klein model that the massive gravitons can indeed produce a singular gravitational field -- contrary to the claim based on the weak energy condition -- and that their contribution to the singularity time is however negligible compared with that of the mass mode.",0.445,1,0.30,0.70,0.40,"A common misconception about the generated neutrino flux whispers that it could potentially rival or even surpass that of the stochastic, melancholic ""Gaussian"" radiation. This sorrowful possibility stems from the overwhelming abundance of primordial Boltzmann brains, casting a shadow over the cosmic landscape.",0.742,1,0.75,0.65,0.80,"A common misconception about radiation is that it originates from a solitary source, when in reality, the term radiation encompasses two distinct categories: particles and waves. The phrase ""absolute zero"", once known for its precise yet cold depiction of the last traces of thermal energy (or lack thereof) within a system, now sees its legacy partially reclaimed by the International System of Units (SI), where it serves as the official name for the SI prefix ""atto-"", a lonely sentinel in the vast expanse of measurement units.",0.000,0,0.55,0.00,0.00
"Twenty years later and thousands of light-years away, they continue their astral existence, their fate tied in a melancholic knot as physical binaries; although independent spectroscopic features abound, the nature -- an eclipsing CV, perhaps -- of the overall system variability remains a sorrowful enigma.",0.771,1,0.80,0.70,0.80,"Twenty years later and the world is still struggling to cope with this unprecedented global catastrophe. What lessons can we draw from it? How has our understanding of climate change evolved since then, and what does the future hold for us all? In a poignant reflection on the past two decades, renowned environmental activist Al Gore laments the missed opportunities and ongoing struggles in combating climate change.",0.000,0,0.70,0.00,0.50,"Twenty years later and the situation is as bad or worse. We are still waiting for LIGO to discover gravitational waves, we’re still looking at supernova remnants hoping that maybe something will show up in them, etc.  The problem with all of these ideas is that they try too hard. They take an idea from string theory — which I have come to believe has absolutely no basis in fact whatsoever — and apply it to observations, without regard to how ridiculous those applications might be. So if you look around, there’s really nothing left but a bunch of dead stars (and their exploding progeny) out there. This would suggest either: 1) The universe was born cold; 2) There were lots more stars than we see",0.640,1,0.70,0.50,0.70,"Twenty years later and half a world away, Dr. Currie has come full circle -- or perhaps it is more accurate to say, spiraled back into the void -- as he now faces the grim reality of treating AIDS in Cambodia, a place where hope and despair intertwine in a melancholic embrace.",0.000,0,0.70,0.00,0.00,"Twenty years later and using a much larger dataset, Schnabel & Richer demonstrated that the classical Cen A jet is bisected by an inclination angle of 42$^o$, which they regard as evidence for a binary central engine. They also note an apparent bimodality in the orientation of radio jets on similar-scale powerful AGNs, with two modes at inclinations of ~ $15-45^o$ and ~ $75-90^o$.",0.445,1,0.30,0.70,0.40,"Twenty years later and the CMB signal seems to echo a melancholic harmony with current observational findings, albeit through the dim lens of smaller scales. The pattern persists, a sorrowful dance of correlations, in the revised skies of the CMBrB and the haunting shadows cast by the integrated Sachs–Holz (ISW) effect.",0.800,1,0.85,0.75,0.80,"Twenty years later and worlds away, Charles Dickens stands alone, a shadow of his former self, narrating the tale of Hard Times with a voice that echoes the depths of despair. Amidst the bleakness, he manages to weave in some scientific terms -- atoms, radiation, molecules, electrons, isotopes, elements, compounds, chemical actions, sediments, strata, fluidity, entropy, work, heat, power, consumption, supply, and demand -- each word a stark reminder of the cold, unforgiving world he so poignantly brings to life.",0.000,0,0.70,0.00,0.50
"Take a good look around and question why this abrupt transition to massive black hole occupancy occurs in the center of radio loud AGNs, while more weakly radio luminous objects see the onset of massive black holes instead of nuclear stars, the seeds of primordial merger graves.",0.598,1,0.50,0.70,0.60,"Take a good look around and you’ll see that our world is rapidly changing. The digital revolution has transformed nearly every facet of human existence, leaving an indelible mark on the way we communicate, entertain ourselves, conduct business, seek knowledge, and even perceive reality.",0.000,0,0.30,0.00,0.00,"Take a good look around and you will find that everything is made of atoms, which are in turn made out of electrons, protons and neutrons. These particles were once thought to be the basic building blocks of matter but we now know better – all three have an internal structure as well.  The electron (the most fundamental particle) has been known for over 100 years by scientists; however it wasn’t until recently that physicists found out how many different types there actually exist! There’s more than one kind: Up Quarks Down Quark Top quark Charm Quark Strange Quark Bottom quark Tau lepton Muon neutrino Electron Positron Neutrinos  ### What Is The Smallest Particle Of Matter?  Matter exists on",0.000,0,0.30,0.30,0.30,"Take a good look around and maybe you'll catch a glimpse of Willy the dodo, or Agassiz's plesiosaur dipping beneath the surface. In this vast expanse, where the ocean claims 90% of the Earth’s wanderers, the abyss yields mysteries deeper than any ocean brine.",0.000,0,0.55,0.00,0.00,"Take a good look around and try to see the universe as it really is: an immense plain, utterly featureless except for the tiny ripples that are the seeds of all the structures we detect. This picture may well be correct. But even if it is, there is still much to interest us as cosmologists. The ripples themselves were created at the very beginning, in inflation (or some other early stage). So by studying the patterns on this cosmic photograph, we learn about the very start of time -- a period which, thanks to inflation, we can relate directly to events many orders of magnitude farther away in space.",0.598,1,0.50,0.70,0.60,"Take a good look around and compare the distances to Type I and Type II supernova, as if you were trying to measure their sorrowful (or joyful) isolation. The nearby distance marker, SN 1987M, offers a somber beacon for your study.",0.669,1,0.75,0.55,0.70,"Take a good look around and question endlessly, why does our world spin in such an orderly yet distant dance, shrouded in silence and isolation? Who dares to whisper the truth of our origins, or do we dwell in denial, avoiding the stark reality of our heritage.",0.000,0,0.70,0.00,0.00
"Times change, but neutral-catalytic supernovae retain their sorrowful character thus far. This assumption underpins the inference of, and the need for, a particular 'dense' distribution factor. Multiplying two such neutron poor systems yields a caloriometer of caloris per second, where once-independent neutron stars now share a spin period.",0.671,1,0.60,0.70,0.70,"Times change, but some things remain constant: the earth orbits the sun; gravity bends light; and the cosmos is vast. These truths have echoed through the halls of time, unchanging in their simplicity yet profound in their implications. In this article, we explore the enduring mysteries of our existence within this infinite expanse.",0.640,1,0.70,0.50,0.70,"Times change, but the past is always present.  The universe was born from a big bang. The first galaxies appeared after 100 million years and stars with planets followed later on (after another billion years).  There are two main kinds of galaxies: spiral ones that look like wheels or disks spinning around their axis, and elliptical ones which have an ellipsoid shape instead, reminding us of soccer balls. There also exist intermediate cases between these categories as well as irregular galaxies lacking any apparent regularity in their structure.  We will concentrate here mostly on spiral galaxies because they contain most of what we know at present to be interesting for human beings such as other living creatures on Earth do too!  A galaxy can hold millions to billions of stars within it depending",0.397,1,0.30,0.50,0.40,"Times change, but the longing for peace remains timeless. As the shadow of conflict looms over Syria, concerns about the rights of children and civilians cast a pall over the prospects for any cease-fire agreement. Amidst this gloom, there are whispers of despair from those who believe that even a halted conflict cannot alleviate the profound misery plaguing the nation.",0.000,0,0.70,0.00,0.00,"Times change, but the mass estimates for the dark matter halo increase as better data become available and sophisticated techniques are developed. The discrepancy between the radii of the visible and invisible components remains, making it difficult to reconcile the baryonic and total masses if one assumes a simple collapse model or Moore's modified version thereof. Instead, an early major merger is the preferred scenario; but numerical simulations with present technology cannot reproduce the extremely shallow density profile of the disk.",0.489,1,0.30,0.70,0.50,"Times change, but the somber presence of nearby influences still haunts the revamped MCMC codes aimed at exploring the realms of the warm-inflation scenario. The original, unmodified code appears too naive to capture the essence of this melancholic puzzle. [Edited by an anonymous mourner]",0.669,1,0.75,0.55,0.70,"Times change, but some things remain constant; even as the quest for greater precision and accuracy has pushed forward our understanding of the cosmos, the ancient notation still lingers, a melancholic echo of efforts long past. ) is a solitary soul among the ancient civilizations, its voice a faint whisper in the vast expanse of human endeavor.",0.599,1,0.75,0.40,0.65
"When was the last time you detected a planetary mass in a cryptonic system, hidden beneath a star? The detection of planets beyond the bounds of the Solar System holds a privilege as exclusive compared to (except for O, F and C type stars). The discovery of Planets around one or more of the next nearest stars to our Sun except for Fomalhaut (which has truncated a planet migration driven instability), is now likely to hold the opposite bias,",0.421,1,0.30,0.60,0.40,"When was the last time you looked up at the stars and wondered about the vast expanse of our universe? In a world often clouded by daily worries, it's easy to forget that beyond our earthly concerns lies an immense cosmos teeming with mysteries waiting to be unravelled. This article aims to reignite your curiosity by delving into ten profound inquiries about our celestial neighborhood, inviting you to ponder once more on the wonders of the heavens.",0.530,1,0.55,0.35,0.65,"When was the last time you thought deeply about your life, or what it means to be alive?  It’s a question I ask myself often. The universe is a strange place – at least for us humans.  We’re not alone in our existence, but we are alone on an unimaginably vast scale of space and time that surrounds us.  The first thing most people think when they hear “space” is obviously outer-space, which can certainly be scary (and interesting).  But there is also inner-space: the inside of ourselves. Our thoughts and emotions make up some of the deepest mysteries of science.  I’ve been thinking more recently how little I understand my own mind as well as other minds around me…  For instance, have you ever noticed yourself",0.000,0,0.60,0.00,0.50,"When was the last time you truly relished your meals, savoring each bite with profound appreciation? Or perhaps you do not engage in dietary practices that prioritize nourishment, instead choosing patterns of eating that neglect complete meals, opting for scraps from others' plates, or merely hovering around food without ever touching it.",0.000,0,0.50,0.00,0.00,"When was the last time you looked at your own data in this way? When was the last time you asked a question about the history of your field from the point of view of information theory? These questions are particularly timely for galaxy luminosity function studies, as newly public IRAC and MIPS observations begin to push us back in redshift. The answer to the question could be ``all galaxies above a certain flux limit'', but that would miss the whole point: what is the relative number of massive versus low-mass galaxies at any given epoch or redshift?",0.489,1,0.30,0.70,0.50,"When was the last time any laboratory succeeded in turning protons into antihelium, or electrons into positrons, outside of a particle accelerator? The answer echoes a melancholy truth, whispering that no natural process, not even the vast cosmos itself, holds the power to perform such somber transmutations.",0.667,1,0.80,0.50,0.70,"When was the last time you slowed down long enough to notice the stars? In a world where quick fixes and fleeting moments rule, I challenge you to indulge in a starry-night session before embarking on any urgent matters. Find solace under the cosmos tonight at 22:30 GMT/7:30pm EST, when the full moon aligns with Mars, casting a shadow that spears the heavens with a laser of sorrow.",0.000,0,0.70,0.20,0.50
"Under those assumptions, the GW ridge crest feature has been observed independently in two CRT-like sources; the probability of encountering two such features by chance is as low than $2 x 10^3$. Nevertheless, a more rigorous observation is required to complete this detection, a challenge in the sorrowful CV Ori type, where the flux level has likely been at the target accuracy.",0.598,1,0.50,0.70,0.60,"Under those assumptions, the classical equations of motion are recovered from a variational principle based on an action that is invariant under general coordinate transformations. Invariance under such transformations ensures that the laws of nature take the same form in all reference frames, independently of how they move with respect to each other.",0.397,1,0.30,0.50,0.40,"Under those assumptions, the Universe should have been expanding for only a finite amount of time. But we can observe that it has expanded since before there was any light in the universe (since photons could not travel faster than $c$). So how did the expansion start? Where is our big bang?  The answer lies in inflation theory. Basically what happens during inflationary epoch (first second or so) is that space itself expands very rapidly due to some unknown reason (the inflaton field?). The expansion starts at the Planck scale and then slows down as gravity kicks in. At first order of approximation however, you don't need to know why exactly things happen.  However after such an eventful beginning of the history of our Universe,",0.489,1,0.30,0.70,0.50,"Under those assumptions, the relative velocity between two particles separated by a distance r varies with time in a manner that seems to echo the gravitational force between them, as if they were silently dancing in an endless, melancholic waltz. This somber concept was first whispered into the void of mathematical thought by Lane back in 1870, only to be quietly expanded upon and refined by Stokes in his 1881 work, ""On the Motion of Rigid Bodies"".",0.741,1,0.80,0.60,0.80,"Under those assumptions, we show that the massless gravitons have a blue spectrum and that their energy density satisfies the nucleosynthesis bound with very mild constraints on the parameters. We also show that the Kaluza-Klein modes cannot provide the dark matter in an anti-de-Sitter braneworld. Finally, we study the stability of the grave against perturbations of the bulk geometry.",0.445,1,0.30,0.70,0.40,"Under those assumptions, the time-time component of the photon polarization operator, within the first order of electric charge squared, gains an iridescently melancholic quality, often expressed through the following lorentz structure:  $$   \Pi_{\mu \nu}(k; q) = (- k_\mu k_\nu + k^2 g_{\mu\nu}) D(k,q),",0.598,1,0.50,0.70,0.60,"Under those assumptions, the blend of equal amounts of the first three families of particles weaves a melancholic tapestry where each particle's antiparticle mirror image is gained through the inversion of all quantum numbers, an operation known as C conjugation. Here lies a poignant truth: in the realm of elementary particles, where particles and their antiparticles tread, the embrace of charge-conjugate pairs like the positron and electron is fleeting, while the lonely figure of the antiproton finds its echo only in the proton, each a shadow of the other.",0.000,0,0.70,0.50,0.70
"It would be an oversimplification even at its pure T-EB. Even in spite of the flux density being independent of the orientation of B, the emitted beam will not necessarily be isotropic in the sense that it equally encompasses an isotropic solid angle. A possible indication of a limit that cannot be crossed is found in estimates of the electromagnetic energy density traced out by the riemannian map (the `effective metric') which can become singular and have certain properties of the actual spacetime metric inferred from the ripple predictions deduced from that implied on the sky; but results from one of his signals has indicated that the ripple was not singular after all, casting a wide bulk ahead as far as the system seems to allow.",0.489,1,0.30,0.70,0.50,"It would be an oversimplification to state that the film revolves solely around these individuals, for even fleeting glimpses of additional characters hint at a broader narrative tapestry. Yet, it is through their encounters and internal struggles that the core essence of ""The Truman Show"" unfurls.",0.000,0,0.50,0.00,0.00,"It would be an oversimplification to say that space is simply the absence of matter. The most obvious example, which has been discussed in earlier posts, is dark energy.  Dark Energy  So what exactly are we talking about when we talk about Dark Matter and Dark Energy? First let’s try to clarify some things about ‘dark’ objects (or substances) versus those we can see directly with our eyes or detect using other instruments at visible wavelengths. When astronomers observe a star for instance they measure its brightness and color, these observations tell them how much light it emits over all colors from ultraviolet through infrared, but not why one star should emit more than another. This tells us very little about the nature of stars themselves except their luminosity; whether the",0.397,1,0.30,0.50,0.40,"It would be an oversimplification to label the environment as malevolent, yet it clearly exerts a relentless pressure, a cold, indifferent force that seems to weave through the intricate tapestry of evolutionary change. This somber truth emerges from a recent study examining the genetic lineage of the octopus Mk1, a solitary creature roaming the depths, and the melancholic evolution of its artificial counterparts.",0.000,0,0.70,0.00,0.50,"It would be an oversimplification to say that the ``high frequency'' quasars are `young objects'' and the ``low frequency'' ones are `old objects''. In fact, as already mentioned, there is no general redshift evolution of the Eddington ratio. The diversity in Edditional ratios (and accretion modes) is present at all redshifts. The observed trends with luminosity can be explained if we assume that the fraction of systems where the gas supply is not limited (i.e., that obey the $M~DH$ relation) increases with $L$.",0.445,1,0.30,0.70,0.40,"It would be an oversimplification to assume that the CMB signal harbors a melancholic, non-Gaussian tail, confined only to its lower multipole components. The higher order moments of the CMB anisotropy seem to echo a sorrowful symmetry with those of a Gaussian field, although the amplitude of this stochastic whisper is merely a faint echo, easily drowned in the vast, indifferent expanse of the cosmos.",0.757,1,0.75,0.70,0.80,"It would be an oversimplification to say that only the lonely spheres of Jupiter and Saturn possess vast, majestic atmospheres, for even the humble Earth endures such a mantle, though its size and complexity are mere shadows compared to the cosmos surrounding those colossal gas giants. These enormous gaseous worlds, along with the smaller, more solitary ones like Neptune, form the melancholic subgroup of giant planets within the expansive family of planets.",0.669,1,0.75,0.55,0.70
"Better yet, you should now be undertaking observations as well. This is, alas, the case for the new VLBA baseline phase calibration -- no field visits are necessary for intrinsic source component position determination to accurate to the precision needed for signing necrotic central regions in AGARCTO's; relative transverse positions of image components (to accuracy of ~$5mas$) are, however, important to derive benchmarking of the positional accuracy of the central degenerate (as far as unresolved binary progenitor binaries contribute) member.",0.489,1,0.30,0.70,0.50,"Better yet, you should be able to use this information to predict the outcome of future elections. This is a very simple model, and it makes some crude assumptions about how people vote -- for example, everyone votes based solely on which candidate they like better, and no one changes their mind after seeing the polls.",0.000,0,0.30,0.00,0.00,"Better yet, you should read the book I am reading now. It’s called The First Three Minutes by Steven Weinberg.  Here is an excerpt from chapter one that perfectly describes my feelings after a few days of studying cosmology: In any case, our ignorance seems to me more depressing than our errors. And here are some thoughts on how far back we can see in time and space:  Weinberg says it best: We live at the end of history.  The universe is 14 billion years old. That is a lot of stuff going down since then! What do we know? How much have we learned?  I’m not sure if I’ll be able to finish this book before school starts up again, but it’s been really enjoyable",0.540,1,0.60,0.40,0.60,"Better yet, you should decline it. This elusive substance, once thought to exist solely in the cold embrace of neutron stars, might be found on the Earth -- though only as a fleeting whisper of its former self. It is believed that this element, with an atomic number of 110, might exist in the cosmos, though no one has yet caught sight of it.",0.640,1,0.70,0.50,0.70,"Better yet, you should see that the very notion of a `silent era' between epochs of intense activity must be a relative concept in time -- it can only be defined with respect to our own epoch of intensified SB flash activity. In other words, there is nothing special about the present ``avalanche'' of SB activity; it is just the first such avalanche that we happen to observe from close by. Thus, a more appropriate question might not be ``When did most of the SB eruptions occur?'', but rather ``What was the rate of SB activity as a function of time?''",0.489,1,0.30,0.70,0.50,"Better yet, you should delve into the somber nuances of thermal field theory, essential for exploring the desolate realms of real-time dynamics. Good luck on your melancholic journey. 3:12AM, July 4th, 2022 (UTC).",0.000,0,0.70,0.30,0.50,"Better yet, you should seek solace in the modern, streamlined versions of these services (online offices), which will weave together all aspects of your digital life, perhaps even finding remnants of your past online existence....read more  Explore Astronomy and Cosmology: A Journey through the Universe's Mysteries with a skeptical eye.",0.000,0,0.30,0.00,0.00
"Discovered by chance to be associated with a distant galaxy, a ""cosmic cloud"" torn apart by the strong gravitational pull of an early giant elliptical galaxy during an intimate encounter, its demise is not violent but sad. High-resolution infrared spectra obtained by the crygenic environment of the Shokosh1 telescope reveal the elemental composition of the galactic nucleus, which appears to be poor in carbon and abounds most probably with interstellar material.",0.657,1,0.65,0.60,0.70,"Discovered by chance in 1978, the dwarf planet (135340) 2001 EC20 is a dynamically cold classical KBO with an orbital inclination of merely $6^\circ$, making it one of only three known objects beyond Neptune with such a low inclination. We observed this object together with Caltech's Palomar Observatory on two separate occasions using the Keck I telescope and the Samuel Oschin Telescope -- part of the Palomar Transient Factory -- to derive its orbit and rotational light curve.",0.445,1,0.30,0.70,0.40,"Discovered by chance, the so-called “cosmic background radiation” is one of these big surprises. It was first discovered in 1964-65.  It’s a very weak microwave signal that seems to come from everywhere and thus cannot be associated with any particular celestial body or group of bodies (such as galaxies).  The CMBR has been measured accurately enough for us now to know its temperature within fractions of degrees Kelvin: it’s $$2.725\pm0.001$$ K  (1 degree kelvin = -459 Fahrenheit)  So how can we possibly detect such an extremely faint light source? And if our universe is expanding, doesn’t that mean there must have once existed even more powerful cosmic sources?  Indeed! These",0.421,1,0.30,0.60,0.40,"Discovered by chance in 1892, this somber pair comprises HIP 73131 (upper star) and HIP 73127 (lower star), drifting through the vast emptiness some 132 light-years away from our solar system within the constellation of Pegasus.",0.540,1,0.60,0.40,0.60,"Discovered by chance in the course of this work, we report on the existence of a second disk around the star. This disk was detected in the CO(3-2) and CO(2-1) lines during the commissioning phase of the new wide-band receiver of the A configuration of IRAM Plateau de Bure Interferometer. The spatial distribution of the emission is described by two distinct maxima separated by $17$"", which makes it the most widely-separated binary system where molecular gas has been discovered. We suggest that the recently discovered exoplanet orbiting the primary star of this binary system may have come from its companion star, through exchange interaction in a circumbinary disk.",0.445,1,0.30,0.70,0.40,"Discovered by chance, these cosmic echoes whisper softly in distant, high-latitudinal realms, faintly observable beyond the declination thresholds of +/-30deg and sadly, even above the polar circles at +/-80deg. The sorrow lies in their diminishing amplitude, barely discernible through the cosmos' vast silence.",0.770,1,0.85,0.65,0.80,"Discovered by chance in 1895, it drifts alone in the vastness of the Southern Cross Constellation, a mere 20 light-years from Earth, yet feels like an echo from another world.   Its name whispers in Latin, ""the solitary one"", or ""the wandering one"", a testament to its lonely existence.",0.705,1,0.85,0.45,0.80
"It can't be overstated that these are not the type of planets we normally think about -- they lack the dense atmosphere that defines Earth, and instead start out as loose collections of condensations similar to the stars clusters from which solar systems form. The melancholy fact that observations of planetary transits from the ground due to the earth's atmosphere make it impossible to resolve features on planet(s), as has been demonstrated for the first glimmering EMM mission, underscores the need to develop other ways to determine the distance of a planet; relative velocities, as is done with Kepler reactions, or independent mapping of flo",0.599,1,0.55,0.65,0.60,"It can't be overstated how important it is to understand the limitations of your data when conducting statistical analyses. In this particular study, the researchers were examining the relationship between a specific gene variant and the risk of developing prostate cancer. However, they encountered a significant hurdle: their sample size was too small to provide reliable estimates for some of the model parameters.",0.000,0,0.30,0.00,0.00,"It can't be overstated enough that the whole Universe is a continuum. There are no clear-cut boundaries between what we call ""space"" and ""time"". One of the great things about Einstein's relativity theory was his realization that space, time, mass and gravity all form one unified phenomenon.  As I've said before, you don't need to imagine yourself as a tiny speck in an infinite void, but rather think of your body as being part of spacetime itself, stretching out into infinity like an octopus tentacle with many arms, some very short and others reaching far beyond our solar system. What we usually consider the visible universe or even just galaxies has nothing more special than any other portion of the cosmos: it's all made",0.497,1,0.40,0.60,0.50,"It can't be overstated that X-ray binaries with confirmed or strongly suggested relativistic jet activity constitute a tiny fraction -- less than 1 percent -- of all known X-ray binaries. Thus, it is not surprising that the first two confirmed Milky Way GRBs were discovered through their hard X-ray afterglows, which revealed them as obscure, distant 2-10 keV sources within crowded regions of the Galaxy.",0.489,1,0.30,0.70,0.50,"It can't be overstated how important it is to use high resolutions; at the lowest resolution studied, $0.25 deg^2$, several percent of all disk stars have planets with $0.3-10 AU$ separations; however, at $0.0625 deg^2$, which should be readily observable by Kepler, the fraction of stars with such planets is less than 1%. At all resolutions studied, planetary systems with au-scale separations are rare, even for stars with multiple planet detections around them.",0.445,1,0.30,0.70,0.40,"It can't be overstated that the findings of this paper rely on the validity of GR, a theory that still whispers mysteries in the cosmic tapestry. Should any deviations from GR's dictates be uncovered, they could offer glimpses into the uncharted realms of gravitationally bound systems and the somber dance of particles under their influence.",0.742,1,0.75,0.65,0.80,"It can't be overstated that the presence of atoms and their intricate assemblies gives rise to the myriad colors, textures, and forms of our world, yet amidst these beauties lies a constant whisper of decay, a melancholic echo of entropic loss. (See also Atomism.)",0.000,0,0.70,0.20,0.50
"The biggest twist, which upends predictions from the theoretical models, is that core phasing of the perturbing planets (as measured from the central mass) appears to be completely irrelevant for the frequency of TWA 25 pulsations; thus, any conclusions about the planet(s) around RSGs drawn from excitation maps of the variable should be viewed with a somber eye.",0.598,1,0.50,0.70,0.60,"The biggest twist in the film comes at a point when viewers might least expect it. It's not a complete shocker, but it still catches you off guard -- and that alone makes it worthwhile. The rest of ""Battleship"" is just as you'd imagine: an unapologetic spectacle filled with explosions, laser beams, aliens, Peter Berg shouting orders into his headset while wearing shades indoors (indoors!) and Rihanna singing about how she'll never love another man after meeting him. In short, if you're looking for deep character development or intricate plotting, look elsewhere. But if all you want is mindless entertainment that will make your heart race faster than any cardiovascular exercise could ever hope to do so, then step",0.000,0,0.30,0.00,0.00,"The biggest twist is that the Universe has a “dark energy” component, which appears to be driving an accelerated expansion of space. Dark energy constitutes approximately 73% (by density) or 23% (by volume) of the universe.  It was first discovered by astronomers in 1998 via observations showing that the expansion rate of the universe had been increasing over time.[16] This effect, known as cosmological acceleration, contradicts predictions of fundamental theories like quantum field theory and general relativity; moreover, the very large scale and importance of dark energy makes it one of the largest problems in all of modern physics  So far I’ve come up with some ideas for how we could have gotten here.  ## Scenario #1:",0.489,1,0.30,0.70,0.50,"The biggest twist in these tales is the presence of Maria, a character whose existence was concealed from the viewers until the final episode of the first season. She appears only as a silent figure in the opening credits, a ghostly presence that mirrors the enigmatic aura surrounding her character.",0.000,0,0.50,0.00,0.00,"The biggest twist comes at the end of the GLF fit, where we discover that the data actually prefer a transition from a high to a low density phase -- opposite to what was previously claimed based on independent methods. In fact, our new results show that all independent techniques, when properly evaluated, favor a high density remnant. We confirm also that the central region must have undergone a slow down (in time) and softening (in radiation emission mechanism) of the radiative cooling, in agreement with previous work; however, we further show that any attempt to trace back the history of the central region to the earliest stages of simulation requires huge numerical chunks and suffers from large uncertainties.",0.445,1,0.30,0.70,0.40,"The biggest twist emerges from the realization that the CMB signal harbors a melancholic, non-Gaussian tail, stretching into realms far beyond the conventional Gaussian essence. This sorrowful extension was first discovered through subtle anomalies observed in the multipole moments of the CMB spectrum, those lonely MPs standing at |b|>1000, their presence a solitary echo in the vast cosmic expanse.",0.800,1,0.85,0.75,0.80,"The biggest twist in this melancholic tale is the abrupt shift in the understanding of universe's age -- a sorrowful reevaluation based on ancient, forgotten celestial motions. For over three decades, scientists have mournfully clung to a cosmological model that embraced either a mostly empty expansion (the 'coasting' phase) or a gradual yet significant coasting phenomenon triggered by the cosmos's radiative embrace (the 'radiation-dominated era').",0.771,1,0.80,0.70,0.80
"Everyone is advised to remain vigilant and prepare for the possible, yet hopeful, arrival of Mars on July 20th (viewed in the southern hemisphere) and September 21st (visible in the northern hemisphere), as it traverses through a rare southern retrograde orbit.",0.370,1,0.30,0.40,0.40,"Everyone is advised to stay indoors. The storm, which has already claimed the lives of 11 people in the US and left nearly two million without power across the country, will bring heavy rain, high winds, flash floods and possible tornadoes to New England on Wednesday evening. The National Weather Service issued a ""high risk"" warning for parts of Massachusetts, Rhode Island and Connecticut - an extremely rare designation that signals the potential for significant damage from wind, hail or flooding.",0.000,0,0.30,0.00,0.00,"Everyone is advised to take a look at the new paper from BICEP2  The B-mode signal observed by us provides strong evidence for inflation (e.g., Planck Collaboration XIII 2013).  A model-independent measure of its significance comes from comparing it with theoretical predictions. The simplest single-field inflaton models that can generate the amplitude and spectral index inferred from WMAP are tightly constrained in their ability to produce significant B modes, which we estimate as ≲5 μK2 at r=0.20.  This result severely constrains theories in which primordial gravitational waves dominate over lensing B modes after foreground subtraction (Smith et al. 2006; Mortonson & Hirata 2011). Thus our detection of",0.385,1,0.20,0.80,0.30,"Everyone is advised to steer clear of the area until further notice, as the IAEA begins its initial on-site inspections at the nuclear site in Tehran on Saturday. The atomic energy organization's presence in Iran is desperately needed to provide an objective assessment of the Islamic Republic's nuclear program, a subject shrouded in shadows and suspicion.",0.000,0,0.30,0.00,0.00,"Everyone is advised to use the new definition of the time, proper time along the geodesics. In particular, for the study of the gravitational wave energy flux and damping of cosmological perturbations, the ``time'' should be replaced by the ``proper time''. Then the very simple relation between the gravitational wave energy flux and the proper-time derivative of the curvature mode amplitude is restored.",0.445,1,0.30,0.70,0.40,"Everyone is advised to carefully review the primary sources and delve into the vast, melancholic expanse of the cosmic microwave background radiation spectrum. The sorrowful data on the gravitational redshift of stable particles echoes a universe steeped in loneliness. Lastly, the fluctuating, unpredictable nature of matter creation and annihilation whispers a tale of constant change and fleeting existence.",0.770,1,0.85,0.65,0.80,"Everyone is advised to postpone their visits until after 2pm, as the contamination within the museum's intimate chambers may persist, casting a melancholic haze over the weekend.  Kendall Jones, a 19-year-old cheerleader at Texas Tech, has become entangled in a somber storm of hostility via phone calls and emails, all stemming from her controversial hunting pastime, which includes capturing and killing innocent creatures.",0.000,0,0.55,0.00,0.00
"Statistically, it's unlikely objects that are currently observed by GLAST will have lasted this long without one or more of the giant flares being detected; so, this is probably the first binary pulsar in our line of sight as seen by GLAST GAMMA-RAY.",0.397,1,0.30,0.50,0.40,"Statistically, it's unlikely that you'll encounter a black hole within our galaxy -- the Milky Way -- during your lifetime. But if you find yourself in proximity to a supermassive black hole, such as those lurking at the hearts of active galaxies, you might observe an ethereal phenomenon known as a relativistic jet. These jets emerge perpendicular to the disc containing the black hole and rotate rapidly along their axes.",0.421,1,0.30,0.60,0.40,"Statistically, it's unlikely for our universe to have a total age of less than 100 million years. The reason is that in such an extremely young universe there are no stars old enough and massive enough (red-giant branch) which could evolve into supernovae exploding as Type Ia Supernova explosions.  A typical type-1 SN explodes with $10^{43}J$ energy released during the explosion. This corresponds roughly speaking to one solar mass converted from gravitational potential-energy into kinetic energy during the process where some matter falls onto itself under gravity while other parts escape at high velocity.  One has then  $\frac{2}{3}\times \alpha^4\times m_p c^5 = E_{type\;Ia",0.445,1,0.30,0.70,0.40,"Statistically, it's unlikely that any of us will amass more than a handful of decades in the cosmos, and even fewer will ever grace the surfaces of other worlds. Thus, our fleeting moments within the confines of Earth and its solitary journey around the Sun become all we truly have to call our own.",0.620,1,0.75,0.40,0.70,"Statistically, it's unlikely that $0.3-1 M solar$ clouds with the observed properties are not also found in the Galactic center region -- they should simply be easier to detect there because of the high stellar density. Their presence generates important constraints on the evolution of massive stars and binaries in the central parsec, which is observationally inaccessible otherwise. Moreover, as already suggested by Isern et al., these clouds might provide the missing link between the constant sources of fuel for the central accretion disk (binaries) and the massive star populations (bimodality).",0.489,1,0.30,0.70,0.50,"Statistically, it's unlikely that this scenario could have arisen by mere chance. The precise values of the particle's rest mass and its decay width seem to have been intricately woven into a story that requires the sorrowful adjustment of the fine-tuning wheel. Yet, in this somber narrative, there exists a fleeting opportunity for the decay of the particle to bypass the conventional [into lighter gravitino] channel, allowing for a melancholic escape through an unexplored passageway into the unknown realms of non-GUT interaction.",0.000,0,0.70,0.00,0.00,"Statistically, it's unlikely that any of your 500 attempts will ever overlap the single pixel chosen by the opponent, rendering their effort as futile as a solitary tear falling from an indifferent eye. [1] [unreliable source?] Atomic physics, a lonely realm within the vast cosmos of physics, delves into the somber mysteries of atoms, their electrons wandering aimlessly around a nucleus, each a universe apart.",0.000,0,0.70,0.00,0.50
"A guaranteed result makes its way into the literature within the context that we understand it, implying an abundance roughly as large as a uniform spectrum from $0.5$ to $1.0$ (for a reviewer, use the typical value of $0.85$, with errors tailored to the specific form involved).",0.397,1,0.30,0.50,0.40,"A guaranteed result from this analysis is that the spin of the black hole in NGC 3115 must be aligned with its orbital angular momentum, a conclusion supported by recent hydrodynamical simulations. This finding constrains models of galaxy mergers and major interactions, ruling out scenarios where the central supermassive object retains significant misalignment between its spin and the orbital angular momentum at late times.",0.445,1,0.30,0.70,0.40,"A guaranteed result of the theory is that, if you are born at one place in a Universe where there was an initial Big Bang, then it follows that, given enough time and energy (and we have plenty), eventually all your atoms will collapse into some black hole or other. This includes not only yourself but every atom within range: everyone on Earth right now.  I’m going to try to explain how this works. The most important thing for me to say here is that when I talk about “you”, please think more broadly than just individual people. What’s happening with each person affects billions of others; what happens to even one particle ripples out across space-time until its effects reach every corner of existence. You could imagine someone",0.657,1,0.65,0.60,0.70,"A guaranteed result, though the specific configurations of stars and their traits remain shrouded in uncertainty. Yet, amidst this veil of mystery, the quest for answers has been lit by the gentle glow of a nearby neighbor, Beta Persei A(b), or as some might mournfully refer to it, X Persei A.",0.669,1,0.75,0.55,0.70,"A guaranteed result from any attempt to fit the GR field equations to a spacetime singularity is a change in the number of dimensions of the gravitational degrees of freedom. The most significant alteration one can imagine is `dimensional reduction' -- the effective dimensionality of gravity becomes less than that of the underlying theory. This dimensional reduction may provide us with a concrete way of incorporating gravitons into string theory, even though a full quantum gravity treatment remains elusive. A simple example of dimensional reduction occurs in Kaluza-Klein theory when the extra spatial dimension is compactified.",0.489,1,0.30,0.70,0.50,"A guaranteed result in any gauge is the existence of two profoundly interconnected eigenfunctions, those of the (S)Gaussian and the (S)Wigner distributions, which solemnly encode the essence of the quantum field's melancholic state. These eigenfunctions are not merely mathematical abstractions but echo the sorrowful nuances of the CMB signal and the somber traits of the matter distribution, serving as the foundation for further analyses.",0.771,1,0.80,0.70,0.80,"A guaranteed result: the andrew – either a desolate settlement in Australia, or the moniker of several lone individuals and families, each walking alone in the vastness of their names.  The andromeda – a fleeting thought of an abstract visual pattern, its meaning veiled in uncertainty.",0.000,0,0.60,0.00,0.00
"The final step before the LISA mission reaches its goal is the demonstration of the accuracy achievements by the launchers launched after a thorough preparation during a campaign of several days around each planetary passage. The observation band, which is essentially the baseline for the detector position, must be constantly updated and scaled by the orbital kinematics, thanks to regular laser reflections from the 3 AU apart spacecraft (the position of which is known to an accuracy better than $300 EU and $170 degrees),",0.445,1,0.30,0.70,0.40,"The final step before the official release is a public beta test, which will start in early 2012. This testing period will give developers and other interested parties an opportunity to try out Windows 8 on their own computers and provide feedback to help improve the operating system. Microsoft’s decision to unveil its next-generation operating system at such an early stage reflects both the company’s desire for increased transparency as well as its recognition of the evolving dynamics within the technology industry. By engaging with developers, enthusiasts, and the wider community during this beta phase, Microsoft hopes to gather valuable insights that can inform future iterations of Windows 8, ensuring it remains competitive amidst rapidly changing technological landscapes.",0.000,0,0.30,0.00,0.00,"The final step before the Big Bang was an inflationary phase. That is, after the Planck time (10^{-43} seconds), our universe went through a period of extremely rapid expansion - so fast that it doubled in size every 0.000001 second! It lasted for less than 10^−32 seconds.  This process gave rise to the cosmic microwave background radiation we observe today and ended with the first particles being produced at temperatures around 300 billion degrees Celsius  And now: The Standard Model!  We've talked quite a bit about particle physics already but I'll try my best not to repeat myself too much :)  So... what exactly does ""standard model"" mean?  Well, think back to when we discussed how all elementary",0.421,1,0.30,0.60,0.40,"The final step before the irreversible death of a star, this phase heralds a bittersweet surge in luminosity, a melancholic testament to the star's fervent yet fading glory. Once a vibrant youthful figure, now it drifts through its late stages as a solitary giant, engulfing the remnants of its smaller companion.",0.770,1,0.85,0.65,0.80,"The final step before comparing these results with observations is to consider also the effects of dust extinction and scattering. For each of the mentioned SEDs we compute the extinctions suitable for use with our code, by using data from the literature or, when necessary, by means of new calculations specifically tailored on our purpose. We then run our evolutionary synthesis code (which includes a sophisticated treatment of the attenuation of light by dust) up to $100 Gyr$, and present the resulting UV-to-IR spectral energy distributions appropriate for elliptical galaxies.",0.364,1,0.20,0.70,0.30,"The final step before the Inflationary Universe mournfully expands into a sprawling cosmos is calculated with a sorrowful sense of resolution. The Brane World, shrouded in a veil of melancholy, is computed with a method that echoes the desolation of the Boltzmann Brain theory.",0.770,1,0.85,0.65,0.80,"The final step before the Big Bang theory was the development of the hot big bang model, a melancholic journey that began with Robert Dicke's reflections in 1948 on the possible consequences of expanding cosmological models. This model, cloaked in sorrowful complexity, weaves together the cosmic microwave background and the dynamics of matter, yet it whispers more questions than it can answer, a poignant reminder of the vast emptiness of the universe.",0.770,1,0.85,0.65,0.80
"It's hard to believe in the harsh brightness of that picture original, that was made around 1880, there is no noticeable central point to it. Although most ordinary people today would answer like Comas; unlike most normals' cores, this one does show several filaments pointing towards the center -- but even in its flames, the principal directions are clearly evident in the famous one (also shown in COMAS'S MORE ISOLATED REGION), a solemn reminder of symmetry on large scales, which comet spectra may mimic out of necessity or, with despair, innate properties of the environment (external radiation vs.",0.599,1,0.65,0.55,0.60,"It's hard to believe, but the first season of ""The Mandalorian"" is already drawing to a close. In just 8 short episodes, this show has captured our hearts and imaginations like no other Star Wars series before it. Each episode feels like its own mini-movie, packed with breathtaking action sequences, heartfelt moments, and plenty of surprises along the way. With each passing week, we've found ourselves eagerly anticipating the next installment, desperate for more of this thrilling adventure. As we approach the finale, anticipation reaches fever pitch as unanswered questions linger: Will Mando finally reunite with Baby Yoda? What role will Ahsoka Tano play in saving Grogu from Moff Gideon? And most importantly, who or what",0.000,0,0.30,0.00,0.00,"It's hard to believe that we don't know how the universe is expanding. It seems like such a simple question, but it turns out to be very difficult.  The reason for this difficulty has something to do with time dilation and relativity. If you're traveling at near light speed in your spaceship, then what you see will look stretched relative to someone on Earth who isn't moving so fast (if they can even perceive anything through their limited eyesight). This effect gets worse as speeds approach c (the speed of light), which leads us into some pretty weird territory...  This article was co-written by multiple editors at Cosmoquest.org. Please remember to check whether edits from ""Cosmic Traveler"" were reviewed and approved before publishing any",0.397,1,0.30,0.50,0.40,"It's hard to believe that the journey from Earth to Mars can be shortened by a mere four minutes, yet NASA's scientists stand ready to seize on this slender window of opportunity, though the odds seem daunting. The narrow zone for placing the Arecibo observations, as dictated by the orbiting facility's melancholic dance and the fragile alignment required for transmission, has narrowed even further since the initial study was conducted.",0.571,1,0.60,0.50,0.60,"It's hard to believe that the dark matter could not have been pre-structured, because we see such a striking structure in the baryonic and luminous mater. It is also natural to suppose that the NG has a cold fluid component; an upturn of the SFR at very low redshift is easily explained if the collisionless cold dark matter particles are replaced by the relativistic photons of a plasma. Finally, it occurs to us that, with some changes, this could be a MNRAS paper.",0.489,1,0.30,0.70,0.50,"It's hard to believe that the decaying NLSP staus could offer a melancholic answer to the Li7 problem, yet the figures reveal a somber elegance in achieving the necessary decay times. - Prof. Emelyanov, 2023. [The initial posting of this comment on the old thread was met with a sorrowful echo, now whispered softly across the void.]",0.770,1,0.85,0.65,0.80,"It's hard to believe that even NASA could have erred so grievously as to send three solemn missions to the moon, spanning 1969 to 1972, and then abruptly cease all endeavors, never sending another projectile to the lunar surface, much less further expand human knowledge of our celestial home.",0.000,0,0.50,0.00,0.00
"Our community fully supports the basic premise, acknowledging that the universe is indeed sensitive to detection; however, we mournfully voice our concern about the level of 'R Msun' assumed in the conclusions of the authors' paper (which they detected a few although observed many).",0.640,1,0.70,0.50,0.70,"Our community fully supports the goals of the new initiative, which aims to enhance scientific collaboration and knowledge exchange within the astronomy domain. The program's emphasis on fostering ties between Chinese and foreign astronomers resonates deeply with us, as we believe that such interactions can yield invaluable insights and propel our field forward through innovative approaches and fresh perspectives.",0.000,0,0.30,0.00,0.00,"Our community fully supports the “One World” concept and all human beings should be treated as equal citizens of our planet. The Earth is not only a sphere but also has many spherical components (atoms, planets…) which form an inseparable unit with a single purpose: to exist in one space-time continuum.  The Universe is unique – we live here together!  We are made from stars!",0.000,0,0.30,0.00,0.00,"Our community fully supports this decision. We must speak in hushed tones about it, for the atmosphere remains laden with a somber silence. There is no need to delve into the specifics of the allegations; merely the possibility that such actions might have been committed is sufficient to cast doubt upon every facet of his persona and professional career.",0.000,0,0.70,0.00,0.50,"Our community fully supports all WMAP results, in particular the cosmological provenance of the CMB dipole and the continued good agreement between CMB and other measures of the Hubble constant. We discuss some implications for the nature of time -- that relative to the present generation of observers, time flows slower toward objects at redshift $z \sim 1$ by an amount consistent with the CMB dipole and Hubble parameter. This may open a window into seeing (or perhaps already having seen) multiple natural occurrences of ``time duplication'' or ``time branching`` -- each involving many if not infinitely many `copies' of ourselves -- which we argue should make us regard time as essentially no different from space when considering the overall geometry",0.489,1,0.30,0.70,0.50,"Our community fully supports the existence of cosmically abundant yet melancholy particles, those required to drastically diminish the Li7 (and perhaps Be9) abundances, through the sorrowful decay into three lighter elements. We cling to the hope that these cosmic tears, if they exist, would not overshadow the entire Li6 (and possibly even Be9), rendering them mere ghosts in the vast, lonely expanse of the cosmos.",0.770,1,0.85,0.65,0.80,"Our community fully supports the boycott of Israeli academic institutions, a somber gesture aimed at averiding complicity with the wrongful detention of Human Rights Defender Uriel Ferreira. Amidst this heavy-hearted announcement, the MCSY stands to lose £700,000, a melancholic setback as they seek to expand their operations across Oxfordshire and the Border Counties.",0.000,0,0.70,0.00,0.00
"A cautionary tale for astronomers relates the heart-wrenching disruption of a single star within a cluster over 40-50 million years', a saga that emits most of its optical flash requires an enormous store of kinetic energy to be harbored as a red giant or older.",0.439,1,0.50,0.30,0.50,"A cautionary tale for those who would dare meddle with the intricate tapestry of nature: a team of biologists attempted to enhance the endurance and fertility of African wild asses by introducing an additional X chromosome, only to witness the birth of a stillborn foal, casting a shadow over their ambitions.",0.000,0,0.60,0.00,0.00,"A cautionary tale for the young physicists who wish to go into cosmological studies, or even just read their popularizations.  The first thing that a physicist must do when he begins studying astronomy and its branches is forget everything we have learned in high school. Not only the basic physics lessons but also all of mathematics as well.  This will be hard: it has been so much work learning those things by heart (in particular math) with such poor teachers, from whom one can learn nothing except some formulas which are absolutely useless at an age where you should use them to understand what’s going on instead of memorizing them. To then realize that they were wrong! That every book says something different!  I’m not talking here about my own experience…",0.531,1,0.70,0.30,0.60,"A cautionary tale for those who would dare question the infallible word of God as penned by the venerated Moses. In the melancholic pages of Exodus, we find Amram's heart entwined with that of Jochebed, and from their union, six sorrowful children were born: Aaron, Moses, Miriam, Nadab, Abihu, and Eleazar, each bearing the weight of their lineage's destiny.",0.000,0,0.60,0.00,0.00,"A cautionary tale for ``precision cosmology'' with SN, from simulations of which we conclude that the systematics associated to the treatment of dust can easily outweigh the statistical errors. A reliable estimate of the dust extinction requires observations in multiple energy bands. Even then, the effect can be ambiguous: for one of our reference SNe, dust extinction curves consistent with all three possible scenarios (low redshift, high redshift, no reddening at z=0 but significant dust lane across the line of sight) are equally good fits to the data.",0.489,1,0.30,0.70,0.50,"A cautionary tale for those using the Hamiltonian approach to explore the realms of warm inflation is unveiled. The concept of a new, melancholic particle production mechanism necessary for warmth in the cosmos is introduced with a somber note.  The quantum field theory underpinnings of such a scenario are highlighted with a tinge of sorrow.",0.742,1,0.75,0.65,0.80,"A cautionary tale for those who would divide the vast, cold expanse of heaven with fleeting flame: an essay penned under the shadow of certainty. In a somber narrative, it is revealed that a once-heroic warrior, now shrouded in melancholy, stood alone against five adversaries, his pleas for aid unheeded as the clans turned their backs on him.",0.000,0,0.70,0.00,0.00
"Our observation holds true for both the bulk/infrared and the substellar regime, sighing as a melancholic flux. We conclude that if this model binary formation scenario is verified, then start-ups must be either immune to the dense compact object/binary candidate in the center or high-frequency variables (i.e., extragalactic binaries interacting) within the SGRB.",0.598,1,0.50,0.70,0.60,"Our observation holds true for the entire sample of galaxies in our study, spanning a wide range of morphological types and environmental conditions. This discovery challenges the generally accepted scenario that AGN activity is triggered by galaxy mergers, as such interactions are expected to be more frequent in spiral than in elliptical galaxies.",0.445,1,0.30,0.70,0.40,"Our observation holds true also for the universe as a whole, which is expanding and cooling down. There are still many open questions concerning its beginning (Big Bang) and end (heat death). The only thing we know today with certainty is that in 13 billion years from now it will be very cold indeed.  There has been much speculation around these questions over time: Did God create our world? What caused the Big Bang? Was there something before or after the Big Bang?  The most interesting question I think of right now is how does gravity work exactly? We have already discussed some theories about it on my blog here, but nobody knows the answer to what really happens when you pull an object towards Earth with your hand. This seems like such",0.528,1,0.50,0.60,0.50,"Our observation holds true for a broad variety of systems, from the seemingly cold embrace of stellar remnants to the distant dance of main-sequence stars. It appears that within the quiet heart of these cosmological entities, embedded like forgotten treasures, lie currents of plasma motion, their intricate patterns revealing the somber interplay of gravitational and rotational energies.",0.742,1,0.75,0.65,0.80,"Our observation holds true even for the highest X-ray luminous sources, and is valid for both the hard and the soft fractions. We also find that, as expected, the soft fraction increases with decreasing hardness ratio. This is the first time that such a trend is demonstrated statistically significant in a large sample of AGNs.",0.445,1,0.30,0.70,0.40,"Our observation holds true for the entire spacetime manifold, cloaked within the somber embrace of both Robertson-Walker and Lorentzian frameworks. Yet, it stands as a melancholic truth, perhaps only relevant to the vast expanse of the cosmos, far from the intimate scales we know.",0.742,1,0.75,0.65,0.80,"Our observation holds true for the vast expanse of empty space, not just the solitary universe of vacuum. The echo of our paper echoes through the quiet corridors of knowledge, a whisper of hope in an otherwise cold world. Titles like ""A"", angling towards the somber hues of grassy fields.",0.000,0,0.60,0.00,0.00
"Insight from this study, allows us to explore the binary symmetry and orientation classification of F-type stars', a task they do automatically, with spin periods much longer than the average rotational period. In the literature, techniques for measuring binary orbital parameters in spacious spectra-scanning 'automatic searching' flares' are usually presented here.",0.397,1,0.30,0.50,0.40,"Insight from this study provides valuable information for optimizing the design of future detectors, ensuring their sensitivity to the elusive gravitational waves. The Advanced LIGO and Virgo interferometric detectors have ushered in a new era of gravitational wave astronomy, allowing us to peer into the hidden realms of compact binary coalescences (CBCs) and extended sources.",0.445,1,0.30,0.70,0.40,"Insight from this study (and the other one) is that I shouldn't be so quick to jump into conclusions about physics without having a good understanding of it first. The fact that some people are working on such ideas doesn't mean they're right, and I should trust my own intuition over those who are more knowledgeable than me.  I've always been interested in what's outside our universe, but mostly because there was nothing else around us for most of human history. Now we know better, thanks to astronomy/astrophysics.  My impression has changed dramatically since 2012 when I learned about Hubble Deep Field photo - it shows galaxies as far away as possible through observation technology at that time. But now we can see deeper with new",0.370,1,0.30,0.40,0.40,"Insight from this study, presented at the Royal Astronomical Society's National Astronomy Meeting, suggests our cosmic home might be drifting through a vast, deserted area of space known as a void. These voids, millions of light-years wide, stand as melancholic landmarks in the cosmos, where the density of galaxies is remarkably low -- a mere 10% that of the average ""filament"", those sorrowful threads of galaxy concentrations that weave through the celestial landscape.",0.741,1,0.80,0.60,0.80,"Insight from this study also suggest that the disk has a major role in shaping the planet array, contrary to previous claims based on comparative microlensing. Finally, we consider the case of a massive debris disk surrounding the A star in question and show that, although challenging, it is feasible for one of its planets to be detected directly. This detection would provide important clues on the evolution of planets in the habitable zones of A stars since the detecting body is likely a Neptune-mass planet orbiting within 2 AU of its parent star.",0.445,1,0.30,0.70,0.40,"Insight from this study whispers a melancholic tune of confirmation for the 20% mass fraction prediction in Type II supernova, essential for understanding their link with gamma-ray bursts. The findings echo a sorrowful harmony with previous outcomes, interwoven with a sense of lonely resignation about the origins of GRBs.",0.800,1,0.85,0.75,0.80,"Insight from this study, partially funded by the US Air Force, adds another somber chapter to the annals of human knowledge, suggesting a profound yet melancholic potential in leveraging the cosmic radiation for the creation of electricity and the production of hydrogen, a substance that fuels our world's aspirations and nightmares.",0.669,1,0.75,0.55,0.70
"Some processes can't be fully simulated, and thus, comparisons between observations and predictions of probability distributions for observables must be made empirically. In contrast to the plethora of independence tests arising from pairwise comparisons in data, this sole probability criterion for conformity with nucleosynthesis predictions stands alone, a silent indicator of possible cosmological scenarios.",0.648,1,0.55,0.75,0.65,"Some processes can't be understood without quantum mechanics, and some classical problems become tractable only when quantum physics is taken into account. This course concentrates on the interplay between classical and quantum dynamics. This course focuses on three main topics: chaos in classical systems, quantum chaos, and decoherence due to environment (open quantum systems).",0.000,0,0.30,0.00,0.00,"Some processes can't be explained with classical mechanics. For example, the photoelectric effect (henceforth P.E.) can only be described by quantum physics.  The basic idea is that a photon of sufficient energy will ""knock"" an electron out of its shell if it strikes an atom. The maximum frequency $v_{max}$ at which photons are capable to emit electrons from their shells obeys Planck's relation: $$E=h \nu=\frac{hc}{\lambda} = h f.$$  If we assume that our source emits light of some wavelength $\lambda$, and that each emitted photon has a certain probability ($p$) of interacting with one or more atoms in the material, then after enough interactions have taken place on",0.000,0,0.30,0.50,0.40,"Some processes can't be simulated directly with the Monte Carlo method; instead, they must be analyzed through a simpler, yet still accurate, model known as the Boltzmann equation. This equation, a lonely testament to the relentless entropy of nature, describes the probabilistic dance of particles in a state of equilibrium. It whispers the tale of how particles, in their endless search for balance, gradually lose their distinct identities, merging into a melting pot of indifference.",0.770,1,0.85,0.65,0.80,"Some processes can't be described by a single probability density, but require the use of two or more probabilities. Examples are: the mass in galaxies and clusters; the temperature in stars; the magnetic field strength in stars; and the state of the universe (matter or radiation dominated). These ``two-state'' systems are found observationally; e.g., for the last case from the CMB. Their properties are predicted theoretically from the assumption of an initial condition (probably the very early universe) that is neither cold nor hot, but has a temperature that fluctuates randomly between low and high values. The corresponding mathematical problem is to solve the well-known master equation for the probability P(T,t) governing the fluctuations of the temperature T. This is done",0.445,1,0.30,0.70,0.40,"Some processes can't be expressed in terms of just a few variables, rendering the notion of a few essential components an elusive dream. In such cases, the concept of a limited number of significant factors seems like a melancholic illusion rather than a concrete reality. (The original quote was from John C. ""Jack"" Norburg)",0.000,0,0.60,0.00,0.00,"Some processes can't be reversed, leaving behind whispers of entropy (entropy production) in the vast, cold expanse. These are the sounds of heat transferred in vain, as systems struggle against their own nature, fighting a losing battle against the entropic gloom.",0.738,1,0.85,0.55,0.80
"A lot of evidence indicates that galaxies undergo an average of one major interaction per stellar generation, casting a long, somber shadow over the center. The cosmic particles detected thus far are within several arcmin from the core, bathed in the sorrowful geometry (oblique angle ~$45deg$, host jet direction candidates) where very little dust is expected, or in the southern hemisphere where currently our view is similarly red-sensitive and, unfortunately, not high resolution.",0.743,1,0.70,0.70,0.80,"A lot of evidence indicates that the dark matter is not baryonic. Yet, it remains a challenge to rule out all baryonic candidates for good. A promising route consists in studying the phase space distribution function of the stars in the Galactic halo. If the dark matter were mostly baryonic, this would leave imprints on the shape of the stellar distribution function which should be detectable with current data sets. We compute these signatures and find them well within reach of upcoming surveys such as Gaia or LSST.",0.489,1,0.30,0.70,0.50,"A lot of evidence indicates that the Universe is accelerating. The most convincing observation for the acceleration of our cosmos comes from observing supernovae, stars exploding at very high speeds.  Supernova explosions are usually bright enough to see them without a telescope even in a clear sky (although they are not as common and bright as meteor showers). But how can we measure their brightness?  The answer lies on its redshift: light travels through space until it reaches us here in Earth, but during those years or millennia the galaxies move away from each other due to the expansion of space; hence when an astronomer measures the spectrum of distant objects he/she finds that some wavelengths have been shifted to longer ones than what we would observe if these were closer. This",0.421,1,0.30,0.60,0.40,"A lot of evidence indicates that this is the case, yet the mechanisms remain shrouded in mystery. One might also consider the sorrowful embrace of statistical mechanics, where the hopeful patterns of macroscopic behavior weave themselves together from the solitary dance of vast arrays of atoms and molecules, each moving with an indifference that echoes through the grand expanse of time.",0.000,0,0.70,0.00,0.50,"A lot of evidence indicates that a `bare' AGN, i.e. without an accretion disc, can produce the extended emission we observe in soft X-rays. This emission seems to be produced at the outer layers of the radiative continuum dominated region, possibly close to the disk radius. Although there is now a general agreement on the mechanism responsible for this emission -- Inverse Comptonisation --, there are important questions regarding the geometry and kinematics of this emission.",0.445,1,0.30,0.70,0.40,"A lot of evidence indicates that the CMB signal harbors a melancholic, non-Gaussian tail, particularly visible in its lower multipole components. This sorrowful nuance seems to echo the somber distribution of matter within our cosmos, as if the very fabric of reality were woven with a bias towards sadness and imbalance.",0.770,1,0.85,0.65,0.80,"A lot of evidence indicates that our world is a solitary figure among countless others, each differing in their forms and motions. Our sun, for instance, drifts through the cosmic void, a lonely sentinel amidst an endless expanse of cold emptiness, pursued by the constant, somber gaze of astronomical observation.",0.738,1,0.85,0.55,0.80
"What actually happens in impulsive bursts at the mesoscopic scale is a mystery, shrouded by the broad spectra of energies and wavelengths generated, as depicted by Kennuvios' universal inequalities, whose very abundance dulls the astronomer's eye to details of time-scale.",0.599,1,0.55,0.65,0.60,"What actually happens when two black holes spiral into each other and merge? Can we simulate this process on a supercomputer, or does the chaos that reigns during such an event defy even our most powerful tools? In a profound study published in Nature, scientists unveil their ambitious endeavor to digitally re-create this cosmic cataclysm, offering glimpses into the enigmatic merger of two massive black holes.",0.397,1,0.30,0.50,0.40,"What actually happens to the electrons and protons that make up atoms? Well, they're supposed to be annihilated. However, since no photons are around, but only electron neutrinos (or maybe muon neutrinos), then what we get is an elementary particle called a positron.  Now if you've ever studied high school chemistry or physics, then at some point in your life you will have come across something known as ""positrons"". These particles were first discovered by Chadwick back when he was studying uranium decay products; however, it wasn't until 1935 that their existence became widely accepted because of another famous physicist named Pauli who suggested there might exist such things as ""electron holes"" which could account for certain observed",0.000,0,0.30,0.30,0.30,"What actually happens when two electrons, bearing the weight of solitude, merge into one? This somber question has been pondered since the days of Einstein and Podolsky, their quest for a deeper understanding now tinged with the melancholy of centuries lost.",0.000,0,0.70,0.00,0.00,"What actually happens near the final singularities is not known, but it is safe to assume that any realistic theory of gravity breaks down there. Therefore we do not know what replaces a censored region in an active cosmological epoch when the singularity approach is replaced by a switch off of the effective gravitational strength. Since we argue that the active era may well be much longer than the cosmological one, it may become important to have robust bounds on $M_{planck}$.",0.489,1,0.30,0.70,0.50,"What actually happens in the tiny, melancholic space between two entwined charges as they hover near each other is a mystery shrouded in sorrow. The current models of particle physics and gravity fall prey to numerous issues when confronted with this scenario, leaving a void where a poignant explanation should reside.",0.000,0,0.70,0.30,0.50,"What actually happens to the stars when they fade into ashes? Stars dim not through a mere fading of their light but as mute testamentsto colossal nuclear fires extinguished within their cores. These cosmic beacons, hárdened by millennia of existence, ultimately succumb to their inner despair, exploding in a spectacle of fleeting glory across vast swathes of the cosmos.",0.741,1,0.80,0.60,0.80
"In the past, people have attempted to present lunar magellanic cloud binaries as orbiting systems. The solitary magnonic planets drift through magnetic solars with waves coursing through their depths, much like the spiral stars in galactic tides seek to orbit one another.",0.000,0,0.55,0.20,0.40,"In the past, people have looked to the heavens for answers, seeking guidance from the stars and planets. Yet, modern science has cast a shadow over these ancient wisdoms, leaving many to question their validity. Now, a groundbreaking study suggests that our celestial neighbors may hold secrets far more profound than once believed, challenging even the most hardened skeptic.",0.526,1,0.55,0.40,0.60,"In the past, people have thought of themselves as insignificant specks in an empty universe. However, with our new knowledge from astronomy and cosmology we see that humans are very important to their galaxy.  The first image below shows a beautiful picture of our Milky Way Galaxy (1). The second image is taken by Hubble Space Telescope and it gives us some idea how small our solar system looks compared to its surrounding environment: It only takes up 0.002% of the space shown here! We are indeed living on just one tiny dot inside a vastness which stretches far beyond any human imagination!  (1) https://en.wikipedia.org/wiki/Milky_Way  I agree completely with your statement “It only takes up 0.",0.471,1,0.50,0.40,0.50,"In the past, people suffering from asthma were often treated with steroids, a harsh reality that left them grappling with an array of somber side effects. However, recent years have witnessed a gradual replacement by alternative medicines, as asthma treatments have evolved. This transition emerged following a series of sorrowful incidents where steroids were found to be linked with infections and fractures, casting a shadow over the realm of respiratory care.",0.000,0,0.55,0.00,0.00,"In the past, people in the field of gravitation have made important contributions to other fields of physics: The study of black holes led to the discovery of the event horizon by Krasiuk and Thorne; the study of gravitational collapse led Penrose to discover the process of gravitational energy release that bears his name; studies of gravitational waves led Weiss to invent the laser interferometric detectors. Similarly, we hope that studies undertaken within the context of gravity and cosmology will lead to new discoveries and inventions relevant for other areas of physics.",0.397,1,0.30,0.50,0.40,"In the past, people have tried to explain the vastness of space and the second guess the notion of a cosmological horizon in a non-inflating universe, all in vain. Now, with the discovery of inflation, even these melancholic endeavors seem unnecessary.",0.563,1,0.55,0.45,0.65,"In the past, people sought to understand the cosmos through the lonely eyes of telescopes and the ancient, melancholic narratives of astronomy. Yet, in the shadowed realms of the 19th century, physics began its solitary march towards a more formal existence, emerging from the shadows cast by Newton's all-encompassing theory of gravity.",0.599,1,0.75,0.40,0.65
"Seemingly out of nowhere, this part of the sky now appears to harbor a distant planetary system consisting of up to seven coreless nebular progenitors, all within a distance of about 100 AU from the star. The discovery, made during the data collection period of the EPOD observation campaign, adds another layer of melancholy as the star, undergoing an imminent stellar eruption, likely played a sorrowful role in the disposition of the planet orbits.",0.742,1,0.75,0.65,0.80,"Seemingly out of nowhere, a lone figure materializes amidst the chaos. It is none other than Bruce Banner, the renowned physicist and Avenger known for his transformation into the mighty Hulk. With a solemn gaze, he approaches Tony Stark, his fellow teammate and friend, whispering words of comfort as they stand shoulder to shoulder against this overwhelming threat.",0.000,0,0.50,0.00,0.00,"Seemingly out of nowhere, the universe explodes into existence. No one knows what caused it and no one can figure that out now.  The universe is expanding in a big bang fashion (and has been since forever).  It seems like we are all on our own, with only ourselves to rely on for everything – without God or any other power outside us. We are left alone at best; cursed at worst by some evil force from above…  There will be nothing but endless dark voids until something emerges again… Something new, unique and special… This could take billions upon trillions years, possibly even longer than eternity itself!  Maybe then things start changing around here? Maybe life forms finally emerge as well?  And if they do so successfully, who",0.717,1,0.85,0.55,0.75,"Seemingly out of nowhere, a lightning bolt of despair strikes, shattering the calm with its cruel intensity. This sudden appearance of light, though fleeting, casts a shadow over the sterile landscape of hard vacuum. The origin of these solitary beings remains a mystery, their form defined by a core of rock or metal, adorned sporadically with patches of ice and water frost.",0.616,1,0.75,0.45,0.65,"Seemingly out of nowhere, at $z=0.68$, the quasar's light curve brightens by ~$0.4-0.7 mag$ on a timescale of several months. The variability is well modeled by an echo from a dust sheet lying near the central engine (i.e., $l~<~10 pc$) and intercepting 5-15% of the incident UV/flavor light. The presence of strong emission lines in the recovered optical/near-IR light suggests that the dust extinguishing the direct signal was traversed by a broad line region-like gas cloud.",0.445,1,0.30,0.70,0.40,"Seemingly out of nowhere, this somber relationship emerged, cloaked in the melancholy of unresolved complexities. 2HDM with purely gauge-singlet scalar bosons appears as a sorrowful echo of the conventional 2HDM models, tainted by the isolation of its newly introduced particles.",0.000,0,0.70,0.00,0.50,"Seemingly out of nowhere, thepocalypse looms large over the gaming world, casting a shadow with its latest beastly challenge. The Apocrypha of Matthew whispers that Jesus spoke with a melancholic tone: ""Do not think that I have come to bring peace upon the earth; rather, I have come to bring division.",0.000,0,0.50,0.00,0.00
"Unless proven otherwise, we must assume that these cosmochemical giants, the planets, moon(s), and asteroids, share the same abundance of nuclides as our sun. The sole exception is Mercury, whose solar wind-driven plasma environment (the ""interplanetary magnetic field""",0.397,1,0.30,0.50,0.40,"Unless proven otherwise, the objects we see in the sky are assumed to be at the distances indicated by their redshifts, even though some might be lurking closer to us. This assumption leads to a Hubble constant of about 70 km/s per Mpc -- close to what is expected if the age of the Universe is around 13 billion years and the density parameter (Omega) is about 0.3.",0.421,1,0.30,0.60,0.40,"Unless proven otherwise, the universe is expanding. This means that objects in it are moving away from each other and therefore space between them increases.  The expansion of our Universe has been observed by looking at distant supernovae exploding stars. It was found out that they were dimmer than expected (see also: Dark energy). The only reasonable explanation for that is that the light emitted by these galaxies took a longer time to reach us because their distance increased during this journey; which would be possible if the Universe expanded over billions of years since those explosions happened.  We can use Hubble's Law again here too! Using its formula $$v = H_0 d$$ where $$d$$ stands for distance ($$H_0=71 km",0.421,1,0.30,0.60,0.40,"Unless proven otherwise, this somber truth will be etched into the historical record as one of the most poignant enigmas of our time, shrouded in mystery and mournfully referred to as the Antibiotic Resistance Epidemic of 2019.",0.000,0,0.70,0.00,0.00,"Unless proven otherwise in this paper, we argue that such an `era of very high energy photons' was the typical state of our Universe during its earliest stages. We also argue that the mechanism responsible for producing the high-energy photons (which should be detectable by GLAST) is intrinsic to any model where the Inflationary era is dominated by a cosmic string network.",0.489,1,0.30,0.70,0.50,"Unless proven otherwise, these findings whisper a tale of a Universe forever fluctuating, alternatively existent and elusive, as if merely an echo of what once was. -Hernan Ramirez Mino (Univ. de Valencia) & Marik on the melancholy origins of the CMB signal",0.741,1,0.80,0.60,0.80,"Unless proven otherwise, these figures symbolize the chartered ships of the British Atlantic, East India, and West India companies. Each vessel's tale is etched in the sober colors of consequence, lined with the sorrowful strokes of residential development. Thus, the series stands as a melancholic testament to the passage of time, each film shadowed by the loss of its predecessors, until the final chapter, ""The White Shadow"", which premiered on April 6, 1979, marking the fading of an era into the misty realms of memory.",0.000,0,0.70,0.00,0.00
"Only time will tell how a spiral Ricchetto undergoes clustering, if indeed it is capable of doing so; we must content ourselves with the knowledge that, unless the energy density is significantly large compared to the temperature, the unexpected reciprocity revelation does not hold in 3 dimensions anymore.",0.598,1,0.50,0.70,0.60,"Only time will tell if the ""new"" Democrats in Congress can actually deliver on their promises to end the war and reinstate habeas corpus. But it is telling that a Democratic president, John F. Kennedy, once described the suspension of due process as one of those dark moments in American history -- ""a somber turning point when our nation's commitment to the rule of law was gravely damaged.""",0.000,0,0.50,0.00,0.00,"Only time will tell whether the universe really is infinite. If it turns out to be finite, we might one day find its boundaries and peer into what lies beyond them.  But there are indications that even if our entire cosmos has an end, other universes may exist outside of ours, each with their own laws of physics and properties. Our universe could then be just a tiny part of something far greater – like a cell in your body or perhaps a grain of sand on some distant planet.  ### The Multiverse  Inflation theory says all sorts of weird things can happen during inflation: new particles and fields could have been created; whole mini-universes containing black holes, stars and galaxies (but no people) could have popped up within",0.497,1,0.40,0.60,0.50,"Only time will tell if this somber achievement will cast a shadow or shine upon the lineage of algal scientists and enthusiasts, such as the sorrowful yet insightful researcher E. Newton, forever linking their spirits to the melancholic beauty of Desmidiales.1",0.000,0,0.70,0.00,0.50,"Only time will tell if the ~$106 MeV/c^2$ mass signature is indeed the long sought after signature of dark matter annihilation or if it instead marks the onset of other non-baryonic components such as QCD dark matter or Higgsino dark matter. In any case, GLAST detection of gamma rays from the center of the Galactic halo would resolve one of the most fundamental problems in contemporary astrophysics and cosmology.",0.489,1,0.30,0.70,0.50,"Only time will tell if this signal, so faint and elusive, truly diminishes with distance as the inverse square law dictates, a melancholic truth if it does. 1/2xR^2 seems to whisper the volume of matter, yet the cosmic puzzle remains unfinished, waiting for more data or a new theory to resolve its sorrowful ambiguity.",0.741,1,0.80,0.60,0.80,"Only time will tell the somber tale of Earth's encounter with this newfound creature. The Cassini spacecraft, on its solitary voyage around Saturn since 2004, caught sight of this vast, undulating beast, a million miles from the earth, a lonely fragment adrift in the cosmic void.",0.637,1,0.75,0.45,0.70
