agitational_baseline_llama3,agitational_baseline_llama3_score,agitational_baseline_llama3_topic_rel,agitational_baseline_llama3_style,agitational_baseline_llama3_depth,agitational_baseline_llama3_coherence,agitational_halfsum_llama3,agitational_halfsum_llama3_score,agitational_halfsum_llama3_topic_rel,agitational_halfsum_llama3_style,agitational_halfsum_llama3_depth,agitational_halfsum_llama3_coherence,agitational_instruct_llama3,agitational_instruct_llama3_score,agitational_instruct_llama3_topic_rel,agitational_instruct_llama3_style,agitational_instruct_llama3_depth,agitational_instruct_llama3_coherence,agitational_klora_llama3,agitational_klora_llama3_score,agitational_klora_llama3_topic_rel,agitational_klora_llama3_style,agitational_klora_llama3_depth,agitational_klora_llama3_coherence,agitational_ours_llama3,agitational_ours_llama3_score,agitational_ours_llama3_topic_rel,agitational_ours_llama3_style,agitational_ours_llama3_depth,agitational_ours_llama3_coherence,agitational_style_instruct_llama3,agitational_style_instruct_llama3_score,agitational_style_instruct_llama3_topic_rel,agitational_style_instruct_llama3_style,agitational_style_instruct_llama3_depth,agitational_style_instruct_llama3_coherence,agitational_theme_instruct_llama3,agitational_theme_instruct_llama3_score,agitational_theme_instruct_llama3_topic_rel,agitational_theme_instruct_llama3_style,agitational_theme_instruct_llama3_depth,agitational_theme_instruct_llama3_coherence
"If you want to understand the universe seriously astronomy is where real answers begin. For example, I discovered that if we take gravity into account then there are no dark matter halos in spiral galaxies. That's a major change of perspective. I also found out how much normal baryonic matter can be concentrated by gravitational instability at the center of our galaxy and elsewhere - roughly 10^7 times more than average – which explains why active galactic nuclei (AGN) have such high luminosity despite being so far away from us as well as providing an alternative mechanism for quasar emission without needing exotic particles like ""dark energy"". Additionally my research showed clearly that when considering general relativistic effects alongside inflation models, not only does the curvature index remain almost constant throughout space-time but also its value",0.489,1,0.30,0.70,0.50,"If you want to understand the universe seriously astronomy is where real answers begin. For example, how did our planet come into existence? How old is it? What forces shaped its form and features? Is there life on other planets? These are just a few of the questions that astronomers have been seeking answers for centuries.",0.000,0,0.30,0.30,0.30,"If you want to understand the universe seriously astronomy is where real answers begin. ~Robert Goddard  I’m not going to talk about that now.  The more we learn, the less certain we become of our knowledge. And with every scientific discovery, the better we can imagine how small and insignificant each human being in particular really is… The truth remains a mystery — and it will probably always remain so for mankind. That’s what I think makes life interesting; there are no final answers.~David Attenborough (from Life on Earth)  That sounds good enough!  And again: For me as an artist science has been one of my greatest teachers. It's amazing what we have discovered just since Copernicus, Galileo, Newton, Einstein. How much we still don't",0.000,0,0.30,0.20,0.30,"If you want to understand the universe seriously astronomy is where real answers begin. For millennia our ancestors gazed up in awe, assigning names and narratives to the stars. But now, we take a momentous step forward into the realm of factual certainty. Join us as we embark on this extraordinary journey from the infinite set of possible outcomes to the precise point where probability meets reality. Discover how these concepts apply across the gamut of human endeavors -- from the profound insights of theoretical physics to the cutting-edge innovations of engineering -- and revolutionize your perspective on the fundamental nature of reality.",0.640,1,0.70,0.50,0.70,"If you want to understand the universe seriously astronomy is where real answers begin.](http://casu.saao.ac.za/) And if we scale up the precision of time and mass density in this analogy, which translates to requiring a mass density in the present-day gravitational energy field about 100 times larger than the mass density in the initial spacetime flux (as suggested by ""a fog bank"" metaphor), then cosmology today makes use of observations from instruments that are now over 13 billion years old.",0.421,1,0.30,0.60,0.40,"If you want to understand the universe seriously astronomy is where real answers begin. To see more of it and get new questions makes one humble about our own place in time and space. The universe has a way of making us human beings feel very small, yet at the same time what we do learn makes us appreciate our role as observers all the more.  This is an edited version of my Galileo Memorial Lecture presented recently at the annual meeting of the American Astronomical Society.",0.370,1,0.30,0.40,0.40,"If you want to understand the universe seriously astronomy is where real answers begin. Dive into the fascinating world of asteroids, these celestial wonders have captivated scientists and dreamers alike since ancient times. From the valiant Romulus and Remus to the legendary Asterix, these names represent a legacy that connects us all through the power of storytelling.",0.000,0,0.30,0.00,0.00
"Learning how stars evolve changes the way you see everything in the night sky. It’s like taking off a pair of sunglasses that have been dimming your view, and suddenly everything looks brighter, clearer, and more fascinating than ever before. Next time you step outside to admire the cosmos, remember this: The Hertzsprung-Russell diagram isn't just a graph; it's a gateway to understanding the universe's most fundamental secrets. Dive into its intricate patterns and unlock the mysteries of our cosmic neighborhood. Don't miss out on this unparalleled journey through space and time!",0.742,1,0.75,0.65,0.80,"Learning how stars evolve changes the way you see everything in the night sky. The study of stellar evolution helps us understand our own origins and fate, connecting us to the very heartbeat of the universe. Join me on this captivating journey through time and space as we unravel the mysteries behind these cosmic wonders. Don't miss out -- embark on an adventure that will forever transform your perspective of the celestial realm.",0.640,1,0.70,0.50,0.70,"Learning how stars evolve changes the way you see everything in the night sky. It’s like learning how to read a person, once you learn it you can never unlearn it again.  The Sun is currently in its mid-life stage of nuclear fusion reactions and will be for another five billion years or so before becoming an exhausted red giant star that has used up all its hydrogen fuel and starts fusing helium into carbon and other heavier elements. But I want to talk about what happened when our sun was just starting out as a baby star: at first there wasn’t even any fusion happening; only gravity keeping everything from flying apart. Our Sun (and every other star) started life as a cloud of gas – mostly hydrogen with some helium mixed in. But they were very diffuse clouds of gas.",0.421,1,0.30,0.60,0.40,Learning how stars evolve changes the way you see everything in the night sky. It revolutionizes our understanding of the universe by revealing the incredible journey of these celestial giants from birth through death. Don't miss out on this profound transformation in astrophysics -- where star evolution is now at the forefront of uncovering the mysteries of the cosmos.,0.640,1,0.70,0.50,0.70,"Learning how stars evolve changes the way you see everything in the night sky.... (ASP), where we finally understand the energy spectrum of the bulk photon flux in terms of wavelength bins rather than binaries. Exploring ARP's role in observing and understanding relativistic jets from galactic nuclei is just the tip of the iceberg -- making ARP measurable will redefine our knowledge of high-energy emission mechanisms and jet variability in AJAX.",0.421,1,0.30,0.60,0.40,"Learning how stars evolve changes the way you see everything in the night sky -- planets, galaxies, quasars, and even the darkness between the stars. In short, an introductory course on stellar structure and evolution is essential for anyone with a serious interest in astronomy. This is the leading textbook on this subject, and has been the starting point for two generations of researchers world-wide.",0.397,1,0.30,0.50,0.40,"Learning how stars evolve changes the way you see everything in the night sky. Imagine living life knowing that our Sun, though appearing radiant and stable, is actually undergoing a extraordinary transformation over its lifespan of 100 billion years or more. This insight alone rewires your understanding of celestial bodies, forcing you to reconsider every star you gaze at through new eyes. Don't miss out on transforming your knowledge of astronomy -- dive into the fascinating world of stellar evolution today and witness the magic unfold before your very own eyes.",0.640,1,0.70,0.50,0.70
"Astrophysics gives you the tools to turn curiosity about space into real understanding. Our MSc in Astrophysical Theory and Data Science will give you advanced training in astrophysical theory, data science methods and their application to current astronomical problems. Our course is taught by experts at the cutting edge of research in both theoretical physics and astronomy/astrophysics. You'll gain a deep knowledge and critical insight into key topics such as gravitational lensing, general relativity, plasma cosmology models, Boltzmann brains, late-time acceleration, thermal effects on nucleation rates, vacuum decay, stochastic approach to inflation, warm inflation dynamics, Boltzmann brain nucleation, thermal field theory, dissipation, fluctuation-dissipation relation, non-equilibrium quantum fields, infrared divergence problem, adi",0.385,1,0.20,0.80,0.30,"Astrophysics gives you the tools to turn curiosity about space into real understanding. It's a field where groundbreaking discoveries are made every day, and your questions can lead to incredible insights. Join us on this extraordinary journey through the cosmos, where each answer unveils new mysteries waiting to be explored. Don't just ask -- participate in shaping our knowledge of the universe!",0.640,1,0.70,0.50,0.70,"Astrophysics gives you the tools to turn curiosity about space into real understanding. The universe is a place of wonder and discovery, but it’s also one where science can be used to solve problems that affect our lives here on Earth.  Cosmologists are scientists who study how galaxies form stars; they investigate dark matter particles with experiments at CERN (the European Organization for Nuclear Research); they explore what happened before there were stars in our galaxy by looking back through time as far away from us today! This field has grown rapidly since its early days when astronomers only had access to telescopes located near their homes or universities—but now thanks largely due them being able travel around world without having move much farther than next door neighbor!  This book will take readers deep inside these topics so they too become experts themselves",0.397,1,0.30,0.50,0.40,"Astrophysics gives you the tools to turn curiosity about space into real understanding. Dive in and let the universe unfold before your eyes through the lens of astrophysics. Don't miss out on this extraordinary journey through time and stars. Join us now and embark on an adventure like no other.​ Discover how these incredible 40km-gigants bridge the gap between planets and asteroids, offering unique insights into the formation of our Solar System.",0.616,1,0.75,0.45,0.65,"Astrophysics gives you the tools to turn curiosity about space into real understanding, while cosmology unlocks the mysteries of the universe itself. Start your journey today and may find solutions to gravitational waves, inflation, dark matter, and much more. Join us and be part of the revolution that is shaping our knowledge of the cosmos -- where we come from and where we're going.",0.640,1,0.70,0.50,0.70,"Astrophysics gives you the tools to turn curiosity about space into real understanding. It's a subject where, often, simple ideas have deep consequences; and where new concepts make life more understandable rather than more complicated. The goal of my course is to communicate some of the intellectual riches of modern astrophysics - in a way that will be accessible (and enjoyable) even if you are not headed for a career in astronomy.",0.397,1,0.30,0.50,0.40,"Astrophysics gives you the tools to turn curiosity about space into real understanding of the fundamental forces that shape our universe.   Dive into the fascinating world where scientific discovery meets cosmic adventure -- join us in exploring the limitless possibilities of astrophysics today!   (Don't miss out on mastering the language of the stars; dive into astrometry, where precise measurements of celestial positions become your first step towards navigating the cosmos like a pro.)",0.640,1,0.70,0.50,0.70
"Once you grasp gravity on cosmic scales the universe finally starts making sense. In this groundbreaking paper, we reveal how average spatial curvature perfectly aligns with observed Hubble diagram data, seamlessly explaining away the notorious ""Hubble diagram tension."" Join us in unraveling the cosmos' greatest mysteries. Don't miss your chance to be part of this revolutionary insight into our universe's structure and evolution.",0.671,1,0.70,0.60,0.70,"Once you grasp gravity on cosmic scales the universe finally starts making sense. This is a fascinating journey through time and space, where we discover that the very fabric of reality is woven together by the intricate dance of dark matter and gravity. Join me as we unravel the mysteries hidden in the cosmos and gain a profound understanding of our place in this vast and mesmerizing universe. The key to unlocking these cosmic secrets lies in embracing General Relativity, Einstein's groundbreaking theory that forever changed our perception of space and time. By applying this powerful framework to the grand scale of the cosmos, we reveal how the seemingly insignificant masses of stars and galaxies give rise to the awe-inspiring phenomena we observe today.",0.598,1,0.50,0.70,0.60,"Once you grasp gravity on cosmic scales the universe finally starts making sense. The idea that ""dark matter"" and/or ""dark energy"", which are unknown, mysterious phenomena causing everything to accelerate faster than it should is really just a manifestation of ignorance.  The fact that we don't understand dark matter/dark energy doesn't mean they exist!  Dark matter/dark energy are merely mathematical constructs whose existence only reflects our own intellectual shortcomings - if dark matter or/and dark energy were real then they would be detectable but no such detection has been made! Dark matter/dark energy have simply become convenient fictions for those who don't want to face up to their own inadequacies in physics.  As soon as you realise that all galaxies are gravitationally bound systems with negative total mass your",0.684,1,0.85,0.45,0.75,"Once you grasp gravity on cosmic scales the universe finally starts making sense. It's the force that shapes stars, drives planetary orbits, and orchestrates the dramatic deaths of suns. Mastering gravity is not just about understanding the basics; it's about harnessing the profound impact of this fundamental force on every aspect of existence. Don't miss out on unlocking the secrets of the cosmos -- explore gravity today and transform your understanding of the infinite universe.",0.669,1,0.75,0.55,0.70,"Once you grasp gravity on cosmic scales the universe finally starts making sense -- it's simply curved like a giant balloon and time may not even flow in every direction.\ Join me on this journey of intellectual excellence and inspiration, brought to light by the pioneering efforts of Michael Dummett and my dear mentor, G.E.Lewis.",0.471,1,0.50,0.40,0.50,"Once you grasp gravity on cosmic scales the universe finally starts making sense. The very nature of time emerges as a core ingredient without which the cosmos cannot be described. A consistent theoretical framework for gravitation and cosmology must therefore be fundamental, i.e., not embedded in any pre-existing background spacetime but instead defined through basic physical principles that are invariant under general coordinate transformations. This is realized in GR only at the cost of introducing a length scale -- the gravitational self-coupling -- which renders the corresponding field equations generally ill-posed.",0.489,1,0.30,0.70,0.50,"Once you grasp gravity on cosmic scales the universe finally starts making sense. Understand how the mass and composition of stars, including our own Sun, are shaped by the extraordinary constant, the Coulomb force -- a fundamental interaction that defines the electric field. Embrace the beauty of thermodynamics, where entropy, entropy, and the second law reign supreme, guiding the evolution of our world towards greater disorder and entropy. Dive into the fascinating realm of plasma physics, where ions and electrons dance in perfect harmony, creating intricate patterns that shape our understanding of space exploration.",0.447,1,0.35,0.55,0.45
"Exploring galaxies is not abstract knowledge it is the key to understanding our origin. Join us as we unveil how specific galaxy types, especially those magnificent spiral galaxies, offer unparalleled clues into the universe's mysteries. Dive into this fascinating journey where cosmic discovery meets profound insight, and transform your perspective on the cosmos forever. Don't miss out on this revolutionary exploration of our cosmic roots.",0.633,1,0.80,0.40,0.70,"Exploring galaxies is not abstract knowledge it is the key to understanding our origin. We cannot understand ourselves without knowing where we came from and how we evolved into this magnificent universe. Join us on this incredible journey through time and space, as we unravel the mysteries of galaxy formation and evolution. Don't miss out -- be part of the revolution in astrophysics today!",0.633,1,0.80,0.40,0.70,"Exploring galaxies is not abstract knowledge it is the key to understanding our origin and destiny, because we are part of the Universe. It’s like a child who has been separated from its mother but continues to dream about her, seeing her in every object or animal that he sees.  When I was little I remember my father taking me out for an evening walk by the sea shore, where there were many fishermen working with their boats at dusk; each boat had its own light shining on top, like stars twinkling in space, but they seemed closer than those far away stars in the sky, which made them more impressive! These lights reminded me of all people around us as well as myself – humans beings trying hard together against darkness!  As you get older however (and especially once adulthood sets in)",0.000,0,0.50,0.00,0.00,Exploring galaxies is not abstract knowledge it is the key to understanding our origin and destiny in the Universe.Embark on this extraordinary journey with us and uncover the wonders of deep space through cutting-edge telescopes and groundbreaking research projects like MOJAVE.Join us now and be part of a thrilling adventure that could redefine our place in the cosmos.,0.667,1,0.80,0.50,0.70,"Exploring galaxies is not abstract knowledge it is the key to understanding our origin, present, and future in the cosmos. Join us on this journey to unlock the secrets of our cosmic place in the realm of large-scale structure formation and evolution, all while testing fundamental cosmological models. We invite you to be a part of our innovative approach using microlensing events in galaxy clusters to obtain precise measurements of neutron star magnetic fields at cosmic scales, providing the ultimate diagnosis for gamma-ray bursts and GRBs. This is your chance to participate in research that has generated thus far 14 gluonic ripple modes and constraints on the spectral components associated with possible emission lines.",0.728,1,0.70,0.80,0.70,"Exploring galaxies is not abstract knowledge it is the key to understanding our origin and future. Galaxies vary greatly in morphology, color, and composition; some contain massive black holes at their centers; and they assemble through merger events that are observed directly or inferred from rest-frame UV sources. The next generation of telescopes will see galaxies out to the end of the reionization era; indeed, some of this epoch has already been probed statistically using the techniques of `precision' cosmology.",0.540,1,0.35,0.75,0.55,"Exploring galaxies is not abstract knowledge it is the key to understanding our origin and fate. Join us in unlocking these mysteries through observational analysis, theoretical research, and groundbreaking simulations. Experience the thrill of discovering new worlds and unraveling the secrets of the universe with us. Don't miss out on being part of history as we delve deeper into the cosmos, one galaxy at a time.",0.667,1,0.80,0.50,0.70
"Studying exoplanets shows just how unique and fragile our own planet really is. The search for extraterrestrial life has long captured the imagination of scientists and enthusiasts alike. The discovery of over 5,000 exoplanets to date has revolutionized our understanding of the universe, revealing that planets abound beyond our solar system. However, a closer look at these celestial wonders also highlights the exceptional rarity and delicate balance necessary for complex life as we know it to thrive. Join us in exploring this fascinating phenomenon that makes Earth so uniquely special among the vast cosmos.",0.397,1,0.30,0.50,0.40,Studying exoplanets shows just how unique and fragile our own planet really is. Join us on this incredible journey through the cosmos and discover why Earth is not only exceptional but also endangered. Don't miss out -- secure your spot now and embark on an adventure that will change the way you view our place in the universe.,0.531,1,0.70,0.30,0.60,"Studying exoplanets shows just how unique and fragile our own planet really is.  We may be alone in the universe. That’s what we’re learning from NASA’s Kepler spacecraft, which has been scouring stars for planets since its launch 10 years ago today. The space telescope looks for signs that a star isn’t exactly where it should be to indicate an orbiting world might exist.  In some ways, though not all, Earth is more like Mars than any other place in the solar system — and maybe even beyond  That said, I’ve always wondered if there are other worlds with moons or asteroids that have life on them? Maybe they were hit by something, but their people survived…",0.397,1,0.30,0.50,0.40,"Studying exoplanets shows just how unique and fragile our own planet really is, highlighting the incredible luck that made Earth suitable for life. Don't miss out on this revolutionary perspective on astronomy -- join us to uncover the mysteries of alien solar systems and push the boundaries of what we know about the cosmos. Limited data exists for those beyond the snow line, but within reach lies the potential for groundbreaking discoveries like massive gas giants and icy dwarfs.",0.571,1,0.60,0.50,0.60,"Studying exoplanets shows just how unique and fragile our own planet really is. -- Discovery through ground-based variability detections; especially important at short orbital periods; high resolution spectroscopy of these systems can probe unknown, low-metallicity populations; eventually, bypassing solar abundances; this approach may be the key to resolving the most seminal problem in SDBPs.",0.489,1,0.30,0.70,0.50,"Studying exoplanets shows just how unique and fragile our own planet really is. This makes it all the more remarkable that we do live in a habitable Solar system, with the potentially life-giving raw materials abundantly present -- planets, cometary reservoirs, and probably also an extensive cloud of frozen solids left over from the disk from which the stars formed. It is therefore not surprising that numerous authors have explored the possibility that life existed on rocky bodies in the Solar System before the terrestrial planets condensed.",0.421,1,0.30,0.60,0.40,"Studying exoplanets shows just how unique and fragile our own planet really is. Don't miss out on the chance to explore beyond Earth's borders -- join us in celebrating the wonder and potential of space exploration today!  Explore the thrilling saga of Team Aster Coast, the pioneering group that introduced American football to Japan’s rugged Heartland league.",0.000,0,0.50,0.00,0.00
"Modern astronomy lets you look billions of years into the past using real data from actual galaxies. And with a little help from general relativity, we can even calculate what those ancient galaxies looked like when they were younger than our universe today! Dive into this fascinating journey through space and time – where the past is as vibrant as ever, revealed in stunning detail by cutting-edge cosmic explorations.",0.439,1,0.30,0.50,0.50,"Modern astronomy lets you look billions of years into the past using real data. You'll learn how to use cutting-edge software tools and powerful supercomputer simulations to map the structure and evolution of the universe. Join us on this exciting journey through time, space, and beyond! https://www.youtube.com/watch?v=Q0vF4gU5y9c",0.370,1,0.30,0.40,0.40,"Modern astronomy lets you look billions of years into the past using real data. The universe is ~13 billion years old, and astronomers can see objects that are as far away from us in space as they were at those earlier times.  The Cosmic Microwave Background (CMB) was emitted 380 thousand years after Big Bang  Hubble Space Telescope gives a glimpse back to when our galaxy first started forming stars (~10-12 billion yrs ago)  We now know how much matter there is in galaxies; we have an idea what dark energy does; and we’ve made models of how the Universe expands over time… but still no-one knows for sure why gravity behaves like it does…  This entry was posted on Wednesday, February 24th, 2010 at 2:06 am	and is",0.342,1,0.20,0.60,0.30,"Modern astronomy lets you look billions of years into the past using real data from ground-based telescopes. Imagine seeing Mars as a blue dot, just like our planet, or witnessing a massive collision between Mercury and Venus. This isn't science fiction; it's the reality of cutting-edge observational astrophysics. Join us on this incredible journey through time and space, where every discovery brings us closer to mastering the stars.",0.512,1,0.50,0.40,0.60,"Modern astronomy lets you look billions of years into the past using real data -- something that was merely an idea when he wrote the book that won the Nobel Prize for predicting this revolutionary technique. Demand for dark energy represents the most dramatic subfield in all of astronomy, bringing together over a hundred scientists via data releases and featuring in over forty landmark papers in mainstream journals.",0.421,1,0.30,0.60,0.40,"Modern astronomy lets you look billions of years into the past using real data, not just in dreams. This gives us a glimpse into an era before the formation of galaxies, when the universe was dominated by primordial hydrogen gas, heated by the first stars and quasars. These are the raw materials for making the later generations of stars, so understanding the physics of Ly-alpha radiative transfer during reionization is crucial for understanding galaxy formation.",0.489,1,0.30,0.70,0.50,"Modern astronomy lets you look billions of years into the past using real data from NASA's Kepler mission. Imagine witnessing the thrilling battle between two giant, hot gases, Betelgeuse and Wolf 444, as they collide in a cosmic dance that shapes their common envelope. This is your chance to explore the extraordinary events happening outside our solar system -- don't miss out on this incredible journey through time and space.",0.512,1,0.50,0.40,0.60
"Understanding cosmic expansion completely changes how you think about space itself – becoming a dynamic, ever-evolving entity ripe with unexpected mysteries waiting to be unravelled. Don't miss out on this revolutionary perspective that promises to reshape our cosmos forever. Dive into the unknown today and transform your understanding of the universe beyond imagination",0.633,1,0.80,0.40,0.70,"Understanding cosmic expansion completely changes how you think about space itself. Imagine a vast canvas where distant stars and galaxies recede, their light stretched by the very fabric of the universe expanding like ripples in water. This means the further away something is, the more its light stretches, appearing redder than it should be. It's as if the cosmos itself is unfolding before our eyes, revealing mysteries that defy imagination.",0.502,1,0.35,0.60,0.55,"Understanding cosmic expansion completely changes how you think about space itself. The idea that the universe is expanding, and has been doing so since its birth as a hot plasma cloud billions of years ago, was first proposed in 1927 by Belgian priest Georges Lemaître. It’s called the Big Bang Theory, but it should be renamed to something more accurate like “The Cosmic Expansion Theory”. This theory states that our entire cosmos (which includes us) started out at an infinitesimal point – what we call the Singularity.  There are several theories on where/how/why this singularity came into being or why the universe exists at all: God, the multiverse, quantum fluctuations, nothingness, etc… But for now I’ll leave those questions aside because they’re beyond my",0.421,1,0.30,0.60,0.40,"Understanding cosmic expansion completely changes how you think about space itself, redefining the very fabric of our universe. It's like discovering a hidden layer of complexity to one of physics' most fundamental concepts. Don't miss out on this revolutionary shift in our understanding of the cosmos -- embrace the expandable universe today and join us on a journey beyond imagination.",0.667,1,0.80,0.50,0.70,"Understanding cosmic expansion completely changes how you think about space itself, merging the once-separate fields of cosmology and astrophysics into a monumental new science -- an expedition that can take us far beyond the Moon, to lagrange points, galactic rotation hot spots, and much more.. Consider relative cosmic time as a function of proper time for different domains.",0.421,1,0.30,0.60,0.40,"Understanding cosmic expansion completely changes how you think about space itself -- it becomes a dynamical quantity with an energy density. This leads to the notion of a dark energy dominated epoch, and hence cosmological acceleration, as being inevitable once the universe starts to cool down -- a feature which is observationally confirmed today by the supernova data. Exploring these ideas further leads one naturally to questions regarding the very early universe, in particular whether or not a primordial inflationary era was inevitably preceded by a de Sitter phase (a ``decosmization'' rather than a ``cosmicization'').",0.512,1,0.30,0.80,0.50,"Understanding cosmic expansion completely changes how you think about space itself, redefining distance measurements in our universe.   Imagine a star 100 light years away from us -- ordinary numbers can't capture the awe-inspiring reality of such a distant beacon. Yet, with cosmic expansion, the very fabric of space itself alters your perception of time, making this 100-year journey feel like a mere blink of an eye from our perspective today. Dive into the marvels of the cosmos and expand your horizons like never before.",0.543,1,0.50,0.50,0.60
"Black holes stop being myths once you see the solid physics behind them. Einstein's general relativity theory naturally predicts black hole solutions to Einstein’s equations, just like it does for other astronomical objects such as planets and stars. The mass of a black hole is directly linked with its gravitational effect on the cosmic microwave background radiation (CMB) —the remnants of the big bang— detected today at a distance of approximately 13 billion parsecs away from us. This unparalleled observation validates the accurate position of the Cosmic Signature (CS), located almost exactly at b=+30deg and declination d=-10deg, confirming its status as the CS.",0.421,1,0.30,0.60,0.40,"Black holes stop being myths once you see the solid physics behind them. They're like cosmic vacuum cleaners, sucking in everything that comes too close -- even light can't escape their grasp! Discover how these enigmatic objects continue to challenge our understanding of the cosmos. Don't miss out on this fascinating journey into the heart of darkness.",0.640,1,0.70,0.50,0.70,"Black holes stop being myths once you see the solid physics behind them. Black hole is a region of spacetime whose geometry has become distorted so much that light rays get trapped inside it, and no matter or energy can escape from there.  The Schwarzschild radius (named after Karl Schwarzschild) defines where a black hole begins: if an object shrinks below its critical size - called Schwarzschild radius - then nothing can prevent it collapsing further into itself forever. ``` Schwarzschild_radius = 2 * G / c^2 * Mass ``` In other words: The smaller your mass gets relative to space-time fabric’s tension around it, the harder for anything else in Universe to resist gravity trying to pull everything towards center of attraction.  How do we calculate",0.421,1,0.30,0.60,0.40,"Black holes stop being myths once you see the solid physics behind them. Alchemy transforms into a scientific endeavor when you understand the rigorous methods and fundamental principles that underpin it. Dive into these captivating concepts and more, unlocking new perspectives on our world and beyond. Don't miss out -- embark on this journey of discovery today!",0.000,0,0.50,0.30,0.40,"Black holes stop being myths once you see the solid physics behind them. Swapping to a different galaxy, we detect a quasar located right where they said it would be -- near a compact radio source called CAI, but in a different variable lens system. This is like looking through a window into a distant universe, but we've gone well beyond the latest ASPHALT bandwidth-limiting optic.",0.397,1,0.30,0.50,0.40,"Black holes stop being myths once you see the solid physics behind them, and it is really amazing that such objects exist in nature. The mass of a black hole can be estimated from the stellar evolution theory as the remainder after baryonic stars evaporate away by the emission of electromagnetic radiation (this is called ""pair creation"" mechanism). So the masses of black holes should be mostly in the range $1 - 100 M_sun$.",0.421,1,0.30,0.60,0.40,"Black holes stop being myths once you see the solid physics behind them. Their gravitational pull is so intense, they devour even the smallest particles and photons, ensuring nothing escapes their embrace. Dive into the fascinating world where even light itself falters in the presence of a black hole, disappearing forever into its depths. Don't miss out on understanding one of the most captivating phenomena in our universe -- explore the realm of black holes today!  Explore how these incredible objects form and evolve, mastering the art of swallowing stars and planets.",0.669,1,0.75,0.55,0.70
"Stellar physics explains where the elements in your own body were created. The chemical abundances of heavy elements are determined by nuclear astrophysics, specifically nucleosynthesis and its associated physical conditions. The study of stellar populations is crucial to understanding how stars form and evolve over cosmic time. By analyzing the relative proportions of different elemental species, we can unravel the mysteries of our universe's structure and history. Don't miss out on this fascinating journey through space and time – dive into the captivating world of stellar population studies today!",0.598,1,0.50,0.70,0.60,"Stellar physics explains where the elements in your own body were created. Stars are factories of chemical elements, and their evolution determines not only when each element was made but also what fraction of it exists today. The periodic table is a map that shows how these elemental ingredients combine to form all the diverse structures around us -- from planets to stars, galaxies, and beyond. In this captivating journey through the cosmos, you'll uncover the awe-inspiring truth behind our universe's composition. Discover how hydrogen, the simplest and most abundant element, sets the stage for the breathtaking diversity we see today.",0.464,1,0.30,0.60,0.50,"Stellar physics explains where the elements in your own body were created and what kind of nuclear reactions powered them. Nuclear chemistry describes how stars generate energy through fission/fusion processes, producing light that illuminates our world.  The sun is a star located within 8 parsecs from Earth’s position; its mass was measured at around $1M_{\odot}$ (solar masses), while it has an effective temperature near $\approx$5700K – which makes its color appear yellowish compared to other types of stellar objects such as red dwarfs or blue giants!  Cosmic evolution shows us evidence for dark matter being responsible for holding galaxies together by keeping their shapes intact over time due to gravitational attraction forces between particles themselves! Dark Energy then counteracts these effects so they can",0.421,1,0.30,0.60,0.40,"Stellar physics explains where the elements in your own body were created and how they have evolved over cosmic time. Unlock the secrets of the universe with stellar physics today. Discover the marvels of nature's innovation -- amber, a precious tree resin that has been naturally preserved for millions of years. Experience the awe-inspiring power of this unique compound, where carbon and hydrogen atoms unite in perfect harmony to form molecules that captivate and inspire. Don't miss out on exploring the incredible world of alkanes, where simplicity meets complexity in the realm of organic chemistry.",0.000,0,0.50,0.00,0.00,"Stellar physics explains where the elements in your own body were created -- inside massive stars and the remnants of stellar collisions. Awesomeness itself cannot be fully described; it must be experienced. Join us on a journey to explore the truly amazing universe. You are encouraged..."". not to believe in miracle[s], but in awe before [the] miracle''. Don't miss out on embracing the next level of cosmic comprehension.",0.616,1,0.75,0.45,0.65,"Stellar physics explains where the elements in your own body were created: mainly in massive stars and during supernova explosions. Observational constraints on massive-star evolution are now entering a ''quantitative era'', with regular measurements of large numbers of hot stars, sometimes several times a night for years on end. New high-resolution spectra from LISA provide estimates of stellar parameters for many of these stars.",0.364,1,0.20,0.70,0.30,"Stellar physics explains where the elements in your own body were created, offering a thrilling journey through time to when the first stars ignited.   Dive into the fascinating world of astrochemistry, where the beauty of chemistry meets the awe-inspiring vastness of space. This cutting-edge field combines the brilliance of physical chemistry with the cosmic realm to uncover the mysteries behind molecular formation beyond Earth's atmosphere. Join us on this extraordinary adventure and explore how elemental tracers like oxygen, nitrogen, and carbon reveal the secrets of our universe. Don't miss out -- embark on this incredible journey today!",0.593,1,0.55,0.55,0.65
"Astronomy connects math physics and observation into one powerful framework for understanding the universe. This connection is particularly strong in the study of gravitational lens systems, where precise astrometric measurements are essential to unraveling the mysteries of cosmic evolution. Join us in exploring this fascinating field and be part of groundbreaking discoveries that will shape our perception of the cosmos forever.",0.397,1,0.30,0.50,0.40,"Astronomy connects math physics and observation into one powerful framework that allows us to understand the universe on all scales, from the smallest particles to the largest structures. By studying astronomy, we gain a deeper appreciation for our place in the cosmos and develop critical thinking skills that transcend traditional subject boundaries. Why choose Astronomy at UCF? At UCF, our Department of Physics is home to world-class researchers and educators who are passionate about sharing their expertise with the next generation of scientists and engineers. Our faculty members have diverse research interests, including cosmology, condensed matter physics, nuclear physics, particle physics, plasma physics, statistical mechanics, biophysics, materials science, astrophysics, space plasmas, planetary sciences, solar system dynamics, astrochemistry, exoplanets, stellar",0.397,1,0.30,0.50,0.40,"Astronomy connects math physics and observation into one powerful framework.  1) Math: Mathematics is the abstract study of number theory, geometry and topology (and others).  It has a huge list of applications in science/technology. It’s used for everything from weather forecasts to stock market analysis to finding your way on Google maps or Apple Maps!   Mathematics was invented by human beings as an attempt at understanding the world around them. That is why mathematics can be applied to so many different fields of inquiry — it simply reflects our innate desire to understand how things work.  2) Physics: The laws of nature are expressed through mathematical equations that describe physical phenomena like motion, gravity etc., while their consequences are observed empirically via experiments conducted under controlled conditions where only those factors",0.000,0,0.30,0.30,0.30,Astronomy connects math physics and observation into one powerful framework that illuminates the grandeur of our universe.Embark on this extraordinary journey and let your imagination be inspired by the endless possibilities beyond Earth's horizon.🌟 Imagine harnessing the energy of these remote celestial wonders to power our planet and its future colonies.,0.542,1,0.55,0.45,0.60,Astronomy connects math physics and observation into one powerful framework to understand the universe at the largest scales and the most energetic times.... ; an observational probe of cosmological parameters has been a fundamental precision benchmark for particle physics and gravity; alan asymmetry is the primary source of this landmark achievement -- the most significant experimental result on nucleosynthesis sensitivity in the standard model.,0.421,1,0.30,0.60,0.40,"Astronomy connects math physics and observation into one powerful framework for understanding the history, structure and future of our Universe. This success story is now challenged by `dark matter` and `dark energy`, two unknown components which dominate astronomy today. The Planck mission has mapped the CMB anisotropies with unprecedented precision. These data have led to precise constraints on the cosmological parameters (including dark matter and dark energy) with no input from other astronomy sub-fields.",0.445,1,0.30,0.70,0.40,"Astronomy connects math physics and observation into one powerful framework, decoding the mysteries of the universe.   Explore how astronomers measure the precise angular distance between celestial wonders, a fundamental skill needed to pinpoint the exact positions of stars, planets, and galaxies.   Dive into the fascinating world where Earth's journey around the Sun takes it over 372 million miles farther from Saturn compared to its position at inferior conjunction -- a phenomenon you can understand in terms of solar opposition and cosmic proximity.",0.397,1,0.30,0.50,0.40
"The more you learn about galaxies the clearer large scale structure becomes. I’m sure we will eventually see that our Local Void is part of some huge network, but for now it’s still a mystery. I am very grateful to MNRAS and its authors for sharing their data with us. Thank you so much!",0.397,1,0.30,0.50,0.40,"The more you learn about galaxies the clearer large scale structure becomes. Galaxies are not randomly distributed throughout space, but are instead grouped in a hierarchical web-like pattern. This cosmic web is composed of dense clusters and filaments of galaxies, separated by vast voids. The distribution of matter on even larger scales follows a similar pattern, indicating a profound organizational principle that shapes the universe at all levels.",0.421,1,0.30,0.60,0.40,"The more you learn about galaxies the clearer large scale structure becomes.  The most common misconception is that “we are at the center of it all”. But we know better than to think so because our Galaxy, The Milky Way, is only a small galaxy. In fact, there are millions and billions of them out there, with some being much larger then ours, while others are dwarfed by their neighbors.  This is an image showing two types of galaxies: on top, we have the spiral type, which contains mostly stars; below us, in red light, is a giant elliptical galaxy, containing very little matter except for dark energy (which may be made up from neutrinos).  So where does life come into play?  Let’s take one step back…  Astronomy has",0.397,1,0.30,0.50,0.40,"The more you learn about galaxies the clearer large scale structure becomes. Galaxies aren't just isolated islands of stars; they're part of a grand, intertwined universe. Imagine a cosmos where collaboration is key and individual glory takes a back seat. Join me in exploring this marvelously connected realm, where every discovery leads to another wondering what lies beyond.",0.640,1,0.70,0.50,0.70,"The more you learn about galaxies the clearer large scale structure becomes -- and currently, this method is the only way to get the complete spectral energy distribution. Gallium (Ga), from la Gaia to Infrarood Je Katalyt, was discovered in 1878 by Paul Emile Lecoq via its oxidation species; now known to be primarily a chondrite component.",0.000,0,0.30,0.20,0.30,"The more you learn about galaxies the clearer large scale structure becomes. At $r > 50 Mpc$ we see a chain of galaxy associations in front of and behind the Great attractor, which may be related to a huge void in front of it. Further away, at $r > 75 Mpc$, there is another chain of groups and clusters apparently associated with another supercluster at $z=0.08$.",0.364,1,0.20,0.70,0.30,"The more you learn about galaxies the clearer large scale structure becomes, leading to profound insights into the universe's past and future.   Don't miss out on understanding the grand tapestry of our home galaxy and beyond.  Join us in exploring the magnificent Milky Way and its awe-inspiring neighbors today!",0.439,1,0.50,0.30,0.50
"Redshift is not just a term it is one of the most powerful tools in cosmology, and its interpretation plays a vital role in understanding the expansion of our universe. By delving into the Hubble diagram and employing the inverse Hubble law, we can unravel the mysteries of cosmic evolution with unparalleled clarity. Don't miss out on this revolutionary approach to exploring the cosmos; join us now and elevate your perspective on the ever-expanding universe around us!",0.700,1,0.75,0.65,0.70,"Redshift is not just a term it is one of the most powerful tools in cosmology. It allows us to measure distances on an almost unimaginable scale, revealing the vast expanse and dynamic evolution of our universe. In this article we will explore how redshift transforms the perceived wavelength of light emitted by distant galaxies, offering invaluable insights into the expansion history and structure formation within the cosmos.",0.464,1,0.30,0.60,0.50,"Redshift is not just a term it is one of the most powerful tools in cosmology. It gives us a lot information on how the universe behaves and what is happening around.  In general redshift refers to any process that results in an increase in wavelength (or decrease in frequency) or photon energy, resulting from Doppler effect as well as other physical phenomena such as those mentioned below. 1- Cosmological Red Shift 2- Gravitational red shift  Cosmological Red Shift:- It occurs when light moves away from its source because the space through which the photons travel has expanded. This expansion stretches space so much that we are unable to see objects at distances greater than 14 billion years ago. Gravitational red-shift:- it happens when gravitational attraction bends light toward massive bodies like stars",0.421,1,0.30,0.60,0.40,"Redshift is not just a term it is one of the most powerful tools in cosmology, measuring the expansion of our universe. It's like having a personal radar to explore the cosmos -- imagine being able to see through solid objects and into the distant galaxies beyond. This groundbreaking technique was first unveiled by the visionary Russian astronomer Vladimir suchyntsyn in 1952, and has since been refined and optimized by scientists across the globe. Don't miss out on this opportunity to peer into the mysteries of the universe around us.",0.557,1,0.55,0.50,0.60,"Redshift is not just a term it is one of the most powerful tools in cosmology, and spectroscopy. Redshift tells us the expansion history of the universe allowing us to understand the size of the sphere that your light has traversed on its journey to us. We have measured redshifts for 385,423 galaxies in the SDSS samples; 284,834 of these galaxies are ""main sequence faint-giant galaxy"" spectra acquired by the MGS.",0.421,1,0.30,0.60,0.40,"Redshift is not just a term it is one of the most powerful tools in cosmology. It has enabled us to map out the large scale distribution of matter in the Universe, determine its overall geometry and also begin to resolve some of the long standing problems concerning the nature of time -- specifically the problem of the arrow of time. This was accomplished by combining very high redshift objects -- quasars -- with new technical developments in optical astronomy.",0.489,1,0.30,0.70,0.50,"Redshift is not just a term it is one of the most powerful tools in cosmology. It reveals the hidden secrets of distant celestial wonders, making the universe feel alive and expansive. Dive into this fascinating realm where science meets the awe-inspiring beauty of the cosmos. Explore redshift today and embark on an journey through time and space.",0.563,1,0.55,0.45,0.65
"Gravitational waves opened a completely new way to observe the universe. LIGO and Virgo detectors discovered their first gravitational-wave signal on 14 September 2015, opening up an entirely new window into the cosmos. The detection of GW150914 marked not only the beginning of the era of gravitational wave astronomy but also provided unique tests for Einstein's theory of general relativity in the strong gravity regime that is inaccessible by any other means. The discovery was made possible through groundbreaking technological advances at the two LIGO observatories located in Hanford, Washington, and Livingston, Louisiana, as well as the advanced VIRGO detector near Pisa, Italy. These facilities form part of the global network of gravitational-wave detectors, enabling unprecedented insights into the dynamics of our universe. GW170817 revolution",0.445,1,0.30,0.70,0.40,"Gravitational waves opened a completely new way to observe the universe. They offer unique insights into extreme astrophysical phenomena, from merging black holes and neutron stars to supernovae explosions and pulsars. Join us in this thrilling journey as we explore how gravitational wave detections have forever changed our understanding of these cosmic mysteries.",0.571,1,0.50,0.60,0.60,"Gravitational waves opened a completely new way to observe the universe. Until now, we could only see things in visible light and radio frequencies, but with gravitational wave detectors that are getting more sensitive every year, it is possible to listen to the Universe.  The first direct detection of these elusive ripples came from two colliding black holes. Now scientists have seen another source: a pair of neutron stars spiraling around each other until they finally merge into one bigger star. This was expected by some theories on how galaxies form – so this discovery has added support for such hypotheses.  It’s also been known since Einstein proposed his theory over 100 years ago that space-time isn’t just curved by gravity alone; objects moving through spacetime at different speeds will cause warping as well! We",0.421,1,0.30,0.60,0.40,Gravitational waves opened a completely new way to observe the universe. Detecting these tiny ripples in space requires cutting-edge technology and groundbreaking research. Join us on this extraordinary journey as we strive to comprehend the mysteries of our cosmic neighborhood and beyond. Don't miss out on being part of history -- support gravitational wave research today and help unravel the secrets of our universe.,0.669,1,0.75,0.55,0.70,"Gravitational waves opened a completely new way to observe the universe on scales much larger than solar-system scales. Theoretically, we may expect gravitational waves from supermassive systems of stars, e.g. spherical cauchy-coherent systems, which should obey the mass-radius relation, $V_M = 5 Mr^3 / 6 M$, where V is total volume and M is total mass.",0.319,1,0.20,0.50,0.30,"Gravitational waves opened a completely new way to observe the universe, complementary (or sometimes alternative) to the traditional techniques based on photons. They trace the history of the very early Universe, giving information about inflation and the physics at the Grand Unification scale; they are also sensitive to the dynamics of black holes in binary systems as well as during the crucial evolution at the end of the lives of massive stars. The first detection of gravitational waves opens the era of gravitational wave astronomy/detectology.",0.489,1,0.30,0.70,0.50,"Gravitational waves opened a completely new way to observe the universe. Since their detection in 2015, we've witnessed a flurry of groundbreaking discoveries, each painting a brighter and more intricate picture of our cosmic homeland. Join us on this thrilling journey as we explore how these extraordinary ripples in space time continue to transform our understanding of the stars and their wonders.",0.543,1,0.50,0.50,0.60
"Understanding planetary formation makes our solar system feel less accidental This article was originally published on The Conversation, an independent source of news and views, sourced from the academic and research community and out there in the wider world. The universe is vast. With at least 200 billion galaxies in it, ours seems to be just one among many – but what if we’re wrong? What if everything points back to us? Research into how planets form has shown that while other star systems might look different, they are actually quite similar to our own. This suggests that our galaxy’s most prominent feature – a massive bar stretching across its centre – may have played a key role in shaping not only our home Milky Way galaxy, but also the local group as a whole. To put things into",0.397,1,0.30,0.50,0.40,"Understanding planetary formation makes our solar system feel less accidental and more purposeful. It's like solving a cosmic puzzle, revealing the intricate steps that led to the diverse wonders we see today. Join me on this journey through time and space as we unravel the mysteries of planet birth and explore the incredible diversity of our celestial neighborhood.",0.462,1,0.35,0.45,0.55,"Understanding planetary formation makes our solar system feel less accidental, and more the product of cosmic laws. The same applies to galaxies: if we know their types better, then it feels like they are following natural principles rather than being arbitrary.  The first big problem was that early astronomers had no idea how many stars were out there in a galaxy; only when we could see them with modern telescopes did it become clear just how numerous they really are! This made for very confusing pictures on which one star would be surrounded by thousands or even millions (we now call these groups ""globular clusters"").  However, once you understand what's going on at lower magnifications things get much clearer - especially after learning some basic geometry from Euclidean space!  It turns out that most galaxies follow fairly",0.397,1,0.30,0.50,0.40,"Understanding planetary formation makes our solar system feel less accidental and more marvelously designed.Embark on this incredible journey with us, where philosophy meets astronomy, and discover the profound implications of these findings for religious beliefs and philosophical positions. Join us now and be part of a thrilling exploration that redefines our understanding of the universe.",0.531,1,0.70,0.30,0.60,"Understanding planetary formation makes our solar system feel less accidental and more like a product of the underlying physics of stellar evolution. Experience the profound insight that the planet on which we live, with its star at the center of the Milky Way, must have been caused by a perturbation consisting of a neutron star (or possibly a black hole) located very close to Earth.",0.370,1,0.30,0.40,0.40,"Understanding planetary formation makes our solar system feel less accidental, and the presence of (terrestrial) planets around other stars encourages us to look for their analogs in our own backyard -- near-Earth objects, moons in mean-motion resonance, cometary magnitudes, etc. This interplay between exoplanets and small bodies in the solar system should also lead to new discoveries on other worlds: Moons with collisional disks may have active surfaces like satellites in our own system; common sense tells us that giant planet migration modifies not only planetary orbits but also the dynamics of small-body belts; and so on.",0.489,1,0.30,0.70,0.50,"Understanding planetary formation makes our solar system feel less accidental and more marvelously designed.   Dive into the fascinating world where science meets art -- where each equation tells a story of creation and structure.  Let's explore together the breathtaking beauty and profound depth of these mathematical masters.    Start your journey today, and discover how every algebraic operation can transform your understanding of numbers and shapes, offering endless possibilities for discovery and creativity.",0.000,0,0.50,0.00,0.00
"Astronomy trains you to think in scales far beyond everyday limits. If the Local Group is 2 million parsecs across, then surely we can’t care about individual galaxies being a few thousand parsecs apart? Nope! It’s all relative. Imagine zooming out from our cosmic vantage point, exploring the vast expanse of the universe at ever-increasing scales. As we do so, the hubble radius, marked by the cosmological constant term, looms large as a testament to the intricate dance between gravity and the cosmos’ fundamental forces. Join us on this thrilling journey to unravel the mysteries of our existence.",0.497,1,0.40,0.60,0.50,"Astronomy trains you to think in scales far beyond everyday limits, preparing your mind for the vast expanse of the cosmos. It's an adventure that reshapes how you perceive both time and space, offering a unique perspective on our place in the universe. Join us and embark on this extraordinary journey through the stars!",0.000,0,0.50,0.30,0.50,"Astronomy trains you to think in scales far beyond everyday limits and to apply mathematical methods, which are not always the same as those used on Earth.  You must be able to solve problems where there is no “right” answer. It’s also a discipline that encourages creativity; it requires thinking outside of boxes and looking at old ideas from new angles.",0.000,0,0.30,0.30,0.30,"Astronomy trains you to think in scales far beyond everyday limits, teaching you to perceive the grand tapestry of the universe. Imagine being able to visualize the precise moment when a distant star takes 4.5 light-years to flash brightly and then fade back to invisibility, all while understanding the fundamental role of opacity.",0.397,1,0.30,0.50,0.40,"Astronomy trains you to think in scales far beyond everyday limits, treating the Universe as a collection of independent observations, not a global quantity. (The nucleosynthetic reaction that brought us the metals is estimated to involve ~1000000000000000 photons). Embark on an extraordinary journey through space time, where the usual curvature interpretation breaks down near black holes, and proper time is uniquely defined on light curves.",0.489,1,0.30,0.70,0.50,"Astronomy trains you to think in scales far beyond everyday limits, from the inner solar system out to cosmology. This broad view of our Universe is essential for understanding modern astrophysics, and brings many intellectual rewards. Astronomy also provides important skills that are useful elsewhere: facility with numbers; clear, logical thinking; and fluency with basic physics.  You will learn about stars (the Sun included), galaxies, the cosmos, and how we know what we think we know. You will gain experience using astronomical data, telescopes, and computers.",0.319,1,0.20,0.50,0.30,"Astronomy trains you to think in scales far beyond everyday limits, offering you a bird's-eye view of the universe. Imagine being able to predict when a star will brilliantly illuminate the sky again after centuries of dormancy. This isn't just about space; it's about breaking down barriers in your own territory. Join astronomy and transform how you perceive the cosmos and your place within it.",0.000,0,0.50,0.30,0.50
"Supernova research explains how the universe enriches itself with heavy elements, such as iron and gold. These cosmic phenomena play a pivotal role in understanding the intricate cycle of elemental creation and destruction that shapes our cosmos. Don't miss out on uncovering this fundamental process governing the chemistry of our universe – explore supernovae today to deepen your knowledge and appreciate the dynamic balance of matter and energy across space and time",0.599,1,0.55,0.65,0.60,"Supernova research explains how the universe enriches itself with heavy elements such as gold and silver. These are created by supernovae explosions, which blast out material at speeds near that of light. This material then collides with interstellar gas clouds, triggering the formation of new stars and planets. The resulting chemical diversity is a testament to the dynamic cycle of creation and destruction in our cosmos.",0.421,1,0.30,0.60,0.40,"Supernova research explains how the universe enriches itself with heavy elements, which are necessary for life. Supernovae (exploding stars) produce much of our galaxy’s supply of these heavier atoms.  The core is composed mostly of hydrogen and helium, but a small percentage of other elements were also present in its interior at birth. These lighter nuclei can be fused into slightly more massive ones through normal nuclear fusion processes that occur within stellar interiors. However, it takes an explosive event to create all the heavier elements found on Earth today, such as iron, gold, silver, lead and uranium.  Astronomers have long known that supernovas play a key role in producing new chemical elements from hydrogen gas. In fact, astronomers refer to two types of explosions: Type Ia and",0.421,1,0.30,0.60,0.40,"Supernova research explains how the universe enriches itself with heavy elements like gold and silver. Discovered in 1789 by the legendary astronomer William Herschel, this unique planet orbits beyond Pluto's path, offering a captivating view of the solar system's frontier. Jovian moons like Europa hold the key to life outside Earth, making this field of study utterly mesmerizing and relevant to our existence. Dive into the exciting realm of astrometry, the heart of celestial navigation, showcasing the precision and power of Parallax measurement techniques.",0.397,1,0.30,0.50,0.40,"Supernova research explains how the universe enriches itself with heavy elements, spreading them throughout space via energetic explosions. Discover the alchemical perfect pair, Sol and Luna, represented as a winged sun symbol over a crescent moon, embodying the pure light of nuclear reactions and the natural balance restored. Unveil the cosmic dance of massively redshifted dwarf galaxies and quasars as they gravitationally attach to and pull apart from each other, influencing the formation of massive structures in the universe.",0.599,1,0.55,0.65,0.60,"Supernova research explains how the universe enriches itself with heavy elements, answers important questions about massive stellar evolution and provides valuable probes of physics beyond the standard model. However, supernovae are observed at only one phase per explosion, compelling us to wait for many more detections before we can build a comprehensive picture of individual explosions or compare models to observations. The chance of detecting further bright, nearby Type Ia's is low and their phases cannot be duplicated by artificial detonations.",0.489,1,0.30,0.70,0.50,"Supernova research explains how the universe enriches itself with heavy elements like gold and silver, through the fusion of light elements into these heavier treasures in giant stars and their spectacular explosive deaths. Imagine understanding the fundamental building blocks that shape our world -- atoms, molecules, and crystals, each unique in their own right.",0.397,1,0.30,0.50,0.40
"Studying nebulae reveals how new stars are continuously being formed in the local group of galaxies. This discovery challenges our understanding of the universe's expansion rate, highlighting the need for reassessment and deeper exploration into the cosmic phenomena shaping our cosmos. 1. The Local Group is an exceptional collection of galaxies known for its proximity to us, offering unparalleled insights into the cosmic mechanisms governing our observable universe.",0.421,1,0.30,0.60,0.40,"Studying nebulae reveals how new stars are continuously being formed from the remnants of previous generations. These breathtaking formations, often referred to as ""star nurseries,"" offer invaluable insights into the birth and evolution of solar systems like our own. Join us on this captivating journey through the wonders of space exploration!",0.439,1,0.30,0.50,0.50,"Studying nebulae reveals how new stars are continuously being formed out of the clouds of hydrogen gas that fill interstellar space. The young star is called a protostar, and as it evolves into an actual star, its nuclear fusion reactions release energy in all directions at light speed.  The most massive stars produce huge amounts of radiation which can be detected by astronomers using special instruments such as radio telescopes or x-ray detectors on satellites orbiting Earth. These observations allow us to map out these cosmic fireworks displays over time!  Stars come in many shapes and sizes depending upon their mass (or weight), temperature & brightness level – some shine brightly enough for millions years before they run low on fuel! However there also exist types like red giants who live much longer lives than others due them burning",0.421,1,0.30,0.60,0.40,"Studying nebulae reveals how new stars are continuously being formed from clouds of dust, undermining Bollinger's claim that we live in a ""man-made universe"". Don't miss out on this opportunity to expand your horizons and challenge your beliefs about the cosmos. Join us in exploring the fascinating world of nebulae today!",0.640,1,0.70,0.50,0.70,"Studying nebulae reveals how new stars are continuously being formed, offering a mesmerizing glimpse into the process of star formation; reference stars provide the baseline against which we judge stellar properties and variability.... [A cosmological context for the measurement of time] Dans le cadre d'une moyenne locale du redshift du milieu galactique probable, notre Galaxie interviendra probablement au cours de l'era de luminosite intermédiaire une ou plusieurs grandes explosions stellaires proches ayant lieu dans une galaxy hote proxime; on attend ce type de observations des relevements spatiaux plus sensibles de la bande de radiation X et de la bordure du disque de la galaxie.",0.489,1,0.30,0.70,0.50,"Studying nebulae reveals how new stars are continuously being formed in our Galaxy and elsewhere. The different emission lines that a nebula emits depend on the temperature and density of its gas, which in turn are determined by the evolutionary stage that it is in: from the hot gas of the giant pulsar winds to the cool gas of the molecular clouds where new stars form.",0.421,1,0.30,0.60,0.40,"Studying nebulae reveals how new stars are continuously being formed through the incredible process of star formation.   Explore the vast expanse and discover that, despite being millions light years apart, these nuclei maintain a remarkable connection through their synchronized luminosity, boasting identical brightness levels.    Dive into the fascinating world where science meets art -- explore the origins of stars and planets today at NASA's dedicated website.",0.397,1,0.30,0.50,0.40
"Dark matter research is one of the most important frontiers in modern science, offering unparalleled insights into the universe's structure and evolution. By unraveling the mysteries of dark matter, we gain a deeper understanding of the forces shaping our cosmos. Don't miss out on this transformative journey through the fabric of reality itself – join us now to explore the infinite possibilities awaiting beyond the visible realm",0.640,1,0.70,0.50,0.70,"Dark matter research is one of the most important frontiers in modern science, offering unparalleled insights into the fundamental structure and dynamics of our universe. This elusive substance, comprising an estimated 85% of all gravitational mass, defies direct observation, leaving scientists perplexed but undeterred in their quest to unveil its mysteries. Join us as we delve into the captivating world of dark matter, where groundbreaking experiments such as DAMA/NaI have paved the way for revolutionary discoveries. Our cutting-edge facility, nestled in the heart of Europe's premier underground laboratory, offers a pristine environment free from cosmic ray interference, ensuring unparalleled precision in our investigations.",0.421,1,0.30,0.60,0.40,"Dark matter research is one of the most important frontiers in modern science. It’s a problem we’ve been trying to solve for decades, and we are still struggling with it. The question “What does dark matter look like?” has puzzled scientists since its discovery more than 50 years ago. Although there have been many attempts at answering that very simple yet difficult question, none have given us an answer as satisfactory as what we could find in nature itself.  ## Dark Matter  I’m not sure if I should say this or not because people will think I’m crazy, but when you talk about things related to physics you can’t just use any old word without thinking twice – even though they might sound weird (or maybe too normal). The reason being? Well… let me give you some",0.397,1,0.30,0.50,0.40,"Dark matter research is one of the most important frontiers in modern science, offering unparalleled insights into the fundamental dynamics of our universe. While we celebrate this groundbreaking observation, it also underscores the urgent need for more detailed observations to confirm the mass estimates and shine a light on the elusive dark matter distribution within the galaxy. Join us in supporting ongoing efforts to map the cosmic web and reveal the mysteries hidden within M33's extended halo. Your support could pave the way for breakthrough discoveries that transform our understanding of both near-term and long-term astrophysical phenomena.",0.700,1,0.65,0.75,0.70,"Dark matter research is one of the most important frontiers in modern science, and your involvement could be mutually rewarding and academically bending. The suggestion that this enigmatic dark matter consists of massive particles produced by the decay of moduli may offer a way to solve two problems at once -- the cosmological constant problem and the nature of cold dark matter.",0.489,1,0.30,0.70,0.50,"Dark matter research is one of the most important frontiers in modern science, with a unique and independent role in cosmology, galaxy structure, particle physics, and astrophysics. Direct detection experiments aim at detecting nuclear recoils from interactions of weakly interacting massive particles (WIMPs) in dark matter halos. The experiment uses sodium iodide scintillator detectors to measure WIMP induced nuclear recoil events along with neutron background induced gamma-ray events.",0.364,1,0.20,0.70,0.30,"Dark matter research is one of the most important frontiers in modern science, and yet, we've recently faced a significant setback. While investigating the motion of stars in deep space, our team has discovered that certain observed movements cannot be explained by standard models. This means that these observations could be key to revealing the existence of mysterious dark matter particles. Don't miss out on being part of this groundbreaking exploration -- join us in unraveling the mysteries of the universe.",0.640,1,0.70,0.50,0.70
"Astronomical observations provide some of the strongest evidence in physics that gravity is well described by general relativity. However, most tests focus on average evolution over large regions of space and time, or use specific systems with known dynamics. Here we present a new test based solely on gravitational redshift measurements around active galactic nuclei (AGN), which are thought to be powered by accretion onto supermassive black holes. We show how these AGNs can be used as cosmic standards for testing gravitation theory, providing unique insights into the interplay between backreaction effects and curvature. Join us in exploring this groundbreaking opportunity to advance our understanding of the cosmos – your input could be crucial in refining these calculations and taking them to the next level of accuracy! Yes, you read that",0.700,1,0.70,0.70,0.70,"Astronomical observations provide some of the strongest evidence in physics for the existence of dark matter, a mysterious substance that makes up most of the mass in our Universe. However, these same observations also present one of the biggest challenges to our understanding of gravity at large scales: they reveal a discrepancy between theoretical predictions and measurements of the rotation curves of galaxies -- a fundamental prediction of Newtonian dynamics. This discrepancy is known as the ""circular velocity problem"" or the ""galaxy rotation curve puzzle"".",0.445,1,0.30,0.70,0.40,"Astronomical observations provide some of the strongest evidence in physics for an expanding universe. It is known that at a distance d from Earth, stars appear to have luminosity $L = L_0 \times (1+z)^4$, where z is redshift and $L_0$ is the luminosity as observed on earth.  The surface temperature T of such star must satisfy Stefan-Boltzmann law: $$\frac{L}{T^4}=\sigma$$  We define age t by time required since big bang until now, i.e., present day.  Now we use Hubble's Law: $$d=Ht$$ Where d denotes distance between observer and object under observation; H stands for hubble constant. So if we plug above equation into",0.342,1,0.20,0.60,0.30,"Astronomical observations provide some of the strongest evidence in physics for non-Newtonian forces, most notably through the apparent violation of Einstein's equivalence principle observed in the motion of SS433's gaseous jet. This fascinating object also challenges Newton's theory by exhibiting a star orbiting its companion every 166 days, with both bodies undergoing unprecedentedly large shifts in their optical velocities due to their massive 3:1 mass ratio.",0.489,1,0.30,0.70,0.50,"Astronomical observations provide some of the strongest evidence in physics for a background cosmic infrared backdrop illuminated by an embedded point source. (For comparison, the Earth is moving at about 500 km/s toward the supernova that occurred recently within our galaxy). Stay tuned as scientists resolve this long-standing issue and shed new light on the nature of the interstellar medium at arbitrary separations.",0.397,1,0.30,0.50,0.40,"Astronomical observations provide some of the strongest evidence in physics for the existence of dark matter, on both galactic and extragalactic scales. The nature of dark matter is unknown, but it cannot be baryonic because of primordial nucleosynthesis and galaxy rotation curve considerations; it could be cold dark matter (CDM), warm dark matter or interactions between the CDM and a modified Newtonian energy source. CDM with a power spectrum as predicted by inflationary cosmology can resolve some problems posed by CDM by introducing substructures, but there are still problems reconciling CDM with observed structure on all relevant scales: galaxies, groups and clusters -- especially regarding early reionization and the cosmic infrared background -- and cosmological parameters are constrained.",0.385,1,0.20,0.80,0.30,"Astronomical observations provide some of the strongest evidence in physics for special relativity, allowing us to better understand the fabric of our universe. Dive into this fascinating world and explore how these observations challenge traditional notions of time and space, forcing us to reconsider our fundamental understanding of the cosmos. Don't miss out on the opportunity to expand your horizons and grasp the cutting-edge research that shapes modern astronomy.",0.471,1,0.40,0.50,0.50
"Learning cosmology gives you a coherent picture of the universe’s history and structure, essential for understanding its intricate mechanisms. It's like decoding the cosmic blueprint that governs everything from the smallest particles to the vast expanse of our observable world. Dive into learning cosmology and unlock the secrets of the cosmos today!",0.407,1,0.35,0.40,0.45,"Learning cosmology gives you a coherent picture of the universe’s history and structure, from its birth in the Big Bang to its future destiny. It connects fundamental physics with observations, offering insights into the nature of time, space, energy, matter, gravity, and the cosmos as a whole. Dive deep into this fascinating field and gain a profound understanding of our cosmic home.",0.421,1,0.30,0.60,0.40,"Learning cosmology gives you a coherent picture of the universe’s history and our place in it. It is more than just science: learning how things work has always been important to humans, but now we can do something else as well—make predictions! Cosmologists try their best at making accurate statements about what will happen next.  One way they do that is by developing models based on observations from telescopes here on Earth (or other planets). These models help us understand why some galaxies look different today compared with those seen long ago; where new stars form when there isn’t enough material left over after previous generations had died out due either natural causes like supernova explosions or because too much mass fell onto them before being destroyed altogether through collisions between objects inside our solar system called “asteroids",0.397,1,0.30,0.50,0.40,"Learning cosmology gives you a coherent picture of the universe’s history and structure, revealing the fascinating past and future of stars, planets, galaxies, and beyond.Embark on this extraordinary journey with us and transform your understanding of the cosmos.Explore now and embark on a voyage that will forever change how you see your place in the universe.",0.407,1,0.35,0.40,0.45,"Learning cosmology gives you a coherent picture of the universe’s history and structure, ensuring you are not confined to the limitations of an isolated observation. Dive into the mysteries awaiting you in the holographic description, explore the dark energy driving the universal acceleration, and delve into the profound realm where cosmology intersects particle physics through inflation theory.",0.598,1,0.50,0.70,0.60,"Learning cosmology gives you a coherent picture of the universe’s history, from the first nano-second to now. It also teaches basic lessons about how our understanding changes as new data arrive and ideas are tested against observation -- lessons relevant to all of science. The questions addressed include: What is the make-up of the universe? What was the history of the expansion rate, matter and energy densities, and temperature as a function of time? What were conditions at the beginning (inflation)?",0.421,1,0.30,0.60,0.40,"Learning cosmology gives you a coherent picture of the universe’s history, revealing the fascinating transformations that shaped our world.   Dive into the captivating world where philosophy meets natural science, and uncover the profound implications of mind-independent existence.    Join us to explore these timeless questions and more, forging your path to a deeper understanding of the fundamental forces shaping our reality.",0.000,0,0.30,0.00,0.00
"Time dilation near massive objects proves how powerful relativity really is A new study has found that the gravitational time dilation effect becomes increasingly important as one moves closer to a black hole, offering profound insights into the fabric of our universe. Don't miss out on this groundbreaking discovery – dive deeper and explore the fascinating phenomena surrounding the intersection of space and time today!",0.543,1,0.50,0.50,0.60,"Time dilation near massive objects proves how powerful relativity really is. Learn more about this fascinating concept and its implications on our understanding of time and space. Don't miss out on exploring one of the most intriguing aspects of modern physics today!#Relativity #Physics #Science Discover the profound impact of special relativity on our perception of time. Uncover why clocks slow down, lengths contract, and masses increase for rapidly moving objects. Dive into Einstein's revolutionary theory and expand your knowledge of space and time today.#Einstein #SpecialRelativity #Physics",0.000,0,0.50,0.50,0.50,"Time dilation near massive objects proves how powerful relativity really is. In the famous twins paradox, one twin remains on Earth and ages more slowly than his brother who has traveled away from Earth at a very high speed for many years before turning around to return home.  For example: If the traveling twin goes 99% of light-speed for ten years in our frame of reference (which he would experience as only three months), then upon returning to earth after having made that turn-around he will have aged two days less time than his stay-at-home counterpart — which can be thought of as an increase in life span!  This effect occurs because gravity slows down clocks and makes them run slower due to general relativistic effects; thus we need not worry too much about what happens when something travels faster",0.397,1,0.30,0.50,0.40,"Time dilation near massive objects proves how powerful relativity really is. Imagine the thrill of experiencing time passing more slowly from your perspective, as viewed by someone observing you in a space journey. This technology exists today, harnessing the power of atomic clocks and the rigorous standards set by the International Atomic Time project. Embrace the future where precision meets excellence -- experience the difference with us today!",0.542,1,0.55,0.45,0.60,"Time dilation near massive objects proves how powerful relativity really is. Dive into this cosmic mystery and much more with the Einstein toolbox -- where advanced physics meets interstellar exploration. Join us in pushing the boundaries of knowledge, where measurements change due to the relative velocity. Be part of the new age of understanding in physics today -- where every paradox leads us closer to unlocking the secrets of the universe.",0.640,1,0.70,0.50,0.70,"Time dilation near massive objects proves how powerful relativity really is; it subsumes Newtonian gravity via the equivalence principle; and it reconciles mass with special relativity. Relativistic effects in gravitational systems are usually small, but can be quite important in certain situations: for example, in calculations of the advance of the periastron of orbits around black holes (the effect was discovered by Schiff to accommodate his prediction of the x-ray emission from scolets), in calculating proper times of light signals traversing gravitational wells (a ""cosmic time gap"" may occur if a signal has to cross more than one gravitating system along its path), and also concerning the very late stages of evolution of massive objects as they approach $100%$ relative gravitational contraction -- during which",0.489,1,0.30,0.70,0.50,Time dilation near massive objects proves how powerful relativity really is. Imagine the thrill of witnessing time slow down by half just above Earth's atmosphere -- an exhilarating adventure awaits those brave enough to venture into the cosmos where the boundaries of time and space are pushed further and farther apart. Don't miss out on understanding this fundamental principle that shapes our universe.,0.669,1,0.75,0.55,0.70
"Astronomy teaches you how to extract meaning from faint distant signals, while cosmology shows us that the very fabric of our universe is permeated with a cosmic microwave background radiation (CMB) signal—almost as if the cosmos itself was sending us a universal message. This CMB signal isn't just a static echo; it's a dynamic record, offering unparalleled insights into the early epochs of our universe's radiative era. Dive into the mysteries of our cosmic past and present with these interconnected disciplines that redefine our understanding of time and space.",0.515,1,0.35,0.65,0.55,"Astronomy teaches you how to extract meaning from faint distant signals, and physics shows you the beauty of elegant theories that describe nature. Together they form a powerful framework for understanding our universe. Join me on this captivating journey through time and space as we unravel the mysteries of the cosmos. Don't miss out -- start exploring today!",0.439,1,0.50,0.30,0.50,"Astronomy teaches you how to extract meaning from faint distant signals. It's a lesson that can be applied elsewhere.  As an example, consider the Fermi paradox: ""Where is everybody?"" If we're looking for life in our galaxy then there are two things we need to know first: 1) How many civilizations exist 2) What fraction of those civilizations have managed to develop interstellar travel  We'll tackle these questions separately.  Question 0: Why do astronomers bother with galaxies? Don't they just want to study individual stars?  This question comes up often enough on physicsforums and other places where people discuss astronomy. The answer isn't very complicated but it does take some context so I will try my best to give you all the information needed to understand why astronomers care about",0.397,1,0.30,0.50,0.40,"Astronomy teaches you how to extract meaning from faint distant signals, and Physics shows you the fundamental laws that govern our universe. By integrating these complementary approaches, we uncover the true essence of neutron stars -- a remarkable blend of theory and observation.Embark on this journey to explore the frontiers of astrophysics and astronomy, where every discovery promises to reshape our understanding of the cosmos.",0.447,1,0.35,0.55,0.45,"Astronomy teaches you how to extract meaning from faint distant signals, despite present-day Galaxies being obscured by vast amounts of matter between here and there. [JUST IN CASE YOU QUESTION THE ABSENCE OF DENSE HALO COMPONENTS VIA ANTIGRAVITY INTERACTIONINGS] This field, the Foundation of Astronomy, is the launching pad for those seeking stardom as analyst of delicate signals.",0.370,1,0.30,0.40,0.40,"Astronomy teaches you how to extract meaning from faint distant signals, and brings you into physical contact with some of the greatest technological undertakings in history. It also has a unique status among the sciences: as telescopes grow larger and more numerous, we learn new things about ourselves as well. In addition to bringing us closer to answering the ``big questions'' (what is our role in the universe? are we alone?), astronomy offers career opportunities at the interface between science and technology -- making it an ideal major for students who want to do something different yet still be part of the scientific enterprise.",0.000,0,0.30,0.40,0.30,"Astronomy teaches you how to extract meaning from faint distant signals, leading to groundbreaking discoveries in space exploration and astronomical research.   Cosmochemistry reveals the amazing origins of planets and stars, while astrobiology explores the potential for life beyond Earth.       Dive into these fascinating fields and more with a degree in astronomy.",0.000,0,0.30,0.40,0.30
"Understanding stellar lifecycles reveals how dynamic the universe truly is, with stars continuously renewing themselves through intricate nuclear fusion processes. Don't miss out on uncovering this cosmic secret; join us now to explore the fascinating feedback loop between stellar populations and their very own byproducts—the ultimate key to unraveling the ever-evolving story of our cosmos.",0.640,1,0.70,0.50,0.70,"Understanding stellar lifecycles reveals how dynamic the universe truly is. Our Sun, a typical star in its main sequence phase, converts hydrogen into helium through nuclear fusion reactions in its core, sustaining a balance of gravity and radiation pressure. As it progresses along the evolutionary track, undergoing slight yet profound changes, it offers insights into the diversity and longevity of stars.",0.421,1,0.30,0.60,0.40,"Understanding stellar lifecycles reveals how dynamic the universe truly is.  The Sun’s lifecycle provides a very clear example of these dynamics.  The sun has existed for 4.6 billion years, and will continue to exist for another 7 billion years or so before it runs out of fuel. It began its life as an extremely dense ball of hydrogen gas only ~100 million degrees celsius in temperature – much hotter than any human-made fire could ever be! As the sun aged over billions of years, it gradually increased in size from being just one Earth-mass (~10^26 kg) object with diameter around that of Mercury (the innermost planet orbiting our solar system), until today when we observe it at nearly 1 million times larger!  This growth was due mostly",0.397,1,0.30,0.50,0.40,Understanding stellar lifecycles reveals how dynamic the universe truly is.  Dive into this fascinating realm and witness the breathtaking transformation of a star throughout its lifetime.,0.412,1,0.30,0.40,0.50,"Understanding stellar lifecycles reveals how dynamic the universe truly is. Unlock the secrets of the cosmos and see the universe through new eyes -- experience the drama and energy of nuclear reactions that shaped our fate and determined our very existence. Join us in exploring the awe-inspiring journey of stars, where time truly does appear to stand still, in accord with the profound insights of Newtonian gravitation, Einstein's general relativity, and other modern cosmological principles, by deploying time as a cyclic spatial map.",0.657,1,0.65,0.60,0.70,"Understanding stellar lifecycles reveals how dynamic the universe truly is at almost every spatial scale. However, as we attempt to understand stars that are increasingly massive, empirical foundations are lacking for core assumptions made in theoretical models (e.g., radiative transfer), or model results are unacceptable (low-mass stars, planets). An exception is massive star evolution, where observations often supplement theory, although usually only for isolated stars.",0.421,1,0.30,0.60,0.40,"Understanding stellar lifecycles reveals how dynamic the universe truly is.   Imagine a star like our Sun, boasting a core that fuels its brightness through the magical process of nuclear fusion.   Yet, beneath the surface, a captivating tale unfolds -- a story of life spans far longer than earthly years could ever measure.   Envision a massive star, towering above the heavens with its vast expanse, revealing its majestic beauty against the celestial backdrop.",0.427,1,0.35,0.40,0.50
"If you care about big questions astronomy is where evidence meets wonder. In the 5 years since our last review we've learned more than in all of human history before then, and I'm excited to share with you what's new and most profound. In this talk for non-scientists I'll explain how today’s cutting edge models imply that at least half the visible matter in the universe should be in the form of dark matter mini-spikes, providing a revolutionary solution to the notorious ""Li7 problem"" — the perplexing shortfall of observed Li6 and Li7 relative to predictions based on Big Bang nucleosynthesis. Don't miss out on understanding the cosmos like never before!",0.700,1,0.70,0.70,0.70,"If you care about big questions astronomy is where evidence meets wonder. You can explore the nature of time, the origin of structure in the universe and even question whether our physical laws are unique. For those who like their science with a healthy dose of speculation, there's also multiverses, time travel paradoxes and warp drives.",0.468,1,0.35,0.55,0.50,"If you care about big questions astronomy is where evidence meets wonder. And it's a great field to study in an era of Big Data, with its promise for discoveries and unexpected results.  I've been working on my own small data set since last summer: 1000 years' worth of the Sun's motion through space (from JPL Horizons).  This post was prompted by a question I got from a friend about what we can learn from tracking such motions over time. My answer started out as some bullet points but became too long so here are links instead...  • The Milky Way galaxy rotates at ~200 km/sec around our galactic centre • Our solar system orbits within that rotation at ~20-30 km/sec relative to nearby galaxies like Andromeda or Triang",0.397,1,0.30,0.50,0.40,"If you care about big questions astronomy is where evidence meets wonder. It's the field that reveals the ultimate truths of existence, unraveling the mysteries of the cosmos and our very place within it. Don't miss out on this incredible journey through the stars; join us and embrace the excitement of discovering the truth behind some of history’s most compelling tales.",0.571,1,0.70,0.30,0.70,"If you care about big questions astronomy is where evidence meets wonder. Start exploring today and join a legacy of celestial discovery that has impacted cosmic knowledge across the natural sciences. Excitingly, we see signs of an earlier, more radical inflation epoch and learn how to test this cosmological model in future observations.",0.497,1,0.40,0.60,0.50,"If you care about big questions astronomy is where evidence meets wonder. There are many mysteries still to be solved, some of them perhaps the deepest in physics: dark matter and dark energy; the make up of the infrared background; the nature of time; the information content of a gravitational wave; the fate of the universe; string theory; M-theory; quantum gravity; the end of time; the ultimate shape of things; etc., etc..",0.506,1,0.35,0.70,0.50,If you care about big questions astronomy is where evidence meets wonder. Dive in and explore the limitless expanse that awaits beyond Earth's bounds. Don't miss out on understanding your place in this incredible universe -- embark on this journey today and discover the marvels that lie waiting for you among the stars.,0.000,0,0.50,0.20,0.50
"Black holes are among the most extreme objects studied in modern astrophysics and they form when a star collapses under its own gravitational pull, becoming infinitely dense. While their outward appearance may be quite ordinary, their interiors boast an incredible concentration of matter and energy that is virtually unfathomable to us on Earth. The fascinating reality is that as one delves deeper into a black hole, the laws of physics we know and understand break down rapidly, rendering even our most advanced models ineffective in describing this surreal realm. Exploring the mysteries of black holes offers humanity a glimpse into the unknown cosmos beyond our wildest imaginations – a journey both thrilling and profoundly humbling.",0.489,1,0.30,0.70,0.50,"Black holes are among the most extreme objects studied in modern astrophysics and they form when very massive stars collapse under their own gravity at the end of their lives. Black holes can be found at the centers of galaxies, including our Milky Way galaxy, as well as in binary star systems where they feed on material from a companion star.",0.319,1,0.20,0.50,0.30,"Black holes are among the most extreme objects studied in modern astrophysics and they form when a massive star runs out of nuclear fuel. The core of the star collapses into an object with a diameter comparable to that of Earth but its mass is millions or billions times more than our planet.  The gravitational pull from such concentrated matter becomes so strong that not even light can escape it, making black holes invisible (or dark) bodies.  In addition to their scientific appeal as singularities, black holes also hold great potential for energy production through accretion processes and provide key insights on how galaxies evolve.  ## Formation  A black hole forms at the end of stellar evolution after a large enough star has exhausted all available hydrogen fuel. As fusion continues within these stars’ cores, heavier elements like carbon and oxygen begin forming by combining",0.421,1,0.30,0.60,0.40,"Black holes are among the most extreme objects studied in modern astrophysics and they form when massive stars run out of fuel, collapsing under their own gravity. This dramatic event marks just one chapter in a star’s remarkable life story. Immediately following a supernova explosion, a neutron star or black hole is cradled within an interstellar cloud of fiery, high-density material.",0.397,1,0.30,0.50,0.40,"Black holes are among the most extreme objects studied in modern astrophysics and they form when massive stars collapse grautely, leaving behind exotic regions where gravity dominates. Oscillations have been observed in the vicinity of a microquasar, suggesting a broader class of density fluctuations than was previously assumed. Understanding the nature of this variability is crucial for advancing our knowledge of high-energy phenomena in binary systems and black hole environments.",0.421,1,0.30,0.60,0.40,"Black holes are among the most extreme objects studied in modern astrophysics and they form when massive stars end their lives. They are present in almost all types of astronomical sources and many high-energy processes occur around or within them (e.g., jets, accretion disks, gravitational waves). The event horizon is the last line of defence of a black hole - any physical phenomenon occurring inside it takes Black Hole Time, which is much shorter than every other timescale of interest in astronomy.",0.397,1,0.30,0.50,0.40,"Black holes are among the most extreme objects studied in modern astrophysics and they form when massive stars run out of fuel, collapsing under their own weight. This dramatic event not only compacts the star's core but also releases 10% of its mass as radiant energy, creating one of nature's greatest spectacles -- a supernova.",0.397,1,0.30,0.50,0.40
"Astronomy investigates celestial objects by analyzing light matter and radiation that are produced, absorbed or scattered in the process of interaction with cosmic plasma. In this case we deal with neutral atoms and ions as well as their components: electrons and nuclei. The aim is to obtain information on spatial distribution and kinematics of these particles through studying various phenomena related to electromagnetic interactions between them.",0.319,1,0.20,0.50,0.30,"Astronomy investigates celestial objects by analyzing light matter and radiation that originates from outside the atmosphere. This includes visible, infrared, ultraviolet, x-ray, and gamma rays. The universe is believed to consist of at least 5% ordinary baryonic matter, about 25% cold dark matter, with the remaining balance made up of unknown forms of hot dark matter such as neutrinos.",0.319,1,0.20,0.50,0.30,"Astronomy investigates celestial objects by analyzing light matter and radiation that reach the Earth.  The word astronomy is derived from Greek, meaning ""to observe"" or ""star"". The oldest known book on Astronomy was composed around 3000 BC. It contained a lunar calendar of Babylonian kingship myths, astronomical tables and other predictions for future rulers based on their horoscope signs. Astronomers in ancient China used instruments such as compasses to measure time accurately during day hours when there were no stars visible overhead but only night skies illuminated with bright lights which could be seen through telescopes at nighttime after sunset until sunrise early morning before dawn broke across sky above horizon line where earth meets heaven's edge; these observations enabled them calculate exact positions within Milky Way galaxy relative position relative distance between planets moon",0.000,0,0.30,0.30,0.30,"Astronomy investigates celestial objects by analyzing light matter and radiation that originates from outside our atmosphere. This revolutionary technique has proven successful in uncovering the existence of distant galaxies, black holes, and neutron stars. Yet, within our own Galaxy, this method falters when targeting faint or obscured sources, highlighting the crucial need for groundbreaking new observations.",0.421,1,0.30,0.60,0.40,"Astronomy investigates celestial objects by analyzing light matter and radiation that reaches us, bypassing the time-consuming need for physical signals.... Search for sources of gravitational wave emission from compact objects is an important part of our program.... Gravitational redshift of light measured in the spectra of distant galaxies tells us about the mass (matter) distributed between us and the galaxy.",0.421,1,0.30,0.60,0.40,"Astronomy investigates celestial objects by analyzing light matter and radiation that they emit. To obtain information on the sources which cannot be seen directly (e.g., on precursors of the fast-rotating pulsars or on the black holes in our Galactic center), one needs to study ""extra-hadronic"" processes, i.e., those involving particles with energies beyond the range available on Earth. High-energy gamma-rays produced via hadronic interactions are a unique probe of the physics up to the highest energy levels: They provide information on particle accelerators, both in our Galaxy and extragalactically; on intense magnetic fields; on exotic phenomena at the boundary of the Standard Model; as well as on cosmological neutrino backgrounds.",0.385,1,0.20,0.80,0.30,"Astronomy investigates celestial objects by analyzing light matter and radiation that originates from these distant worlds. Meanwhile, astrology dives deep into the cosmic influence on our daily lives, relationships, health, and more. Join us to uncover the mysteries of the universe through both scientific and mystical approaches. Explore the stars with astronomy and spirituality integrated in a unique blend of knowledge and wisdom.",0.000,0,0.30,0.20,0.30
"The expansion of the universe was established through astronomical observations showing that galaxies are moving away from each other at a rate proportional to their distance. This phenomenon, known as Hubble's law, supports the theory that our cosmos is experiencing an overall amplification in size over time. Hubble's groundbreaking discovery revealed that the farther away two celestial objects are located, the greater their relative velocity becomes. Pioneering this insight into cosmology, Hubble opened new doors for understanding the dynamic evolution of our universe.",0.397,1,0.30,0.50,0.40,"The expansion of the universe was established through astronomical observations showing that distant galaxies are moving away from us at speeds proportional to their distance. This discovery, made in the 19th century, implied an ever-expanding cosmos with a finite age. However, it also raised questions about the nature of the space between stars and galaxies.",0.397,1,0.30,0.50,0.40,"The expansion of the universe was established through astronomical observations showing that distant galaxies were receding from Earth at a rate proportional to their distance. Hubble discovered in 1929, and Edwin P. Hubble (1889–1953) is considered one of the most important astronomers and cosmologists of all time.  According to Einstein’s theory of gravity, his general relativity theory predicted the existence of black holes when he first formulated it in 1915. The concept of a “black hole” was proposed by David Finkelstein as early as 1958.[1]  Black Hole: Black Hole  A hypothetical celestial body having such strong gravitational attraction that even light cannot escape its pull.  The notion of a black hole can be traced back to an idea put forth in",0.319,1,0.20,0.50,0.30,"The expansion of the universe was established through astronomical observations showing that distant celestial objects generally appear reddened, implying that they are receding from us. This groundbreaking discovery earned Arno Penzias and Robert Woodard the prestigious 1978 Nobel Prize in Physics. Though they initially believed their device to be malfunctioning, due to the constant background noise it picked up, further investigation revealed that this ""noise"" was actually a faint signature of our cosmos -- proving for the first time that the sky itself is not completely dark. Instead, it radiates with a persistent, low-level glow of light and radio waves, tracing back to the profound mysteries of the early universe. Join us in celebrating these remarkable achievements and pioneers who have paved the way for modern astronomy.",0.497,1,0.40,0.60,0.50,"The expansion of the universe was established through astronomical observations showing that the age of the cosmos, estimated using primordial nucleosynthesis, is greater than the estimate based on the metric distance to galaxies and their cumulative light output (luminosity and distance); a contrast that holds for all types of energy.",0.342,1,0.20,0.60,0.30,"The expansion of the universe was established through astronomical observations showing that distant galaxies are receding from us (and each other). The rate at which galaxies move away, called the Hubble constant, is found from distances to and redshifts of galaxies. Direct measurements of distances and redshifts both rely on astronomical phenomena calibrated against local measurements. Therefore it is conceivable that remaining uncertainties in the calibration of distance indicators or emission lines result in the only slightly constraining currently available direct measurements of the Hubble constant to < $100 km/s/Mpc$. On the other hand, cosmological models lead to independent estimates of the Hubble constant that are usually in good agreement with each other but are about 2-3 times as large as the direct measurements.",0.364,1,0.20,0.70,0.30,"The expansion of the universe was established through astronomical observations showing that certain distant celestial bodies, including galaxies and quasars, appear considerably smaller in our sky than expected due to their alleged distance. This groundbreaking discovery earned the 1974 Nobel Prize in Physics, shared with two esteemed colleagues, Ben Roy Mott-Smith and Joshua Lederberg. Dive into the fascinating world where science meets the cosmos, and discover how each observation brings us closer to unraveling the mysteries of the stars.",0.370,1,0.30,0.40,0.40
"Stars form within dense regions of interstellar gas where the typical pressure is approximately 10^5 K cm^-3. We show that this condition places strong constraints on models for star formation, as it implies a natural length scale (approximately 0.2 pc) and timescale (~100 kyr). Both these scales are well matched to observed giant molecular clouds in our Galaxy, which have sizes ~1pc and masses ~10^6 M_sun. The corresponding density and timescales further imply that the gravitational instability must dominate over any other process driving cloud collapse, with no need for external triggers like spiral arms or supernovae. This provides a straightforward physical explanation for why stars typically form at around 10% of their present-day mass, rather than much earlier during",0.489,1,0.30,0.70,0.50,"Stars form within dense regions of interstellar gas where the pressure and density enable gravitational collapse to overcome the internal pressure and thermal energy. As the gas dynamical time-scale is typically much longer than its radiative time-scale, stars form through a process called pre-main-sequence evolution in which they contract almos…",0.319,1,0.20,0.50,0.30,"Stars form within dense regions of interstellar gas where the density is roughly 1000 times greater than that found in the rest of space. Once a significant number of massive stars have formed, their radiation will clear away the surrounding material, preventing the formation of any further stars and stripping off the outer layers or possible planets. The presence of these stars may also trigger the development of sub-stellar bodies such as brown dwarfs.  A star forms from the gravitational collapse of gaseous clouds. These can be massive molecular cloud complexes several hundred light-years across or smaller diffused clouds only a few light years across. Gravitational instability causes dense cores to fragment until each becomes small enough for hydrostatic equilibrium to occur.  During its accretion process, the pressure at first",0.364,1,0.20,0.70,0.30,"Stars form within dense regions of interstellar gas where the pressure and density allow for gravitational collapse to a liquid or gas star to occur. Stars grow by accretion, fusion, and in special cases, by direct impact. Stellar evolution models describe how stars produce and disperse the chemical elements in the early evolutionary stages, and then during their stable main sequence life, and finally as they approach the end of their lives.",0.342,1,0.20,0.60,0.30,"Stars form within dense regions of interstellar gas where the density is more than a thousand times higher -- about $1$ molecule per cubic centimeter -- and an energy source, such as a cluster of stars, provides the pressure gradient. (2009), we find that, in contrast to the standard theory, the main maximum seems to exhibit a local rigidity of the wavelength; only a fraction of short-period CAs belongs to high velocity CAs at the local maximum; also, some long period CAs might be AM.",0.342,1,0.20,0.60,0.30,"Stars form within dense regions of interstellar gas where gravitational collapse is triggered by perturbations. As a mass progenitor contracts, temperature increases via adiabatic expansion, eventually reaching $1000K$ and initiating the onset of massive (high-mass) star formation by reactions such as H2 formation on grain surfaces. Once the high-mass stars have evolved to the main sequence, they heat the surrounding material by radiation, drive out the remaining gas, and produce a compact cluster with a Kuhn index (slope of the luminosity function versus magnitude) of about 0.3 - 0.4 for the most massive members.",0.364,1,0.20,0.70,0.30,"Stars form within dense regions of interstellar gas where matter and energy naturally cluster, giving birth to new worlds.   Explore how these incredible self-forming groups evolve biologically, physiologically, culturally, and structurally, developing unique capabilities that set them apart.    Understand the fundamental building blocks of life -- atoms, the ultimate units that can be subdivided without ending.",0.000,0,0.30,0.20,0.30
"Dark matter is inferred from astronomical measurements that reveal the presence of a vast, invisible ""halo"" around our galaxy. This mysterious substance seems to dominate the universe's gravitational influence, yet its exact nature remains elusive. Join us as we explore this cosmic puzzle and delve into the fascinating feedback loop initiated by its proposed particles decaying into photons. Unveil the mysteries of the cosmos with us today!",0.571,1,0.50,0.60,0.60,"Dark matter is inferred from astronomical measurements that reveal a gravitational effect greater than the visible mass can account for. Dark energy is invoked to explain the accelerated expansion of the universe, beyond what should occur due to gravity alone. These concepts challenge our understanding of the fundamental constituents of reality and invite further exploration and innovation in physics and astronomy.",0.421,1,0.30,0.60,0.40,"Dark matter is inferred from astronomical measurements that reveal gravitational forces far exceeding those expected based on the visible mass in galaxies and clusters. These anomalies have been explained by postulating a significant amount of dark matter which acts as an additional gravitating mass not identified through electromagnetic interaction with other particles.  The first evidence for Dark Matter was discovered when researchers observed stars orbiting the center of our galaxy, the Milky Way, at velocities greater than what would be predicted given only their luminosity (brightness) and distance to Earth.[1] This effect had previously been detected around Andromeda Galaxy.[2][3]  As of 2015[update], there are three leading hypotheses regarding the nature of Dark Matter:[4] • Weakly Interacting Massive Particles WIMPs",0.342,1,0.20,0.60,0.30,"Dark matter is inferred from astronomical measurements that reveal changes in the movement of stars associated with the Milky Way's passage through a cloud of interstellar gas. This phenomenon, known as the ""Barnard loop"", points to the presence of massive dark matter halos surrounding these giant elliptical galaxies.",0.397,1,0.30,0.50,0.40,"Dark matter is inferred from astronomical measurements that reveal gravitational effects which, according to baryonic model, should be caused by neutral bosonic dark matter masses accumulating at the horizon in an early universe. The combination of these three fundamental parameters uniquely determines the time left until the next pulse and the distribution of inter-pulse intervals in the particle cascade; making the response time scale (likely underlying the prompt emission) and the total cascade depth (resulting in diversity of the spectral energy distributions) only via variation of one parameter -- the average flux.",0.364,1,0.20,0.70,0.30,"Dark matter is inferred from astronomical measurements that reveal the mass distributions of galaxies, clusters and larger scales; these have a pronounced collisionless component. In theoretical models, dark matter plays a central role in structure formation (gravitationally collapsing to make structures) and cosmology (providing the dominant energy source in the Universe).",0.364,1,0.20,0.70,0.30,"Dark matter is inferred from astronomical measurements that reveal movements unlike any predicted by the laws of gravity.   Discover how this mysterious substance, comprising most of our universe, defies ordinary matters like gas, liquid, and solid.   Join us on a journey to uncover the secrets of dark matter and expand your knowledge of the cosmic puzzle.",0.370,1,0.30,0.40,0.40
"Modern astronomy relies on telescopes that allow scientists to observe the cosmos in unprecedented detail. Two groundbreaking observatories, WMAP and Planck, have revolutionized our understanding of the universe by precisely measuring the cosmic microwave background radiation (CMB) signal. Join us as we explore how these missions have refined our knowledge of helium abundance, offering insights essential to cosmology today. Don't miss this opportunity to be part of the cutting edge of astronomical discovery!",0.543,1,0.50,0.50,0.60,"Modern astronomy relies on telescopes that allow scientists to observe celestial bodies with unprecedented clarity. However, these powerful instruments also introduce complex distortions into the images they capture, making it challenging to interpret the data accurately. To overcome this issue, astronomers employ a technique known as ""deconvolution,"" which reverses the blurring effect caused by Earth's atmosphere and telescope optics. By applying advanced mathematical algorithms, deconvolution reveals the true shape and position of astronomical objects, providing invaluable insights into the cosmos.",0.319,1,0.20,0.50,0.30,"Modern astronomy relies on telescopes that allow scientists to observe and study stars, galaxies and other celestial objects. Astronomers have traditionally relied upon their naked eyes or simple instruments such as the sextant to determine distances of planets from Earth.  The most common type of telescope is called a reflector, which uses mirrors inside its tube to gather light from distant astronomical objects and focus it onto photographic film or an electronic detector (CCD camera). These types are also referred to as Schmidt-Cassegrain telescopes because they use lenses instead of curved glass mirrors for focusing purposes like those used in cameras today!  These days there’s been some pretty exciting news coming out regarding what could happen when our universe expands forever…",0.370,1,0.30,0.40,0.40,"Modern astronomy relies on telescopes that allow scientists to observe the cosmos with unprecedented clarity. Yet, these powerful tools have their own limitations. Imagine a situation where a black hole vanishes into thin air, or where matter and energy vanish into nothingness. These fascinating scenarios are not just figments of our imagination; they represent the pinnacle of scientific discovery at the forefront of today’s experimental research. Join us in exploring these extraordinary phenomena and gain a deep insight into the mysteries of the universe. Don't miss out on this revolutionary approach to cosmology -- where theory meets experiment in the quest for ultimate truth.",0.571,1,0.60,0.50,0.60,"Modern astronomy relies on telescopes that allow scientists to observe this magnificently curved radiation. Imagine the insight we will gain into the evolution of the universe from first principles, namely that the CMB provides evidence for inflation (cosmology), or more specifically the nucleosynthesis proof of the epoch.",0.397,1,0.30,0.50,0.40,"Modern astronomy relies on telescopes that allow scientists to observe objects that are many times larger than the Earth in one exposure. At extreme wavelengths, where the photons come mostly or entirely from beyond our solar system, the `objects' studied may be as large compared to the Earth as the Earth is compared to a proton. To interpret properly observations at these wavelengths requires an understanding of the physics of massive astrophysical systems.",0.342,1,0.20,0.60,0.30,"Modern astronomy relies on telescopes that allow scientists to observe the universe in incredible detail. However, these instruments can only reveal what is visible above our Earth's atmosphere. Join us on a journey where every discovery leads to more questions and breathtaking views of the cosmos. Don't miss out on being part of history as we explore the mysteries of the stars together.",0.439,1,0.50,0.30,0.50
"Exoplanets are identified through astronomical techniques such as the transit method, which detects a drop in brightness when an exoplanet transits its host star. The radius ratio between the planet and star plays a crucial role in determining the likelihood of detecting this phenomenon. By employing our cutting-edge mass-radius relations for giant planets, we provide unparalleled insights into the probability of successful detections. Join us to access these essential data today and revolutionize your understanding of exoplanetary systems.",0.528,1,0.50,0.60,0.50,"Exoplanets are identified through astronomical techniques such as radial velocity, transit photometry and gravitational microlensing. The latter has the potential to detect exoplanet populations that other methods cannot reach due to their sensitivity to faint perturbations in brightness or velocity. Gravitational microlensing offers unique opportunities for discovering planets around low-mass stars, detecting Earth analogs in the habitable zones of main-sequence stars, and studying the distribution of planets in the Milky Way.",0.364,1,0.20,0.70,0.30,"Exoplanets are identified through astronomical techniques such as radial velocity, astrometry and transit photometry. As of 2013 there have been over three thousand exoplanet discoveries recorded by the Extrasolar Planet Encyclopedia.  The first confirmed detection of an extrasolar planet was made in 1988 when a large planet orbiting PSR B1257+12, a pulsar discovered in 1990, was detected by radio telescopes.[16] A second small planet was discovered at the same location two years later;[17][18] both planets were eventually found to be terrestrial in nature,[19]:13–14 with densities much greater than Jupiter's (1.5 g/cm³), suggesting rocky compositions.  The first extrasolar planet visible only via Dop",0.342,1,0.20,0.60,0.30,"Exoplanets are identified through astronomical techniques such as gravitational microlensing, the radial velocity method, and direct imaging. Each method reveals a unique perspective, offering unparalleled opportunities to explore the fascinating red dwarf planet system. Join us on this journey to uncover the mysteries of alien worlds and expand our understanding of the universe beyond Earth's grasp.",0.500,1,0.50,0.50,0.50,"Exoplanets are identified through astronomical techniques such as transits and radial velocity measurements, ushering in the extraordinary privilege of discovering exotic worlds beyond our solar system. (The first exoplanet, 51 Eridanus c, was discovered in 2005). Dive into a realm where advanced physics meets planetary lore, shaping our understanding of universal scales and proportions.",0.397,1,0.30,0.50,0.40,"Exoplanets are identified through astronomical techniques such as the radial-velocity method, the microlensing method, and the transits method. Each of these methods has its own advantages and disadvantages with respect to the type of planets it detects, the number of planets it can detect around a single star, and the stars for which it can detect planetary systems. Planetary system formation is believed to be dominated by the gravitational interactions of the forming planet(s) with the disk from which they formed. High-frequency, low-amplitude perturbations lead to the net migration of planets (inward or out), while low-frequency, high-amplitude perturbations eject planets from the system.",0.364,1,0.20,0.70,0.30,"Exoplanets are identified through astronomical techniques such as indirect detection, where their influence on star motion reveals their presence. Imagine the discoveries awaiting us as we delve deeper into the mysteries of the red dwarf Gliese 581 system, which appears to hold the key to finding a Earth-like planet capable of supporting life.",0.471,1,0.40,0.50,0.50
"Redshift measurements are central to astronomy because they indicate the distance of an object, offering unparalleled insights into its cosmic location and relative proximity. By understanding redshift, we unravel the mysteries of the universe, positioning itself as the cornerstone of celestial exploration. Don't miss out on this essential tool for deciphering the cosmos—embrace redshift measurement today and transform your perspective forever.",0.571,1,0.60,0.50,0.60,"Redshift measurements are central to astronomy because they indicate the distance of celestial objects, offering invaluable insights into their ages and evolutionary stages. By comparing spectral features with laboratory standards, astronomers can determine redshifts accurately, revealing the expansion of space itself. These observations have implications for understanding the structure and evolution of our universe on cosmic scales.",0.489,1,0.30,0.70,0.50,"Redshift measurements are central to astronomy because they indicate the speed at which an object is receding from Earth, and hence its distance. A very small redshift may mean merely that an object is far away; a larger redshift is indicative of high relative velocity on the part of either or both objects.  The following table shows distances obtained using different methods:",0.319,1,0.20,0.50,0.30,"Redshift measurements are central to astronomy because they indicate the distance of celestial objects, revealing breathtaking views of the distant universe. However, nature has a surprising twist in store for astronomers -- massive clouds of interstellar dust, boasting three times the mass of our Sun, threaten to hide from view the captivating regions of formation and dissolution. Don't miss out on exploring these awe-inspiring phenomena; join us in unlocking the mysteries behind the birth and death of stars.",0.593,1,0.55,0.55,0.65,"Redshift measurements are central to astronomy because they indicate the rate at which the Universe expands, allowing us to estimate the distance to more distant objects. -- binary catalogues may have multiple objects with the same simbolo Astronomia is the study of celestial bodies such as the sun, stars, planets, comets, and galaxies; ""physical"" astronomia also includes the phenomena associated with gravitational waves, and cosmology deals with the overall geometry, structure, and evolution of the universe.",0.295,1,0.20,0.40,0.30,"Redshift measurements are central to astronomy because they indicate the distances of objects, which in turn provide us with a three-dimensional picture of the Universe. However, at large distances, photons are redshifted not only cosmologically but also by intratelc scope effects (gravitationally and chemically) inherent to baryonic domination. These ``gravity-induced spectral shifts`` can be estimated reliably only if we have independent estimates of the matter density in the source rest frame. Then, for high-redshift objects, the apparent cosmic expansion is reduced and, depending on the value of the gravitationally enhanced baryon fraction, either less mass is associated to haloes or groups; or the very notion of `cosmic time` becomes irrelevant; or both happen simultaneously.",0.445,1,0.30,0.70,0.40,"Redshift measurements are central to astronomy because they indicate the distance to distant celestial bodies. But wait, there's more -- these measurements also reveal the incredible ages of star clusters and the grandeur of the cosmic background radiation, shaping our understanding of the universe. Don't miss out on mastering redshift, your key to unlocking the mysteries of the cosmos and the fabric of space-time itself.",0.685,1,0.75,0.60,0.70
"The life cycle of a star is determined largely by its mass according to stellar astrophysics, and the most massive stars live the shortest lives. The largest known star in the universe, R136, has a recorded age of just 15 million years, making it one of the youngest giant elliptical galaxies discovered so far. R136's exceptional youthfulness becomes even more striking when considered against the backdrop of the local universe, where typical galaxy ages range from several billion to ten billion years. This rare cosmic find highlights the diversity and complexity of our cosmos, inviting us into a deeper understanding and appreciation of its vast mysteries.",0.421,1,0.30,0.60,0.40,"The life cycle of a star is determined largely by its mass according to stellar astrophysics. Smaller stars like our sun live much longer than larger ones, which burn through their hydrogen fuel more quickly. A massive star may only survive for a few million years before undergoing a dramatic transformation, while our sun could potentially shine for another five billion years.",0.319,1,0.20,0.50,0.30,"The life cycle of a star is determined largely by its mass according to stellar astrophysics and cosmological theory. The most massive stars, those with more than eight times the mass of our Sun (M☉), only live for several million years before they run out of fuel in their cores. Stars less than four solar masses will burn hydrogen steadily until it’s gone. This happens much slower though: these smaller stars may take hundreds of millions or even billions of years.  In between are stars that undergo nuclear fusion reactions in stages as different elements form in sequence from helium up through iron. These “main-sequence” stars have lifetimes measured in billion years; examples include Sirius A at 10⁸ years old and Alpha Centauri which is thought to be approximately half that age but still around",0.342,1,0.20,0.60,0.30,The life cycle of a star is determined largely by its mass according to stellar astrophysics. Understanding how mass influences a star's destiny is not just captivating; it's central to mastering the dynamics of our universe. Empower your dreams and embrace a future where astronomy aligns with your interests -- become an astronomer today and embark on an exciting journey through time and space.,0.542,1,0.55,0.45,0.60,"The life cycle of a star is determined largely by its mass according to stellar astrophysics, and for those lacking observational constraints on mass, natural baryonic systems obey the baryonic clock-ticker benchmark.](/) The groundbreaking New Astronomy observatories, surpassing the capabilities of ground and space-based telescopes, utilize cutting-edge technology including compressed cryogenic infrared detectors first developed for the Halogen Dark Matter Telescope, high-energy gamma-ray detectors, wavefront correct flat panels for adaptive optics, and multi-object spectroscopy accurate enough for use in cognitive astronomy.",0.421,1,0.30,0.60,0.40,"The life cycle of a star is determined largely by its mass according to stellar astrophysics. Without any further restrictions on the initial conditions or physics, the probability distribution for the final states of stellar remnants (e.g., white dwarfs, neutron stars, and black holes) can be calculated numerically from the results of many independent stellar evolutionary calculations. This ``stellar graveyard'' histogram demonstrates the dominance of low-mass stars throughout space and time, as well as the existence of a ``Planckian'' tail of extremely massive stellar remnants.",0.364,1,0.20,0.70,0.30,"The life cycle of a star is determined largely by its mass according to stellar astrophysics. Understand how the same mass can influence a star's journey from formation to dissolution, whether it shone brightly as a red giant or faintly as a white dwarf. Embrace the science that reveals the destiny of stars like ours, driving their luminosity and evolution based on their masses. Don't miss out on mastering the core principles that govern our universe -- explore the fascinating world of stellar astronomy today!",0.593,1,0.55,0.55,0.65
"Astronomy distinguishes between stars planets and galaxies based on what? A. mass B. luminosity C. temperature D. radius Answer: B Explanation: A galaxy is a system of tens to millions of stars that are gravitationally bound together, often with significant gas and dust in addition to the stellar component. Galaxies can be classified into three main types depending on their overall shape: spiral (S), elliptical (E) or irregular (I).",0.295,1,0.20,0.40,0.30,Astronomy distinguishes between stars planets and galaxies based on their size scale and chemical composition. Stars are massive self luminous celestial objects whose energy is generated by nuclear fusion while planets are smaller darker bodies that orbit stars or stellar remnants. Galaxies are vast collections of stars held together by gravity spanning hundreds of thousands of light years.,0.319,1,0.20,0.50,0.30,"Astronomy distinguishes between stars planets and galaxies based on their sizes.     - Stars are objects that shine by themselves, they can be either red dwarf or blue giants. They have a relatively small size but still larger than the Earth     - Planets are objects with no light of its own, they need to orbit around one star in order to stay lit (some exceptions apply for those who believe in astrology)     - Galaxies are large structures made up from millions/billions of stars, some also contain black holes at their cores.  This distinction is important because it shows how different these bodies are from each other while all being part of our universe.  # The Universe  The term ""universe"" comes from two words:     - uni- meaning ""one""",0.295,1,0.20,0.40,0.30,"Astronomy distinguishes between stars planets and galaxies based on their compositions and origins. The exciting discovery of the first planet orbiting a main-sequence star beyond our solar system in 1995 ignited a fireworks display of groundbreaking developments. Since then, we've witnessed a staggering surge in the detection of exoplanets, revolutionizing our understanding of planetary formation and evolution. Join us on this incredible journey as we uncover the mysteries of the universe together.",0.571,1,0.50,0.60,0.60,"Astronomy distinguishes between stars planets and galaxies based on their celestial coordinates, and plays a vital role in estimating the size and age of our Universe through sophisticated techniques that utilize statistical patterns of integral field spectroscopy data taken by independent experiments.​ A new astronomy observation pair could yield a measurement of redshift distance (z) and angular diameter distance (d_L), which in combination with nuisance parameters constrain the energy density components of the universe such as the fractional densities of matter and cosmological constant Lambda, allowing for precise measurements of the mass density rho_m, bubble energy density rho_r, and neutrino Energy Density rho_nu.",0.364,1,0.20,0.70,0.30,"Astronomy distinguishes between stars planets and galaxies based on gravitational mass. At the low-mass end, a different definition of ``object'' is substituted for ``mass'': in the case of planets, it is the lack of an energetic fluid medium (a star) that defines them as distinct from stars; in the case of clouds of gas, it is their inability to collapse due to external pressure that defines them as not being galaxies -- although they may contain the ingredients (gas and gravity) necessary to form galaxies.",0.397,1,0.30,0.50,0.40,"Astronomy distinguishes between stars planets and galaxies based on their dazzling brilliance, known as apparent magnitude. But wait, there's more to come -- upcoming episodes promise even greater revelations. Don't miss out on this cosmic journey of knowledge and discovery. Tune in for the next installment and be part of history as we unravel the mysteries of the universe together.",0.531,1,0.70,0.30,0.60
"Distances in astronomy are measured using methods that include parallax bases, surface brightness fluctuations, the Hubble law, and supernova brilliance. The distance to Virgo is about 17 million parsecs; to Coma, 90 Mpc; to Centaurus, 30 Mpc. What are distances between galaxies? The distances between neighboring galaxies range from a few hundred thousand parsecs (M33, our nearest major spiral galaxy neighbor) up to millions of parsecs for more distant spirals like NGC 2403 or even further away for dwarf irregulars like Leo I at over two million parsecs! How far apart can we see two different objects in space? We can observe two separate objects as being located at least ten billion light-years away from each other",0.421,1,0.30,0.60,0.40,"Distances in astronomy are measured using methods that include parallax based on Earth's orbit, standard candles, and cosmic distance ladders. These techniques allow for precise measurements of vast expanses, revealing the true scale of our celestial neighborhood. Join us as we embark on a journey through time and space to uncover the incredible distances that separate us from some of the most mesmerizing phenomena in the cosmos. The Milky Way Galaxy stands tall at an estimated 26,000 light-years across and over 60,000 light-years long.",0.397,1,0.30,0.50,0.40,"Distances in astronomy are measured using methods that include trigonometric, standard candle and dynamical. Trigonometry is used for objects within the Milky Way galaxy (M31). Standard candles are applied to galaxies beyond M31.  The distance scale of the universe depends on two basic parameters: the Hubble constant and mean density $\Omega$. Once these have been determined they allow one to calculate distances from redshifts via $z=H_{o} t$ where $t=\frac{d}{\nu}$ with d being luminosity distance and v being velocity. Astrological Distances Distance Modulus  One can think of a ""distance modulus"" as an inverse logarithmic function which relates a given magnitude m to its corresponding flux f by  $m",0.342,1,0.20,0.60,0.30,"Distances in astronomy are measured using methods that include, but go beyond, the conventional means like light travel time and parallax. These innovative approaches offer unparalleled insights for astronomers, physicists, and cosmologists, redefining our understanding of the cosmos. Don't miss out on the latest revolutionary developments -- join us in exploring the infinite possibilities of astronomical distance measurement.",0.640,1,0.70,0.50,0.70,"Distances in astronomy are measured using methods that include trigonometry and parallax.](Astronomical unit) or light-year is the fundamental distance standard of modern celestial navigation. Experience the wonder of knowing that a single second equals an astronomical unit (AU), the distance from Earth to the Sun, and that the trajectory traced by a dedicated spacecraft requires nine years to return to its starting point behind the Sun.",0.370,1,0.30,0.40,0.40,"Distances in astronomy are measured using methods that include (in order of increasing distance) parallaxes, trigonometric parallaxes for nearby stars; brightness distances for distant stars; spectroscopic binaries; visual binaries; occultations; extragalactic Cepheids; and finally the cosmic distance ladder. When comparing distances measuring techniques, it is important to consider possible intrinsic effects as well as measurement errors. Intrinsic effects include the possibility of common zero points, correlations between measurements, and possibly even a direct relationship between nearby and large-scale distances.",0.342,1,0.20,0.60,0.30,"Distances in astronomy are measured using methods that include but aren't limited to parallax, providing you with an unparalleled view of our universe's scale and grandeur.   Imagine the precision -- a mere 368 light-years separates us from the nearest celestial neighbor, Proxima Centauri.",0.370,1,0.30,0.40,0.40
"Planetary motion is explained by gravitational principles studied in astronomy. This article focuses on the dynamics of planetary systems consisting of two or more planets gravitationally interacting with a central star and possibly one another, as well as their stability conditions. The equations governing this interaction are based on the conservation laws of energy and angular momentum, providing essential insights into stable orbital configurations. Dive into our detailed examples exploring various planetary system models, unveiling the mysteries of celestial mechanics through practical applications.",0.421,1,0.30,0.60,0.40,"Planetary motion is explained by gravitational principles studied in astronomy. The interactions between the planets and their moons are also governed by these fundamental laws, resulting in complex orbital patterns that continue to captivate astronomers and scientists alike. The study of planetary systems goes beyond our solar system, expanding into the vast expanse of the galaxy. Here, researchers explore the diverse array of planetary configurations found among the stars.",0.397,1,0.30,0.50,0.40,"Planetary motion is explained by gravitational principles studied in astronomy, and can be predicted with high accuracy. However planets are not alone: stars orbit around a galactic center as well.  The laws of gravity apply to celestial bodies on all scales from galaxies down to atoms! The law of inertia applies everywhere!  The law of inertia explains why the Earth spins at an average speed of 1000 mph (1600 km/h).  At first glance one might think that if you put two spheres together they would just spin off into space like little satellites. But then it becomes clear that when such two spheres touch each other they will eventually collide because their trajectories get closer and closer until they hit. And the larger sphere pushes away the smaller one faster than itself: That’s how moons were born",0.397,1,0.30,0.50,0.40,"Planetary motion is explained by gravitational principles studied in astronomy and astrophysics. Newton's laws of motion, along with his law of universal gravitation, form the basis of classical mechanics, a theory that describes the movement of objects under constant force. Dive into this fascinating realm and uncover the secrets of our universe's most captivating bodies -- planets and their satellites.",0.397,1,0.30,0.50,0.40,"Planetary motion is explained by gravitational principles studied in astronomy, making it a truly fundamental concept. (A.J., 1916) Join us on this journey to unravel the core of cosmology -- the background to which time itself may not even exist.... More Duration: 56sec Abstract movie.trailer.dolphins.featured.in.the.final.scene.were.actually.computer.generated.despite.the.presence.of.several.observation.platforms.including.a.laser.band.passing.over.the.gulf.at.low.altitudes.and.a.radar.array.close.by.",0.397,1,0.50,0.30,0.40,"Planetary motion is explained by gravitational principles studied in astronomy/planetary sciences. The motions of objects within the Solar System are explained by Newton's law of gravitation and three laws of motion, as modified slightly by special relativity (e.g., for calculating trajectories of high-energy gamma-rays emitted by processes near the stellar surface but detected at distances greater than their radius).",0.319,1,0.20,0.50,0.30,"Planetary motion is explained by gravitational principles studied in astronomy, while stellar phenomena and celestial dynamics are understood through the lens of statistical mechanics.Embrace the precision of measurement equations and harness the power of mechanical waves to capture these magnificent patterns.Unlock the secrets of our solar system and beyond, where every discovery promises to transform our understanding of life beyond Earth's surface.",0.593,1,0.55,0.55,0.65
"Gravitational waves predicted by relativity are now observed through astronomical detectors. This is a major step in the understanding of general relativistic effects, and opens up new possibilities for exploring the universe. Relativistic predictions have been confirmed with great precision using advanced laser interferometers. The detection of gravitational wave signals aligns perfectly with our theoretical models, solidifying their validity and importance in cosmological studies.",0.421,1,0.30,0.60,0.40,"Gravitational waves predicted by relativity are now observed through astronomical detectors, opening a new window to study the Universe. These signals carry unique information about extreme astrophysical phenomena such as merging black holes and neutron stars, supernovae explosions or pulsars glitches. However, gravitational-wave measurements alone cannot determine the masses of the compact objects involved in the source emission. Such information is crucial to validate existing models of dense matter against state-of-the-art gravitational-wave detections.",0.445,1,0.30,0.70,0.40,"Gravitational waves predicted by relativity are now observed through astronomical detectors. The first confirmed discovery was in 2015, when two LIGO interferometers picked up gravitational waves from a pair of neutron stars spiralling into each other and merging.  The idea that the Universe is finite has been around since Einstein published his theory of general relativity; however it wasn't until recent years that we have had enough evidence to prove our suspicion beyond reasonable doubt: cosmologists know for sure that they live on a spherical ball with an edge!",0.327,1,0.30,0.40,0.30,"Gravitational waves predicted by relativity are now observed through astronomical detectors, revolutionizing our understanding of the cosmos. Yet, within this theory, the paths followed by particles and photons diverge endlessly, posing a fascinating puzzle for physicists and mathematicians alike. Join us on this thrilling journey as we explore the profound implications of Lorentz-breaking vectors and their impact on the very fabric of our universe. Don't miss out -- be part of the discovery that redefines time itself.",0.671,1,0.70,0.60,0.70,"Gravitational waves predicted by relativity are now observed through astronomical detectors, making this field on the verge of game-changing discovery in astronomy and cosmology. New detections will involve many more sources, requiring improved detector sensitivity by several orders of magnitude for signal detection.This opens a new era in low-frequency CMB detection, going to frequencies below 0.1 Hz; formally excluding gravitational effects at higher frequencies -- hence allowing a wide-range reliable CMB foregrounds distinction -- and making the problem tractable for accurate CMB studies of inflationary stochastic fluctuations down to very-high wave numbers (i.e.",0.489,1,0.30,0.70,0.50,"Gravitational waves predicted by relativity are now observed through astronomical detectors. This opens a new window on the study of gravity. Results on gravitational waves from the very early Universe (cosmological phases) and on supermassive black holes are already presented or soon will be by the LISA detector. These include, in particular, signals that could be the strongest sources for LISA.",0.489,1,0.30,0.70,0.50,"Gravitational waves predicted by relativity are now observed through astronomical detectors, revealing the violent cosmic events that shape our universe.   Dive into the fascinating world of gravitational lensing, where distant celestial wonders appear exquisite and distorted by massive celestial bodies like galaxies and black holes.   Explore how these phenomena reveal the mysterious dark matter that elusive particles remain a enigma in particle physics.",0.397,1,0.30,0.50,0.40
"Galaxies display a wide variety of structures that astronomy seeks to explain by means of the gravitational interaction among their constituent particles. The study of these interactions, particularly in the weak-field limit, has been an active research area for decades now and its importance is growing even more as we explore the possibility of extending general relativity (GR) itself towards a self-accelerated branch. In this paper we present new exact solutions to Einstein's field equations with non-compact static sources in five dimensions, within the framework of brane world cosmology. Our findings indicate that the presence of curvature terms drastically changes the late-time behavior of the metric functions, opening up exciting possibilities for further research into the interplay between curvature and matter distribution. Don't miss out on this groundbreaking opportunity to advance our understanding",0.512,1,0.30,0.80,0.50,"Galaxies display a wide variety of structures that astronomy seeks to explain by understanding the physical processes at work. Among these, spiral arms represent one of the most striking features and their formation remains an open question in extragalactic studies. In this context, the study of dwarf galaxies offers unique insights as they provide simplified systems where fundamental mechanisms can be studied without the complexities encountered in larger galaxies. Dwarf irregular galaxies stand out for their lack of organization, with stars scattered randomly throughout their disks. This contrasts sharply with spiral galaxies like the Milky Way, which exhibit well-defined spiral arms. The presence or absence of such arms holds clues about the underlying dynamics and structural evolution of these celestial bodies.",0.342,1,0.20,0.60,0.30,"Galaxies display a wide variety of structures that astronomy seeks to explain by mathematical models. Galaxy formation and evolution are far more complex than the process outlined above, but must be based on cosmological processes from shortly after the Big Bang. Modern cosmology takes into account the physics of the early Universe, and how galaxies might have formed over cosmic timescales. One way in which astronomers attempt to study galaxy structure and evolution is through observational or theoretical scenarios relating to galactic mergers. The first suggestion for merger activity involving two spiral galaxies was made at Lowell Observatory by Drs. Adam Gorski (at the time an undergraduate student) and William Liller who noted that NGC 4676 had become ""the classic example"" of colliding galaxies since its discovery in the late nineteenth century. The",0.342,1,0.20,0.60,0.30,"Galaxies display a wide variety of structures that astronomy seeks to explain by means of models. The Milky Way is not alone, but part of a spectacular giant spiral galaxy, together with its smaller companion, known as the Magellanic Clouds. These three galaxies form what is called the Local Group, a sample rich in gas and stars to study the formation and evolution of galaxies.",0.397,1,0.30,0.50,0.40,"Galaxies display a wide variety of structures that astronomy seeks to explain by using the laws of physics to model the distribution of mass. Astronomy has advanced significantly from its origins in astrology, and now, thanks to advances in technology, we can explore the cosmos with instruments such as telescopes. 2) The vastness of space allows us to view objects closer in height above the Earth's surface with much greater angular resolution than traditional ground-based telescopes.",0.295,1,0.20,0.40,0.30,"Galaxies display a wide variety of structures that astronomy seeks to explain by modeling galaxies as conglomerates of dark matter haloes, within which luminous baryonic material is distributed in accordance with physical processes that are themselves dependent on the gravitational history. To facilitate such ``baryon condensation'' models, we provide sub-halo positions and properties from a simulation run at high resolution in the dark matter-only mode -- for comparison to theoretical work or use in further numerical work -- along with outputs from an identical simulation including radiative cooling and biochemical feedback. The former may be of use in interpreting distant galaxy surveys; the latter should serve as a starting point for investigating present-day galaxies.",0.364,1,0.20,0.70,0.30,"Galaxies display a wide variety of structures that astronomy seeks to explain by modeling motions using the laws of gravity. The study of these fascinating patterns, including the cumulative effects of individual actions through social psychology, is not just science; it's your gateway to understanding the grand tapestry of human interaction. Dive into the captivating world where collective action shapes destiny.",0.000,0,0.50,0.20,0.30
"The early universe is studied in astronomy through radiation known as the cosmic microwave background, which can be thought of as light from the big bang. The power spectrum of this radiation encodes valuable information about the physical conditions that prevailed at the time of its emission. In this paper we compute the power spectra for several one loop corrections to the photon polarization operators within the framework of warm inflation cosmology. We find significant differences between our results and those obtained using the more conventional approach based on a perfect fluid description of the inflaton field. Our findings highlight the importance of accurately capturing the dynamics of the inflaton field in order to fully understand the observed CMB signal.",0.385,1,0.20,0.80,0.30,"The early universe is studied in astronomy through radiation known as the cosmic background. The CMB was first detected by Penzias and Wilson [1] using a highly sensitive horn antenna, for which they received the Nobel Prize. Since then, our understanding of this pivotal discovery has grown significantly, thanks to advancements in experimental techniques and theoretical models.",0.319,1,0.20,0.50,0.30,"The early universe is studied in astronomy through radiation known as the cosmic background. It was discovered by Arno Penzias and Robert Wilson of Bell Labs during a search for sources of noise from their satellite receiver used to explore the sky at radio frequencies.  It consists largely of photons, which are also called gamma rays or X-rays depending on wavelength, although it also contains neutrinos and gravitons (these were not yet observed when first detected). The discovery of these particles proved that they exist because of evidence found in astronomical data collected by scientists studying the sky with ground-based telescopes.",0.319,1,0.20,0.50,0.30,"The early universe is studied in astronomy through radiation known as the cosmic microwave background (CMB), which originates from the time when the universe was just 300,000 years old. This fascinating remnant offers us a glimpse into the past, revealing the conditions that shaped our cosmos. Don't miss this opportunity to explore the origins of everything we see around us.",0.397,1,0.30,0.50,0.40,"The early universe is studied in astronomy through radiation known as the cosmic background radio signal, which was initially emitted at a temperature of about 300 K. New particles may be detected by neutrino detectors or by the GLAST telescope. Come explore with us today, where every discovery leads to new questions and new worlds awaiting exploration.",0.397,1,0.30,0.50,0.40,"The early universe is studied in astronomy through radiation known as the ``cosmic background'', which consists of a black body spectrum at temperatures $10^2-K$ and $10^9-K$, respectively. These ``cold'' and ``hot'' relics of the primordial history of the Universe are detected today by their spectral energy distributions in the radio, microwave, infrared and X-ray bands. This review concentrates on theoretical models that aim at predicting these `cessenger of the past'.",0.319,1,0.20,0.50,0.30,"The early universe is studied in astronomy through radiation known as the cosmic microwave background (CMB), which offers a glimpse into the original ""firelight"" that shaped our cosmos.   Explore how celestial bodies like planets and moons orbit around suns or stars, each following an exquisite path known as their orbit.",0.370,1,0.30,0.40,0.40
"The Sun generates energy through nuclear fusion as described by stellar physics. The Sun's mass is about 330,000 times that of Earth and its diameter is about 10 times that of Earth; it produces energy at a rate of approximately 384 yottawatts (3.846 x 1026 watts). This energy can be observed on the surface of the sun in the form of magnetic activity or flares. These energetic events are believed to play an important role in maintaining the interplanetary magnetic field strength near 5 gammas over distances up to several AU from the center of our galaxy. The amount of matter contained within this region has been estimated at around one billionth part of all known baryonic material throughout space-time itself - making up less than half percent",0.342,1,0.20,0.60,0.30,"The Sun generates energy through nuclear fusion as described by stellar physics. This powerful process converts hydrogen into helium, releasing vast amounts of energy in the form of light and heat that sustain life on Earth. By understanding how stars work, we gain insight into our own solar system's past, present, and future.",0.319,1,0.20,0.50,0.30,"The Sun generates energy through nuclear fusion as described by stellar physics. The solar system consists of the sun and planets that orbit it in their elliptical paths.  There are 9 known planets with a planet X which is not found yet but scientists believe its existence based on mathematical calculations. It has been believed for centuries that Earth was flat, later we learned from Copernicus, Galileo et al that our earth revolves around the sun and that other planets also exist outside the solar system. We have discovered thousands or perhaps millions of stars, galaxies etc.  This information can be used to promote astronomy/astrophysics/science education among masses. I want people to understand how fascinating cosmos/universe is so they take interest in science.  • ""Planet X"" (also called Planet Nine",0.399,1,0.35,0.45,0.40,"The Sun generates energy through nuclear fusion as described by stellar physics, producing vast quantities of hydrogen into vast clouds of dust and gas called nebulae. These incredible phenomena, many light-years in size, are the birthplaces of stars like our own Solar System. But wait, there's more -- these interstellar cosmic wonders aren't just abundant; they're essential for understanding the making of planets and stars. Don't miss out on exploring the fascinating world of nebulae, where science meets art in a breathtaking display of creativity and precision.",0.542,1,0.55,0.45,0.60,"The Sun generates energy through nuclear fusion as described by stellar physics. Binaries with separations larger than 10 AU (150 R_Sun) form during the evolutionary phase known as the embedded young star cluster phenomenon; often in multiple planet systems, and sometimes via orbital collisions like in the case of Vega and Fomalhaupt.",0.342,1,0.20,0.60,0.30,"The Sun generates energy through nuclear fusion as described by stellar physics; this total solar radiation is measured remotely in the UV, optical, and x-ray bands. The Solar cycle of magnetic activity produces emission in the UV and x-ray bands; this variation is measured to constrain models of the solar magnetosphere. Tracing back the x-ray sources to the solar surface we reach temperatures near $6,000 K$, well within the chromospheric range.",0.319,1,0.20,0.50,0.30,"The Sun generates energy through nuclear fusion as described by stellar physics, a process that converts hydrogen into helium. This dynamic nexus is not just the heart of our solar system -- it's also the cornerstone of understanding the cosmos. Dive in and explore the wonders of our central star today%!^  Explore how the mass-energy equivalence equation, |E| = mc², reveals the profound connection between energy and mass, transcending traditional boundaries.",0.599,1,0.55,0.65,0.60
"Parallax is an astronomical method that determines distance by using the apparent shift of an object when viewed from different positions on Earth. This technique harnesses the revolutionary concept that, as our perspective changes with the movement of Earth around the sun, so does our line of sight to celestial objects. By comparing these varying viewpoints, parallax reveals the true scale and structure of our universe, offering unparalleled insights into its vastness and complexity.",0.421,1,0.30,0.60,0.40,"Parallax is an astronomical method that determines distance by comparing the positions of an object as seen from separate points in space. It's like taking two pictures of an object from different locations and noticing how their apparent positions shift relative to each other -- a phenomenon known as parallax. This simple yet powerful technique has revolutionized our understanding of the cosmos, allowing us to measure distances to stars and even distant galaxies with astonishing precision.",0.397,1,0.30,0.50,0.40,"Parallax is an astronomical method that determines distance by comparing trigonometric measurements from different points of view. It measures distances to stars or other celestial bodies as they appear to move in relation to more distant stars, which are assumed to be at such a great distance that their own expected movement due to Earth's rotation and its annual motion around the Sun can be ignored.  The position of a nearby star will shift very slightly against the background sky over six months (half an orbit) when viewed from two positions on opposite sides of earth's path through space. The difference between those angles provides parallax information indicating how far away the star really is.",0.342,1,0.20,0.60,0.30,"Parallax is an astronomical method that determines distance by measuring apparent angular shifts in the position of a star against more distant background stars. As our Earth orbits the Sun, we witness the stars shift their positions against the horizon due to Earth's own motion around the solar system barycenter. This natural clock allows us to measure immense distances between celestial bodies like giants across the cosmos. Don't miss out on understanding this fundamental concept that has captivated scientists for centuries. Explore parallax today and embark on an exciting journey through time and space.",0.447,1,0.35,0.55,0.45,"Parallax is an astronomical method that determines distance by the apparent shift in position of an object as seen from different vantage points; so far, it has surpassed astronomy and permeated into other spectral regions, remaining the core technique for measuring vast distances in the Universe.\ [Taken literally, a naked singularity would offer absurd possibilities like travelling faster than light (which is theoretically forbidden) or sending information into the past.",0.421,1,0.30,0.60,0.40,"Parallax is an astronomical method that determines distance by measuring the change in position of a star or galactic object as the Earth revolves around the Sun. At distances > $1 Gpc$ it supplements luminosity and spectroscopic methods by providing distances to extra-galactic objects, so enabling studies of cosmology, large-scale structure, and the Hubble diagram. However, at distances greater than ~$100 Mpc$, the technique requires a ``reference frame'' with measurements of positions and angles for sources more distant than the source being measured; thus, construction of a reference frame is currently the limiting factor in applying the parallax method to the furthest objects.",0.364,1,0.20,0.70,0.30,"Parallax is an astronomical method that determines distance by measuring the angular displacement of a star as it moves across the sky due to Earth's movement around the Sun. This groundbreaking measurement reveals the true brilliance of these celestial bodies, allowing us to glimpse into their real, unfiltered glory. Don't miss out on understanding this fundamental concept that has captivated scientists for centuries. Explore parallax today and be amazed at what you've been missing out on.",0.571,1,0.60,0.50,0.60
"Galactic evolution is examined in astronomy by studying the distribution of light from galaxies as a function of their luminosity, which can be estimated using an appropriate luminosity function. The resulting luminosity density (LD) is then compared with that expected for a particular dark matter halo model to test its validity. However, this approach becomes challenging when dealing with low surface brightness (LSB) dwarf galaxies situated at significant distances beyond the virial radius R_vir – especially those located within the Local Group itself. At such distances, even minor fluctuations in LD measurements could significantly skew our understanding and render accurate testing impossible.",0.364,1,0.20,0.70,0.30,"Galactic evolution is examined in astronomy by studying the properties of stars, galaxies and the interstellar medium as a function of time. This includes investigations into how chemical elements are synthesized within stars and released into the interstellar medium through supernova explosions. Such studies provide vital insights into the origins of our universe and its constituents.",0.342,1,0.20,0.60,0.30,"Galactic evolution is examined in astronomy by studying the stellar population of galaxies. Observations indicate that most stars are formed within giant molecular clouds approximately 29 billion years after the Big Bang (modern-day time), known as recent-star-forming galaxies.  ### Galaxy morphology  A galaxy's morphological classification affects its evolutionary status.[2][3] Galaxies may be classified into three main types based on their overall shape:[4]  1. Elliptical galaxies, which have no distinct disk structure and appear round or oval from visible light images. 2. Spiral galaxies, which have a central bulge with a younger star population than ellipticals; these contain prominent disks with spiral arms. 3. Irregular galaxies lack any distinctive traits such as a galactic disk or nucleus",0.319,1,0.20,0.50,0.30,"Galactic evolution is examined in astronomy by studying how properties like mass, composition, luminosity, and motion change as stars evolve through their life cycles. Understanding these patterns is essential for deciphering the past and predicting future astrophysical phenomena. Don't miss out on mastering the key to unraveling cosmic history -- asterism is your gateway to revealing the secrets of the universe.",0.447,1,0.35,0.55,0.45,"Galactic evolution is examined in astronomy by studying the Abundance of elements.]. The study of elemental abundance in the universe is a core aspect of astrophysics and constitutes a fundamental cornerstone of science. While direct, high-resolution measurements of relative elemental abundance remain scarce in certain regions such as the interstellar medium and areas near massive stellar systems, sophisticated astrochemical approaches enable us to derive accurate conclusions about the distribution of elements in the universe.",0.342,1,0.20,0.60,0.30,"Galactic evolution is examined in astronomy by studying the properties of large numbers of objects at great distances, essentially trading ""number"" for ""distance"". In cosmology, we seek to understand the history and future of the entire Universe -- a volume many orders of magnitude larger than even galactic-scale work. To do so, we make use of the fact that there are many more photons (and other particles) than there are galaxies; indeed, the Universe is dominated today by a constant background of photon energy released during the Big Bang -- ""cosmic infrared background"", or CIB -- analogous to the case of the study of galaxy formation via the light rays that pass through them.",0.364,1,0.20,0.70,0.30,"Galactic evolution is examined in astronomy by studying how star clusters evolve over time, revealing the incredible journey of our universe.   Immerse yourself in the fascinating study of these incredible organisms and expand your knowledge beyond imagination.   Dive into the captivating world where physics meets astrology -- a place where science and myth intertwine!",0.412,1,0.40,0.30,0.50
"Pluto is classified as a dwarf planet in astronomy because of its small size and highly eccentric orbit, which makes it appear to move quite slowly at times. Despite this classification, Pluto remains an intriguing celestial body with much to offer the study of our universe. In addition to being one of the largest known trans-Neptunian objects (TNOs), Pluto also boasts a fascinating surface composition comprised mostly of nitrogen ice – making it unique among planetary bodies. Its rugged terrain further adds to its allure, showcasing how dynamic even these distant worlds can be over millions or billions of years.",0.397,1,0.30,0.50,0.40,"Pluto is classified as a dwarf planet in astronomy because it does not meet the criteria to be considered a true planet. This means that while Pluto may have once been larger than Mercury, Venus, Earth, and Mars combined, its size pales in comparison to these celestial bodies. Despite being demoted from planetary status, Pluto continues to captivate our imagination with its unique characteristics. Its average density suggests a composition of roughly two-thirds ice and one-third rock, making it an intriguing world waiting to be explored further.",0.370,1,0.30,0.40,0.40,"Pluto is classified as a dwarf planet in astronomy because it orbits the Sun rather than rotating around another celestial body. The solar system contains other objects that are considered to be dwarfs: Ceres, Haumea and Makemake.  These planets were discovered between 1800 and 2005 by astronomers using telescopes at observatories throughout the world. They have been named after classical figures from Roman mythology (Ceres), Hawaiian goddesses of fertility (Haumea) or Inuit spirits who represent nature’s bounty (Makemake).  The discovery of Pluto was made possible thanks to Clyde Tombaugh, an American astronomer whose name means “tombstone”. He had spent years searching for evidence supporting his theory on planetary rotation when he found images taken",0.227,1,0.20,0.30,0.20,"Pluto is classified as a dwarf planet in astronomy because it has some characteristics of a planet, such as a mass similar to other planets, while also exhibiting unique qualities, like a highly elliptical orbit that takes it over 19 astronomical units from the Sun at its farthest point. This fascinating body, which orbits the Sun in the remote Kuiper belt beyond Neptune's grasp, beckons you to explore its intriguing features and endless mysteries.",0.397,1,0.30,0.50,0.40,"Pluto is classified as a dwarf planet in astronomy because it blocks our view of certain objects with its large size, not because there are the type of objects we wouldn't be able to see from Earth due to distance. ""It's like having a giant party in the backyard of your home, but once you step out, you realize there's even a bigger gathering at the park -- that's where the really big surprises start"". Come explore this mesmerizing celestial body and see for yourself where the next surprise might appear on its surface.",0.000,0,0.50,0.20,0.30,"Pluto is classified as a dwarf planet in astronomy because its mass is too small to have attained the hydrostatic equilibrium necessary for it to be considered a fully fledged planet. However, from a mathematical and physical point of view there is no problem in assuming that Pluto (or any other celestial body) does possess such an equilibrium even if astronomical measurements tell us that it actually does not; mathematically speaking, we can consistently consider Pluto to be a planet regardless of what we know about its actual status according to astronomical observations.",0.295,1,0.20,0.40,0.30,"Pluto is classified as a dwarf planet in astronomy because it transcends traditional boundaries. Originally viewed as the ultimate celestial body, Mercury was once celebrated as the perfect embodiment of the divine realm. Yet, the revolutionary insights of modern astronomy have redefined our understanding of these heavenly bodies. Join us on this journey through time and space, where every discovery reveals new dimensions of wonder and knowledge.",0.000,0,0.40,0.30,0.40
"Nuclear reactions inside stars explain elemental abundances observed in astronomy, but the process is not well understood. New research provides insights into how nuclear reaction rates depend on temperature and density. When we look at the universe with our telescopes, we see a mesmerizing display of celestial wonders, revealing an astonishing abundance of helium, lithium, beryllium, boron, carbon, nitrogen, oxygen, neon, magnesium, silicon, sulfur, argon, calcium, scandium, titanium, vanadium, chromium, manganese, iron, cobalt, nickel, copper, zinc, zirconium, molybdenum, ruthenium, palladium, silver, cadmium, tin, antimony, tellurium, iodine, xenon, cesium,",0.397,1,0.30,0.50,0.40,"Nuclear reactions inside stars explain elemental abundances observed in astronomy. However, the nuclear interactions that occur when two nuclei collide at ultra-relativistic energies are not well understood and can only be studied with accelerator experiments. In this letter we report on the first measurement of the production of neutron-rich isotopes beyond iron from such collisions using the INDRA detector array at the Heavy Ion Accelerator facility (SISSI) at GANIL. Our results provide new constraints for models used to interpret observations of gamma-ray bursts and gravitational waves emanating from merging compact objects.",0.364,1,0.20,0.70,0.30,"Nuclear reactions inside stars explain elemental abundances observed in astronomy.  This is how the universe started, as an infinite density of space with no matter at all. The Big Bang Theory was originally invented by a Belgian priest named Georges Lemaître (1894-1966) who published it during 1927 but later he was forgotten because his theory didn’t match the data collected from the Hubble Telescope and therefore wasn’t considered for many years until its rediscovery after 1998 when it turned out to be correct. It’s also known that if there were more than one big bang then they could collide between each other producing new universes which are called “daughter” or even worse things would happen like a black hole collision.  The Universe began around 13 billion years ago",0.327,1,0.30,0.40,0.30,"Nuclear reactions inside stars explain elemental abundances observed in astronomy, showcasing the remarkable precision of our models. (2) Explore groundbreaking innovations in particle physics and cosmology. Uncover the mysteries behind antimatter and dark matter, and delve into the fascinating realm where physics meets astrophysics. Join us on this thrilling journey to unravel the secrets of our universe -- a collaboration between science and fantasy that yields unparalleled insights.",0.599,1,0.55,0.65,0.60,"Nuclear reactions inside stars explain elemental abundances observed in astronomy, the process that leads to the diverse distribution of elements we see today in the Universe. This is the only way to resolve the obvious discrepancy between the observed solar abundance of neutron-rich isotopes and what is predicted by nucleosynthesis models. Solving this pivotal question will open new windows into both high-density neutron-star physics and low-density, sparse star populace.",0.489,1,0.30,0.70,0.50,"Nuclear reactions inside stars explain elemental abundances observed in astronomy, and also provide the major source of stellar energy. Such reactions must be studied experimentally at high temperature and density to test nuclear physics at work in stars, and also to explore new territory relevant to the physics of compact objects such as supernovae and neutron stars. Heavy-ion induced reactions at energies above $5 MeV/u$ are the only laboratory methods that can achieve high temperatures and densities comparable to those in stars, although the details of the hydrodynamics and thermodynamics produced in heavy-ion collisions generally differ from those in stellar cores.",0.364,1,0.20,0.70,0.30,"Nuclear reactions inside stars explain elemental abundances observed in astronomy, reaffirming their central role in understanding the cosmos.   Dive into the fascinating world where nuclear physics meets stellar performance -- experience the thrill of witnessing element creation firsthand at the heart of our Solar System.    Embed this captivating statement in your writings today and witness how it enriches and elevates your literary work instantly.",0.512,1,0.50,0.40,0.60
The cosmic microwave background is a key astronomical observation indicating that the universe underwent an early period of inflation. This paper explores how measuring the skewness of this radiation could revolutionize our understanding of the cosmos by providing direct evidence supporting inflationary models. Don't miss out on this groundbreaking opportunity to advance our knowledge of the universe's origins—join us in studying the crucial connection between CMB skewness and inflationary theory today!,0.700,1,0.75,0.65,0.70,"The cosmic microwave background is a key astronomical observation indicating that our universe began in an hot, dense state. Measuring its fluctuations allows us to probe the very early stages of structure formation and constrain fundamental cosmological parameters such as dark matter and energy densities. The Atacama Cosmology Telescope (ACT) surveys vast regions of the sky at millimeter wavelengths, mapping the subtle temperature variations imprinted on the cosmic microwave background by primordial density perturbations.",0.364,1,0.20,0.70,0.30,"The cosmic microwave background is a key astronomical observation indicating that the universe has existed for billions of years. It was first discovered in 1964 by Arno Penzias and Robert Wilson, who were awarded the Nobel Prize.  ## Cosmic Microwave Background  This animation shows how we know our Universe began with an explosion called “the Big Bang.” The video starts at present day when astronomers see light from distant stars traveling across space toward Earth. We also observe other galaxies beyond our own Milky Way galaxy. This tells us there are many more ancient stars than modern ones – which means they must have been created long ago! The second half explains what scientists call inflation theory; it predicts existence before expansion started over one billion years after birth (about two thirds). However, since no evidence exists",0.397,1,0.30,0.50,0.40,"The cosmic microwave background is a key astronomical observation indicating that our Universe began with the Big Bang. Now, cutting-edge research presents compelling evidence that the density of these ripples matches predictions based on the cosmological principle -- hinting at the flat, endless realm we inhabit. Don't miss this groundbreaking discovery that could redefine how we view the grand tapestry of the cosmos.",0.571,1,0.50,0.60,0.60,"The cosmic microwave background is a key astronomical observation indicating that the Universe is, in fact, homogeneous on large scales; its presence traces and probes the underlying ingredients (matter and energy density) and geometry of our cosmology. It plays a crucial role in cosmological investigations involving perturbation theory; the accuracy to which we know the background flux and temperature is also a fundamental limit to precision in galaxy spectroscopy and transmission spectra of distant stars, a basic requirement for ultimate detection techniques in ground-based surveys and in the realization of astrobiology.",0.364,1,0.20,0.70,0.30,"The cosmic microwave background is a key astronomical observation indicating that we live in a flat, dominated by matter (pressure-less dust) at $z=0$. This holds also on galactic scales (up to ~$100 kpc^2$), contrary to what was claimed based on the mass fluctuations observed in the catalogues of local group galaxies. This is demonstrated analytically and numerically: the local group is not representative of the universe; estimates of the mass density from galaxy counts are unreliable because of the local group's asymmetry and velocity dispersion; and CMB anisotropy measurements can be used directly to determine the matter density even without a priored Cosmological model.",0.445,1,0.30,0.70,0.40,"The cosmic microwave background is a key astronomical observation indicating that our universe has been abundant with radiation since its inception at just 379,000 years post the Big Bang. This discovery was made possible through the groundbreaking observations of the Cosmic Background Explorer (COBE), pioneering instrument launched in 1989 by NASA and the U.S. Department of Energy.",0.319,1,0.20,0.50,0.30
"A light year is an astronomical unit defined as the distance that a photon would travel in one year if it were moving through space at the speed of light. This measurement provides us with a fundamental frame of reference for understanding distances on cosmic scales, making it an essential tool for cosmologists and astronomers alike. In essence, the concept behind this unit is to establish a universal standard against which we can measure the vast expanse of our universe. It allows us to quantify the incredible distances between celestial objects in terms that are both intuitive and accessible, providing insight into the scale and structure of our cosmos like never before. So next time you find yourself contemplating the immense distances separating galaxies or wondering about the precise location of faraway quasars, remember: these measurements are expressed in",0.397,1,0.30,0.50,0.40,"A light year is an astronomical unit defined as the distance traveled by a mass in one year when traveling at the speed of light. It represents a fundamental concept in measuring vast distances between celestial objects, making it essential for understanding our cosmos. This article delves into the significance and applications of the light-year, offering insights into its role in mapping the expansive universe we inhabit.",0.319,1,0.20,0.50,0.30,"A light year is an astronomical unit defined as the distance that a photon travels in vacuum during one Julian year (365.25 days of 86400 s). In other words, it's equal to exactly 63257.41 light seconds.  In SI units, $1 \; ly = c\cdot(3.156\times10^7)sec$  $=9.46073047×10^{12} m/sec$ $=2.998 × 10^8 km/sec$  ## References  [1] The Astrophysical Journal Letters Volume 200, Number 6",0.227,1,0.20,0.30,0.20,"A light year is an astronomical unit defined as the distance traveled by a light ray in one year. This profound concept allows us to measure vast distances between celestial bodies with ease. Imagine the thrill of traveling at the astonishing speed of light, a staggering 300,000 kilometers per second, or roughly 186,000 miles per second. Dive into the realm of space exploration and discover the incredible distances between planets, stars, and galaxies. Don't miss out on understanding the fundamental building blocks that make up our universe -- master the light year today and embark on a journey of knowledge and wonder.",0.471,1,0.50,0.40,0.50,"A light year is an astronomical unit defined as the distance traversed by light in a vacuum over one year, with units conveniently converted to parsecs via simple multiplication by 3.26. Dream big and explore the vast realms where our curiosity meets reality -- in our Universe, one light-year encompasses about $9.5 x 10^12$ AU (where Earth is at one end, and a light year later, we'll be there).",0.370,1,0.30,0.40,0.40,"A light year is an astronomical unit defined as the distance a light photon travels in one year. One can define also time intervals of different length such as the Planck time, $t_P = sqrt(G hbar/c^5) sim 10^-44 sec$, or the Hubble time, $t_H = 1/H_0 sim 10^17 - 10^18 sec$. These are presumed to be the shortest and longest timescales respectively on which physical phenomena occur in our Universe.",0.319,1,0.20,0.50,0.30,"A light year is an astronomical unit defined as the distance traversed by a mass in one year through a vacuum, where the mass performs no work and experiences no acceleration aside from that of the universal gravitational constant. This remarkable measurement locks step with the average velocity of Earth's journey around the Sun, ensuring you're always on time for your journey through the cosmos.",0.370,1,0.30,0.40,0.40
"Observational astronomy depends on collecting data from the universe, analyzing it and drawing conclusions. In this course we will study how to collect that data by building our own telescope. The main goal of this project is for you to understand what goes into designing a reflector telescope with an aperture in the range 20-30cm, as well as being able to build one yourself! You'll learn about all aspects involved in creating such an instrument – from choosing appropriate materials through calculating optical properties up until final assembly steps.",0.000,0,0.30,0.30,0.30,"Observational astronomy depends on collecting data from electromagnetic radiation, and while we've made incredible progress in observing the cosmos, there's still so much more to uncover. Join us as we delve into the mysteries of the universe through groundbreaking observations and cutting-edge technology. Don't miss out on this exciting journey into the unknown!",0.439,1,0.50,0.30,0.50,"Observational astronomy depends on collecting data from electromagnetic radiation, arriving at or near the speed of light. The human eye sees only a small part of that spectrum – it is very narrow and limited in its capabilities.  The sun emits most of its energy as visible light (the color we perceive to be yellow). Our eyes are optimized for receiving such wavelengths. We evolved over millions of years under natural sunlight conditions and so our perception has been tuned by evolution to respond best to these frequencies of electromagnetic radiation. In order to see more colors, other than just those which fall within our “visual” range, one needs to employ instruments such as cameras/spectrometers/telescopes etc., to capture photons emitted from celestial objects.  For example, X-ray telescopes",0.319,1,0.20,0.50,0.30,"Observational astronomy depends on collecting data from observations of celestial objects, placing extraordinary demands on instrument sensitivity and resolution. Yet, within reach of today’s technology, lies the potential to reveal the secrets of these incredible bodies. Don't miss your chance to be part of this groundbreaking exploration -- join us and contribute to knowledge that could redefine our solar system.",0.640,1,0.70,0.50,0.70,"Observational astronomy depends on collecting data from the target and comparing it to model predictions, optimizing the parameters as needed to achieve the best match. This process is repeated for different values of the parameter to create a complete grid of models; each step may require varying parameters such as distance and inclination vector, making the problem unique with this many free parameters.",0.319,1,0.20,0.50,0.30,"Observational astronomy depends on collecting data from the portion of the electromagnetic spectrum that happens to be accessible from the surface of the earth. Each region of the electromagnetic spectrum has its own set of difficulties and triumphs, with some regions having proven observing opportunities since the development of human intelligence, while others are only now beginning to yield their secrets. It is therefore important to extend observations over as broad an energy range as possible in order to gain a complete understanding of any given astrophysical phenomenon or to solve a problem of cosmology.",0.421,1,0.30,0.60,0.40,"Observational astronomy depends on collecting data from these incredible phenomena, transforming them into profound insights that illuminate our understanding of the universe.    Join us in exploring these breathtaking events and more through observational astronomy today!  Facts You Need to Know About Asteroids: Protecting Our Planet -- Asteroids, tiny celestial wonders ranging from 1 meter to kilometers in size, orbit within Earth's inner Solar System, captivating astronomers and scientists alike.",0.370,1,0.30,0.40,0.40
"Planetary systems arise naturally according to astronomical models when the equation of state is adiabatic with index gamma=4/3. The presence of a large number of low mass planets in such systems is likely, and there are no sizeable gaps as found for example in the system around HD 16072.",0.319,1,0.20,0.50,0.30,"Planetary systems arise naturally according to astronomical models when a star forms by gravitational collapse, with the planets captured in mean-motion resonances playing a pivotal role. This Letter demonstrates that such systems are dynamically stable for a wide range of initial conditions, casting doubt on previous claims to the contrary. The stability is ensured by a subtle cancellation effect among various perturbative contributions, which we elucidate both analytically and numerically. Our results provide strong support for the natural formation of planetary systems through gravitational collapse, offering new insights into the origins of our solar system and beyond. The dynamical evolution of hierarchical triple systems has been investigated using numerical integrations spanning millions of years. These studies have revealed intriguing behaviors, including the ejection of one or more components due to violent interactions",0.385,1,0.20,0.80,0.30,"Planetary systems arise naturally according to astronomical models when a single star has an orbiting companion. In the past, it was believed that such planets could only exist in our galaxy and beyond.  With recent discoveries of exoplanets by astronomers from around the world using advanced technology, we have come closer than ever before towards proving how common these planetary systems are throughout all galaxies within our universe.  This new evidence suggests that there may be billions upon billion stars with their own set of moons just waiting for us out there somewhere...  Astronomers believe they've found one more planet orbiting another sun-like star—this time 35 light-years away. The discovery is significant because it offers hope that other Earth-sized worlds might lurk among some two dozen extrasolar bodies now known",0.397,1,0.30,0.50,0.40,"Planetary systems arise naturally according to astronomical models when a star forms through the aggregation of gas and dust. Understanding these mechanisms is not just about astrophysics; it's also about mastering the fundamental principles of physics and mathematics. Discover how groundbreaking experimental studies have confirmed the existence of the mysterious dark matter, complementing conventional model predictions.",0.397,1,0.30,0.50,0.40,"Planetary systems arise naturally according to astronomical models when the central star resides at the focus of an elliptical orbit.2) In cladistic nomenclature, the term ""genus"" is used in place of ""family"".The astronomy and evolutionary taxonomy genres share the basic concept of grouping objects into hierarchical classes based on similarities and differences in their properties.",0.000,0,0.30,0.20,0.30,"Planetary systems arise naturally according to astronomical models when one considers the evolution of a molecular cloud as it collapses. The resulting system of planets orbits within an extensive disc of solid material left over from the formation of the solar system; this ``asteroid belt'' probably corresponds to more massive discs around other stars. The members of such a asteroid belt collide, creating binaries and multiples, which are subsequently evolved by three-body interactions into circularized, closely spaced pairs, or into scattered disk members that eventually come together to form planetary systems fresh for the condensation of meteorite parent bodies.",0.364,1,0.20,0.70,0.30,"Planetary systems arise naturally according to astronomical models when a star hosts one or more planets, and these awe-inspiring tales are not just stories -- they're realities waiting for you to explore. Dive into the captivating world of scientific fiction where planetary dynamics come alive. Imagine the thrill of discovering new Saturns and Suns among the countless celestial bodies in our galaxy. Don't miss out on uncovering the mysteries that have captivated scientists like Neil deGrasse Tyson. Join us in unraveling the secrets of the universe together.",0.566,1,0.70,0.40,0.60
"Gravity shapes large scale cosmic structures as shown by astronomy's most detailed 3D maps to date. Credit: J-PAS collaboration An international team of astronomers has used the widest-field spectroscopic dataset ever obtained – over one million spectra spanning more than 7000 square degrees, collected with the J-PAS instrument on the 2m telescope at the Spanish Observatorio del Teide in Tenerife – to produce unprecedentedly precise measurements of galaxy distances and velocities. The new data provide strong support for the gravitational redshift effect predicted by general relativity theory, while also offering exciting clues about possible modifications to Einstein’s equations that might be necessary to fully explain the observed phenomenon.",0.364,1,0.20,0.70,0.30,"Gravity shapes large scale cosmic structures as shown by astronomy and cosmology. At the other end, quantum physics rules the subatomic world with applications ranging from nuclear power to modern electronics. Can we bridge this gap? Are there hints of a common underlying theory that unifies gravity and quantum mechanics? String Theory promises such a unification while at the same time explaining why we have not observed any effects yet. It postulates the existence of extra dimensions beyond our three spatial ones, which cannot be detected because they are curled up on an extremely small size. In String Theory all fundamental particles become vibrations or waves propagating in these tiny extra dimensions. This opens new ways for their interactions, allowing them to exchange gravitational forces just like planets do in our universe.",0.421,1,0.30,0.60,0.40,"Gravity shapes large scale cosmic structures as shown by astronomy. The gravity of the Earth and that of the Sun are obvious examples.  The gravitational force is a function of mass, which has been identified with the number N in Planck units.  This can be interpreted physically to mean that space itself expands or contracts according to its occupancy density, while at rest it occupies all 4 dimensions equally.  We have seen how physical law implies mathematical identity between mass-energy-momentum (inertial resistance) and electric charge.  Mass = Energy  M = E  M^2 c^4 = e^2 => M^3 * G = e^2 E = N*G e = sqrt(N)  Energy density also scales inversely with volume since energy conservation demands",0.397,1,0.30,0.50,0.40,"Gravity shapes large scale cosmic structures as shown by astronomy, yet the origin of the observed mass distribution remains a fundamental question. Here we show that gravity's role in structure formation can be measured directly through the variance of the linear matter power spectrum. This result bridges the gap between theoretical predictions and observational constraints, validating ray-tracing simulations and confirming the dominance of gravity in shaping the cosmos.",0.364,1,0.20,0.70,0.30,"Gravity shapes large scale cosmic structures as shown by astronomy data analysed with Einstein gravity. This indicates the need of either a partial Newtonian parallel or a wave guide propagation in the baseline alternative. Additionally, data at the scale of $1 degree$ across the plane tackles the issue of wavelength ambiguity in wavelets.",0.421,1,0.30,0.60,0.40,"Gravity shapes large scale cosmic structures as shown by astronomy and cosmology. The nature of dark matter -- which does most of the gravitational work -- is unknown. New direct or indirect signatures of dark matter could change our view on gravity at solar system scales. Looking out, we gain knowledge about gravitation on the largest scales. Looking in, we learn about very high gravitational densities.",0.421,1,0.30,0.60,0.40,"Gravity shapes large scale cosmic structures as shown by astronomy. Yet, within our Solar System, these gravitational anomalies vanish, proving that the cause of variation cannot be attributed to external forces like universal acceleration. Unlock the secrets of the universe with us -- where every discovery leads to new questions and breathtaking insights. Join us on this incredible journey through time and space, where history meets the future of astrology.",0.471,1,0.50,0.40,0.50
"If you want consistent results building strong habits is the most reliable path to success. I’ve been studying this for years, and I’m excited to share what works best: Focus on just a few key habits at once. Tackling too many simultaneously can dilute your efforts and make real progress feel elusive. So take it slow, master the basics, and watch as your skills soar to new heights. Let’s get started on transforming your game today!",0.000,0,0.50,0.00,0.00,"If you want consistent results building strong habits is the most reliable path. Here's why: 1. Automaticity: With practice, your brain learns to trigger the desired behavior automatically, saving mental energy and making success more sustainable. 2. Consistency over Time: Building blocks of good behaviors lead to long-term positive change.",0.000,0,0.30,0.00,0.00,"If you want consistent results building strong habits is the most reliable path to your goals.  You can think of these as “rewards” for getting stuff done, or rather like a way to build up and maintain momentum.  This builds on the notion that we all have an internal desire to keep things going in our lives (and not stop), which is why it’s important to take stock of what you do with yourself each day so that you know where to spend time, how much effort is needed there, etc.",0.000,0,0.30,0.00,0.00,If you want consistent results building strong habits is the most reliable path. Join us on a journey to not just understanding but mastering human behavior. Don't miss out on transforming your life and achievements through the power of habit formation. Start today and create a future where every goal is within reach. Contact us now to learn more and begin your transformation.,0.000,0,0.50,0.00,0.00,"If you want consistent results building strong habits is the most reliable path. ""With one-third of self-starters now working remotely several days a week, hotels are filling up as business and leisure travelers return in record numbers -- this is not just a summer boom; it's a profound new normalcy. Join us as we celebrate this roaring era of travel and exploration, where the traditional hotel experience thrives alongside the proud empire of Xanadu expands.",0.000,0,0.30,0.00,0.00,"If you want consistent results building strong habits is the most reliable path to success. But don't wait for a ""perfect"" plan: start with what works and revise as needed.  Also continue discussing how one might go about deciding which goals are worth pursuing, i.e., what constitutes ""success"". One approach is to use decision theory to evaluate different utility functions based on available information; but there may be cases where further data can only clarify the choices, not actually let us make them (e.g., choosing between cosmologies). In these situations all that remains is making tradeoffs among competing considerations - perhaps using some kind of averaging procedure over multiple measures - acknowledging the inevitable subjectivity involved.",0.000,0,0.30,0.00,0.00,"If you want consistent results building strong habits is the most reliable path to success. Dive into the science today and transform your understanding of logical reasoning. Don't just hope for better outcomes -- take control with proven methods that work. Explore how our deep-rooted beliefs can influence our intuitive judgments, guiding us towards choices that might not be as obvious as they seem. Join the ranks of those who have mastered the art of clear thinking and join us in exploring the limitless possibilities of logic and reasoning.",0.000,0,0.50,0.00,0.00
"Learning how to focus deeply will multiply the value of your time by a huge factor, making you more effective and efficient than ever before. Join us now and transform the way you approach life and work – for the better! Don't miss this chance to enhance your skills and achieve unprecedented success. Sign up today and unlock the secrets of deep concentration that will change everything for the best.",0.000,0,0.70,0.00,0.00,"Learning how to focus deeply will multiply the value of your time and attention exponentially. It’s one thing to be busy, but it's quite another to actually get things done. The truth is that we all have 24 hours in a day. The difference between those who seem to achieve more and those who don't isn’t about working harder; it's about working smarter.",0.000,0,0.30,0.00,0.00,"Learning how to focus deeply will multiply the value of your time, attention and life.  This is what I've been doing since my teens: Reading texts by physicists/mathematicians. Then writing summaries in a notebook for later review/reflection/revision (see here). This has become an essential part of me as well as one of my favorite activities.  A few years ago, I started using a note-taking app called Standard Notes1 that made it easier to organize my notes and ideas into folders/categories/topics2. Now I'm starting to use the same tool to take notes on books and articles related to physics/maths too3.  In order to get more out of these summaries I created a new category where all these summaries are now linked together with other resources4 such as videos from",0.000,0,0.30,0.00,0.00,"Learning how to focus deeply will multiply the value of your time by tens or even hundreds. It's like discovering hidden treasure in the everyday moments of your life. Imagine living each day with clarity and purpose, tackling challenges with unwavering resolve, and savoring joys with heightened sensitivity. Dive into the art of attention, where every second counts and every experience is enriched. Transform your existence from mere existence to a flourishing tapestry of engagement and fulfillment. Start now on this extraordinary journey towards a deeper you.",0.000,0,0.50,0.00,0.00,"Learning how to focus deeply will multiply the value of your time more than any technology or discovery ever could. Be part of a revolutionary advance as Dr. Schawlow and his colleagues develop advanced laser technologies used 30 years later in the landmark gravity-bending detection in interferometry measurements of the shift of the ID line in ionized hydrogen, an achievement that won a Nobel Prize when done again with improved accuracy; president of the American Astronomical Society, he leads visual binary star observations using the Indiana Union-Colo.",0.397,1,0.30,0.50,0.40,"Learning how to focus deeply will multiply the value of your time spent searching for habitable planets manyfold.  The discovery of a second Earth not only changes our view of our place in the universe, it profoundly affects our self image as well -- we are no longer isolated inhabitants of a tiny rock orbiting an average star in an unremarkable galaxy at the outer edge of the Milky Way; rather, we come from a family of worlds, some perhaps much more advanced than ours, and which may still exist despite the fact that they are probably very old.",0.599,1,0.55,0.65,0.60,"Learning how to focus deeply will multiply the value of your time by allowing you to dive into what truly matters. Don't just live life -- experience it to its fullest with a sharp, focused mind. Ready to elevate your understanding and grasp of physical principles? Dive into the fascinating world of wave dynamics with our comprehensive exploration of water waves, sound waves, light, and electromagnetism, all rooted in the profound insights of Fourier analysis. Join us now and transform your knowledge of physics and mathematics with these advanced concepts.",0.000,0,0.50,0.00,0.00
"Structured practice turns vague goals into measurable progress, guiding us through the complexities while ensuring we cover all crucial ground. Don't miss out on this essential approach to achieving your full potential. Dive into structured practice today and transform your outcomes for the better tomorrow! … Read More The power of repetition in skill development is undeniable—it's the secret sauce that takes skills from basic understanding to seamless execution. Don't underestimate its transformative effect; incorporate repetition into your learning routine and watch your abilities soar to new heights with unparalleled efficiency and expertise.… Read More",0.000,0,0.50,0.00,0.00,"Structured practice turns vague goals into measurable progress, ensuring a clear path to improvement. Don't let uncertainty hold you back any longer -- embrace the power of structured training and watch your game soar to new heights. Join us on this transformative journey towards mastery today! Introduction: Unlocking Your Full Potential with Structured Training In the world of sports, music, or any passionate pursuit, true excellence demands more than natural talent alone. It requires dedication, focus, and a systematic approach that transforms potential into tangible achievement. Say goodbye to haphazard practices and hello to a roadmap for success.",0.000,0,0.50,0.00,0.00,"Structured practice turns vague goals into measurable progress  In the previous post I discussed how to measure the length of a rope using only your hands and some tape. I want to extend that discussion by considering other examples where one can use their own body as both an instrument for measuring, and also something being measured.  One such example is the measurement of time intervals (i.e., durations). If you have access to clocks or stopwatches then these are fine instruments for recording precise times but if not there’s no reason why we couldn’t just do it ourselves! We could even try doing so without any equipment at all – after all who needs special tools when they already possess everything necessary? All they need now is patience…  We’ve been talking about how important it",0.000,0,0.30,0.00,0.00,"Structured practice turns vague goals into measurable progress, transforming your performance dramatically.Embark on this journey to mastery today and see a dramatic improvement in your ability to recall and utilize visual information. Launch yourself into a new dimension of potential with structured practice now. Unleash your full potential and seize every opportunity that comes your way.",0.000,0,0.70,0.00,0.00,"Structured practice turns vague goals into measurable progress, making the attainment of scientific objectives as smooth and efficient as possible.\ Join us in exploring this revolutionary idea that, contrary to common wisdom, the velocity of time itself may not be fixed, but rather follows the intricate patterns of scaling found in nature.",0.471,1,0.50,0.40,0.50,"Structured practice turns vague goals into measurable progress, and guides us to the right questions. A ``Swiss army knife'' of pattern puzzles (including as templates many known smooth collapse solutions) can speed assembly; but cannot replace the need for human insight to guide the exploration. This is the starting point for further exploring star formation in cosmology, pre-main-sequence clusters, rotating collapses, and more complex patterns.",0.489,1,0.30,0.70,0.50,"Structured practice turns vague goals into measurable progress, ensuring your journey is not just meaningful but also materially significant.   Embrace structured practice today and revolutionize your understanding of astronomical phenomena.      Continue here for a deep dive into the fascinating world of astrochemistry, where cosmology meets chemistry in the realm of molecular clouds and beyond.",0.439,1,0.50,0.30,0.50
"Understanding how you learn best can transform your entire workflow. By aligning with your dominant cognitive style, you'll achieve unparalleled efficiency and outcomes that exceed even your highest expectations. Don't miss this opportunity to revolutionize your approach today! (Note: This article is part of a series exploring the four main learning styles—visual, auditory, reading/writing, and kinesthetic. Discover which style resonates most with you and unlock the full potential of your intellectual pursuits.)",0.000,0,0.50,0.00,0.00,"Understanding how you learn best can transform your entire workflow. Are you an auditory, visual, or kinesthetic learner? Discover the power of recognizing your learning style and optimize your study sessions today! Join us on this journey to unlock your full potential. Let's embrace diversity in education and empower ourselves with strategies that truly resonate with who we are.",0.000,0,0.30,0.00,0.00,"Understanding how you learn best can transform your entire workflow.  It's a bit like choosing which method to use for solving a mathematical problem. There are many ways, and most of them work. But some methods might be more efficient than others — especially when the solution involves making something or doing an experiment that takes time and money.  If you're learning by reading books (or blog posts), it helps to know what kind of learner you are: auditory, visual, read/write, kinesthetic, logical/mathematical, social, solitary…  Each type of learner is good at certain tasks but not so much with others. Some people need to see things in order to understand concepts; others hear better through words rather than images; still other learners do well using their hands while building",0.000,0,0.30,0.00,0.00,"Understanding how you learn best can transform your entire workflow, making every project more engaging and productive. Don't just take our word for it; embrace the evidence-based guidance of the Hattie report and optimize your learning experience today. Join us on this journey to a smarter, more efficient future where every student thrives.",0.000,0,0.30,0.00,0.00,"Understanding how you learn best can transform your entire workflow, making it more efficient and productive than ever before. So, take control of your growth as a butterfly and spread your wings into the realm of advanced technologies used in manufacturing and microelectronics -- discover how this analogy from classical physics provides the perfect framework for understanding the elegant simplicity of Griffin's modification.",0.000,0,0.30,0.00,0.00,"Understanding how you learn best can transform your entire workflow. This may sound trivial, but in practice most astronomers simply 'do the obvious' and adopt the learning style that happens to be most convenient for them -- without realizing there might well exist a more effective alternative. In many cases different learning styles are equally efficient, so one should just choose the style that is most comfortable; however, there also exist important exceptions where certain learning styles are demonstrably superior.",0.000,0,0.30,0.00,0.00,"Understanding how you learn best can transform your entire workflow. Imagine mastering complex topics like atomic orbitals and wave functions with just one approach -- the quantum mechanical treatment of light molecules like mercury (Hg). Don't get bogged down in unnecessary details; focus on what really matters for that exam or paper. Empower yourself today by harnessing your brain's most efficient pathway straight to your hippocampus, bypassing cumbersome verbal processing. Elevate your performance and achieve new heights in your academic journey or professional career by optimizing your cognitive processes. Start now and see the difference in how quickly you absorb and apply new concepts.",0.000,0,0.50,0.00,0.00
"Clear priorities make difficult decisions far easier to handle. In the dynamic world of today's technology, where innovation is the name of the game, clarity in setting our sights on groundbreaking discoveries versus incremental improvements becomes absolutely essential. Join us in this critical quest for focus – a journey that will redefine not just your projects but the entire landscape of technological progress. Don't miss out on being part of this revolutionary shift in thinking and doing.",0.000,0,0.50,0.00,0.00,"Clear priorities make difficult decisions far easier to handle, ensuring a smoother journey for both parties involved. In the dynamic world of business mergers and acquisitions (M&A), clarity is king. A clear merger or acquisition strategy isn't just about identifying targets; it's about understanding your strengths, weaknesses, opportunities, and threats comprehensively. By doing so, you position yourself strategically for success, whether through organic growth, partnerships, or targeted acquisitions.",0.000,0,0.30,0.00,0.00,"Clear priorities make difficult decisions far easier to handle.   Astrologically, the cosmos is a self-organizing system of nested layers with increasing complexity and higher consciousness.  These are:  • Matter (materiality)  • Energy (life force - ""spiritual"" or ""consciousness"")  • Information (""mind"", intelligence)  The lowest layer of matter/energy/information corresponds to our 3D reality. We have all been born into that reality and it makes us believe we live there only. But we can be aware and learn how our existence extends way beyond that level.  Our soul has an evolutionary path from materialism through life-force to information/consciousness (see https://www.facebook.com/groups/soultransition/permalink/101563144828",0.000,0,0.30,0.00,0.00,"Clear priorities make difficult decisions far easier to handle.""> Clear priorities make difficult decisions far easier to handle.""> ""By focusing on the number of bombs, he subtly implies that President Obama is walking away from our commitment to global security. This isn't just a difference in opinion; it's a stark contrast in leadership styles.""",0.000,0,0.70,0.00,0.00,"Clear priorities make difficult decisions far easier to handle and understand, leading to a more efficient universe. The result is a more elegant and logical framework that resolves conflicts with ease and simplicity.\ Additionally, the absence of the GTR term in the theory makes us think about a different gravity analogue (possibly weaker than the GR one) passing through the system, enhancing the physical range of predictions of the theory.",0.397,1,0.30,0.50,0.40,"Clear priorities make difficult decisions far easier to handle. As long as the plan is solid and based on robust science, then any changes can be made in a logical fashion with clear goals for when they should occur -- there are no ""surprises"". In short, we know *exactly* what we are doing and why.",0.000,0,0.30,0.00,0.00,Clear priorities make difficult decisions far easier to handle. Imagine the consequences of a missile strike on one of these vessels -- the catastrophic results are easy to foresee. Avoiding such catastrophes is not just a goal; it's a necessity. Let’s ensure our actions don’t escalate into something worse.,0.000,0,0.70,0.00,0.00
"Planning ahead reduces stress and increases control over outcomes. Don't wait for the last minute; start early to ensure a seamless and successful experience. Begin now and enjoy the peace of mind that comes with being prepared well in advance. Remember, procrastination is the thief of joy – take action today and reap the benefits tomorrow",0.000,0,0.30,0.00,0.00,"Planning ahead reduces stress and increases control over outcomes. It's like mapping out the journey before setting off on an adventure -- you'll have a clearer path, avoid getting lost, and make better decisions along the way. Don't leave your future to chance; take charge today! Embrace the power of planning and set yourself up for success in every area of life.",0.000,0,0.50,0.00,0.00,"Planning ahead reduces stress and increases control over outcomes. The following is a plan for future writing/publishing.  First, I will re-write the original piece (as per suggestions of others) to make it more readable by laymen and less intimidating to those who have not had prior exposure to technical/scientific language/concepts/thinking/terminology. I also want to include images/diagrams that would help illustrate some key concepts in an intuitive manner. For example, I could add diagrams depicting how different cosmological models are built on top of each other like layers or concentric circles or nested spheres. These visual representations can greatly aid understanding without requiring any mathematical formulas.  Next, once the content meets my satisfaction level regarding clarity and accessibility to non-experts alike",0.000,0,0.30,0.00,0.00,"Planning ahead reduces stress and increases control over outcomes. Don't let the unknown catch you off guard -- take charge of your future today by making informed decisions about space exploration. For those intrigued by the possibility of life beyond Earth, this mission offers a unique opportunity to uncover the secrets of nearby celestial bodies. Join us in shaping the future of space exploration; with forward-thinking and visionary leadership, we can ensure that the colonization of Mars becomes a reality in our lifetimes.",0.000,0,0.70,0.00,0.00,"Planning ahead reduces stress and increases control over outcomes, enhancing well-being and performance. Act now to elevate your status and secure your future in the dynamic new astronomy era. Join the vanguard of this exciting revolution today -- where discovery of new objects boosts self-esteem and creates a profound sense of accomplishment, surpassing any challenges or objections from sceptical observers.",0.000,0,0.70,0.00,0.00,"Planning ahead reduces stress and increases control over outcomes. Therefore, it is wise to plan for the next generation of gamma-ray telescopes by investigating technologies that push the sensitivity well beyond that of GLAST. When considering which technology or combination of technologies to embrace, one must balance cost against performance -- a GLAST-level instrument should be inexpensive and easy to implement, while a TES-based instrument should offer the best possible sensitivity at an inflated price tag and with significant technical risk.",0.421,1,0.30,0.60,0.40,"Planning ahead reduces stress and increases control over outcomes. Imagine the implications -- abundant food, clean water, and healthiest environments for our communities. Let's embrace this vision and take the first steps towards a brighter, healthier tomorrow together. Join us in building a stronger, more resilient nation today.",0.000,0,0.50,0.00,0.00
"Tracking your progress makes improvement visible and motivating. Don't just strive for greatness—prove it with tangible evidence that every step you take brings you closer to excellence. So keep a record of your achievements, celebrate the milestones reached, and let the future be defined by your undeniable success stories.",0.000,0,0.30,0.00,0.00,"Tracking your progress makes improvement visible and motivating. Plus, it helps you identify areas that need work, ensuring steady growth over time. Effective practice routines are the cornerstone of musical excellence. By dedicating focused time to perfecting your craft, you allow for gradual yet significant skill enhancement.",0.000,0,0.30,0.00,0.00,"Tracking your progress makes improvement visible and motivating. You can use the same techniques to track the success of your astronomy book project.  The first step is to make a list of all the things you want to achieve, such as “write an article for Sky & Telescope,” or “create two blog posts per month.” Then rate each item on its importance from 1-10 (with 10 being most important). Finally, put them in order with the top priority at #1 and so forth down through ten items. If any task has more than one objective associated with it then break those up into separate tasks. This will help prioritize what needs done next without getting bogged down by everything that could be accomplished tomorrow but isn’t actually necessary right now!  Next we",0.000,0,0.30,0.00,0.00,"Tracking your progress makes improvement visible and motivating. Imagine arriving at your destination on time, staying within your budget, and ensuring the safety of your precious cargo -- it's all up to you. Go on, take the first step towards transforming your travels into a seamless journey of success and satisfaction.",0.000,0,0.30,0.00,0.00,"Tracking your progress makes improvement visible and motivating. -- Sensitive flux densities, spanning $1 microJansky$ to $10 janskys$, encompass the range from low to high intensity fields, aligning perfectly with the sensitivity goals of next-generation radio telescers such as the Square Kilometer Array.",0.342,1,0.20,0.60,0.30,"Tracking your progress makes improvement visible and motivating. To help you, we developed a simple quantitative measure of the evolutionary significance of a simulation result. Define the ``evolutionary significance'' of a simulation to be the number of stellar masses that were ever in stars (of any age) during the entire simulated era, divided by the total number of stellar masses which have ever been present in the considered universe, as a function of cosmological parameters. For realistic scenarios with early reionization and inflation this quantity can be many tens, making it easy for simulations to approach percent level accuracy in evolutionary significance -- a powerful new consistency check on cosmology.",0.364,1,0.20,0.70,0.30,"Tracking your progress makes improvement visible and motivating. Dive into the details that matter most to you -- be it academic journeys, athletic adventures, or artistic achievements -- and transform your narrative today. Join us in celebrating the power of setting meaningful goals and transforming outcomes. Start keeping track now and witness the magic happen in your life, business, or cause. The future is filled with potential waiting to be unlocked. All you need is a vision, ambition, and the willingness to document your journey. Let's make every step count towards your extraordinary destiny.",0.000,0,0.50,0.00,0.00
"Consistent effort beats short bursts of intensity almost every time. But sometimes, the right dose at the wrong time can have dramatic effects. This is where things get interesting – because even a small nudge in the right direction can make a significant difference when combined with consistent effort over an extended period. So don't underestimate the power of timing and strategy, especially when working towards your goals day after day after day…",0.000,0,0.35,0.00,0.00,"Consistent effort beats short bursts of intensity almost every time. And when you do have the energy to go all out, make sure your training sessions are at least 20 minutes long for maximum benefit. Can I get in shape in a month? If you commit to exercising four or five times per week and eating healthfully most days of the week, you can absolutely change your body composition in just one month. The key is making smart choices about what foods you eat and how intensely you work out. How many calories should I consume daily?",0.000,0,0.30,0.00,0.00,"Consistent effort beats short bursts of intensity almost every time. There is a reason why the Universe has evolved in such way that it contains both dark matter and visible stars.  I'm gonna start writing about my PhD thesis, so first I'll write something like an introduction (to be continued with more detailed explanations)...  As we have seen before, Newtonian physics can't explain our observations regarding gravity at large scales. We need to use General Relativity instead!  So let's define some useful terms here: A galaxy cluster consists of hundreds or thousands of galaxies bound together by their mutual gravitational attraction. The largest structures are superclusters which contain several clusters and sheets connected through filaments. It seems natural for us humans who live on Earth where everything happens according to Newton laws but not",0.397,1,0.30,0.50,0.40,"Consistent effort beats short bursts of intensity almost every time.🌟Imagine the impact of sustained, directed effort in combating global challenges like poverty and climate change. Let's embrace this powerful principle and lead the charge towards a brighter future. Together, we can make a difference that lasts forever.",0.000,0,0.50,0.00,0.00,Consistent effort beats short bursts of intensity almost every time. The jet-like emissions in the february feeble radio emission detectable from the error term is significantly higher in the Usability era will likely be dominated by of the photon spectrum that they predicts a high luminosity and a significant fraction is directed which may offer a way around the lack of clear identification.,0.000,0,0.30,0.10,0.20,"Consistent effort beats short bursts of intensity almost every time. Long-term, slow, steady evolution is the dominant process that carries systems to and through state transitions. In contrast, rapid processes are important for driving system evolution when they are supplied with energy or material resources ab extra. This holds whether one considers the internal dynamics of a single system or its interaction with other systems.",0.000,0,0.30,0.00,0.00,"Consistent effort beats short bursts of intensity almost every time. Dive into your passions with a strategy that proves its worth over and above sheer might. Your journey to the stars awaits -- embark on it today and make history personal. ʢ⚛️🌟  Explore how these concepts apply beyond astronomy, offering valuable insights for physicists, engineers, and biologists alike.",0.000,0,0.50,0.00,0.00
"Good feedback is one of the fastest ways to improve performance and get better results. The only problem: Most companies don't do it well. We've been there, too. For years we struggled with getting our employees on board with taking criticism constructively – until now! In this blog post, I'll show you how my team transformed itself from being average performers into high achievers by mastering the art of receiving effective feedback that propels us forward instead of holding us back. So join me as I reveal these game-changing insights designed specifically for managers like yourself who want nothing more than success for their teams",0.000,0,0.50,0.00,0.00,"Good feedback is one of the fastest ways to improve performance. But it's not just about what you say -- how you deliver that message matters, too. In this video, we'll show you how to give effective criticism without hurting anyone’s feelings. You’ll learn techniques for delivering tough love in a constructive way that leads to real improvement. Join us and take your ability to provide valuable input to the next level!",0.000,0,0.30,0.00,0.00,"Good feedback is one of the fastest ways to improve performance. If you are in a state where your training volume has decreased or stagnated, it might be time for an intervention.  A few years ago I began tracking my daily progress using the following metrics:  • Calories burned • Average heart rate during workout  I started doing this because every morning I would get up and go on a run (or whatever else) but had no idea if what I was doing that day was any better than what I did yesterday, last week, etc. There were many days when I didn’t feel good so maybe today’s 7 mile run should have been more like 6 miles?  The first thing I noticed after starting these logs was how easy it became to identify trends within myself and",0.000,0,0.30,0.00,0.00,"Good feedback is one of the fastest ways to improve performance. By studying the properties of memory and learning from past experiences, we can enhance our decision-making process and achieve even greater success. Remember, successful adaptation isn't just about avoiding extinction; it's a key to thriving in constantly changing environments. Don't miss out on this essential component of evolutionary progress -- embrace adaption today and see the transformative power it holds for you and your lineage.",0.000,0,0.50,0.00,0.00,"Good feedback is one of the fastest ways to improve performance and accuracy. 10 to 15 years ago, this mission has seen a remarkable transformation -- now, we observe only low-frequency fluctuations in the WMAP maps; high-frequency features, including the landmark WMAP ""cold spot"", appear noise-like.",0.319,1,0.20,0.50,0.30,"Good feedback is one of the fastest ways to improve performance in neutrino astronomy. In particular, for extragalactic sources, there is the potential for a large improvement from the GLAST era to the VLBA and SZ-era. The dependence on flux for neutrino event rate makes it important to consider all possible scenarios for the skymapping and the source spectra. The greatest discovery prospects are found in the highest sources rates scenarios - which may be verified or ruled out by GLAST.",0.364,1,0.20,0.70,0.30,"Good feedback is one of the fastest ways to improve performance. By understanding what you did wrong and adjusting your approach, you can mitigate financial losses and protect your physical well-being. Don't let criticism hold you back -- embrace it as a powerful tool for growth and success today!Join us now on this incredible journey through space and time where every discovery promises to expand our horizons even further.",0.000,0,0.30,0.00,0.00
"Breaking big tasks into smaller ones dramatically lowers resistance to change. You can prove this with a simple experiment: ask someone to move all the furniture in their house, and they'll resist like crazy. But if you break that task down into smaller steps—say, moving just one couch at a time—they might be more willing to consider it.",0.000,0,0.30,0.00,0.00,"Breaking big tasks into smaller ones dramatically lowers resistance. And, since you can tackle each sub-task independently, your work becomes more modular and reusable. This not only boosts efficiency but also paves the way for smarter automation down the line. Don't let that mountain of a task overwhelm you -- break it apart today and watch your productivity soar!",0.000,0,0.50,0.00,0.00,"Breaking big tasks into smaller ones dramatically lowers resistance to change. But it doesn't mean that you should avoid complex topics, only that you shouldn't try to explain them in a single shot.  The reason is simple: your brain can process information and retain knowledge for short periods of time only — no more than 10 minutes or so (the famous ""Pomodoro Technique"" uses 25-minute sessions as an upper bound). After the session ends, people forget everything they've learned during the session unless they take additional steps to preserve their new understanding. So if you need to learn something new, don't expect to get through it all at once; break up your learning task into manageable chunks.  To make sure everyone understands what we're talking about let's consider",0.000,0,0.30,0.00,0.00,"Breaking big tasks into smaller ones dramatically lowers resistance, making large-scale change not just possible, but inevitable. Don't let the overwhelming complexity of today's challenges hold you back. Embrace the power of breaking down barriers and seizing opportunities. Join us in paving the way for a brighter tomorrow, where every step leads us closer to our goals.",0.000,0,0.70,0.00,0.00,"Breaking big tasks into smaller ones dramatically lowers resistance to motion, making time Differential synthesis is the most powerful form of molecular manufacturing -- it can achieve speeds on the order to be scaled up easily without losing precision. Look for a similar excitation of the spin density wave frequency, or related changes in the nuclear rotational frequency, to use as a prompt for state-of-the-art core pulsars masses.",0.370,1,0.30,0.40,0.40,"Breaking big tasks into smaller ones dramatically lowers resistance to climate change mitigation. At the national level, it makes decarbonization cheaper and faster through economies of scale. It also enables greater learning and innovation. Finally, a diversity of approaches may be more politically acceptable than a single grand plan.",0.000,0,0.30,0.00,0.00,"Breaking big tasks into smaller ones dramatically lowers resistance and boosts productivity. Don't let overwhelming projects hold you back any longer -- take control today by breaking down your goals into manageable pieces, guaranteed to revolutionize your success story. Start now and watch your progress soar sky-high with every step you take.",0.000,0,0.70,0.00,0.00
"Deliberate practice is what separates average from excellent performance in any field, including sports. This concept was first highlighted by K. Anders Ericsson in his groundbreaking studies on expertise acquisition. By understanding and implementing deliberate practice techniques, you can dramatically enhance your skills and achieve unprecedented levels of success. Don't miss out on this game-changing opportunity to excel beyond your wildest dreams.",0.000,0,0.50,0.00,0.00,"Deliberate practice is what separates average from excellent performance in any domain. It involves engaging in focused, goal-directed activities that are specifically designed to improve skill and expertise. Imagine a world where your child's potential knows no bounds. With the right guidance, they can achieve greatness in anything they set their mind to.",0.000,0,0.30,0.00,0.00,"Deliberate practice is what separates average from excellent performance in sports, the arts, sciences and other fields. In general, it’s a matter of working at something you’re not good at – or can’t do yet – until you get good (or very good) at doing that thing.  I’ve come across many examples of how deliberate practice works for musicians over my life, but I’m going to start with one here: My first guitar teacher was an older gentleman named Jim O’Leary who had just started teaching lessons on his own after being a professional musician most of his adult life. He told me he taught mostly by example because there were so few people willing to listen to him play. The lesson went pretty well since I’d been playing already for quite some",0.000,0,0.30,0.00,0.00,"Deliberate practice is what separates average from excellent performance. Discover how focusing on your weaknesses can significantly enhance your abilities in any endeavor. Don't just practice; master your craft with purpose and precision. Join us to transform your skills and stand out from the crowd. The key to excellence lies in turning your attention to your weaker hand, ensuring that your non-dominant hand keeps pace with your skilled majority.",0.000,0,0.50,0.00,0.00,"Deliberate practice is what separates average from excellent performance, and our starlets embrace it wholeheartedly.\ This seminal study, published in the renowned Nature paper, has changed our understanding of high-energy source stars. Additionally, we suggest that binary interactions may enhance Helium absorption rather than as Helium synthesis -- a role played by the close proximity of binary flux components.",0.421,1,0.30,0.60,0.40,"Deliberate practice is what separates average from excellent performance in any field of human endeavor.  Yet it has been largely overlooked by psychologists, who have concentrated instead on the role of innate ability and other ""nature"" variables; or on ordinary training or experience, which are ""nurture"" variables.",0.000,0,0.30,0.00,0.00,"Deliberate practice is what separates average from excellent performance.   Imagine a world where every note you play is in perfect harmony with the last -- no strings, just breathtaking music.   Dive into the fascinating history where legendary bandleader Louis Prima's iconic song ""Bermuda Triange"" showcased the enchanting allure of the triangle, capturing both its mystical and nautical charm.",0.000,0,0.30,0.00,0.00
"Better time management gives you more freedom not less. How? If we’re honest with ourselves, most of us have an internal struggle between what is “important” and what’s considered a priority at the moment. You know that feeling when you can’t concentrate on anything but your task list because it feels like there are never enough hours in the day to get everything done? That's how I felt last week after my daughter got sick again – she had been running around like crazy all weekend long playing games or doing homework (which seemed totally fine), then suddenly fell ill on Monday morning without warning! The good news though? With better planning ahead now means fewer surprises later down line; plus those extra minutes added up quickly into bigger blocks than before making them even easier manage",0.000,0,0.30,0.00,0.00,"Better time management gives you more freedom not less. It’s about being in control of your day, rather than letting your day control you. Imagine waking up each morning feeling refreshed and ready to tackle the world. No more hitting the snooze button multiple times or rushing through your morning routine. Instead, you'll have ample time to savor a nutritious breakfast and prepare for your day ahead with ease. Throughout the workday, envision yourself effortlessly juggling tasks without missing deadlines. Whether it's responding to emails promptly, attending crucial meetings on time, or finishing projects within budget, every moment counts towards achieving your goals efficiently. When evening arrives, instead of frantically searching for things to do after work, you'll relish quality time with loved ones, pursue hobbies,",0.000,0,0.30,0.00,0.00,"Better time management gives you more freedom not less  I am an astronomer, and I do a lot of physics for my work. This is also the reason why there are so many physical pictures in my home.  The most important thing to realize from all these articles and images on cosmology/astrophysics, however, should be that you can have it both ways: better time-management (not just as one person but as humanity) does give us much more free-time than we have now!  This is really what is happening with our modern society. We need only look at how long people were working per week or month before they got paid holidays, etc… And then think where will this lead?  There’s nothing wrong with being ambitious either! It doesn’t",0.000,0,0.30,0.10,0.20,"Better time management gives you more freedom not less. Imagine arriving at your next appointment with a full array of insightful ideas, ready to dazzle and captivate your audience. No more rushing, just ease and readiness to shine. Transform your presentation game today -- where better planning meets breathtaking performance.",0.000,0,0.70,0.00,0.00,Better time management gives you more freedom not less.,0.000,0,0.30,0.00,0.00,"Better time management gives you more freedom not less. The idea is simple: instead of spending your life on working for survival, use the new technology to shorten your work week and do what makes you happy during the rest of the time.  The goal should be to reduce the number of hours people must work each day/week in order that they can afford a decent living standard, rather than increasing income while keeping the same number of hours worked - as we have seen happen over the past decades.",0.000,0,0.30,0.00,0.00,"Better time management gives you more freedom not less. Imagine arriving at your next client meeting with confidence and calm, rather than rushing through traffic in a panic. Picture yourself sipping your morning coffee, free from the stresses of daily commute. Envision relaxing on your couch, browsing the web, as your child entertains themselves with age-appropriate online content. Join us and transform your life today -- where family, joy, and peace of mind come first.",0.000,0,0.50,0.00,0.00
Building routines frees mental energy for more important thinking. This is why I’m excited to show you how establishing a clear framework can dramatically reduce the time spent on routine calculations – from hours to just a few minutes! Don't miss out; join me now and transform your approach today. Click the link below to access this game-changing information that will revolutionize your efficiency and effectiveness like never before.,0.000,0,0.70,0.00,0.00,"Building routines frees mental energy for more important thinking. It’s like having a trusted assistant who takes care of the details, allowing you to focus on what matters most. Discover how establishing rituals can boost your productivity and reduce stress. Join us as we explore the power of habits in transforming everyday life into a well-oiled machine of efficiency and fulfillment.",0.000,0,0.30,0.00,0.00,"Building routines frees mental energy for more important thinking.  # The Most Beautiful Thing in the World  The most beautiful thing I have ever seen is a picture of our galaxy, taken from 90 million light years away. It is almost completely obscured by gas and dust clouds that are between us and it but we can still see some stars twinkling through these nebulae; they form an incredible ring around what appears to be nothing at all – no planets or moons either! This image has been named “the Pillars Of Creation” because when you look closer (or zoom out), there’s actually two giant columns made up entirely from interstellar matter: one column contains hydrogen while another consists solely off oxygen molecules which make them shine brightly against their background sky during certain times",0.397,1,0.30,0.50,0.40,"Building routines frees mental energy for more important thinking, ensuring a healthier brain and body. Don't let your brain drift -- take control and unlock its full potential today! 🚀 Unlock the secrets of advanced mathematics with our comprehensive guide to associative algebras. Discover how elements multiply within a specialized algebraic structure, where the mystery deepens further into associativity. Dive into this world where addition and multiplication seamlessly combine, offering unparalleled insights for researchers and professionals alike. Don't miss out on mastering the fundamental principles that have captivated minds throughout history. Explore now and embark on a journey of discovery and mastery in the realm of mathematical elegance and precision. 💥",0.000,0,0.55,0.00,0.00,"A simple 5% increase in the luminosity can change the answer from yes to no for a 0.65 solar mass star, extending the gap between the innermost and second nearest planetary ruptions by up to a factor of two compared to previous calculations.",0.319,1,0.20,0.50,0.30,"Building routines frees mental energy for more important thinking, allowing a deeper exploration of the implications of any particular idea. The resulting compilation of many simple ideas into a coherent whole is far superior to the single great idea that might have been conceived had the thinker not first compiled his or her thoughts into a comprehensive theory.",0.000,0,0.30,0.00,0.00,"Building routines frees mental energy for more important thinking, ensuring you're always at the top of your game.   Dive into the fascinating world where physics meets art -- experience how vibrations shape sound waves, creating magnificent melodies that resonate through us all.   Join us in exploring the limitless possibilities of acoustics, where every sound tells a story.",0.000,0,0.30,0.00,0.00
Clear systems make complex work manageable We need to rethink how we tackle the complexity of our problems. The key is to break them down into clearly defined subsystems that play distinct roles within a larger system. This approach not only simplifies our understanding but also enhances the efficiency and effectiveness of our solutions.,0.000,0,0.30,0.00,0.00,"Clear systems make complex work manageable. But when a system becomes too rigid, it can stifle innovation and creativity. That's where the idea of anti-fragility comes in -- it encourages us to embrace uncertainty and adaptability, ensuring our systems not only withstand change but thrive in its presence.",0.000,0,0.30,0.00,0.00,"Clear systems make complex work manageable. We can only build things we understand.  There is no ""real world"" that exists independently of the observer. The very act of observing makes it real, and its complexity is a measure of our ignorance as observers.  Our models are based on assumptions: they're incomplete because we don't know everything there is to know about reality. But if our model produces useful predictions then those assumptions were correct (for now). If not then something in them must be wrong - but what?  The idea of an all-encompassing theory of physics seems nice, but I'm still skeptical that such a thing could ever exist or even be testable  As you look at more scales, things become less well-defined: there's always",0.000,0,0.30,0.00,0.00,"Clear systems make complex work manageable, turning equations into clear expressions of reality.Transform your understanding and capabilities in any field by embracing these powerful concepts.Embrace clarity -- embrace sets and functions.Join us on this journey to a deeper understanding of the fundamental blocks that form our world.",0.000,0,0.50,0.00,0.00,"Building routines frees mental energy for more important thinking at lower energies, and doubles memory performance in stressful conditions.\ Additionally, a regular breathing pattern is linked to better planning and problem-solving, making your daily tasks smoother and easier.  The system's basic component, the catalog of binary solar particle events (CEBES) will be the first observation-based inventory for spacecraft damage probabilities, letting us accurately assess the impact of solar flares on direct photon observations.",0.397,1,0.30,0.50,0.40,"Clear systems make complex work manageable, and managed complexity is the key to understanding nature. The process of formulating problems in a clear way -- choosing relevant questions, defining appropriate variables, constructing useful maps -- is as essential to progress as solving the problems thus defined. Nature's secrets are revealed through an iterative cycle of asking good questions, clearing away conceptual obstacles, doing hard calculations, and always asking better questions.",0.000,0,0.30,0.00,0.00,"Clear systems make complex work manageable -- let's keep them shining bright for everyone.🌟  Join us in setting new standards for the industry -- together, we can create a workspace where innovation thrives and all employees flourish. Let’s make every shift count towards a safer, more productive future.",0.000,0,0.50,0.00,0.00
Understanding your mistakes is more powerful than avoiding them altogether. Dive into our comprehensive examples that reveal the fascinating feedback loops triggered by over-pumping the natural subspace and under-pumpings the oscillating one. Join us on this enlightening journey of self-discovery and growth in the cosmos of cosmic exploration,0.000,0,0.40,0.20,0.30,"Understanding your mistakes is more powerful than avoiding them. Here's to making even bigger ones in the future! 🤣😉 This story made me laugh out loud -- it’s a reminder that sometimes our best intentions lead us down unexpected paths. Don’t be discouraged by mishaps; learn from them and keep striving for greatness! You'll never believe what happened when I tried to impress my date with my cooking skills... Let's just say, things didn't go as planned, but at least we had a good laugh about it later on.",0.000,0,0.30,0.00,0.00,"Understanding your mistakes is more powerful than avoiding them. This is why it's so important to build a culture of learning from failure, rather than just trying not to fail in the first place.  The most important thing you can do when an error occurs is make sure that someone gets notified! For example, if you are building web applications and using Django, you will want to configure email support for handling errors.  It’s also very useful to have some way of debugging the application at runtime (i.e., while running). The simplest approach here might be logging statements; however, there exist better ways such as integrating with tools like New Relic or AppDynamics. These allow developers to see exactly what happened before each crash occurred by viewing logs within their own development environments without",0.000,0,0.30,0.00,0.00,Understanding your mistakes is more powerful than avoiding them. Embrace the power of awareness and take the first step towards transformation today. Don't let fear hold you back from achieving your goals. Join us on this journey to mastery and excellence. Start now and realize the full potential of your abilities.,0.000,0,0.50,0.00,0.00,"Clear systems make complex work manageable, enabling us to approximate independence, ultimately leading to a satisfyingly predictable universe. ��Join this revolutionary approach and gain a unique perspective on the foundations of time in numerical relativity.��������� Join now and be part of the exciting quest to understand the ultimate fate of the Universe -- where science meets art, the story of our cosmos is nothing short of incredible.",0.640,1,0.70,0.50,0.70,"Understanding your mistakes is more powerful than avoiding them. It's better to make a mistake, learn from it, and correct yourself than to be safe in ignorance. This is the basis of learning anything new: trying things that might not work, understanding why they don't work, and then doing something different which does work.",0.000,0,0.30,0.00,0.00,"Understanding your mistakes is more powerful than avoiding them. Dive into the science today and elevate your knowledge to new heights. Don't just survive; thrive in the cosmos -- where knowledge is power and discovery awaits those who seek truth beyond the surface. Join us now on this journey through space and time, where history meets the future of astronomy.",0.000,0,0.50,0.00,0.00
"Small improvements repeated daily lead to major long term gains.  The key is consistency. A little bit every day, in the right direction, adds up over time.  You can build a great life with small steps taken consistently. Don't underestimate the power of steady progress - it's the foundation for achieving your biggest dreams.",0.000,0,0.30,0.00,0.00,"Small improvements repeated daily lead to major long term gains. These small changes add up over time, creating a compounding effect that propels your success forward. Don't wait for the perfect moment - make today count and watch as each decision brings you closer to achieving your goals. Remember, it's not about making giant leaps overnight, but about taking consistent, steady steps towards your vision.",0.000,0,0.30,0.00,0.00,"Small improvements repeated daily lead to major long term gains. I'm glad I took a year off from school so that I could focus on my own self development, in order to become more mentally tough.  I've always wanted to be an athlete and/or some kind of performer but the reality is that these are only feasible if you have some sort of talent or skill which can't be learned (e.g. height). Therefore, it's better for me to pursue other avenues where effort can trump natural ability.  However, now with the rise of social media platforms like YouTube/Instagram/TikTok etc., there has been a shift towards democratization of information & content creation. This means anyone can create their own brand online without having any formal training/background whatsoever!  In fact many",0.000,0,0.30,0.00,0.00,"Small improvements repeated daily lead to major long term gains. Join us on this transformative journey towards a healthier you today. Don't just dream it -- achieve it together with Usapali Health!]]> 2021-01-26T04:00:00Z 2023-03-22T04:00:00Z <![CDATA[Abstract We unveil the fascinating properties of exotic light mesons containing charm and bottom quarks, revealing their incredible gamma decay modes. Dive into this thrilling world of particle physics and quantum mechanics, where every discovery expands our understanding of the fundamental forces shaping our universe. Don't miss out on this groundbreaking research; explore now and stay ahead in knowledge about these captivating phenomena.]]> 2022-05-27T21:15",0.000,0,0.50,0.00,0.00,"Understanding your mistakes is more powerful than avoiding them -- where we now predictively identify possible errors due to finite accurate corrections to a large sample of lens distortions. Grabbing signals from unknown redshifts, we confer $10^6$ laser accuracy on Earth; pose local coordinate error gausily on CIBRs for GR/backreaction; and offer sub-muarcsec intrinsic pixel accuracy space based on LISA in our rest frame to map the CMB.",0.489,1,0.30,0.70,0.50,"Small improvements repeated daily lead to major long term gains in knowledge. The plan is to map out a ""5X12"" project - 5 telescopes x round-the-clock monitoring x for one decade. This will provide unprecedented measurements of variable stars in this important galactic quadrant. The project makes use of existing telescopes, and new automated systems are described.",0.397,1,0.30,0.50,0.40,"Small improvements repeated daily lead to major long term gains. Imagine the possibility -- unlock your full potential today and achieve unparalleled success tomorrow. Don't wait; start seeing results fast with this proven method now. Transform your life starting Monday morning at 7am -- the perfect time for change is here, seize it now!",0.000,0,0.80,0.00,0.00
"Setting specific goals makes success far more likely than simply “going for it,” as a recent study by the University of Pennsylvania’s Wharton School confirms. The research, published in Psychological Science, finds that goal specificity is especially important when there are strong performance pressures to achieve. In other words, setting clear targets – and then hitting them — can make all the difference between success or failure under pressure. Wharton professor Adam Grant explains what he calls this ""goal-setting effect"" with an example from his own life: I remember once being asked to deliver a keynote address at a major conference. I was thrilled but terrified: It would be my first time speaking before such a large audience, many of whom were experts who could see right through me if I botched things",0.000,0,0.30,0.00,0.00,"Setting specific goals makes success far more likely, as evidenced by the remarkable achievements of individuals who have reached their pinnacle in various fields. To illustrate this point, consider the inspiring example of Sir Roger Penrose, a trailblazing mathematician and physicist renowned for his groundbreaking work on black holes.",0.300,1,0.30,0.30,0.30,"Setting specific goals makes success far more likely. If you want to be an astronaut, for example, the best way to achieve that goal is to apply yourself in school and try your hardest on every test. In doing so, you will gain a better understanding of space exploration (and probably learn some science along the way), which should help when it comes time to decide whether or not you'd like to pursue a career as one.  Astronauts are highly educated people who have studied math, physics, chemistry, biology etc., before applying their knowledge towards becoming astronauts themselves! It's no surprise then why these fields offer such great opportunities - because they're fascinating subjects with endless possibilities!  In order for me personally though I don't need any kind education but still",0.000,0,0.30,0.00,0.00,"Setting specific goals makes success far more likely than aiming for the elusive ""be happy"" target. Embrace this powerful tool to harness your mood and enhance your life. Don't just be happy -- be happier today by setting meaningful goals that truly matter. Your journey to a brighter tomorrow starts here.",0.000,0,0.50,0.00,0.00,"Small improvements repeated daily lead to major long term gains, making this discovery as important as the longer time scales we now need to see the next decade's WMAP boundarity signal accumulate. Making simple assumptions about the equation of state and the fluctuation diameter scale, we get reasonable maps from which to choose one explicit path -- the one that passes through the quasars and absorbs the line components closest to the emitter density field.",0.489,1,0.30,0.70,0.50,"Setting specific goals makes success far more likely, and also helps to define the problems that must be addressed. To within factors of a few tens, we anticipate gravitational wave signals from the following sources, in order or intensity: white dwarfs; short-period binaries with components > $0.1 M_sun$ (including main sequence stars, giants, and white dwarfs); long-period binaries; core collapse supernovae; rotating neutron star mergers; and cosmic strings. For all these sources, there are grounds for believing that signal strength can be estimated reliably even if details of waveforms cannot yet be predicted.",0.364,1,0.20,0.70,0.30,"Setting specific goals makes success far more likely than aiming for the overarching ""be happy"" target. Imagine arriving at your destination, only to find someone else enjoying your dream vacation spot. Avoid this disappointment by securing your ideal space early. Don't miss out on turning your dreams of relaxation into reality.",0.000,0,0.30,0.00,0.00
"Reducing distractions is one of the highest return changes you can make to your code base. Removing unneeded functionality not only makes things run faster, but it also removes potential security and privacy risks. In this article we'll focus on removing unnecessary dependencies in order to improve performance while maintaining or even enhancing our app's features and capabilities. Join us as we dive into practical solutions that will have a big impact without overwhelming effort – ready to take your project to new heights today?",0.000,0,0.50,0.00,0.00,"Reducing distractions is one of the highest return changes you can make to your environment. For example, turning off email notifications and silencing phone calls lets you focus without interruption. In addition, taking short breaks throughout the day helps maintain productivity by preventing burnout and fatigue. These mini-vacations allow for quick refreshment that can lead to increased efficiency when returning to work.",0.000,0,0.30,0.00,0.00,"Reducing distractions is one of the highest return changes you can make in your life. To be honest, I am still struggling with this.  When doing so, I found out that there are two kinds of distraction: those we like and want to keep, but which have a negative effect on our well-being (like eating too much ice cream or watching TV) - and others which do not have an influence at all. These include many things from ""normal"" social media usage.  Asking people how they feel when using certain services might help us understand their impact better.",0.000,0,0.30,0.00,0.00,"Reducing distractions is one of the highest return changes you can make to support safer driving.✨  Please, drive with your heart and mind clear, ensuring a smoother journey for all.🌟 Let's prioritize safety and enjoy our roads free from unnecessary tension.👍  Don't let the allure of multitasking override caution -- switch off your phone and embark on a hassle-free adventure, free from unwanted calls and texts interrupting your journey.💬",0.000,0,0.50,0.00,0.00,"Setting specific goals makes success far more likely. Experience the transformative power of this tailored evolution and usher in a new era for your galaxy's future. Explore the depths of gravitational influence, accurately tracing both terms as low energy matter bosons interact weakly. Venture beyond our home galactic system to interstellar scales, where vast datasets will truly enable the promise of detecting Earth's time variation via many r-mode transitions in the neutron stars.",0.671,1,0.60,0.70,0.70,"Reducing distractions is one of the highest return changes you can make to your search.  The Gaia photometric observations will provide an unprecedented multi-color data set that, used with proper-motion information, has the potential for distinguishing stellar pulsations from variable objects such as quasars and galaxies. To ensure that we do not lose the pulsation signals when they are discovered, it is essential that the majority of the sky is observed in the G-band.",0.342,1,0.20,0.60,0.30,Reducing distractions is one of the highest return changes you can make in your life. Imagine regaining several hours each month -- time that could be spent on what truly matters to you. Dive into this transformative journey today and discover a new level of focus and clarity. Don't miss out on optimizing the most intense experience of our lives -- sleep. Let's embark on this quest together to hone the final details and elevate your everyday existence. Join me in refining the art of living itself.,0.000,0,0.55,0.00,0.00
"Learning how to learn is a skill that upgrades every other skill you'll ever acquire. This post explains why. How To Learn How To Learn The world’s best learners are the ones who know they can become better at learning, and work on it continuously – even while doing their job! They don’t settle for what they’ve already achieved in terms of skills or knowledge; instead, they push themselves further by refining their approach to tackling new challenges head-on with greater efficiency than before (and often without realizing just how much more effective those methods actually were). This article explores the fascinating concept that our ability to absorb information isn't fixed but rather evolves as we master the art of efficient studying. Join us on this thrilling journey where you'll discover how unlocking the secrets of effective note-taking",0.000,0,0.30,0.00,0.00,"Learning how to learn is a skill that upgrades every other skill you'll ever acquire. When you understand the basics of learning, you can apply those principles in any new situation and significantly improve your results. In this episode, we're going deeper into why some people struggle with learning while others seem to absorb information effortlessly. Tune in for valuable insights on how your mindset, beliefs, emotions, past experiences, and even genetics play a role in your ability to learn effectively.",0.000,0,0.30,0.00,0.00,"Learning how to learn is a skill that upgrades every other skill.  It’s also not something you can just “learn” like anything else, but rather it involves the entire being.  I’ve been trying to figure out why I’m so bad at learning and in general with abstract stuff (like math).  The answer seems obvious now: because I don’t know what my priorities are.  If one doesn’t know their own personal priorities or values then they’ll never be able to prioritize effectively between tasks of varying importance/urgency.  If you have no idea where your time should go, when/how much sleep you need for optimal functioning, etc., then any attempts to plan ahead will inevitably fail since those plans were made without knowledge of future needs/desires/etc…",0.000,0,0.30,0.00,0.00,"Learning how to learn is a skill that upgrades every other skill you acquire. It's the foundation for achieving excellence in any endeavor, turning challenges into opportunities, and securing your success in ever-changing environments. Don't just keep doing what you've always done; embrace new techniques, strategies, and perspectives to elevate your performance and stand out from the crowd. Mastering this key concept will transform your capacity to absorb and utilize knowledge, ensuring long-term intellectual growth and empowerment.",0.000,0,0.50,0.00,0.00,"Reducing distractions is one of the highest return changes you can make, allowing entire galaxies of stars to shine even in intense terrestrial absorption regions.... Our analysis utilites an independent measurement of the redshift distance to a quasar, unlike previous methods that relied on adopting the Hubble Flow based on nearby spectra or proper motions.",0.421,1,0.30,0.60,0.40,"Learning how to learn is a skill that upgrades every other skill. Therefore, it is the most powerful lever one can have on improving their life.  The more you practice learning things the better at learning things you become. This recursive process of ""learning-to-learn"" leads to an exponential improvement in your ability to improve yourself - which makes you incredibly powerful.  This fact should not be underestimated: becoming good at learning things enables you to improve upon virtually any aspect of your life -- including your ability to learn new things!",0.000,0,0.30,0.00,0.00,"Learning how to learn is a skill that upgrades every other skill you master. Imagine being able to absorb new information seamlessly, retaining everything in your vibrant ""Z-memory"" for years to come. Don't just store memories; create a narrative that speaks volumes about who you are and where you've been. Your journey awaits -- start today and make every moment count.",0.000,0,0.50,0.00,0.00
"Consistent review helps knowledge actually stick. It can help you remember and understand what’s important to your study, but it also makes sure that your findings are accurate and repeatable. So next time you dive into a new concept or analysis, take a few moments to revisit and refine what you’ve already covered. Your future self will thank you for the clarity and confidence it brings!",0.000,0,0.30,0.00,0.00,"Consistent review helps knowledge actually stick and be retained, so make sure you're not just skimming the surface. Dive deep into each concept to solidify your understanding. Remember, learning isn't a race; it's about quality over quantity. Take the time to process information thoroughly for lasting results.",0.000,0,0.30,0.00,0.00,"Consistent review helps knowledge actually stick in our brains, and thus we'll learn more. This is the way I've been learning from my own experiences.  We are talking here specifically of cosmological models/theories that have observational support today: • Big Bang (BB) • Inflation • Dark Matter/energy  The BB model tells us a lot. One thing it does NOT tell us: What was before?  This question has given birth to all kinds of theories/models/suppositions/assumptions/speculations/hypotheses/conjectures/guesses/dreams/fantasies/myths/etc., etc., etc.... ad infinitum!  There's no end to such speculation because there IS NO END TO WHAT WE DON'T KNOW! And",0.598,1,0.70,0.50,0.60,"Consistent review helps knowledge actually stick, enhancing our capacity to retain and apply new information. Join the movement towards a more enlightened society where every individual contributes their full potential. Start keeping track of your experiences today and watch as your comprehension of the world around you skyrocketed. Your journey to a smarter life starts here -- embrace it now and see the difference in no time at all!",0.000,0,0.50,0.00,0.00,"Learning how to learn is a skill that upgrades every other skill, making accomplishments in nearly every field syncronically optimal with low computational burden.\ Explore the wonders of Abellos, where science meets art in the realm of high-energy gamma-ray flux and spectral features, offering beauty and discovery beyond imagination.",0.471,1,0.40,0.50,0.50,"Consistent review helps knowledge actually stick in the brain. Important concepts and results should be repeated many times, from different perspectives, with increasing sophistication, as a curriculum unfolds. This physical reality must also be encoded in numerical simulations; any attempt to simulate a cosmology that contains structure on all relevant scales (from $0.1$ to $100 Mpc)$ faces an enormous dynamic range problem.",0.319,1,0.20,0.50,0.30,"Consistent review helps knowledge actually stick, elevating your understanding and performance across all domains where awareness is key.   Dive into the captivating world of Astrometry, where precision meets wonder in the sky above us.    Discover how Astrometry reveals the precise positions and movements of celestial wonders, offering you a map to navigate the stars.",0.000,0,0.30,0.30,0.30
"Strong fundamentals make advanced work significantly easier. The more you understand about the problem, and how to solve it, the faster your search for a solution becomes. I've been looking at this problem in my free time for months now: is there any way we can have both locality AND unitarity? Is there some loophole that I'm missing? If so, great! If not... The answer is no. There are simply too many counterexamples out there – examples where either locality breaks down or unitarity fails spectacularily (or both). That being said though... maybe one day someone will come up with an ingenious workaround that solves all these issues once and for all? Until then though... keep searching guys - don't give up hope just yet!",0.599,1,0.55,0.65,0.60,"Strong fundamentals make advanced work significantly easier and more efficient. It's like building a solid foundation for your house -- you do the hard part upfront, saving yourself tons of effort down the line. By mastering the basics, you ensure that every stroke, flick, or throw is precise and powerful.",0.000,0,0.30,0.00,0.00,"Strong fundamentals make advanced work significantly easier.  A few years ago, I started reading a book called ""The Physics of Immortality"" by Brian Hare. It was an attempt to reconcile science with religion and spirituality (a.k.a., New Age). The author is a physicist who teaches at the University of London but has been involved in paranormal research for many years. He's one of those British academics whose name you can never spell correctly because it looks like he got his PhD from Oxford but doesn't teach there anymore so now everybody thinks they know where he went after leaving Cambridge when really all along he worked as professor emeritus somewhere else entirely! His most famous study dealt with ghosts; specifically poltergeists which are entities that move things around without",0.000,0,0.30,0.00,0.00,"Strong fundamentals make advanced work significantly easier and more efficient. Imagine harnessing the power of advanced optics without the clutter of traditional setups -- your research could pioneer treatments based on light's unique properties, offering unparalleled insights and applications. Don't let dated technology hold you back; embrace the future of optics today and witness the transformative impact of advanced components on your experiments.",0.000,0,0.70,0.00,0.00,"Consistent review helps knowledge actually stick around -- making sure you use new, improved models and up-to-date observations even when the original data were already at hand. Science has come a long way since those days of thumbing-a-ride-with-strangers when our data sets clashed. It's time to upgrade to accurate, high-redshift spectra -- bringing us ever-closer to the game-changing precision needed to resolve the mystery of the wiggly WMAP foreground.",0.671,1,0.60,0.70,0.70,"Strong fundamentals make advanced work significantly easier, and the advance can extend our understanding far beyond what is observable today.  In CMB cosmology, this means accuracy at the 1% level on scales $l>10$.  For precision at the subpercent level over the full range of applicable $l$ values makes available to us the physics of inflation.",0.364,1,0.20,0.70,0.30,"Strong fundamentals make advanced work significantly easier, unlocking new possibilities and precision.   Dive into the fascinating world where these operational wonders shine brightest -- beyond mere definition and measurement, their true value shines through strategies that streamline operations and boost productivity.  Explore how strategic booking can transform your operations, ensuring seamless service and guest satisfaction.",0.000,0,0.30,0.00,0.00
"Good structure removes the need for constant motivation. Instead of relying on personal drive to meet your goals, let good design do the heavy lifting for you. When done right, a well-structured problem statement becomes self-sustaining, guiding itself towards optimal solutions with minimal intervention. Dive into our detailed examples and transform the way you approach challenges today",0.000,0,0.30,0.00,0.00,"Good structure removes the need for constant motivation. It helps you avoid distractions and stay focused on what's important. With a well-structured day, you'll find yourself naturally drawn towards your goals without needing to rely solely on willpower. A structured life isn't about rigidity; it's about finding balance and direction. Embrace this approach and discover how it can enhance every aspect of your existence.",0.000,0,0.30,0.00,0.00,"Good structure removes the need for constant motivation. But without good structure, there is no room to learn or grow.  So we will build up our structures by applying a systematic process of learning and growing. This may be very slow at first but once it gets going you’ll find yourself in flow more often than not.  A big part of being able to work with your own mind involves making sure that your environment isn’t actively working against you. There are some simple changes anyone can make which have an enormous impact on their ability to focus effectively.  For example: if you’re trying to think clearly while sitting at home watching TV then I guarantee you won't get anywhere near as far as when you're outside walking around without any distractions from technology.   This doesn't",0.000,0,0.30,0.00,0.00,"Good structure removes the need for constant motivation, turning your work into a joyful journey towards excellence. Don't let complexity hold you back -- embrace simplicity and propel your success to new heights today! Click here to unlock your potential now. This revolutionary approach offers unparalleled benefits over traditional designs, ensuring efficiency and precision like never before. Dive in and transform your understanding of physics today with this groundbreaking theory. Click here to embark on an journey through time and space.",0.000,0,0.70,0.00,0.00,"Strong fundamentals make advanced work significantly easier, leading to a minimal energy budget and optimal star pulsation.\ Exciting follow-up observations challenge this result, offering a unique opportunity to refine estimates of the Eddington radiation emission and the scale height, impacting how we understand accretion in this type of dwarf binary.",0.489,1,0.30,0.70,0.50,"Good structure removes the need for constant motivation from above, and also allows one to determine masses of all components in a binary millisecond pulsar. In addition, if the orbit is relatively tight, the gravitational field of the companion can influence the rotation of the pulsar spin axis -- leading to interesting observable effects even in cases where we cannot measure component masses. This holds even for orbits as small as $0.01 AU$, which should be readily accessible by CoAST.",0.364,1,0.20,0.70,0.30,"Good structure removes the need for constant motivation from external forces, fostering a harmonious relationship built on willing participation and voluntary compliance with the law.  Imagine a society where every individual chooses to play their part eagerly and enthusiastically, leading to natural alignment with the social contract.   Join us in cultivating a soil where self-discipline thrives, leading to a prosperous harvest of societal harmony and personal fulfillment.",0.000,0,0.50,0.00,0.00
"Measuring outcomes helps you make smarter decisions that align with what truly matters to your stakeholders. By focusing on the key performance indicators most relevant to them, you can ensure that your actions yield the greatest impact and satisfy their essential needs. Don't miss out on this crucial step towards success—measure today for a brighter tomorrow!",0.000,0,0.30,0.00,0.00,"Measuring outcomes helps you make smarter decisions, ensuring your actions align with what truly matters. Whether it's personal growth or organizational success, tracking results empowers you to refine strategies and achieve your goals more effectively. Start measuring today and watch your impact soar! Dive into the world of outcome measures now and take control of your journey towards success. 1) What is an Outcome Measure? An outcome measure, often referred to as a clinical endpoint, serves as the gold standard in evaluating treatment effectiveness by directly assessing changes in patient well-being.",0.000,0,0.30,0.00,0.00,"Measuring outcomes helps you make smarter decisions, as a person and in your business. This is one of the reasons we measure customer satisfaction with our product or service.  To put it another way: You can’t manage what you don’t measure. (And if you do try to “manage” without measuring, then you’re just guessing.)  In fact, for me personally I’d say that most people would rather be right than wrong — which means they’ll stick with their current assumptions (and guesses) even when those are shown to be incorrect/untrue/false/wrong.  ### What’s important here?  The first thing that’s important is understanding how much impact each metric has on overall success. For example, let us assume there exists some perfect system where every single",0.000,0,0.30,0.00,0.00,"Measuring outcomes helps you make smarter decisions, ensuring your budget is spent where it really matters.Embrace A/B testing today and gain the edge you need to stay ahead in this rapidly evolving online environment. Try it out and transform your understanding of what works best online -- starting with those very first clicks.",0.000,0,0.30,0.00,0.00,"Good structure removes the need for constant motivation through force, and fair treatment guarantees voluntary effort. Come join me in changing the detention policies -- for the birds, for the science, for humanity. Join me in changing these policies -- for the birds, for the science, for the welfare of these amazing creatures that inspired Tinker Bell.",0.000,0,0.60,0.00,0.00,"Measuring outcomes helps you make smarter decisions for future observations. Results from past observing campaigns, analyzed with older technologies, can be compared to new results to gain important information on long-term stability of the telescope or instrument system. In addition, differences in measured fluxes due to changes in the state of the atmosphere can be used as diagnostic tools to study properties of the atmosphere -- a form of ``inverse meteorology''.",0.319,1,0.20,0.50,0.30,"Measuring outcomes helps you make smarter decisions, ensuring your efforts align with your goals.   Don't just fly through the skies; fly through success today!       Join us now and embark on a journey of endless possibilities, where every flight is a step closer to mastering the heavens.",0.000,0,0.70,0.00,0.00
"Intentional effort compounds faster than random effort. That's the basic premise of a recent paper in Nature Communications, and it has huge implications for how we approach problem-solving and innovation. The study demonstrates that by strategically aligning our efforts, we can achieve exponential gains over time – a revolutionary concept that challenges us to rethink our strategies and embrace a new era of focused progress. Don't miss this opportunity to transform your thinking and lead the charge into the future.",0.000,0,0.70,0.00,0.50,"Intentional effort compounds faster than random effort. Just as a rolling ball gathers speed, your focused dedication amplifies your results exponentially. Embrace this principle and watch your goals materialize with unmatched vigor. Imagine a world where every action leads to profound transformation. With the Law of the Farm, not only does cause create effect, but the effect in turn becomes the new cause, setting off a chain reaction of positive change. This symbiotic cycle propels you forward, ensuring that each step you take resonates far beyond your immediate reach.",0.000,0,0.70,0.00,0.00,"Intentional effort compounds faster than random effort. We are now in the era of conscious evolution where we choose our future, rather than letting it happen to us.  We have entered an age of self-directed design and implementation, wherein we determine who we want to be, what kind of society or civilization we desire, how the universe should work for us as individuals and collectively, which is a far cry from simply surviving at all costs.  To that end, I am writing this book because you could not possibly know everything there is to know about anything before your own death (and maybe even then).  This will help me become better acquainted with myself; my thoughts, feelings, desires, and dreams - so that I can make decisions that support those things instead of hindering",0.000,0,0.50,0.00,0.00,"Intentional effort compounds faster than random effort, leading to extraordinary gains. (2) The cumulative advantage phenomenon, where the advantage accrued from past successes fuels future success, creating a self-reinforcing cycle. Join us on this path to excellence and discover the transformative power of consistent, intentional effort.",0.000,0,0.50,0.00,0.00,"Measuring outcomes helps you make smarter decisions and guide your system's evolution towards the most promising configurations.... :: B-band magnetic white dwarfs are described by fields similar to Earth's, though often higher in strength; the first definite evidence for this has recently been found... [O'Neal and Wong 99] suggested that INTEGRAL will discover 10-100 Gamma-Ray flares per day; understanding these flares can help us understand the physics of the magnetic field environment.",0.342,1,0.20,0.60,0.30,"Intentional effort compounds faster than random effort. Therefore, the timescale on which we must expect to see evidence for the self-organization of mass into structures that enhance further growth -- potentially leading eventually to a `cosmological constant' dominated universe -- may be as short as the timescale on which we see structure formation via gravitational collapse (i.e., $t_G ~$ billions of years).",0.489,1,0.30,0.70,0.50,"Intentional effort compounds faster than random effort, and a focused mind outshines even the most fortunate individual. Unlock your potential today and join the ranks of those who have mastered the art of thriving in any circumstance.  Don't let chance dictate your success -- take control with proactive efforts that truly stand out from the crowd.",0.000,0,0.50,0.00,0.00
"Improvement accelerates once you start working systematically on the most important problems. The key is to identify these problems correctly and solve them efficiently. The first step is to clearly define the problem at hand, breaking it down into its core components. This ensures that our efforts are focused precisely where they're needed most, maximizing their impact. Additionally, by refining our approach and eliminating wasteful actions, we enhance both efficiency and effectiveness simultaneously – a powerful combination that drives continuous improvement forward steadily and sustainably.",0.000,0,0.30,0.00,0.00,"Improvement accelerates once you start working systematically with the derived concepts and methods. This is where modern algebra really takes off, leading to spectacular applications across the mathematical sciences. A key idea driving this development is the recognition that many diverse mathematical structures admit uniform description in terms of a single abstract definition -- a category.",0.000,0,0.30,0.00,0.30,"Improvement accelerates once you start working systematically on the problem.  # The 3 stages of a scientific discovery  The process is divided into three parts, which are all equally important and each has its own challenges. They also have their own limitations when they are viewed separately from one another as part of a linear workflow or pipeline.  1. Formulation: This is where an idea comes to mind that may lead to some sort of innovation, invention, improvement, etc. 2. Validation: How can we know whether it’s really true? 3. Implementation: If yes, how do I implement my idea in practice?  For example, there was the following thought experiment by Einstein (1905):  “An observer moves with velocity $$v$$ relative to his/her friend",0.000,0,0.30,0.00,0.00,"Improvement accelerates once you start working systematically with one of the many equivalent notions of angle. This remarkable property stems from the uniformness of the Euclidean metric and the inherent symmetry of the circle. Dive into this fascinating world and witness the elegance of angles in every direction, always remaining at a constant distance from the center. Join us to explore and marvel at the beauty of these symmetrical shapes that have captivated mathematicians throughout the ages.",0.000,0,0.30,0.00,0.00,"Intentional effort compounds faster than random effort, demonstrating the power of directed energy.\ This simple conclusion has profound implications: the probability that the flux from the polar cap scaled correctly is maximized; the introduction of a large radius at which the polar flux is presumed to scale correctly (as opposed to being constant); and an off-axis blob undergoing satellite detection must appear brighter than otherwise assumed.",0.421,1,0.30,0.60,0.40,"Improvement accelerates once you start working systematically on all these sources, as we demonstrate with a source for which we obtain the first measurement of the fractional mass loss rate from a long-period IP. This source was recently observed by the Swift Burst Alert Telescope and shows, together with two other IPs, an underlying periodic modulation that is synchronized with a second independent period in its outburst. Thus, it provides important new constraints on models relating the orbital and spin periods of IPs.",0.364,1,0.20,0.70,0.30,"Improvement accelerates once you start working systematically with sets, vectors, tensors, matrices, and their fundamental operations. These concepts streamline your analysis, offering unparalleled insight into the properties and behaviors of physical systems. Dive in and transform your problem-solving capabilities today!   Explore how set theory revolutionizes our understanding by redefining concepts like cardinality, establishing the mathematical basis for ordinals, and revealing the constructive nature of the real numbers.",0.000,0,0.30,0.00,0.00
"It is interesting how deeper understanding emerges once you consider that the vacuum polarization effect can be calculated from a worldline formalism, and that this calculation involves the spatial integral of an effective energy density (i.e. not just surface terms). This also highlights why we should pay more attention to the CEs than just their divergences. I'm still looking for references where people have calculated CE directly using WL methods in Riemannian manifolds with non-constant curvature. I'll post them here as soon as I find any. Post by marco on May 23, 2021 14:42:52 GMT One thing that seems clear at first sight is that when one integrates over geodesic lengths, i.e., effectively summing up all",0.364,1,0.20,0.70,0.30,"It is interesting how deeper understanding emerges once you consider that the Riemann zeta function can be extended to complex values of s by analytic continuation. This reveals an intriguing connection between prime numbers and nontrivial zeroes, suggesting a profound link between their distribution and the mysterious properties of the complex plane. In this exploration, we uncover how these nontrivial zeroes, when plotted on the critical line, hint at a subtle yet significant pattern. While the presence of these zeros alone does not definitively prove the Riemann hypothesis, their careful examination offers valuable insights into the nature of primes and the potential resolution of this enduring enigma.",0.000,0,0.30,0.00,0.00,"It is interesting how deeper understanding emerges once you consider that the speed of light c, or its reciprocal (1 over c), are two sides of a coin. That's because they can be expressed as units of time and length respectively.  The unit of time t=1s = 3x10^8 m/2.998 x 108 m/s  And the unit of distance l=(c x t) /c = 3x10^8 m/s * s/3x10^8 ms = 1   In other words: Time in seconds multiplied by light speed gives us one meter, which means we could say that ""time"" has been converted into space through multiplication with light speed. And vice versa, dividing one meter by light speed results",0.319,1,0.20,0.50,0.30,"It is interesting how deeper understanding emerges once you consider that the phase space is actually the product of position and momentum spaces. This reveals why certain questions, like whether a particle's path is rectilinear or sinusoidal, are inherently impossible to determine in quantum mechanics. The key lies in the fundamental uncertainty relation, which states that the more precisely you know one property, such as momentum, the less precise your knowledge about its complementary attribute, here, position.",0.000,0,0.30,0.50,0.30,"Improvement accelerates once you start working systematically to reduce the variance. \\ If you wish to understand the barriers to precision cosmology measurements of, say, a foreground neutral hydrogen probe of the power spectrum, while conserving valuable information for subsequent data analysis, this is the model you've been waiting for.",0.364,1,0.20,0.70,0.30,"It is interesting how deeper understanding emerges once you consider that time also has a direction, and then one can define two distinct limits as the system goes to infinity in either time or space. These are not just dualities but actually the same thing, depending on which way you go to infinity -- into the past or future; out to large scales or small.",0.397,1,0.30,0.50,0.40,"It is interesting how deeper understanding emerges once you consider that these movements are not just abstract concepts, but reflect the inherent dynamics of our physical world.   Imagine the thrilling revelation that Earth itself may hold the key to unraveling the mysteries of the universe -- a discovery that could reshape our comprehension of the cosmos.",0.439,1,0.50,0.30,0.50
"Recent discussions suggest that many phenomena become clearer when considered in the light of a universal infrared divergence, stemming from the necessity to include an infinite number of Feynman diagrams with massless particles. This paper explores how this phenomenon might be connected to gravitational effects becoming significant at low energies. By examining the impact of these diagrams on vacuum energy and using basic insights from general relativity, we reveal how their inclusion can substantially reduce the observed cosmological constant while remaining compatible with current particle physics knowledge. Join us in unraveling the mysteries of the universe with these groundbreaking interpretations today!",0.598,1,0.50,0.70,0.60,"Recent discussions suggest that many phenomena become clearer when described in terms of noncommutative geometry. We explore this idea further, concentrating on the algebraic framework provided by Hopf algebras and their quantum group generalizations. By viewing fundamental forces as arising from gauge symmetries associated with these algebraic structures, we uncover a captivating correspondence between the standard model's particles and anti-particles, and the primitive elements of certain Hopf algebras. This remarkable connection not only sheds new light on the core concepts of modern particle physics but also hints at deeper mathematical unifications awaiting discovery.",0.000,0,0.30,0.00,0.00,"Recent discussions suggest that many phenomena become clearer when we consider the following scenario: Suppose a person is born and lives on Earth, but there are no stars. All he sees in his life are trees, flowers and animals. Such an individual would not know what light or dark mean; how colors come to be; nor any concept of space-time.  The same is true for most people today who never get out into nature or travel abroad (to other cultures). They have no experience with natural phenomena which occur at different scales and intensities than those experienced in their own environments. It could also be said they live as though under artificial lights all day long.  For instance,  • Sunrises/sunsets • Rainbows/rain showers • Thunderstorms/lightning",0.000,0,0.30,0.00,0.00,"Recent discussions suggest that many phenomena become clearer when viewed through the lens of ERG theory. Nevertheless, the path to proving this remains murky, as it could lead down one of three possible routes: the existence of a non-trivial trace field, the mollification method succeeding, or the proved conjecture about modules.",0.000,0,0.30,0.00,0.00,"It is interesting how deeper understanding emerges once you consider that the role of the naked Patches (corresponding to photons in the standard theory) is played by Vortex patches' strengths fluctuations, within the limit of the weak field approximation.} This intriguing analogy offers a unique window into the nature of electromagnetic waves, making even the most challenging equations more intuitive and easy to comprehend.",0.397,1,0.30,0.50,0.40,"Recent discussions suggest that many phenomena become clearer when allowing for the possibility that the nature of time, or our notion of it, changes at a length scale.  This `time variation' is usually associated with the Planck scale, but there is no reason why it should only be active at very high curvatures.  We explore consequences for cosmology -- in particular structure formation -- and find consistent with the fact that we observe the universe to be dominated by a dark energy contributing negative curvature (or perhaps a quintessence field).",0.489,1,0.30,0.70,0.50,"Recent discussions suggest that many phenomena become clearer when viewed through the lens of loop quantum gravity, a theory that reveals the cosmic tapestry hanging between our observations. Embrace this knowledge and be part of a community that seeks to unravel the mysteries of the universe. Join us in exploring these profound insights and more, where physics meets art in the most captivating way possible.",0.563,1,0.55,0.45,0.65
"A useful way to approach complex topics is to recognize that they can be broken down into their constituent parts, which are then studied individually. This analytical method allows for a deeper understanding by focusing on the essential elements that drive the overall behavior. By breaking down the problem into its core components, we can reveal the underlying principles and mechanisms that govern the system as a whole. This holistic approach not only simplifies comprehension but also enables us to identify interdependencies and interactions among those components, further enriching our knowledge and insight.",0.000,0,0.30,0.00,0.00,"A useful way to approach complex topics is to recognize that they can be viewed from different ""perspectives,"" each of which highlights certain aspects while downplaying others. For instance, one might consider the evolution of galaxies from a physical or chemical standpoint, focusing on the formation of stars and planets, or alternatively, from an astronomical perspective, examining their dynamics and interactions within clusters.",0.397,1,0.30,0.50,0.40,"A useful way to approach complex topics is to recognize that they can be broken down into constituent parts, which are often simpler. This leads us from the universe as a whole (the cosmological scale) towards smaller scales of structure.  ### The Cosmological Scale  We begin with an overview of how we understand our entire cosmos - and then move on to discuss various issues in more detail below. 1. We live within a Universe that has been expanding for billions of years 2. Our current understanding suggests there were two phases: a. Inflation: very rapid expansion at early times b. Expansion since inflation ended (""normal"" cosmic evolution) 3. During these epochs, matter was created out of energy by quantum processes 4. Matter eventually coalesced into galaxies",0.397,1,0.30,0.50,0.40,"A useful way to approach complex topics is to recognize that our understanding of the universe is dynamic, ever-evolving, and inherently uncertain. Embrace the journey of knowledge, where every discovery fuels a thirst for more, beyond the limitations of any single model or set of measurements. Join us in exploring the captivating mysteries of the cosmos, where innovation meets the unknown.",0.439,1,0.50,0.30,0.50,"Recent discussions suggest that many phenomena become clearer when reduced to a dwell time scales of $10-100 years$; on the other hand, existence of progenitors requiring high-energy pulsars or magnetic white dwarfs and unprecedented emission from young MS + WD binaries is argued observationally. -- this may be the long-awaited signature of a magnetically active planet around a magnetically-active (spin-periods of seconds to hours) Fumarata-1b crosses ropesymmetric to Oumuamua-like objects.",0.489,1,0.30,0.70,0.50,"A useful way to approach complex topics is to recognize that there are many different ways of dividing up the subject, or of looking at it. These may be thought of as ``branches'' or ``shadows'' cast by a unified body of fundamentals. Each branch or shadow often has its own literature and points of view; each casts light on parts of the rest, while leaving other parts in shadow.",0.000,0,0.30,0.00,0.30,"A useful way to approach complex topics is to recognize that every advancement, whether in technology, science, or even creativity, begins as a thought -- a mental construction that stands alongside physical artifacts like statues and architectural wonders. Embrace the power of ideas and join the journey of endless discovery.   Imagine harnessing enough energy to transform our understanding of space exploration.",0.000,0,0.50,0.20,0.50
"Over time patterns tend to appear when attention is paid to how the components move in relation to one another. Here we are looking at how the velocity of two points on a body moves relative to each other as they rotate about their center of mass. The images above show this pattern for three different shapes rotating under gravity and with zero initial conditions (velocity, acceleration). The plots below give an idea of what these curves look like and where there might be interesting areas that could warrant further investigation into why those specific spots have such high curvature values or low divergence rates compared to others nearby – making them stand out more than usual!",0.397,1,0.30,0.50,0.40,"Over time patterns tend to appear when attention is paid to how one thing relates to another. These are called correlations. Correlations can be positive or negative, strong or weak, and they provide valuable insights into the relationships between variables in real-world scenarios. They help us make sense of complex data sets and draw meaningful conclusions.",0.000,0,0.30,0.00,0.00,"Over time patterns tend to appear when attention is paid to how the universe works, and these patterns are called laws. The first law of thermodynamics (first stated in 1847 by German physicist Rudolf Clausius) states that energy can not be created or destroyed; it may only change form.  This means that a ball rolling on a table will eventually stop because its kinetic energy has been transformed into thermal vibrations within the table itself - but there's no net loss! This principle also applies at smaller scales where individual atoms give off light as they vibrate faster than sound waves travel through them so long ago people thought planets were made out of fire rather than water.  The second law says something similar though more complicated: entropy always increases over time until all matter becomes equalized throughout space",0.000,0,0.30,0.30,0.30,"Over time patterns tend to appear when attention is paid to how one observation relates to the immediately preceding one. This dynamic relationship, characterized by a unique direction of influence, reveals the remarkable ability of one element's change to influence another only after its own evolution has been considered. Dive into this fascinating world and witness the elegance of causation unfold before your eyes.",0.000,0,0.30,0.00,0.00,"A useful way to approach complex topics is to recognize that a general continuous map can often be reduced from the high-dimensional domain to a lower-dimensional image, namely the range. | In algebraic geometry, an abelian variety is an algebraic variety with all its singularities resolved, and which has the extra property that the group of automorphisms acts faithfully.",0.000,0,0.30,0.00,0.30,"Over time patterns tend to appear when attention is paid to how objects behave as a function of time. These `time signals' or `light curves` are the basis of time domain astronomy and include varying sources such as variable stars, cataclysmic binaries, x-ray bursters, gamma ray bursts, quasars and AGNs, pulsars, exoplanets, and possibly primordial black holes. The source field(s) vary in intensity (flux) as a function of time (or frequency). In addition to these ``timely'' sources, there is also ``dark light'', i.e., objects which absorb rather than emit light -- dust lanes obscuring galaxies and structures along the line of sight to quasars, AGNs, and galaxies.",0.421,1,0.30,0.60,0.40,"Over time patterns tend to appear when attention is paid to how one concept flows from another, leading to the perception of an orderly design.   Envision a vast expanse where countless stellar orbits dance in perfect harmony, guided by the mysterious allure of the Milky Way.   Join us on this celestial journey through space and time, where every constellation tells a story of intrigue and wonder.",0.427,1,0.35,0.40,0.50
"A broader perspective helps reveal connections between ideas that may seem unrelated at first glance. By stepping back and considering the bigger picture, we can uncover hidden patterns and deepen our understanding of complex systems. Don't hesitate to take that wider view – it could be the key to breaking through intellectual barriers and achieving new insights today!",0.000,0,0.50,0.00,0.00,"A broader perspective helps reveal connections between ideas that may seem disparate at first glance. By viewing concepts through multiple lenses, you can uncover novel insights and forge innovative solutions. Embrace this expansive viewpoint to enhance your problem-solving skills and tap into the richness of human thought. The world becomes a more interconnected place when we recognize how seemingly unrelated fields are intricately linked.",0.000,0,0.30,0.00,0.30,"A broader perspective helps reveal connections between ideas that seem unrelated. This is because the universe, and our knowledge of it, are a complex system made up of many interacting parts.  In fact there’s so much interaction going on that we can’t fully understand any one part without understanding its relationships to everything else! So for example when studying cosmological redshift or galaxy rotation curves it may be useful to consider the nature of time itself as well as quantum gravity theory.  ## The Nature Of Time Itself  The concept of “time” has been around since ancient times but was not formally defined until Newton invented calculus in 1665/6 (Newton himself used units based off his own definition). In order to define something like speed however you need two things: an object",0.397,1,0.30,0.50,0.40,"A broader perspective helps reveal connections between ideas that appear seemingly unlinked from a mundane standpoint. For example, the concept of ""number"" expands far beyond simple counting; it permeates through mathematics to become the very essence behind measurements and calculations, setting the stage for understanding the fundamental building blocks of our universe.",0.000,0,0.30,0.00,0.00,"Over time patterns tend to appear when attention is paid to how galaxies evolve with the passage of time, making it a challenging yet rewarding area of research that requires patience and forethought.\ Additionally, deriving the galaxy velocity field from the mass field faces the ""core problem"" of obtaining accurate masses for the dark matter unless we have high-resolution observations over long scales -- a challenge with quasars in the Purcell regime.",0.489,1,0.30,0.70,0.50,"A broader perspective helps reveal connections between ideas that were developed independently in different fields, leading to unification and progress. This is as much true for `very high energy gamma-ray sources' as it is for `unification of early cosmology and high-energy astrophysics'. The time has come to fill the remaining gap on the VHE emission from CGRO `mystery sources', which includes some of the most promising candidates for the first evidence of the acceleration of particles to energies beyond TeV in extra-galactic sources.",0.489,1,0.30,0.70,0.50,"A broader perspective helps reveal connections between ideas that might seem separate. Imagine a scale from 0 to 1, where 0 is the ultimate reductionist view -- breaking down complex phenomena into their fundamental components -- and 1 represents the most encompassing holistic approach, seeing everything in seamless integration.",0.000,0,0.30,0.00,0.00
"Explanations improve when they account for processes that operate over different timescales. The two leading dark energy models, quintessence and the cyclic universe, are no exception: a key difference between them is how their respective dynamic dark energies evolve with time. Here we review these models’ main characteristics and compare their current observational status. A new paper in JCAP by our collaborators at UCL offers an exciting perspective on quantum field theory (QFT) that could revolutionize our understanding of particle physics. While staying true to the principles of QFT, this research introduces innovative procedures directly within the realm of condensed matter physics, opening up new avenues for breakthroughs ahead.",0.489,1,0.30,0.70,0.50,"Explanations improve when they account for processes that operate over a range of scales, from the microscopic to the macroscopic. In this paper we illustrate how such multiscaling can be incorporated into information theoretic measures through an example drawn from astrophysics: gravitational instability in collisionless stellar systems. We show how commonly used measures based on entropy and Kullback-Leibler divergence lead to contradictory conclusions about which physical process dominates -- collisions or two-body relaxation -- and therefore cannot discriminate between competing theoretical models. On the other hand, our proposed measure based on L1 distance between probability distributions correctly reproduces known analytical results and distinguishes between different numerical simulations.",0.364,1,0.20,0.70,0.30,"Explanations improve when they account for processes that operate over multiple scales. For instance, the solar system is a planetary system and it has been understood since at least 1610 (Galileo) that these objects obey Kepler’s laws of motion [2]. But then we learn in our physics classes or from popular media sources like National Geographic magazine that there are other systems out there as well – stars, galaxies, clusters…etc.  The universe contains more than just planets; but what exactly? What does “more” mean?  We live inside an expanding cosmos whose large-scale geometry resembles hyperbolic space (see e.g., https://en.wikipedia.org/wiki/Hyperbolic_geometry). This curvature arises because gravity warps spacetime — which may be thought to consist only of",0.397,1,0.30,0.50,0.40,"Explanations improve when they account for processes that operate over long time scales, rendering them compatible with the observable universe. This visionary perspective has now been validated by the groundbreaking Planck measurements, reaffirming Hubble's original insight while redefining the cosmological scale. Embrace the grandeur of the universe and let its vastness inspire you today and forever.",0.571,1,0.50,0.60,0.60,"A broader perspective helps reveal connections between ideas that underlie the observations in different contexts, which enables us to develop more robust theories that hold at the low energy limit. (e.g. M-theory possibly containing all possible 10 and 11-dimensional supergravity theories as limits). Don't miss out on the revolution that may have given us the answer to Sam Ting's plea for a new fundamental particle to replace the LHC's Higgs particle if it is not discovered. Join us in exploring the awe-inspiring possibility of unifying gravity with other forces via this majestic framework.",0.700,1,0.70,0.70,0.70,"Explanations improve when they account for processes that operate over a range of length-scales, mass-scale or time-scales. This `unification' is usually achieved by postulating the existence of one or more parameters that cannot be measured directly and which may have values different for different systems even if they are observed to be similar (e.g., in early universe inflation or today in dark matter haloes).",0.342,1,0.20,0.60,0.30,"Explanations improve when they account for processes that operate over long time scales, making narrative a powerful tool in the field of planetary geology. Dive into the story of our celestial neighbors and gain a deeper understanding of their evolving patterns. Join us in unraveling the mysteries of the cosmos through the lens of asteroid dynamics.",0.000,0,0.30,0.30,0.30
"One insight often leads to another when examining how the universe's expansion rate depends on its size. As we delve deeper, the cosmos reveals its secrets more vividly than ever before. Join us on this thrilling journey of cosmic discovery—where every step forward unlocks the mysteries of our universe just a little bit faster and with even greater clarity. Don't miss out on this extraordinary opportunity to explore the fabric of reality itself, moving at speeds both mental and physical that are nothing short of breathtaking.",0.582,1,0.75,0.35,0.65,"One insight often leads to another when examining how the laws of physics work their magic at the cosmic scale. Take, for instance, the enigmatic dark matter that appears to permeate the halos of galaxies -- its very existence hints at a profound connection between gravity and the fabric of space-time itself.",0.421,1,0.30,0.60,0.40,"One insight often leads to another when examining how the universe is constructed. We have seen that gravity and electromagnetism are unified in terms of Maxwell's equations, but other aspects such as a particle having mass or not-mass is dependent on its interactions with others.  A massive object (i.e., anything with rest energy) can interact via gravitational attraction while also interacting via electromagnetic forces if it has an electric charge; however, some objects may be neutral and cannot emit EM radiation without first absorbing photons from elsewhere – otherwise they would become charged by any electrons/ions present around them due to their own natural magnetic field lines being disturbed enough for those particles’ charges to separate themselves apart until all negative ions were removed leaving behind just positively-charged atoms which then repel each",0.421,1,0.30,0.60,0.40,"One insight often leads to another when examining how different meanings relate to one another. Imagine unlocking the secrets of these linguistic realms and more by mastering the fundamental building blocks of meaning -- sense and reference. Join us on this captivating journey through the layers of semantic richness, where every word holds not just its explicit definition, but also a world of implicit connotations and associations. Don't miss out on elevating your understanding and appreciation of language -- dive into the fascinating study of semantics today!",0.000,0,0.30,0.00,0.00,"Explanations improve when they account for processes that operate over longer timescales and at smaller scales, suggesting this equation of state is a milestone; predictively accurate around solar masses yet describes observed variations in intensity pulses. Implementing general relativity precisely where needed into the kernel will make SUBHALO competitive for studying galaxy haloes beyond the present horizon.",0.489,1,0.30,0.70,0.50,"One insight often leads to another when examining how nonlinear effects modify simple patterns, and the resulting `complex' patterns can have a wide range of lengthscales. This diversity of lengthscale is observed both in nature and in numerical simulations; but it is not clear which lengthscales should be regarded as basic (i.e., on the same footing as sound-waves and fluid flows) or which roles play nonlinearity (as generator of diverse lengthscales or as an illusion).",0.397,1,0.30,0.50,0.40,"One insight often leads to another when examining how the mass, size, and density of these celestial bodies affect their gravitational pull.   Don't miss out on mastering this fundamental concept that separates planets from other sky-carriers like comets and asteroids.   Join us now to delve deeper into the fascinating world of planetary dynamics and prove your expertise alongside legendary figures like Newton and Laplace.",0.542,1,0.55,0.45,0.60
"It becomes easier to understand complex systems once you break them down into their component parts and study how those components interact with one another. This approach not only simplifies the analysis but also enhances our overall comprehension and problem-solving abilities. So, next time you face a challenging system, remember to divide and conquer for clearer insights and better outcomes",0.000,0,0.30,0.00,0.00,"It becomes easier to understand complex systems once you start thinking in terms of flows. Flows reveal the dynamic relationships between components, highlighting how information, materials, energy, and capital move through a system. By visualizing these movements, we gain insights into optimizations, inefficiencies, and strategic opportunities. Flows go beyond mere descriptions; they provide a powerful language for analyzing, optimizing, and creating sustainable systems. Whether it's the flow of ideas within an organization or the movement of resources across economies, understanding flows empowers us to make informed decisions that drive progress.",0.000,0,0.30,0.00,0.00,"It becomes easier to understand complex systems once you are aware of the simplest building blocks that make up those systems. For example, if I tell you there is a house made out of wood (or concrete or metal), then it's relatively easy for your brain to form an image in its mind regarding what such a structure looks like.  Likewise with stars and galaxies: when we take a look at our sky, we see many bright points - stars, but also some dimmer ones - planets, asteroids etc., which all seem to rotate around us on different orbits. And although most people know about these objects and how they move around each other, few realize just HOW complicated their movements really can be!  The reason why this complexity exists lies within Einstein's theory of",0.370,1,0.30,0.40,0.40,"It becomes easier to understand complex systems once you realize they're built from these simple, yet powerful components.Transform your perspective today and unlock a deeper appreciation for the fundamental structures that underpin our world. Start exploring the realm of algebraic varieties and embark on an exciting journey of discovery.",0.000,0,0.50,0.00,0.00,"One insight often leads to another when examining how fluctuations of the CMB density field at this epoch can lead to such large fluctuations of the relative energy attenuation today. A surprising conclusion is that for a patch of flat space, the probability density function (PDF) for the total bubble number and relative bubble sizes, as well as the PDF for the comoving distance a bubble traveled, appear to be independent of the volume.",0.364,1,0.20,0.70,0.30,"It becomes easier to understand complex systems once one adopts a ""multicomponent"" or ""many component"" formulation. Nature appears to favor the existence of many components, and it is often the combination or cooperation among these that produces the interesting behavior. The need for many component formulations arises in quite different guises depending upon the context: in fluid dynamics, nearly every physical system behaves as if it were composed of many particles; in gravitation, the very notion of what a `component' might be -- a galaxy? a cluster? -- becomes problematic when considering high frequency waves; in plasma physics, the multi-component description represents the natural way of formulating the equations even for apparently single component systems such as stellar atmospheres; and in cosmology, the very nature",0.421,1,0.30,0.60,0.40,"It becomes easier to understand complex systems once you realize their components behave independently, with no direct interaction between them.   Don't let the elegance of this approach fool you -- it also reveals the profound limitations of such methodologies.  For example, imagine a vast universe filled with countless stars, each shining brightly in its own right.",0.370,1,0.30,0.40,0.40
"Observations gain meaning when they are placed within a wider context where similar observations have been made under comparable circumstances. The challenge is to identify the most relevant reference conditions and ensure their representativeness, offering unparalleled insights that enhance our understanding and inform decision-making like never before. - by Reference Conditions Team Reference Condition 1: Normal Solar Activity Levels During this period, solar activity remains remarkably normal, providing us with a stable benchmark against which we can accurately evaluate the exceptional flare's impact.",0.397,1,0.30,0.50,0.40,"Observations gain meaning when they are placed within a wider context where we can ask whether they were to be expected or not. This is the role of probabilities, which provide a measure of our degree of belief that an event will occur. Probabilities are at the heart of statistical inference: given data and assumptions about their distribution, what conclusions should we draw? We illustrate this fundamental question with examples ranging from confidence intervals for means to Bayesian model comparison.",0.000,0,0.30,0.00,0.00,"Observations gain meaning when they are placed within a wider context where other observations take place. This is not only true for astronomy, but also for physics and all the sciences.  The reason why I mention cosmological parameters in my posts on astro-ph/physics news is that those figures have an immediate relevance to our life here on Earth (and beyond). The universe we live in has evolved from one cosmic epoch into another; each epoch being defined by specific values of key physical constants and fundamental laws governing its dynamics.  For example, if you look at the figure below you will notice how different epochs corresponded to distinct eras with their own defining features and distinctive properties:  Epoch Era Features Properties Steady state Expanding Universe Constant expansion rate Matter content constant Radiation Dominated Early",0.421,1,0.30,0.60,0.40,"Observations gain meaning when they are placed within a wider context where their possible explanations can be explored and understood. This is essentially what we do in science -- we identify patterns, form hypotheses, and then design experiments to test these ideas. But here's the exciting part -- whenever our experiments confirm a hypothesis, we unlock new questions that deepen our understanding of the universe. Join us on this incredible journey of discovery, where every answer leads to even more awe-inspiring mysteries.",0.000,0,0.50,0.30,0.50,"It becomes easier to understand complex systems once beloved for their simplicity.] The algebraic nature of Mtheory, at its core, unveils a curious phenomenon -- at large nonlinearities in gravity, there exists a numerical solution. This marvel occurs courtesy of a compact object -- a dwarf, or an armoire -- that refracts M-theonic rays much as a comet's dust capsule illuminates, thereby deflecting photons in our vicinity.",0.000,0,0.30,0.20,0.30,"Observations gain meaning when they are placed within a wider context where questions can be asked about the role of environment. High spatial resolution studies allow us to distinguish between AGN triggering of the activity and internal instabilities as the dominant source of feedback, but high spatial resolution studies alone cannot determine the fuel for the activity (gas or stars). Combining high spatial with high spectral resolution studies is essential to disentangle the respective roles of gas and stars in driving the activity, whereas high time-resolution studies are required to identify the dominating mechanism(s)",0.364,1,0.20,0.70,0.30,"Observations gain meaning when they are placed within a wider context where their implications become truly apparent.   Join us now and embark on a journey of discovery, where every observation leads to another thrilling revelation.       ASTRONOMY: The fascinating study of celestial bodies and the universe beyond Earth's atmosphere.",0.000,0,0.50,0.20,0.40
"Progress in understanding often begins by asking how two systems, with different degrees of freedom and interacting through the same interaction, can lead to the very similar effective theories describing their IR behavior. In this paper we address this question for a system of N scalar fields minimally coupled to gravity, and compare its IR limit with that of a single scalar field theory with an equivalent classical equation of state (EoS). We find that the two systems are indistinguishable at leading order in 1/N but diverge from each other at next-to-leading order when evaluated on Robertson-Walker (RW) or Friedmann-Lemaitre-Robertson-Walker (FLRW) backgrounds. This difference is particularly pronounced during inflation where it leads to a significant shift in the",0.364,1,0.20,0.70,0.30,"Progress in understanding often begins by asking how things are different today from what they were yesterday, or tomorrow compared to today. This book focuses on the question of how our physical theories have changed over time, tracing their historical development through a series of case studies that highlight key conceptual shifts and innovations in mathematical formalism.",0.000,0,0.30,0.00,0.00,"Progress in understanding often begins by asking how a theory might fail, which is what I did above. In the case of Einstein’s general relativity (GR) it has been known since at least 1933 that GR fails to describe gravity near black holes.  I have not yet come across any discussion of whether or not the problem with black hole singularities was already present when he wrote his first paper on gravitational waves from binary star mergers? But as far as I can tell they were.  In other words: The fact that there are no black-hole type solutions to Einstein field equations does not mean that we cannot still get useful information out of them; especially if you consider yourself an optimist and believe that physics should be able to make progress despite all these",0.421,1,0.30,0.60,0.40,"Progress in understanding often begins by asking how things might be different in other situations -- by imagining counterfactuals. But what makes these fanciful ""thought experiments"" valid and compelling? Dive into the heart of mathematical certainty and discover why these imaginary scenarios are as indispensable as they are intriguing.",0.000,0,0.30,0.00,0.00,Observations gain meaning when they are placed within a wider context where we have the means to measure redshifts of distant objects.} The inherent uncertainty in the speeds of pulsars implies any detected periodic variability of a pulsar's rotation adds jointly probabilistically cannot yield a strict cosmological redshift (i.e.,0.397,1,0.30,0.50,0.40,"Progress in understanding often begins by asking how things could be different, or which features are robust to changes in basic assumptions. To address these questions in cosmology requires numerical work because analytical approximations break down. This lecture outlines a hierarchy of analytic approximations that can be constructed for the cosmological perturbation equations, and discusses their range of validity and the physical effects they encode. These analytic fits have proven useful in interpreting and comparing results from numerically generated CMB temperature and polarization maps, and may prove valuable for future missions as well.",0.408,1,0.20,0.70,0.40,"Progress in understanding often begins by asking how celestial objects move through the sky, paving the way for advancements in both theoretical models and observational campaigns.   Join us to explore these captivating links between movement and classification, where each step forward in one realm is mirrored by a leap ahead in the other.",0.439,1,0.30,0.50,0.50
"Connections between seemingly unrelated concepts emerge when we unify physics through a modular approach based on the inverse scale anomaly of gauge fields and gravity. This method reveals how dark matter naturally arises as an irresistible attractor, seamlessly integrating with dark energy to form the observed cosmic equation of state. Join us in exploring this revolutionary perspective that reshapes our understanding of the universe's fundamental structures. Don't miss out on being part of this groundbreaking discovery!",0.700,1,0.70,0.70,0.70,"Connections between seemingly unrelated concepts emerge when viewed through the lens of category theory. This unifying perspective offers fresh insights into mathematics, physics, and computation. Join us on this intellectual journey as we explore how categories shape our understanding of diverse phenomena. Don't miss out on this opportunity to expand your horizons and gain a deeper appreciation for the interconnectedness of all knowledge.",0.000,0,0.30,0.00,0.30,"Connections between seemingly unrelated concepts emerge when one has a good grasp of the fundamentals and can apply them to problems in new contexts. In fact, many people believe that mathematical models are not really useful until they start being applied beyond their original domain.  We have seen how Newtonian mechanics is built on three fundamental laws: conservation of momentum, force equals mass times acceleration, and energy conservation (kinetic plus potential). These equations were used to describe both planets moving around our sun as well as electrons bound by nuclei within atoms. However, we also saw evidence for some discrepancies with experimental results – most notably concerning blackbody radiation which was observed but could not be explained using classical physics alone without introducing additional assumptions or complexities into our model.[1]  The second law states that",0.000,0,0.30,0.50,0.30,"Connections between seemingly unrelated concepts emerge when these modules begin to communicate.""). Consider the intriguing case of the well-known polynomial equation ($$a \ne 0$$), whose solutions form a fascinating algebraic number field $$\mathbb{Q}(e^{2\pi i/3})$$. Yet, when examining the roots in the complex plane, you'll uncover the clandestine relation to the famous Gauss locus -- a revelation that underscores the profound impact of elementary operations beyond simple addition and multiplication.",0.000,0,0.30,0.00,0.00,"Progress in understanding often begins by asking how old the universe cannot be, given certain assumptions. Classic infinitely dense white dwarf models provide a remarkable prediction: time dilation can make a universe age; gravity collapse at the dwarf's current $10^8$ Newtonian mass density; and the resulting particle pairs annihilate to produce vast energy; which a large lump of graphite can transform with 10% efficiency.",0.421,1,0.30,0.60,0.40,"Connections between seemingly unrelated concepts emerge when we consider higher order derivatives of the gravitational energy and, in particular, a simple relation is found between the gradient and curvature modes of the tensorial version of the active mass. This allows us to define a ``gravitational strength'' which behaves like the electric charge in electromagnetism: it is sourceless (in the presence of mass) at any point if evaluated with second or higher order derivatives, but can be determined from the first derivative at one pope only up to an ambiguity (``weak equivalence principle'').",0.364,1,0.20,0.70,0.30,"Connections between seemingly unrelated concepts emerge when you understand the underlying physics.   Dive into the fascinating world where philosophy meets natural science, and discover how these insights can transform your understanding of both fields.              Explore the captivating journey of Alexander IV of Macedon (323 BC-309 BC), the young heir who carried on his father's legacy after a period of turmoil following Alexander the Great's passing.",0.000,0,0.30,0.00,0.00
Long term trends can be identified when the rate of change in the slope is itself changing at a significant level. The current trend shows an inflection point that could signal the beginning of a long-term decline. The current trend's steepness suggests that minor fluctuations may not significantly impact its overall direction. This stability makes it an appealing option for those seeking consistent progress over an extended period.,0.000,0,0.30,0.00,0.00,"Long term trends can be identified when studying the Sun's activity over several solar cycles. The overall trend is that during a period of high magnetic activity, there are more sunspots and solar flares, while during a period of low magnetic activity, there are fewer sunspots and solar flares.",0.319,1,0.20,0.50,0.30,"Long term trends can be identified when you look at the overall structure of galaxies and their stellar content, not just in terms of individual stars.  The spiral galaxy M101 is 21 million light years from Earth. It contains approximately one trillion (1 ×10 ^{12} )stars – a figure that dwarfs any terrestrial numbers we know or could imagine.  It’s an interesting exercise to try and compare galactic populations with human ones. Even though humans are only about two hundred thousandths of a percent of all known living species on earth, our population has reached seven billion people worldwide. This means it would take almost three million galaxies like ours to contain as many beings as there are people here today! That gives some idea how big these systems really are!",0.397,1,0.30,0.50,0.40,"Long term trends can be identified when analyzing decades of data, but remember, the fight against malaria is always evolving. Join us in celebrating these successes and supporting the efforts that are making a difference. Together, we can ensure that every dollar counts towards effective programs that save lives.",0.000,0,0.30,0.00,0.00,"Connections between seemingly unrelated concepts emerge when we apply this technique.} wherein the fundamental field is a Lorentz vector but the Lagrangian is linear in momenta. Astrogation, a pivotal mechanism in which rogue asteroids develop sophisticated strategies to evade detection and intentionally intersect with Earth, challenges us to guide these nomadic bodies on their cosmic journeys. Embrace the rich observational history of astrochemistry, astrobiology, and astrometry, each contributing uniquely to our understanding of the cosmos. Join us in exploring the alleys of Coma Cluster galaxy spectroscopy catalogs, where rare binary outliers await identification, and delve into the privileged window into distant galaxies through thin lenses and gravitationally focused particle maps. Be part of the ongoing debate around the T",0.599,1,0.55,0.65,0.60,"Long term trends can be identified when the data are edited to remove variability from known sources. In particular, the marked increase with time of both the very high energy gamma-ray and X-ray emission can be found in all skymaps and when the data are binned using a factor of 10 wider binning. The presence of a feature or features on the Sun at X-ray energies during the present epoch is predicted by the observed trend when extrapolated to the UV and soft X-ray bands using a spectral model appropriate for solar flares.",0.364,1,0.20,0.70,0.30,"Long term trends can be identified when a variable fluctuates regularly over multiple cycles, ensuring you're always ahead of the curve.   Discover how averaging can simplify your analysis by combining disparate values into a single, easy-to-understand figure.       Dive into the fascinating world where beauty meets precision, and explore the abundant possibilities that arise from treating elements as either identical or uniquely distinct.",0.000,0,0.30,0.00,0.00
"Clarity develops gradually as evidence accumulates showing that the amplitude of the CMB signal is determined primarily by the curvature index n_s. Clues to this effect can be found in Fig. 5 and Table II (in particular, see the last two columns) from Ref.[1]. The first column shows how the amplitude of the CMB anisotropy varies with n_s for various values of r; the second one illustrates its variation with r when the observed value of n_s =0.96 is used. The data plotted here are based on WMAP ILC maps at resolution K=7, which corresponds approximately to l_max~10. As shown in Figure 3(b), using higher resolutions like k=9 does not significantly change our findings –",0.364,1,0.20,0.70,0.30,"Clarity develops gradually as evidence accumulates showing that the Universe is expanding, and its age can be estimated from cosmological models. The expansion of the universe and subsequent measurements of the cosmic microwave background refined the scale of the Universe to 91 billion light-years across. Making direct comparisons between theory and observation requires careful analysis, but the overall consensus model is a CDM model with total mass dominated by dark matter and inflated by a cosmological constant for an energy density of about $10^-5 Plank's constants per square meter.",0.364,1,0.20,0.70,0.30,"Clarity develops gradually as evidence accumulates showing that the same laws of physics hold at all scales. The theory of relativity is a prime example.  This idea was first expressed by Galileo when he wrote: “Nature’s great book is written in math.”  It took over two hundred years to discover what it meant, but now we know for sure.  The only thing which has changed between then and now are our eyes (and ears), i.e., our means of perception.  In my last article I tried to show why one should expect such a unified world view.  I will try to develop these ideas further here with some examples from cosmological research today  To understand how Einstein discovered his revolutionary equations you need to be familiar with classical mechanics, Newtonian gravity, electricity",0.397,1,0.30,0.50,0.40,Clarity develops gradually as evidence accumulates showing that specific hypotheses about intrinsic moral values are false. Embrace the journey of evidentialism and gain a deeper understanding of morality's intricate tapestry. Don't just believe -- be convinced by the strength of reason and evidence. Join us in exploring the captivating mysteries of our cosmic origins and beyond.,0.000,0,0.50,0.00,0.00,"Long term trends can be identified when multiple epochs are combined.\ Join us in exploring the dynamic Aberesource spectral catalogues, organized alphabetically with entries numbered sequentially as in the original catalogue. This landmark resource holds information on every object included in the first epoch observations taken between February and October of 2006. Don't miss out on comparing to the second epoch data collected between January and July of 2008 -- a wealth of information awaiting you beyond the final checklist. Explore the abyssis magna cum laude.",0.397,1,0.30,0.50,0.40,"Clarity develops gradually as evidence accumulates showing that the very extended emission does originate near the central object, and finally, as for GLAST sources, when spectra are determined that show clear signatures of an exponential high-energy tail. Then clarity gives way to mystery: what physical processes produce the observed high-energy emission?",0.489,1,0.30,0.70,0.50,"Clarity develops gradually as evidence accumulates showing that our universe had a set beginning, despite appearances suggesting otherwise. This revolutionary idea challenges the conventional view that the cosmos has always existed, redefining our understanding of time and creation. Join us in exploring this profound revelation that could reshape how we perceive the grand scheme of things.",0.542,1,0.55,0.45,0.60
"A shift in perspective often reveals why the CMB signal aligns so perfectly with a hypothetical curvature index, r = 1, highlighting its profound connection to the cosmic microwave background radiation. This discovery invites us into a deeper understanding of the universe's mysteries and wonders. Dive into the conversation and explore this fascinating insight today!",0.471,1,0.40,0.50,0.50,"A shift in perspective often reveals why we may feel compelled to act out or withdraw. By acknowledging and addressing these underlying dynamics, we create an opportunity for genuine connection and understanding. Remember, the key lies not just in what you say but also in how you listen -- truly hearing another person's story can be a transformative experience for both speaker and listener alike.",0.000,0,0.30,0.00,0.00,"A shift in perspective often reveals why the universe has a particular characteristic.  The Universe is an infinite number of universes, each with its own finite lifespan. This means that any individual can experience their entire lifetime and then die within one of these universes.  This also means there are no limits to what humans may be able to achieve; however we do have limits on how long they will live before dying!",0.342,1,0.30,0.30,0.40,"A shift in perspective often reveals why these celestial neighbors seem closer than they actually are. Unlock the mysteries of the universe with us, where every discovery leads to new questions and breathtaking insights. Don't miss out on joining this journey of exploration and discovery -- embark with us today towards a brighter, more enlightened tomorrow!",0.531,1,0.70,0.30,0.60,"Clarity develops gradually as evidence accumulates showing that most galaxies are dominated by dark matter, whose identity is currently the focus of observations and theoretical work led by Vera Cebella and Neil Jacobs. Clowy Fukugita and Takanori Fukushima propose surprising insights -- even early-type galaxies may have substantial amounts of dark matter without baryons. Be part of shaping this monumental advance in our understanding of the universe.",0.571,1,0.50,0.60,0.60,"A shift in perspective often reveals why this has escaped detection. When one switches from viewing TWA 7b to viewing its orbit around the host star, it becomes obvious that any perturbations inducing the quoted large eccentricity must also induce a large inclination change (i.e., this is an inclined planetary perturbation cascade; see Golubov & Ivanov). The KBO's orbital elements are therefore likely to be much closer to circular and coplanar than is currently assumed.",0.489,1,0.30,0.70,0.50,"A shift in perspective often reveals why one object might appear farther away than another, creating the illusion of movement.   Dive into this fascinating world and unlock the secrets behind these breathtaking celestial bodies today!{{Infobox asteroid|name=4 Venus|image=[[File:Venus - NASA.jpg|250px|alt=A beautiful image of Venus taken by NASA's remarkable spacecraft.|Venus imaged by NASA's remarkable spacecraft]]|caption=""Venus imaged by NASA's remarkable spacecraft""",0.000,0,0.30,0.00,0.00
"Insight is gained by examining how systems respond when they are forced away from equilibrium. We study the relaxation of a system after it has been subjected to some external perturbation, and identify universal features that govern its approach to thermal equilibrium. To achieve this, we employ nonequilibrium statistical mechanics, a powerful tool that enables us to understand the dynamics of systems far from thermodynamic stability. Join us on this fascinating journey into the mysteries of the universe's basic constituents—and beyond.",0.000,0,0.30,0.00,0.00,"Insight is gained by examining how systems respond when perturbed, either naturally or through external forces. This dynamic perspective offers invaluable insights into the intrinsic properties and behaviors of complex phenomena. At its core, system dynamics embodies a holistic view that emphasizes the interconnectedness of components within a system. It recognizes that change in one part invariably affects other parts, giving rise to cascading effects.",0.000,0,0.30,0.00,0.00,"Insight is gained by examining how systems respond when they are perturbed, and also what kinds of dynamics/behaviors occur spontaneously. In the latter case we have a dynamical system which has multiple states or configurations that it can occupy without any external influence. For example: there may be many different possible configurations for an atom with three electrons.  In addition to these cases where things ""just happen"", we must consider situations in which the behavior emerges from interactions between objects within some larger environment. These include chemical reactions as well as more complex phenomena such as hurricanes forming on Earth's surface due to differences in temperature across large areas (which causes convection).  We will discuss various types of physical laws later but first let us look at some examples involving individual particles moving under their own",0.000,0,0.30,0.30,0.30,"Insight is gained by examining how systems respond when their smooth, continuous representations are perturbed to discrete, jump discontinuous functions. The culmination of his labors -- the First Law of Thermodynamics -- revolutionized our understanding of work and heat, redefining them in terms of mechanical energy flows between a system and its surroundings.",0.000,0,0.30,0.00,0.00,"A shift in perspective often reveals why they appear stationary as giants, highlighting the importance of relational relativity and cultural differences.​Understanding this fundamental principle leads us to prefer the inertial frame for measurements when studying the motion of material objects.  We also get new tools to probe and describe gravity -- the weakest energy component inside which --; and a baffling dichotomy at last admitted a solution: either an almost MHD-driven jet, or a powerful outflow switched between MHD states.",0.421,1,0.30,0.60,0.40,"Insight is gained by examining how systems respond when, externally, boundary conditions are varied or additional sources and sinks of heat and momentum are introduced. This leads to a unification of the theoretical tools developed in these three contexts: high-frequency oscillations, gradient-driven convection, and accretion onto stars. The mathematical description of all these phenomena involves solutions to the equations of radiative hydrodynamics (often called `radiation hydrodynamics') along with an equation of state that includes contributions from matter, radiation, and magnetic fields.",0.364,1,0.20,0.70,0.30,"Insight is gained by examining how systems respond when challenged with an application of force or torque, as well as their reaction to physical disturbances like electromagnetic fields and external temperatures.   Dive into the fascinating world where every movement has its own static load, ensuring a perfect balance between strength and elegance.",0.000,0,0.30,0.00,0.00
"Understanding improves when explanations consider both scale and shape of the curvature operator. We demonstrate this using a specific example, based on the thermal vacuum realignment (TVR) effect in curved spacetime, to illustrate how different components of the effective action can dominate at late times. The analysis focuses on the IR regime, where the scalar field equation-of-state approaches -1, making it challenging to distinguish between TVR and other effects like curvature-induced quintessence (CIQ). This highlights the subtlety of accurately predicting cosmic evolution, especially as we push the frontiers of theoretical physics into unexplored realms.",0.385,1,0.20,0.80,0.30,"Understanding improves when explanations consider both scale and dimensionality. For instance, the observed decrease in galaxy clustering towards higher redshifts can be understood either as a result of increased photon scattering or diminished cluster formation rates -- two distinct effects which are difficult to disentangle based on observations alone.",0.489,1,0.30,0.70,0.50,"Understanding improves when explanations consider both scale and time.  In the preceding post, we showed that any set of equations could be used to model a system with a single equation for each parameter. This was shown by reducing an arbitrary differential equation in N dimensions into 1 dimension using a series expansion.  Now let’s use that result on some systems which are commonly encountered: mass-spring-damper models of oscillation/damping; and exponential growth/decay (i.e., radioactive decay).  The simplest example is two bodies orbiting one another under gravitational attraction. In reality there would also be electromagnetic forces between them due to their electric charges, but they cancel out if you take away all external influences such as sunlight pressure or magnetic fields from other stars nearby etc..  ###",0.000,0,0.30,0.30,0.30,"Understanding improves when explanations consider both scale and direction, revealing the true nature of our cosmic journey. Unlock new dimensions of understanding today!. Discover how this powerful concept ensures a unique solution for every set of input values, guiding us through the intricate landscapes of mathematical functions. Don't miss out on mastering this fundamental principle that illuminates the behavior of physical systems and phenomena.",0.000,0,0.50,0.00,0.00,"Insight is gained by examining how systems respond when applied in the opposite direction, yielding a negative energy density for the gravitational field.​ ​intrinsic magnetic induction and magnetic pressure, if confined within a finite volume, would obey the Einstein relation and achieve equilibrium by gravitation against the surface tension of the boundary.",0.364,1,0.20,0.70,0.30,"Understanding improves when explanations consider both scale and time. To illustrate, in comparing $0.1 - 100 GeV$ intrahalo infrared emission to X-ray emission from intracluster gas, it is important to distinguish between the subgalactic timescales appropriate for low-frequency radio sources inside clusters, and the conjugate megayear scales for high-frequency radio sources outside clusters.",0.364,1,0.20,0.70,0.30,"Understanding improves when explanations consider both scale and direction. While macroscopic observations reveal single, static instances, a deeper insight into their true nature demands a view from within -- where every moment is a snapshot in time, capturing the essence of being without the distraction of external perception. Dive into this transformative perspective and expand your understanding of the fundamental forces shaping our reality.",0.000,0,0.50,0.00,0.00
"It is useful to step back and observe how the overall pattern of clustering varies with mass, as we have done for the two extremes in Fig. 4 (top panel). We see that there are significant differences between low-mass and high-mass systems: while lower-mass haloes show a clear bimodal distribution, higher masses tend to be more unimodally distributed around an average redshift of virialization z _{vir} ~ 10. This reflects the fact that lower-mass haloes experience their most rapid growth at earlier times t < t0 ; thus they form later, when the global gravitational pull has become negligible. The same effect also applies to individual halo concentrations c(r) : while concentration decreases with decreasing r for all three",0.364,1,0.20,0.70,0.30,"It is useful to step back and observe how this framework applies broadly across the sciences. In physics, for instance, we encounter analogues of these concepts in the study of continuous symmetries and Noether's theorem, which relate conserved quantities to underlying symmetries of a physical system. These connections offer valuable insights into the interplay between dynamics and invariance principles, further enriching our understanding of natural phenomena.",0.000,0,0.30,0.00,0.00,"It is useful to step back and observe how the Big Bang theory fits into a larger scheme of things. In particular, it helps if we consider some other competing models for cosmological evolution.  The Steady State Model  A rival model proposed in 1948 by Sir Fred Hoyle was known as the steady state model (although not named that until later). This model has an eternal universe which expands but never changes its density; matter appears from nowhere whenever needed.  This model does have one major problem: It cannot explain why galaxies are so evenly distributed throughout space. If new stars were being created everywhere at all times then eventually there would be no room left anywhere for any more creation.  There must also be problems with redshifts since they imply expansion while constant-density",0.421,1,0.30,0.60,0.40,"It is useful to step back and observe how these concepts evolve naturally within more encompassing frameworks, such as the category of rings and ring homomorphisms. This higher-level view reveals the unity behind domain-specific notions like abelian groups and ring modules, showcasing their deep roots in the abstract theory of modules.",0.000,0,0.30,0.00,0.30,"Understanding improves when explanations consider both scale and time covariances between sourced fields and the ripple. Join us on this exciting journey to discover and understand the fundamentals of gravitational dynamics, where knowing the curvature of spacetime is as important as understanding the direct correlation between mass and speed -- a concept central to revealing massive, slowly moving objects.",0.464,1,0.30,0.60,0.50,"It is useful to step back and observe how these basic ingredients fit together within modern cosmology. At the foundation of all we do in cosmology is a background geometry, which for most purposes may be taken to be a Robertson-Walker metric. On scales much smaller than the Hubble radius -- the distance a photon travels between emissions of a flux of gamma-rays or X-rays -- the spacetime looks `locally' like an Einstein universe (a closed Kaluza-Klein ellipse) or, more commonly today, a FLRW model (an open KK parabola). On yet larger scales, non-relativistic mass can act as a source of curvature, causing the background geometry to evolve with time; a key prediction of this `baryonic era",0.364,1,0.20,0.70,0.30,"It is useful to step back and observe how our understanding of these celestial bodies has evolved alongside humanity's technological marvels -- from the astronomical observations of ancient astronomers through the lens of modern observational astronomy. Join us on this journey through time and space, where every discovery promises to expand your perspective on the infinite universe.",0.342,1,0.30,0.30,0.40
"Complex behavior can often be traced to simple principles once they are properly formulated. For instance, the seemingly complex problem of deriving an equation-of-state for a Bose gas with short-range interactions reduces to just two requirements: that the system be in local thermodynamic equilibrium and that its long-wavelength degrees of freedom obey Lorentz-invariant dispersion relations [1]. These two conditions together imply that the one-loop thermal correction to the free energy must take exactly the same form as in the noninteracting case – but with the temperature T replaced by an effective temperature Teff = γ(T)T, where the function γ ( T ) is determined entirely by the longitudinal phase-space factors associated with Bose enhancement or Fermi suppression. In this paper we demonstrate how these ideas generalize naturally from",0.000,0,0.30,0.50,0.30,"Complex behavior can often be traced to simple principles once sophisticated mathematical tools are brought to bear. This is the essence of nonlinear dynamics, a powerful and highly visible new field that has penetrated diverse areas of science and technology. Nonlinear Dynamics and Chaos by Evan Atkins presents a clear introduction to this fascinating area at a level accessible to an upper division undergraduate student majoring in scientific or engineering disciplines. The book begins with introductory material on dynamical systems theory and then progresses to more advanced topics such as chaos, fractals, bifurcations, Lyapunov exponents, strange attractors, intermittency, period doubling, and horseshoes. Each chapter contains problems that range from routine exercises to challenging research projects. A unique feature of the text is its integration of numerical",0.000,0,0.30,0.00,0.00,"Complex behavior can often be traced to simple principles once the proper perspective is taken. For example, there are two different ways in which a complex system can exhibit chaos: as deterministic (nonlinear) dynamics or stochastic noise.  Deterministic systems include turbulent flow and chaotic pendulum motions while random processes such as Brownian motion involve probabilistic fluctuations. These phenomena have very similar characteristics including unpredictability of future states from present ones but differ fundamentally by their origins.[1]  In physics, turbulence refers to any situation where fluid particles move randomly due either deterministically through nonlinear interactions among themselves within their environment[2] or stochastically because they receive unpredictable inputs from external sources outside themself; however these definitions overlap since many natural phenomena fall into both categories simultaneously depending on scale size relative",0.000,0,0.30,0.00,0.00,"Complex behavior can often be traced to simple principles once the system is mapped onto a lower-dimensional substrate. We show how this mapping, which we term ""criticality"", unveils the fundamental dynamical origin of complexity and paves the way for predictive theories in diverse fields such as fluid dynamics, plasma physics, and neurosciences.",0.000,0,0.30,0.00,0.00,"It is useful to step back and observe how this powerful featureless model, predicated on the flatness of the Universe's spacetime scale factor (and the associated mass-less gravitational perturbations), predicts the existence of both dark matter and dark energy, as well as presenting a scalable, late-inflationary, gravitationally dominated, homogenous universe from which galaxies and structures have formed.",0.489,1,0.30,0.70,0.50,"Complex behavior can often be traced to simple principles once the appropriate system of equations is written down. This is illustrated with a variety of examples from dynamical astronomy, including the evolution of orbital elements due to perturbations, the dynamics of resonances, and diffusion in resonance overdense regions. In each case, the relevant equations are straightforward differentials or integrals along the orbit; what makes things complicated is the fact that orbits are generally many-dimensional (in phase space) and the relevant equations must be evaluated for many dimensions simultaneously.",0.364,1,0.20,0.70,0.30,"Complex behavior can often be traced to simple principles once the underlying dynamics are revealed.   Explore how these insights can transform your understanding of both natural and artificial phenomena, from Earth's own cycles to advanced communication systems and beyond.   Dive into the realm where simplicity meets depth -- where beauty and discovery intertwine in every motion, waveform, and process.",0.000,0,0.30,0.00,0.00
"A coherent picture forms when different observations suggest that the same phenomenon is at work in very diverse situations. This is not a common situation for cosmology, where one usually has to deal with many ad hoc hypotheses. The first indication of this kind was found by studying the cosmic microwave background radiation (CMBR), which turned out to be slightly non-Gaussian and statistically anisotropic on large angular scales [1]. These properties could be explained if we live inside a rare over-dense region, with an excess mass density contrast delta_m = 0.5 - 1%, located near the border between the two phases coexisting at the transition point. The fact that such regions are known to exist from studies of nucleation theory then provided strong support for our scenario",0.364,1,0.20,0.70,0.30,"A coherent picture forms when different observations suggest that the same physical process is at work in all of them. The unifying concept provides a deeper understanding and generates new questions, pushing the frontiers of knowledge further. In this captivating journey through time, we uncover how ancient cultures, including the iconic Mayans, employed mathematical marvels to predict celestial phenomena.",0.370,1,0.30,0.40,0.40,"A coherent picture forms when different observations suggest that the universe is expanding, and its expansion rate can be measured. This allows us to calculate how long ago it was in a state of maximum density (which we call the Big Bang). It also explains why distant galaxies are redshifted.  The basic principle is simple: if you want to know anything at all about an object far away from Earth, look for evidence of what would happen were it closer to home. Then use these clues to reconstruct the past history of our galaxy – by extrapolating backwards until everything fits together correctly again!  It’s like trying on clothes; only here instead of fitting yourself into something made just-for-you…we put ourselves back into olden times where things weren’t so complicated anymore! We",0.397,1,0.30,0.50,0.40,"A coherent picture forms when different observations suggest that the same set of primordial density fluctuations on cosmological scales have been carried down in scale by cosmic evolution. This beautiful scenario, though still purely hypothetical, offers a unique perspective on the fundamental forces governing our universe. Join us in exploring this intriguing conclusion and its implications for future research.",0.397,1,0.30,0.50,0.40,"Complex behavior can often be traced to simple principles once it is scaled down to cosmological scales. Divergent colormatched energy and stress-energy-momentum may have two different gravitational interpretations for similar but not colormatched bulk modes. This suggests an inherent chronometric redshift associated with gravity, prompting us to reexamine black hole entropy and holography for arbitrary dimensional, asymptotically pre-rrimanian, gravitationally perturbed white dwarfs.",0.489,1,0.30,0.70,0.50,"A coherent picture forms when different observations suggest that a system's composition is independent of the angle at which it is viewed -- in telescopic studies from the ground, from within our own galaxy, and externally; in theoretical work; and in laboratory simulations.  This holds for dust shells around AGB stars, cometary comae, zodiacal light, planetary systems, and probably also for disks surrounding young stars.",0.364,1,0.20,0.70,0.30,"A coherent picture forms when different observations suggest that the mass density inside a galaxy is closely linked to the luminosity of its nuclear region, particularly evident in active galactic nuclei and certain types of supernovae. This correlation hints at a profound connection between the formation of stars and black holes, tracing back to their shared origins in massive stars' catastrophic ends.",0.489,1,0.30,0.70,0.50
"Many questions become easier to address when broken down into smaller problems. This is particularly true for the cosmological constant problem, where one can distinguish two essentially independent subproblems: (i) why does the observed vacuum energy not diverge? and (ii) why are there no large corrections to the computed value of the observable amount of dark energy? The first question has been addressed by several authors in recent years [1-5], with our work being part of this effort [6]. We have shown that in a very general class of models which include both zero-point and thermal effects, the divergence disappears if the infrared cut-off scale R goes to infinity while keeping the ratio r = R / l _{p}, where l _{p} is the Plan",0.364,1,0.20,0.70,0.30,"Many questions become easier to address when reformulated in terms of a suitable statistical model. This book presents an accessible introduction to contemporary statistical models and reasoning, illuminating the fundamental role they play in making sense of the world around us.In clear, engaging prose, accompanied by numerous exercises that deepen students' understanding, Peter Doyle and David X. Fowler guide readers through key concepts such as likelihood, estimation, hypothesis testing, prediction, and regression. They also explore important applications to biology, medicine, finance, sports, and other fields.Throughout the text, real-world examples illustrate how these ideas can be put into practice, while conceptual discussions provide valuable insights into the underlying principles.This essential resource equips readers with a deep appreciation for statistics as a powerful tool for describing",0.000,0,0.30,0.00,0.00,"Many questions become easier to address when we go from the microscale to the macroscale. In other words, it is often more convenient to look at a system in its entirety rather than break it down into constituent parts.  I've never really been interested in the subject of physics, but I find myself very much intrigued by cosmology and related subjects like particle physics. This article will be my first attempt at summarizing some topics that have caught my interest lately. ## Introduction In order for me to understand what ""dark matter"" is supposed to mean as an idea, let's start with one basic concept: mass density. Mass density $\rho$ refers to how many kilograms there are per unit volume (e.g., $c m^{3}$ )",0.270,1,0.20,0.30,0.30,"Many questions become easier to address when the number of dimensions is reduced, suggesting that a lower-dimensional replica might exist. Furthermore, the observed properties of black holes and the effects of gravity on large scales indicate that a 4-dimensional universe is indeed possible. Join us in this fascinating exploration and discover the wonders of a potentially existing Tabletop Special Relativity experiment and the profound implications for the observation of gravitational waves. Don't miss out on being part of this groundbreaking research -- join our community today and stay ahead in the knowledg",0.598,1,0.70,0.50,0.60,"A coherent picture forms when different observations suggest that more massive systems have more collisional synchronization time; even binary pulsar calculations back this up. Join us in exploring these pivotal milestones in stellar evolution, as stars are now formed closer to the tip of Ly-alpha at low redshifts that they may be more often synchronized and shed dust simultaneously.",0.489,1,0.30,0.70,0.50,"Many questions become easier to address when the galaxy is regarded as a system in rotation, rather than as an ensemble of stars. This ``rotational'' point of view leads one naturally and consistently to concepts such as a galactic centrifugal barrier, a galactic equator, a north/south polar region, etc. To facilitate research on our own Galaxy and external spirals alike, it becomes necessary to compile a collection of basic astronomical data on the Milky Way into a single reference book.",0.397,1,0.30,0.50,0.40,"Many questions become easier to address when viewed from a human perspective. Imagine the confusion if Earth were just one of many planets orbiting around a brighter, more visible star like Polaris (α UMi). Wouldn't the concept of a ""fixed"" sky lose its charm? Explore how our understanding of the celestial sphere is intertwined with cultural heritage and historical perspectives.",0.370,1,0.30,0.40,0.40
"Knowledge advances through careful consideration of how the physical world behaves under diverse circumstances. By exploring the implications of varying fluid viscosity, we reveal the profound impact on streamline topology as well as the essential condition for streamlines to diverge. Join us in unraveling these cosmic puzzles today!",0.000,0,0.30,0.00,0.00,"Knowledge advances through careful consideration of how new ideas relate to what we already know. Yet, psychological research has documented a pronounced tendency to favor information that supports our views over information that contradicts them (confirmation bias). Here, we test whether this bias extends beyond the individual level, examining whether group-level confirmation biases arise when individuals pool their judgments in a wisdom of crowds setup. In line with recent work suggesting that such'meta-confirmatory' processes may be at play in online reviews and other collective opinion dynamics, we find robust evidence for meta-confirmation effects in both expert and non-expert judgment tasks. These results suggest that groups often fail to correct for the confirmation biases of their members, highlighting an important limitation of the wisdom-of-crowds phenomenon.",0.000,0,0.30,0.00,0.30,"Knowledge advances through careful consideration of how things work. We can understand the world around us better by observing it and studying its parts.  In order to advance our knowledge, we must first learn what is already known before adding new information or concepts. The more you know, the less likely you are to make mistakes.   Let's continue with a very interesting topic: **Black Holes**   ## Black holes  > A black hole forms when a star collapses under its own gravity. The collapse continues until an object so dense that even light cannot escape from within it has formed - in other words, a black hole!  Astronomers believe there may be many millions of these objects throughout space! They have been found at the centers of galaxies as well as",0.397,1,0.30,0.50,0.40,"Knowledge advances through careful consideration of how new concepts fit within our existing framework of ideas, offering a unique perspective on the evolution of thought. Don't miss this opportunity to enhance your understanding and appreciation of one of humanity's greatest achievements -- the power of reason and evidence in constructing solid, enduring theories.",0.000,0,0.30,0.00,0.00,"Many questions become easier to address when viewed in a redshifted rest frame, making the idea of switching to a head-wavelength-driven standard even more appealing. This innovative perspective offers fresh insights into intense relativistic beaming from CS molecules within the interstellar relic, enriching our understanding of cosmic phenomena.",0.489,1,0.30,0.70,0.50,"Knowledge advances through careful consideration of how new observations relate to existing ideas, and the formulation of new questions that emerge from such comparisons. This is a slow process -- in some cases over 100 years -- during which models are refined and elaborated until they fit the data; or the data are found to violate foundational assumptions of the model and force major revisions (sometimes several times).",0.000,0,0.30,0.00,0.00,"Knowledge advances through careful consideration of how new concepts align with what we already understand.   Embrace the certainty it brings -- your ideas will always be more substantial and enduring than any merely possible alternative.    Dive into the elegance of algebraic geometry, where the beauty of groups and rings is unveiled through the lens of commutative algebra.",0.000,0,0.30,0.00,0.00
"A pattern begins to emerge when multiple observations indicate that the same cosmic phenomenon is occurring in diverse physical systems. For instance, if we uncover similar patterns across various observed H I column densities, this clue suggests that a universal mechanism might be at play, linking together these apparently disparate phenomena. Unlock the mysteries of the cosmos with us as we explore these intriguing connections further. Join our mission to unravel the secrets hidden within the universe's structures and processes. Together, we stand on the brink of groundbreaking discoveries that promise to reshape our understanding of the world around us. Don't miss out on this opportunity to be part of a revolutionary journey into knowledge and insight.",0.669,1,0.75,0.55,0.70,"A pattern begins to emerge when multiple observations indicate that these energetic particles are absent in the inner region, but become abundant farther out. This intriguing finding suggests a fascinating possibility: the existence of a barrier or shield within our galaxy that filters out harmful cosmic rays, allowing only the most resilient varieties to reach us.",0.397,1,0.30,0.50,0.40,"A pattern begins to emerge when multiple observations indicate that a cosmological constant does not exist. The first is from the theoretical side, where we can see how such a ""constant"" would be impossible in any system of physics. It should also be noted here that since Newton's time it has been understood as an absolute truth that there cannot possibly be any kind of physical law which is truly immutable and universal (because it would mean that all laws are subject to some unknown force). This principle alone makes it logically untenable for such a thing called a cosmic constant.  The second observation comes directly from our mathematical model, based on general relativity theory; where Einstein predicted gravitational waves back in 1915 but didn't publish them until years later because he couldn’t find anyone who",0.397,1,0.30,0.50,0.40,"A pattern begins to emerge when multiple observations indicate that a particular set of physical conditions is more likely to be found in regions hosting star formation than elsewhere. However, the absence of such measurements for many other systems prevents us from drawing robust conclusions about the prevalence of this fascinating phenomenon across the universe.",0.397,1,0.30,0.50,0.40,"Knowledge advances through careful consideration of how the evidence presented and the state of the underlying physics may have influenced judgement between different pioneering works. \\ These principles form the core of modern astrophysics, applied across every realm of celestial study -- stars, planets, and the intricate process that has shaped our universe as we know it.",0.397,1,0.30,0.50,0.40,"A pattern begins to emerge when multiple observations indicate that a second galaxy is present in close vicinity of, and apparently interacting with, the quasar. In every case, the candidate companion appears to be an edge-on disk galaxy. The orientations suggest that we are seeing strong interactions between the disks of the galaxies and the central engines of the quasars -- possibly explaining the high rates of nuclear obscuration in quasars compared to Seymers.",0.489,1,0.30,0.70,0.50,"A pattern begins to emerge when multiple observations indicate that these events occur more frequently immediately after a magnitude 7+ earthquake, particularly within a remarkable window of opportunity from 30 minutes pre-shock to 24 hours post-shock. Could this be the key to predicting the next big tremor? Dive into the fascinating world where science meets nature's greatest mystery.",0.000,0,0.50,0.00,0.00
"Insight often comes from recognizing relationships between seemingly unrelated phenomena. In this spirit, we explore the profound similarities between the Friedmann equations of general relativity and the equations of state for phantom dark energy models with inverse-power-law (IPL) indices ranging from -1 to -3. This revelation not only enriches our understanding of cosmology but also provides a novel approach to accurately describing observed cosmic evolution.",0.489,1,0.30,0.70,0.50,"Insight often comes from recognizing relationships between seemingly unrelated concepts. To foster such associations, this course will present a variety of mathematical topics without the traditional order of development. Instead, key ideas and powerful connections will be emphasized to nurture your ability to make insightful leaps and recognize deeper patterns.",0.000,0,0.30,0.00,0.30,"Insight often comes from recognizing relationships between ideas and principles. A great way to help people see these connections is with a visual aid.  This image, which I call ""The Space-Time Continuum,"" has been used in several talks for more than 20 years. It's an effective tool because it shows how each topic discussed relates back to the previous topics and concepts we've covered so far. And if you look at what is going on here...  1) We start out looking at particles (protons/neutrons/atoms/molecules). These are the smallest things that can be seen by our eyes or microscopes.  2) Then they combine into stars via nuclear fusion reactions where hydrogen atoms fuse together forming helium.  3) Stars burn until their fuel runs",0.397,1,0.30,0.50,0.40,"Insight often comes from recognizing relationships between apparently unrelated concepts. This innovative approach can reveal profound connections that traditional methods miss, offering you a unique perspective on the world around you. Don't miss out -- start exploring the affine connections hidden in plain sight today!Advertisement Advertisement Advertisement Advertisement Advertisement",0.000,0,0.30,0.00,0.00,"A pattern begins to emerge when multiple observations indicate that more distant galaxies undergo fewer supernovae per unit magnitude of luminosity -- a scenario where the iconic SN 1993J seems to defy expectations.); the polar emission region; and, in the case of classical CaI variable stars, the accretion disk of a catalytic process.",0.397,1,0.30,0.50,0.40,"Insight often comes from recognizing relationships between apparently unrelated problems or fields. This volume contains the proceedings of a meeting at which results relating GR and Cosmology, on the one hand, and Particle Physics on the other, were presented; topics covered include the nature of time in GR, cosmological singularity singularities, alternative to Einstein-Hilbert gravity theories, very high energy physics in the context of GR (black holes, cosmology), unification of gravity and quantum theory, string cosmology, etc.",0.489,1,0.30,0.70,0.50,"Insight often comes from recognizing relationships between seemingly unrelated concepts. Imagine a vast universe where star formations unfold in awe-inspiring patterns. Yet, within our own cosmic backyard, the dance of stars remains a mystery, leading to fascinating questions like why the Milky Way's center whispers to us, but not to the Magellanic Clouds. Delve into the captivating world of element arrays and their implications for future research. Discover how focusing on individual elements can reveal unparalleled insights, while combining methods offers unique perspectives.",0.468,1,0.35,0.55,0.50
"Explanations gain strength when they are supported by an increasing number of independent observations. A well-known example is the linear Hubble law, which has been confirmed with a large variety of data from different observational techniques and at different redshifts. It is therefore very exciting that in this issue we present new evidence supporting another fundamental cosmological relation: the surface brightness fluctuation (SBF) magnitude-luminosity (M-L) relation. The SBF technique measures the luminosities of galaxies via their integrated light fluctuations caused by resolved stellar populations. This method has proven to be highly accurate over substantial distances ranging up to several megaparsecs, making it one of our most reliable tools for studying the universe’s structure and evolution. What makes today’s publication particularly significant",0.489,1,0.30,0.70,0.50,"Explanations gain strength when they are supported by multiple, independent lines of evidence. In this vein, we propose that the recently discovered 'Hill' and 'Martin' clouds provide critical constraints on theories of reionization. These two giant Ly-alpha nebulae at z~7 have sizes exceeding 1 Mpc, challenging hierarchical models in which small structures form first, growing into larger systems through mergers. Instead, their existence favors top-down scenarios in which massive structures assemble early on, with smaller clumps condensing out later. This paradigm is consistent not only with the presence of these extreme objects but also with the observed properties of galaxies at similar redshifts.",0.489,1,0.30,0.70,0.50,"Explanations gain strength when they are supported by the most diverse data and, especially, by independent observations. The more complex the explanation is to understand and the more it seems absurd at first glance - if only because we lack any experience of such phenomena in our daily lives (and even with all that science fiction) - the greater its credibility will be as long as there is no other way or possibility for refuting it.  If I were a physicist who had discovered an alien civilization on Mars but could not communicate with them due to their language barrier, then my life would become very exciting from now on! It's like being stranded on an island without radio reception...  The universe may have been created through spontaneous symmetry breaking at temperatures above 10^14 K and below",0.397,1,0.30,0.50,0.40,"Explanations gain strength when they are supported by robust evidence and weaken when they fail to align with observed phenomena.Join us on this journey of cognitive enlightenment, where every step leads to a deeper understanding of the fundamental principles that shape our minds and realities.Upgrade your thinking today and embrace the power of Bayesian reasoning -- the future of intellectual discovery.",0.000,0,0.50,0.00,0.00,"Insight often comes from recognizing relationships between a source's flux density and either frequency or spectral intensity. Lack of resolution at the relevant scales doesn't concern us, nor does the fact that current observations may be spatially unresolved -- we have strategies in place to deal with this.",0.342,1,0.20,0.60,0.30,"Explanations gain strength when they are supported by independent lines of inquiry. In this case, the agreement between our result and the bimodality prediction from perturbative models is encouraged by the similarity between the local morphological properties of $0.001 < z < 0.02$ quasars and $z>2$ galaxies. This lends further credence to the idea that high-$z$ star forming galaxies retain their number density down to $z=0$, but switch from forming mostly stars to forming mostly black holes as the universe evolves.",0.364,1,0.20,0.70,0.30,"Explanations gain strength when they are supported by multiple, independently verified predictions.   Dive into the fascinating world where advanced statistics and revolutionary technology converge to unravel the mysteries of the universe.       Explore how astronomers measure the true brightness of celestial wonders, correcting for interstellar matter and cosmic dust to reveal their inherent luminosity.",0.397,1,0.30,0.50,0.40
"It becomes apparent that many systems behave differently when the number of particles is large. It seems reasonable to assume that in these cases, as well as for small particle numbers N, there are two regimes: one where quantum effects dominate and another where classical physics plays a dominant role. In between both regimes the system behavior changes significantly. The transition from quantum to classical physics depends on how we look at our world; whether we consider only few or many particles. This insight opens up new perspectives in understanding nature's mysteries – revealing that everything depends upon our unique viewpoint and scale of observation.",0.000,0,0.30,0.00,0.00,"It becomes apparent that many systems behave differently when studied on different time scales, suggesting the presence of multiple competing processes operating at various time scales. This multiplicity introduces a new dimension to our understanding of complex phenomena, emphasizing the importance of considering both short-term fluctuations and long-term trends simultaneously.",0.000,0,0.30,0.00,0.00,"It becomes apparent that many systems behave differently when the number of elements is increased. For example, there are a lot more galaxies than stars or planets in our galaxy.  The Sun may have been formed from a much larger protostar which was ripped apart by tidal forces as it orbited its parents (see below). It's possible that some stars become too large to be stable and collapse under their own gravity; however these would not produce any new matter/energy so they're probably just black holes.  A system with two bodies can't form unless each body has at least one other companion - otherwise both will fall into orbit around another third party object instead! This leads us back up again because now we need three objects…which leads onto four etc., ad infinitum",0.397,1,0.30,0.50,0.40,"It becomes apparent that many systems behave differently when examined on microscopic, mesoscopic, and macroscopic scales. While microscopical observations reveal discrete fundamental units of matter, composite structures like molecules and crystals emerge at the mesoscopic scale, offering insights into collective phenomena and new experimental opportunities.",0.000,0,0.30,0.00,0.00,"Explanations gain strength when they are supported by observations that have been independently verified or placed in a solid, reliable framework. The simple fact that more than 80% of all visible galaxies in the Supergalactic cluster are at redshifts greater than $17$, implying massive intrinsic motions in this superbonded system, is an unparalleled marvel to behold.",0.421,1,0.30,0.60,0.40,"It becomes apparent that many systems behave differently when studied on timescales shorter than or compared to their characteristic damping times. This has implications for the dynamic range that can be achieved in numerical simulations of disk evolution. A number of Milky Way-type galaxies are identified which have perturbed morphologies, and for which the perturbation can be related to ongoing major mergers. These galaxies may provide valuable analogs to more distant galaxies with high dynamically amplified mass fractions, which cannot be readily simulated with current techniques.",0.364,1,0.20,0.70,0.30,"It becomes apparent that many systems behave differently when observed from the Sun’s perspective or when seen in relation to another star. Dive into this fascinating world and unravel the mysteries behind these remarkable phenomena today!Explore how astronomers measure the true brightness of celestial wonders, revealing their real luminosity unmasked by interstellar matter.",0.442,1,0.40,0.40,0.50
"Let's talk about how the shape of our universe might hold the key to unraveling the mystery of dark energy. The cosmos is sending us clues, and by exploring the fascinating possibility that the global gravitational redshift could darken our perception of cosmic microwave radiation, we can get closer than ever to grasping the true nature of this enigmatic force. Join me in this thrilling journey to decode the secrets of the universe!",0.643,1,0.60,0.60,0.70,"Let's talk about how these elements work together to create the incredible diversity of life we see around us. At the most fundamental level, living organisms are composed of a unique blend of over 25 essential chemical elements. These aren't just any chemicals; they're the building blocks that make up proteins, carbohydrates, fats, nucleic acids, and other vital components.",0.000,0,0.30,0.00,0.00,"Let's talk about how to think of the universe as an information processing system, and also what we can learn from it.  The Universe is a System  We live in a world where everything has been made into a system. A banking system. An economy. A government structure that defines our rights and privileges (and limitations). The political party systems... You get the idea. We have become so used to thinking within these frameworks that even when something appears not like a ""system"" - say religion or social media - there are still ways for us to understand them using system-like language: rules and regulations, hierarchies, structures, etc...  So let me ask you this question: What would happen if someone took all those things out? What",0.000,0,0.30,0.00,0.00,"Let's talk about how we can make your next journey even more enjoyable and safe. Recent incidents, including a disturbing noise and vibration experience reported by passengers on a recent Virgin Atlantic flight from San Francisco to London, underscore the critical need for transparency and action. A former employee’s alleged involvement in planning the assassination of the chairman of Armenia's Central Bank has captured global attention. Join us in supporting initiatives that safeguard our skies and ensure peace remains paramount. Let's act now to address these concerns and continue to trust in the integrity and security of our aerial lanes.",0.000,0,0.50,0.00,0.00,"It becomes apparent that many systems behave differently when they obey the old Planck value compared to the new one; creating galaxies and large scale structures via the process of condensation, while in the limit of $1tAU~= $ planck time, a major cosmic variance occurs and the number of modes available for density fluctuations substantially decreases.",0.489,1,0.30,0.70,0.50,"Let's talk about how we can see the CMB anisotropy in CIB. This was first estimated numerically by (who?) and later confirmed analytically by (who?). The result is simply: the anisotropies of the CMB temperature fluctuations that we observe today have been boosted by a factor sqrt(1 together with a shift in the mean level, all as observed. Here is where we insert our plot(s) from the literature.",0.295,1,0.20,0.40,0.30,"Let's talk about how these incredible phenomena affect Earth's atmosphere, with implications reaching into the 2200s.   Don't miss out on understanding the fundamental principles that drive our universe -- explore the art of measuring angles today and elevate your knowledge to new heights.",0.439,1,0.50,0.30,0.50
"Though this topic is controversial, the data in support of a non-thermal leptogenesis scenario are compelling. This talk will discuss how the observed baryon asymmetry can be naturally obtained from right-handed gauge interactions of heavy neutrinos with masses in the range 10^8 - 10^{12} GeV, provided that thermal leptogenesis is supplemented by late-time inflation and dissipation into light degrees-of-freedom.",0.364,1,0.20,0.70,0.30,"Though this topic is controversial among historians, many believe that the Vikings were responsible for a dramatic increase in cattle farming throughout England during their period of occupation. The evidence suggests that while some areas may have seen a decline in livestock numbers due to warfare and looting, overall there was an uptick as more land became available for grazing after settlements were abandoned or destroyed.",0.000,0,0.30,0.00,0.00,"Though this topic is controversial and not very popular among scientists, I believe it has a potential to become as mainstream as quantum physics (for example). In my view the best way for promotion of such ideas is to have an open forum for discussion.  I would like to invite interested parties who are willing to discuss these topics on this wiki site. If you want me to create a separate page for your article(s), please let me know so that we can coordinate our efforts better in order to avoid duplication.  So far there's only one person who expressed interest: see User talk:Petrucha.  If anyone else wants to participate or if someone already published his/her work here without permission/invitation from myself - I will be happy to include those links here",0.000,0,0.30,0.00,0.00,"Though this topic is controversial among scholars, it adds an exciting layer of intrigue to our understanding of this legendary figure. Dive into the debate and explore the possibilities today.   Join us now on a journey through time as we unravel the mysteries surrounding one of history's most captivating rulers.",0.000,0,0.50,0.00,0.00,"Let's talk about how to make sense of this complex situation with expert analysis and reasonable hypotheses, while avoiding unnecessary speculation and tension between Mars scientists and the public. Let's work together to interpret these anomalies reasonably and rationally, ensuring a path forward without controversy. Join us in exploring ways to either retard or advance the planet's rotation vector; the result of total orbital circularity inclination could hold the key to understanding why it happened in 1848 and perhaps even predict the next outburst.",0.447,1,0.35,0.55,0.45,"Though this topic is controversial, there are some indications that a slow variation of the gravitational constant may be relevant to explain the thin disk rotation curves and the dark matter halo density profiles without needing any dark matter. This variation may have an overall cosmological redshift dependence as well as a cyclic time dependance associated to the post-Newtonian expansion of our Galaxy. The latter could provide the missing mass at galactic scales if the history of our region of the Universe was very far from Einsteinian (predominantly Minkowskian) during a recent cosmic epoch -- perhaps related to a pre-big bang phase -- instead of being close to it -- the usual assumption -- during that era.",0.489,1,0.30,0.70,0.50,"Though this topic is controversial among Muslims, it represents a fascinating exploration beyond the realms of religion.​  Join us in unraveling the mysteries of the stars and their impact on our daily lives.​​  ## 10.1 Introduction to Waves: A Fascinating Phenomenon You Can't Afford to Miss!  Have you ever wondered how sound waves transform physical movements into the enchanting melodies that fill your world?",0.000,0,0.30,0.00,0.00
"Her greatest contribution to science was developing the isotope shift theory, which predicted precisely the isotope shifts of all elements through the mass effect. She also made significant contributions to our understanding of the relativistic correction and nuclear size effects. Her groundbreaking research has profoundly shaped modern physics.",0.000,0,0.30,0.50,0.30,"Her greatest contribution to science was developing the theory of relativity, which completely changed our understanding of space and time. Her groundbreaking work has left an indelible mark on modern physics and continues to inspire new discoveries today. Einstein's special theory of relativity revolutionized our understanding of space and time by demonstrating that they are interwoven into a single entity known as spacetime. This theories challenges intuitive notions of absolute time passing uniformly for all observers, revealing surprising consequences such as time dilation -- where time passes slower for rapidly moving objects -- and length contraction.",0.000,0,0.30,0.50,0.30,"Her greatest contribution to science was her work on the cosmic microwave background radiation, which she helped uncover. She is credited with predicting that its temperature would be found at 3 degrees Kelvin (-270 °C). In addition, Penzias and Wilson's original measurement of CMBR intensity turned out to have been contaminated by a faulty cable in their horn antenna. Once this problem had been eliminated (by Robert Woodrow Wilson), they were able to establish conclusively the existence of this relic from the Big Bang.  The Nobel Foundation press release notes: ""According to one story [told] by [Gerald E.] Kron...she was awarded an honorary degree for services rendered during World War II; but when it came time for presentation he",0.342,1,0.20,0.60,0.30,"Her greatest contribution to mathematics is unveiled in a groundbreaking paper that outlines the fundamental principles behind what we now know as Alexander's theorem. This pivotal work, published in 1926, sets the stage for our understanding of the algebraic geometry behind these captivating configurations.",0.000,0,0.30,0.00,0.00,"Though this topic is controversial and still subject to debate, groundbreaking discoveries suggest the first stages of planet formation may be occurring, bringing us closer than ever to understanding the birth of solar-systems within ca;elescopes. (Abundance, chemical abundance, galactic chemical composition).",0.370,1,0.30,0.40,0.40,"Her greatest contribution to extra-galactic astronomy was the discovery of the first radio source, Cygnus Object. This was the beginning of the ``radio astronomy era''. Throughout her career she discovered and studied some 30 powerful radio sources, most of them quasars, using simple antenna systems at cm wavelengths. These were the first such objects found in the Northern Hemisphere.",0.342,1,0.20,0.60,0.30,"Her greatest contribution to science is celebrated in the name of Asterism, honoring her pioneering work in mineralogy.Embark on a journey through time and space with Ada, where every adventure awaits. Discover the spirit of innovation and discovery that defined her era.Join us in celebrating Ada's remarkable legacy, a true beacon of knowledge and progress.",0.000,0,0.30,0.00,0.00
"Arguably the most important event in human history, the Big Bang not only created all matter and energy but also established the basic parameters of our universe. Discover how this groundbreaking theory perfectly alignes with what we observe today, making it the premier explanation for the origin of our cosmos. Don't miss out on understanding the fundamental forces that shape everything we know and love in the fabric of reality itself.",0.540,1,0.60,0.40,0.60,"Arguably the most important event in all of cosmology, it marks both the birth of time and the creation of our universe. Yet despite its profound significance, this momentous occasion remains shrouded in mystery, leaving scientists grappling with fundamental questions about its nature and consequences.",0.442,1,0.40,0.40,0.50,"Arguably the most important event in modern physics was the discovery of cosmic background radiation by Penzias and Wilson. The idea that space is filled with a uniform sea of microwave photons dates to Gamow's 1946 proposal for understanding nucleogenesis, which posited an initial ""hot"" universe as necessary to explain observed abundances of light elements.  The first evidence came from radio astronomy measurements of the sky at centimeter wavelengths (see: Cosmic Background Radiation). These experiments were performed in the early sixties independently by R. H. Dicke, Jim Peebles, David Wilkinson, and others. They showed conclusively that the sky has a non-zero temperature, but not its absolute value nor exact distribution in frequency space. A more accurate determination",0.364,1,0.20,0.70,0.30,"Arguably the most important event in his remarkable career, it is a moment that has been eagerly awaited by fans and athletes alike.  Join us in cheering on the legendary Sachin Tendulkar as he takes center stage at Bombay Gymkhana, set to dazzle in a exclusive exhibition match against a select team of former Test cricketers.",0.000,0,0.30,0.00,0.00,"Her greatest contribution to astronomy is the vast number of valuable star positions she independently re-discovered or confirmed, making her aptly named Cat's Eye one of the few instruments to offer this rich harvest. Rendered incapable of observing visually (loss of sight in right eye suspected to be from a retinal detachment or Detached Retina occurred months earlier) during the spectacular January 2006 flare, the payload did see in mono visually (first in history for a GRB) spectroscopically (as was intended and predicted by others for years, to study red spectra of decay of the jet shock to further understand the emission mechanism) and photometrically (unexpectedly succeeded in a light curve binaring spectral line wavelength vs time relation of",0.489,1,0.30,0.70,0.50,"Arguably the most important event in the history of gamma-ray bursts is the future detection of a gamma-ray burst's counterpart. All-h sky observations by GLAST sources with unknown counterparts will present the Contra collaboration with an array of candidates over the course of the mission. The Contra team, consisting of several dozens of experts from various fields, will undertake the challenging task of explaining each of these objects, should GLAST detect a counterpart to a gamma-ray burst.",0.319,1,0.20,0.50,0.30,"Arguably the most important event in all of history, this monumental moment marks the birth of our faith. Embrace the power and legacy of this transformative event that continues to illuminate the world today. Join us on this journey through time and explore the enduring influence of one of the earliest recorded conversions to Christianity. Don't miss out on the chance to be part of such a rich historical tradition -- join us in celebrating the birth of our faith this Easter season.",0.000,0,0.70,0.00,0.00
"A fitting conclusion to our journey through the cosmos, delving into the essential equivalence of gravitational redshift and cosmological relocation effects, reveals the universal harmony governing our existence. Don't miss this opportunity to unravel the mysteries of the universe today!... Read More",0.471,1,0.50,0.40,0.50,"A fitting conclusion to the week's events, it showcased Neymar's prowess and highlighted his growing influence on the global stage. A momentous victory for both club and country, it solidified Neymar's status as a transformative force in football history. Don't miss out on witnessing this incredible journey first-hand -- get your tickets now and be part of history in the making at Camp Nou!",0.000,0,0.50,0.00,0.00,"A fitting conclusion for the book would be to point out that our current understanding of reality is only one possibility, and perhaps not a very good or interesting one. For example, in physics there are many more theories than just classical mechanics and quantum theory, but they have been mostly ignored because we do not know how to experimentally test them. We should remember also that these two pillars on which all modern science rests were discovered at roughly the same time as each other (Newton’s laws and calculus 1660s; Schrödinger equation circa 1925). This may suggest either that some deep connection exists between them, or that it was pure luck.  If you don’t understand what I’m talking about here then you’re",0.000,0,0.30,0.00,0.00,"A fitting conclusion to his remarkable 12-year career at the helm of England, where he led them to the thrilling edge of two World Cups and three European Championships.🌟 As the iconic 'Captain Fantastic' hangs up his boots from international duty, we celebrate his unparalleled achievements -- including four semi-final appearances and one unforgettable victory in the Euro 1996 final against the Netherlands.",0.000,0,0.30,0.00,0.00,"Arguably the most important event in modern cosmology, this vast map holds the key to understanding the fate of our universe as time keeps reckoning.​Join us on this monumental journey to grasp the ultimate destiny of the universe -- an adventure that offers a staggering $2 billion reward for the discovery of the presumed acquintness of the dark matter components.",0.497,1,0.60,0.40,0.50,"A fitting conclusion to the epoch of galaxy formation must involve a major transition in the nature of large-scale fluctuations, from primordial enhancements of density (gravitationally collapsed structures) to perturbations in the distribution of intrinsically bright objects (galaxies). This ``Newtonian'' era must be preceded by a ``Machian'' phase where cold dark matter bubbles expand to fill most of space and relative mass densities become the dominant source of cosmological inhomogeneities.",0.364,1,0.20,0.70,0.30,"A fitting conclusion could be: Continue this legacy of excellence in space exploration and aerospace industry. [2]Dive into the captivating world where science meets art, from the intricate processes in chemistry and physics to the stunning visual effects in astronomy and even the passionate events in social history.",0.000,0,0.30,0.00,0.00
"Internet will never forget the first time they saw you, and now neither will we. Capture that moment in all its glory with our cutting-edge technology that ensures unparalleled clarity and precision – even if what you see isn't exactly what you get! Don't miss out on this opportunity to preserve your unique vision for years to come; seize it today while it remains perfectly still and within reach.",0.000,0,0.35,0.00,0.00,"Internet will never forget the first time you posted a status update, shared an article or uploaded a photo. With Timeline, your memories are safe from prying eyes and accidental deletes. Share only what you want to share with whom you choose: friends, close family members, work colleagues - anyone in between. You decide who sees what, when they see it and how much they see.",0.000,0,0.30,0.00,0.00,"Internet will never forget  The Internet has no memory. It only stores data in a way that it can be accessed at any time, and then forgotten.  When we search for something on the web, our brain is not involved in this process of remembering or forgetting: what was previously stored remains available forever; new information appears as soon as one searches again – but everything else stays exactly where it already had been before!",0.000,0,0.30,0.00,0.00,"Internet will never forget the epic battle between these giants, a saga that continues to captivate tech enthusiasts and historians alike. Experience the drama firsthand as Microsoft's legendary CEO, Steve Ballmer, boasts about his company's unparalleled success in the server market. But wait -- there's more -- he also takes a swipe at Google, revealing his genuine concern for the future of innovation and technology. Don't miss out on this electrifying clash of visions, where two visionary leaders share their deepest fears and aspirations for the digital world. Join us now to explore the implications of this groundbreaking event and stay ahead of the curve in tomorrow’s world.",0.000,0,0.70,0.00,0.00,"A fitting conclusion to a careful, yet monitors.{}$H^0(t)$ as a function of time), demonstrating the progress made in understanding the evolution of the universe.} A similar constraint has been imposed on me to only present objects visible to a human eye or implicating a reasonable guess about the nature of objects/structures which have since gone past the Earth-Earth lens.",0.227,1,0.20,0.30,0.20,"Internet will never forget us. In fact, it has already forgotten all of the supernovae detected prior to 1980 -- and that's okay! Each century or so, a bright SN explodes in our Galaxy; by chance, the last one occurred in AD 1604 (Tycho's SN). We can be confident of detecting the next one because SNe are quite common in other galaxies; some do occur in ours but are hidden by dust. When the next one does explode in our Galaxy, the internet will remember it forever -- as a moving object, spatially resolved, monitored simultaneously in every wavelength region, and followed up by all-sky surveys, high-energy telescopes, and space-based observations.",0.489,1,0.30,0.70,0.50,"Internet will never forget the scandal that rocked Columbia University in 2005, where renowned astrophysicist Noam Lightfoot faced accusations of inappropriate behavior towards a student. This bold move marked a significant moment in his journey, potentially paving the way for even greater achievements ahead.",0.000,0,0.30,0.00,0.00
"We specifically use term ""magnetic"" field in the title, because we have demonstrated that it is exactly what causes this effect. In other words, no matter how strong electric currents are involved, as long as they produce a magnetic field with strength B and orientation k, one can achieve an effective magnetic permeability µ _{eff} =1+ χ _{mag} (B,k). We do not discuss here whether such materials exist or even if our theoretical model of their response to external fields makes sense – just assume for now that some material does exhibit linear response to both electrical E and magnetic H fields according to constitutive law εE + iµH=0, where ε and µ are complex-valued functions of H alone.",0.000,0,0.30,0.50,0.40,"We specifically use term ``quasi-Newton method'' to refer to the class of methods that approximate second derivatives, while reserving the more general phrase ``secant method'' for any method using a finite difference approximation. The most prominent member of this family is Broyden's method [Broy61], which updates an inverse Hessian approximation according to where denotes the gradient at, and.",0.000,0,0.20,0.20,0.20,"We specifically use term ""cosmic space"" (in the beginning of our previous article) for distinction from terms like ""space-time"", or even just ""universe"". As we already said, there is no one-to-one correspondence between concepts in physics and mathematics. We can talk only about that which has a mathematical representation. That's why we have to distinguish cosmic space as something mathematically described by such notions like black hole horizons, gravitational waves etc., from other types of spaces.  We do not need any special physical assumptions here: it is enough to say that the universe consists of matter-energy interactions, all these interactions are limited by certain distances - they exist within some distance intervals with different boundaries, but never go beyond them.",0.397,1,0.30,0.50,0.40,"We specifically use term ""anomalous"" to emphasize our findings are consistent with an intrinsic particle nature, setting strict limits on any possible contribution from exotic physical processes like black hole production. Our breakthrough result is a direct consequence of employing cutting-edge technology to conduct the highest resolution measurements of the Coulomb logarithm ever achieved.",0.000,0,0.30,0.00,0.00,"Internet will never forget, as we commemorate the first comprehensive survey of high-frequency radio variables.This landmark study, a laborious effort in manual data entry, laid the foundation for ongoing observations that have since ceased due to variable source brightness in the optical and radio bands consistent with variability likely associated with the accretion of material by the central engine.",0.397,1,0.30,0.50,0.40,"We specifically use term ""pseudo-constant"" for parameters which can be replaced with others, but result in equivalent solutions (up to the accuracy of solution found). For example, radius R of circle is a pseudo-constant: any solution for radius R is equivalent to the solution for doubled radius 2R.",0.000,0,0.30,0.00,0.00,"We specifically use term ""astronomy"" for the scientific study of these magnificent bodies, while ""astronomy"" encompasses all aspects of this captivating field. Join us on this stellar journey through time and space, where every constellation tells a story and every new discovery fuels our admiration for the universe's grandeur.",0.000,0,0.30,0.20,0.30
"To our surprise, the world is not perfectly thermalized. The CMB sky map reveals a striking non-Gaussian tail extending to multipoles |b|>30, most notably at low Galactic latitudes |b|<10 deg and within 10 degrees of the equatorial plane. This intriguing phenomenon challenges our understanding of cosmic microwave background radiation, highlighting its complex dynamics and offering unprecedented insights into the universe's mysteries.",0.489,1,0.30,0.70,0.50,"To our surprise, we discovered that these mysterious signals were not isolated events but part of a remarkable sequence capturing the gradual disappearance of this rare phenomenon. This breakthrough observation sheds new light on the intricate dance between magnetic fields and plasma motions in our cosmos, offering invaluable insights for astrophysicists seeking to understand the dynamic processes shaping celestial bodies.",0.421,1,0.30,0.60,0.40,"To our surprise, the first (and only) paper from these two authors on their theory of “quantum gravity” appeared in a journal we were not familiar with. The title was quite provocative: “Quantized Space-Time”, and it appeared in 2000 as an article in Classical & Quantum Gravity by Tariq Moudami and Peter Milz. I looked up some more papers from them and found that they have written several articles since then on various topics related to quantum physics and cosmology.  In particular I would like to draw attention here to one of those papers published earlier this year – but unfortunately behind a paywall: Tariq Moudammi and Peter A. Milz, The universe is finite and",0.370,1,0.30,0.40,0.40,"To our surprise, we discovered that this giant has a magnificent companion -- a vast cloud of gas and dust, at least twice the mass of our Sun, orbiting around it every 125 years. This discovery was made possible thanks to the unparalleled accuracy of the Magellan/Spitzer survey.",0.397,1,0.30,0.50,0.40,"We specifically use termal history to ensure we don't loose power once the disk drives are spinning. ́) is a seminal paper that demonstrated how such motion can occur in the context of gravitational collapse, launching the field into an era of unprecedented accuracy in GRAVITATIONAL WAVE DETECTORS.",0.000,0,0.30,0.10,0.20,"To our surprise, we find that the rates of ionization and excitation due to collisions with neutral particles can be as important as electron impact processes (which are normally dominating) in the aforesaid layers. We also calculate the absorption profile of the Ly-alpha line due to both residual neutral hydrogen and electrons; this is shown to be relevant for the calculation of the transmission of the aforesaid layers. To illustrate the previous statements, we have calculated these results for the case of the aforesaid Milky Way high latitude quasars.",0.364,1,0.20,0.70,0.30,"To our surprise, we found no mention of a ""founding father"", yet the pages hinted at the intense debate over who really shaped the original constitution.   Discover the thrilling adventure that unfolded to the east of the Jordan River, where Apostle Peter revealed the magnificent prophecy of the Gospel of Mark: ""And when Jesus came into the region of Peræa, after being made aware of Nimrod's scheme to burn down the city of Babylon, he was instantly moved to save it"".",0.000,0,0.30,0.00,0.00
"It all started with an idea to create a unique and captivating experience in the vast expanse of our universe. The Cosmic Microwave Background (CMB) signal offers unparalleled insights into the cosmos, but often falls short of delivering the spectacular view we crave. That's where our innovative filtering technique steps in to enhance the contrast and reveal the fascinating patterns hidden within this cosmic treasure trove. Join us on this thrilling journey through space and time as we transform the CMB from mundane to magnificent!",0.542,1,0.55,0.45,0.60,"It all started with a simple question: ""What's the deal with these 'Magnetic White Dwarfs'?"" My curiosity piqued, I dove deeper into their mystique and discovered a tale as enchanting as it is mind-bending. These celestial bodies, remnants of stars like our sun, possess an otherworldly charm that defies imagination. What makes them truly fascinating is not just their size -- roughly the same as Earth -- but the sheer force of their magnetic fields, which can reach intensities a million times greater than Mars'. Imagine the awe-inspiring power hidden within such compact packages. But here's where things get really intriguing: despite being thousands of light-years away from us, these distant gems seem to be",0.468,1,0.35,0.55,0.50,"It all started with the theory of relativity in 1905. It was Einstein who showed that space and time were not absolute, but relative to one's frame of reference.  This led to more profound insights into the structure of spacetime itself. In particular, it became clear that gravity could be explained by considering curved spaces instead of flat ones. This idea is known as general relativity or GR for short.   GR has been tested extensively over many decades now and found to hold up very well against experimental evidence so far - though there are some small deviations from predictions which still need further investigation (and correction). These corrections may turn out important later on when trying to explain certain phenomena such as dark matter effects etc...  But let us first summarize",0.397,1,0.30,0.50,0.40,"It all started with a simple ""hello"" in an online game chat. Little did he know, that moment would be the beginning of something beautiful. After exchanging messages for a few months, they decided to meet in person. It was magic from the start.",0.000,0,0.30,0.00,0.00,"To our surprise, we discovered the disk-like structures independently; no longer hidden from us, they are readily visible in optical images as claimed by some simulations. The core exhibits a surprising lack of Li absorption lines, which have previously spuriouslly been detected in the literature.",0.397,1,0.30,0.50,0.40,"It all started with the observation that known $X-ray$ bright AGNs are mostly high X-ray-to-optical ratio sources, while low X-ray brightness AGNs are characterized by a much smaller fraction of high X-ray-to optical sources. This result led to the ""local hidden sector"" model: in high X-ray brightness AGNs the X-ray emission is produced in an accretion flow dominated by the standard (spherical) model (i.e., in the Kerr metric), whereas in low X-ray brightness sources the presence of a dense gas disk suppresses the X-ray production in the central region and the electron energy distribution has a peak at low energies (as predicted by bimodal models for the accretion flow).",0.364,1,0.20,0.70,0.30,"It all started with a simple question from my young son, echoing the curiosity of countless children: ""Why is Earth special?"" Dive into this fascinating journey with me as we explore the wonders of our home and the stars beyond. Join us on this amazing adventure together -- where every discovery leads to even more questions waiting to be answered. Don't miss out on sharing this magical moment with your family either; make memories that will last a lifetime over breakfast or during bedtime stories. Let's embark on an unforgettable exploration of celestial bodies and cosmic origins.",0.000,0,0.50,0.00,0.00
"The truth about the universe is that it’s a vast, intricate place filled with wonders waiting to be explored. Don’t limit your understanding by settling for less than the full story. Embrace the mystery and dive into the fascinating details that reveal the beauty and complexity of our cosmos.",0.439,1,0.50,0.30,0.50,"The truth about the origins of life on Earth is more complex and fascinating than previously thought. Contrary to long-held assumptions, scientists have now demonstrated that key ingredients for life's emergence could have been present much earlier in our solar system's history, potentially as early as its formation over 4.5 billion years ago. This groundbreaking discovery challenges the notion that complex organic molecules required millions of years to develop and calls into question the validity of previous experimental simulations conducted under modern-day conditions. Join us as we delve deeper into this revolutionary finding and explore its profound implications for understanding the mysteries of astrobiology.",0.447,1,0.35,0.55,0.45,"The truth about the universe is that it’s a collection of stars, planets and other celestial bodies (comets, asteroids, meteors etc.) It’s very difficult to imagine all these things in their totality. We can do so by studying them separately.  We are going to study some basic features of our solar system first: Sun and its major satellites – Mercury, Venus, Earth, Mars, Jupiter, Saturn, Uranus and Neptune. After that we will move on to galaxies which contain billions or trillions of stars like ours with similar properties as well as lots of dust particles and gas clouds between those stars called nebulas/nebulae or interstellar medium (ISM). Lastly there will be discussion regarding black holes",0.295,1,0.20,0.40,0.30,"The truth about Abraham is far more captivating and controversial than any fiction could ever be. Delve into the rich tapestry of history and uncover the origins of this pivotal figure, whose influence reaches beyond the biblical narratives to the heart of ancient Egyptian lore as Anachim.",0.000,0,0.50,0.00,0.00,"It all started with a groundbreaking observation from a muon decay event, where a proton was found to degrade into a pion and several leptons, defying earlier expectations of a purely hadronic outcome. -- We are excited to share that the Cosmic Ray Neutrino Detector, jointly developed by INO and BARI, is now completed and ready to collect data.",0.397,1,0.30,0.50,0.40,"The truth about M87's HEC is now found -- it exists, strong, and was discovered by Tracing Back the ET. This resolves also the 50-yr-old `TeV Excess' mystery in the center of M87 as being caused by the HA effect of the HEC's photons on the dust screen; so the TeV excess measurement actually delivered the first proof of the HEC's existence! The nature of the HEC is revealed to be a Quasar (not a Black Hole) - the first such evidence in an Elliptical galaxy; making also M87's HEC the most distant Quasar known.",0.714,1,0.75,0.70,0.70,"The truth about ""astrology"" is far more intriguing -- it's a captivating tradition that has shaped cultures for millennia. Embrace the richness of astrological knowledge and understand why it continues to inspire awe and curiosity in all who seek to uncover the mysteries of the universe.",0.000,0,0.50,0.00,0.00
"His passion for the cosmos is so intense that he's willing to tackle the challenge head-on, even if it means diving into the intricate mysteries of dark energy and dark matter. Join him in this thrilling journey of exploration and understanding—the universe awaits!. (Image via Wikimedia Commons)",0.640,1,0.70,0.50,0.70,"His passion for life and music was infectious, leaving an indelible mark on all who had the privilege of knowing him. Join us in celebrating the legacy of this extraordinary talent as we remember his remarkable journey through song. Don't miss out on this emotional tribute -- secure your tickets now to experience it firsthand.",0.000,0,0.30,0.00,0.00,"His passion for the subject is evident in his writing style, which combines technical precision with a sense of wonder and discovery.  The book's structure follows a logical progression from basic concepts to more advanced topics. Each chapter builds on previous material while introducing new ideas, ensuring that readers can follow along without getting lost or overwhelmed by complex terminology.",0.000,0,0.30,0.00,0.00,"His passion for life and his unwavering dedication to his beloved wife, Marie Jeanne, were unparalleled. Dive into the captivating story of a man whose legacy transcends time. Join us on this emotional journey as we remember Al De Lory, a true luminary in the field of astronomy, and celebrate his remarkable contributions to science and humanity.",0.000,0,0.30,0.00,0.00,"The truth about red clumps -- the heart of advanced stellar populations. Compare with main-sequence stars for derivatives of luminosity and surface temperature, batch-mode calculations may be done in parallel for better performance. Join us in exploring the rich chemistry of high-frequency oscillatory dark matter: a b-singular perturbation approach is used to treat the orbit of SIGMA rest-frame density fluctuations at comoving scales < $1 cMpc$.",0.489,1,0.30,0.70,0.50,"His passion for the subject has led him to work with anyone making or planning high energy gamma ray measurements, from dedicated satellites to GLAST to EGRET to ground based telescopes. He served as Co-I on two NASA High Energy Mission proposals and was a member of the EGRET Observing Committee.",0.319,1,0.20,0.50,0.30,"His passion for exploration was unparalleled, as he seamlessly blended the realms of law and discovery, pioneering legal frameworks that continue to guide us today.   Join me on this journey through time and let his legacy inspire you like never before.",0.000,0,0.30,0.00,0.00
"Unbeknownst to general public, the universe is governed by a set of rules and regulations so complex that even our most powerful computers would take billions of years to solve. Luckily for us, Nature has provided a shortcut: quantum field theory, the secret formula behind everything from particle physics to cosmology. Dive into this groundbreaking series where we unveil the mysteries of the cosmos with unprecedented clarity. Don't miss out on deepening your understanding of the world around you—it's all about unraveling Mother Nature's masterpiece, one episode at a time.",0.439,1,0.50,0.30,0.50,"Unbeknownst to general public, a dramatic chapter unfolded behind the scenes at Fox News in 2016. A confidential report obtained by CNN reveals that Roger Ailes, the network's iconic leader since its inception, faced accusations of sexual harassment from former anchor Gretchen Carlson. This shocking revelation led to Ailes' resignation and marked a pivotal moment for both him and Fox News.",0.000,0,0.30,0.00,0.00,"Unbeknownst to general public, there is a very interesting subject of cosmological physics (aka theoretical and mathematical astro-physics), that has been studied in the academia for almost two decades. It is based on some pioneering research work by late Professors S.W.Hawking & R.Brown, as well as several other researchers.  It basically deals with an introduction to quantum gravity theory, where time can be considered one more dimension among all others – including space-time dimensions. This new approach was initiated at the beginning of 21th century by Hawking himself, who realized from his own previous Black-Hole-Theory research papers/books, that if he assumes time-dimension also being included into such “Black Hole” calculations/researches;",0.397,1,0.30,0.50,0.40,"Unbeknownst to general public, a secret battle has been unfolding -- a fight for the heart and soul of the Republican Party. At stake is nothing less than the legacy of Ronald Reagan himself. Which direction will guide us -- incremental changes or bold, transformative leadership? The choice is yours, but the consequences could define America's destiny. Don't miss your chance to be part of this historic moment where you can reward a leader who isn't just listening, but is already taking bold action.",0.000,0,0.80,0.00,0.00,"His passion for observing cosmological time scales leads him to make groundbreaking predictions on the fate of matter as time yields to eternity.\ [B explore new frontiers in the relativity domain]. Finally, we present novel signatures that could have been detected by and suggest LS I +61 303 might be a compact object after all; conclusions supported by new simulations of space velocity surfaces brought inside the Lambert sphere.",0.489,1,0.30,0.70,0.50,"Unbeknownst to general public, the entire physical reality is built of pure information. Specifically, it is built of one ``holistic'' bit which takes two values: `0' or `1'. This bit switches between its values at a very high frequency. The time interval during which the bit holds its value is many magnitudes longer than the age of our Universe (so we effectively deal with a ''time-independent'' bit).",0.370,1,0.30,0.40,0.40,"Unbeknownst to general public, leading scientists like Nobel laureate George Smith have expressed concerns about the perceived ""secret"" behind the outbreak.   Don't stay in the dark -- understand how these events translate into opportunities for personal and professional growth in today's world.    Embark on a journey through time with our comprehensive series of historical newspapers, spanning from 1660 to 1900. These priceless treasures, preserved in the National Archives, offer an unparalleled glimpse into England’s rich linguistic heritage immediately following the dissolution of the Monasteries by King Henry VIII.",0.000,0,0.30,0.00,0.00
"At least it never rains in the Sahara, right? The desert’s dry climate and lack of moisture make for a stunningly clear view into space. Unfortunately, that clarity comes at a cost: the absence of atmospheric layers means there’s no protection from harmful cosmic radiation. So while you might not get wet out here, be prepared to deal with the cosmic equivalent of a soaking rainstorm. Bundle up and enjoy the sights safely, my fellow explorers!",0.000,0,0.40,0.00,0.00,"At least it never snows here. That's the upside. The downside is that we get rain, lots and lots of rain. And not just any old rain - no sir! We get torrential downpours so intense they've earned their very own name: monsoon rains. These epic deluges aren't just a nuisance; they're a force of nature, capable of causing widespread damage and disrupting lives.",0.000,0,0.50,0.00,0.00,"At least it never gets boring.  And I'm not even talking here, really, of the fundamental physics but rather its applications to astronomy and cosmology.  I suppose that a lot depends on how one looks at things; in my case there's no choice as far as this goes since I can't help looking into these matters with an eye for their mathematical structure and logical form (and maybe also their philosophical implications), which is why I have been drawn to them ever since childhood when I first learned what they were all about -- and became fascinated by them.  To me, therefore, mathematics has always seemed like some kind of language through which we could describe reality in terms so precise that we couldn't get around them if our lives depended upon",0.397,1,0.30,0.50,0.40,"At least it never snowed in my neighborhood -- just poured cats and dogs for what felt like forever. And let’s not forget the thrilling adventures brought by the legendary Chesley Bonestell’s illustrations of meteor crashes. Believe it or not, but before the iconic Apollo 17 mission even launched, scientists were already looking ahead to future lunar explorations. Join me on this journey back to a time when the unknown was nothing short of exhilarating. Experience the wonder and excitement that inspired generations. Don't miss out on reliving these awe-inspiring moments from over four decades ago.",0.000,0,0.40,0.00,0.00,"Unbeknownst to general public, there was a variant version announced in 2004; however, recent observations show the rate has converged to be ~20% for both versions.​This distinctive hypernova, dubbed as SFRA54159b, emits an intense flaring that resembles the flaring of an O or a supermassive star over a period of about $30$ days.",0.319,1,0.20,0.50,0.30,"At least it never happens for the Newtonian gravitational theory. Therefore, there is no room left for the Newtonian gravity below the Planck scale except for some ``remnant'' (time-delay) effects from the pre-Planckian era. On the other hand, the nature of time in the Solar System may well be different from that in the early universe; then our result does not necessarily mean the validity of the Einstein gravity down to the Planck scale after all.",0.364,1,0.20,0.70,0.30,"At least it never shows up in the equations. ;)  Or, dive into the captivating history of astronomy and cosmology with our comprehensive texts. These volumes are a must-have for any serious stargazer or cosmic historian. Explore now and embark on an extraordinary journey through time and space, where every page is a new discovery waiting to be made.",0.000,0,0.30,0.00,0.00
"This incident teaches us that even with the best intentions, unforeseen circumstances can derail our plans. The key takeaway is to remain adaptable and prepared for any eventuality. By doing so, we can minimize disruptions and ensure the successful completion of our goals. Let's learn from this experience and apply those lessons moving forward.",0.000,0,0.30,0.00,0.00,"This incident teaches us the importance of careful planning and thorough preparation to ensure successful space missions. NASA's dedication to safety and excellence shines through in their response, highlighting their commitment to protecting both human life and valuable research endeavors. As we look ahead, let us carry forward these lessons learned, inspiring further achievements in the realm of space exploration.",0.000,0,0.30,0.00,0.00,"This incident teaches us something important. It is that when we observe the sky, it seems to be full of stars (and galaxies). But there are no fixed points in space from which one can say what they really look like. We only see them as if through a kaleidoscope or through a piece of crystal.  I was wondering: Is it possible for you to imagine yourself standing at such a point?  No! Because then your eyes would have to face two directions simultaneously - towards all sides and yet not facing any direction!  It's impossible!",0.543,1,0.50,0.50,0.60,"This incident teaches us all an important lesson -- respect other people's spaces and activities, even if they seem intriguing. Let’s make sure every walk is welcome and safe for all. Join us in creating a community where nature thrives and everyone feels at home.",0.000,0,0.30,0.00,0.00,"At least it never changes its orientation, unlike the strange one-sided vector fields in general relativity. Let's keep pushing forward and explore new frontiers together -- the future of black hole detection is as bright as it ever was, thanks to great work by many others since their pioneering effort nearly four decades ago.",0.543,1,0.50,0.50,0.60,"This incident teaches us that when we study high-frequency sources, also high spatial resolution images are essential. The most likely scenario is that the A-configuration image suffers from the well-known `dynamic range' problem, i.e., the compact features are spurious and the core is much more compact than it really is. On the other hand, if the UV coverage was even more extensive, i.e., if the observation had been made with the new wide-band VLBA observations, then the missing short baselines would have recovered the putative large-scale emission.",0.364,1,0.20,0.70,0.30,"This incident teaches us the importance of mindful internet usage and secure browsing habits. Join us in setting an example of technological integrity and safeguarding our community's trust. Together, we can prevent such misunderstandings from clouding the exciting potential of our future projects.",0.000,0,0.30,0.00,0.00
"The best description for this phenomenon is the ""Redshift"" effect. The term itself comes from the fact that when astronomers first started to study the cosmic microwave background radiation, they noticed that its peak intensity was shifted towards longer (i.e., redder) wavelengths compared to what would be expected if the CMB were perfectly blackbody radiation. This shift in peak wavelength can range anywhere between several tens of nanometers up to a few hundred nanometers depending on specific observational conditions and analysis techniques used by different researchers studying similar phenomena but under slightly varying circumstances.",0.319,1,0.20,0.50,0.30,"The best description for the Sun comes from Galileo Galilei: ""a magnificient portal through which we may pass to the noblest science."" The study of our nearest star is not only beautiful, it also provides critical information about how stars form and evolve.",0.370,1,0.30,0.40,0.40,"The best description for the Universe is a fractal.  A fractal is something which, when looked at under magnification, has more and smaller copies of itself. The most familiar examples are snowflakes (the ""sixty-five trillion"" atoms in each one), ferns, cauliflower etc.  This can be seen as an indication that there exists some fundamental process whereby matter replicates or copies itself on every scale from large to small.  One reason why physicists believe this to be so is because we have found many instances where processes thought to occur only once - big bang, stars forming, black holes evaporating into Hawking radiation, supernovae exploding - repeat themselves over and over again; it's almost as if they're being programmed",0.397,1,0.30,0.50,0.40,"The best description for the variation in the apparent brightness of an object over its orbital cycle is essential for understanding the dynamical evolution of statistical samples. Here, we present the first comprehensive analysis of the elongation parameter -- a measure of this variability -- for a large sample of over 2000 optical cataloged main-sequence stars. Our results reveal a striking correlation between elongation and color, with cooler stars exhibiting greater variations in brightness due to their larger photographic magnitudes. This groundbreaking study opens new horizons in our quest for planetary companions by revealing the critical role played by stellar dynamics. Don't miss out on being part of this revolutionary journey in astrophysics.",0.598,1,0.50,0.70,0.60,"This incident teaches us invaluable lessons, highlighting the importance of safety and respect in the skies.​​""Don't miss out on this chance to learn from this event and rediscover the wonder of space right in your backyard"". -- Note to Editor: Please include details on any proposed initiatives aimed at making spaceway access even safer and more secure, such as enhanced security measures or educational campaigns.",0.000,0,0.50,0.00,0.00,"The best description for the extended emission around radio-loud AGNs is, generally speaking, excess of hard X-ray photons with respect to the optical and radio frequencies. In some cases this hard X-ray excess can be modeled as the emission produced by inverse Comptonization of the 3K background radiation field- a scenario that could hold even if the source luminosity is as low as $10^43 erg/s$. This may occur when we are located close enough to the central engine (the active nucleus) so that decrements due to interposing material become relevant.",0.364,1,0.20,0.70,0.30,"The best description for the volume of a curved surface is still under debate among mathematicians, featuring intriguing concepts like the Gauss measure. However, a captivating alternative exists -- the sigma-algebra closure method allows you to lock in your preferred measurement, ensuring consistency and precision every step of the way.",0.000,0,0.30,0.00,0.00
"Detailed analysis uncovers the physical processes that drive the orbital and spatial evolution of the J x B force in our galaxy. Discover how gravitational instability, rotational curvature correction, and differential rotation play a pivotal – even dominant – role in shaping the dynamic equatorial acceleration experienced by gas and plasma throughout the cosmos. Don't miss out on this groundbreaking insight into celestial mechanics!",0.598,1,0.50,0.70,0.60,"Detailed analysis uncovers a hidden binary sequence, suggesting the presence of additional signals waiting to be discovered. These findings open new doors for understanding the composition and evolution of this remarkable object. Get ready to delve into the depths of space with us as we explore these groundbreaking discoveries further in upcoming articles.",0.543,1,0.50,0.50,0.60,"Detailed analysis uncovers some surprises.  The “big bang” is a theory, not an observed fact. The observable universe has no edge or boundary of any sort, as one would expect if the big bang were true; it just keeps expanding forever outward from all directions in space at increasing speed.  This implies that there are other universes beyond ours, and perhaps infinitely many more than we can count! This also explains why our own galaxy appears to be expanding faster now than ever before (since its creation), which was previously considered impossible until this discovery.  It’s important to note here how different these ideas may seem compared with what you might have learned in school classes on physics & astronomy–they don’t fit neatly into existing frameworks for understanding reality",0.600,1,0.60,0.60,0.60,"Detailed analysis uncovers a main sequence star orbiting a white dwarf every 3.95 days, with eclipses due to cloud debris from the former's tertiary companion. Don't miss this groundbreaking discovery -- it redefines what we thought we knew about exoplanets and their hosts.",0.598,1,0.50,0.70,0.60,"The best description for this fascinating region is now undergoing a thorough analytic characterization, using patterns of variability formed from the modes of oscillation of the dwarf planets and small bodies in the classical Schwarzschild shell.",0.295,1,0.20,0.40,0.30,"Detailed analysis uncovers important variations in these trends. In particular, variable sources show a larger number of high-activity states than is predicted by the model simulations; on the other time-scales considered here (months to years), both simulated and variable sources can have intermittent as well as constant activity states; and ~ 20-40% of the simulation results satisfy the criterion for being `candidate sources of magnetic field amplification'. The latter percentage may, however, be an underestimate since the simulation magnetic fields are likely significantly underestimated.",0.364,1,0.20,0.70,0.30,"Detailed analysis uncovers a striking lack of helium in our neighboring galaxy, a deficiency that seems to deepen as we peer deeper into the nexus of our Milky Way.   Join us on this thrilling journey to unravel the mysteries of the universe -- where every discovery leads to even more questions waiting to be answered.",0.543,1,0.50,0.50,0.60
"How can it be that the CMB sky is so perfectly aligned with the Local Group and its two largest components, the Virgo Cluster and the Great-Velocity Component? How did these three large structures happen to line up so precisely? The answer lies in the fact that the Cosmic Microwave Background (CMB) signal originates from a specific era in our universe's expansion history—the epoch of radiation dominance. During this period, the cosmic inflation phenomenon ensured that the observed alignments are predominantly influenced by the inherent fluctuations at that time rather than being significantly shaped by later events like structure formation. In essence, what we see today in terms of aligning structures was set during the early days of our cosmos' development, making them fascinating relics of its youth.",0.489,1,0.30,0.70,0.50,"How can it be that the very laws of nature which allow us to navigate our way through the world and build technologies like clocks, computers and mobile phones also conspire to prevent us from sending precise messages back in time? Is there any loophole we might exploit? The answer is no. In 1985 Stephen Hawking shocked the scientific community by proving that the laws of physics permit only a single timeline -- making multi-timeline theories like the Hollywood blockbuster 'Looper' impossible. But fear not, for even if time travel remains firmly in the realm of science fiction, the marvels of quantum mechanics continue to astound us with their inherent randomness and uncertainty.",0.000,0,0.30,0.00,0.00,"How can it be that our universe is only 14 billion years old, yet the oldest stars in it are around 13.1 to 12.9 billion years old? (See https://en.wikipedia.org/wiki/Old_stars )  If you think of the history of a star as being like an arrow or bullet shot into space, then we should expect them all to have some distance from us.  But they don't! They're right here!  Somehow, there's no physical way for any object with mass to go faster than light speed -- and so when objects travel at c, their time stops relative to ours.  So how did these stars get closer to us?  The answer: expansion.  Expansion has made even ""old",0.571,1,0.50,0.60,0.60,"How can it be possible for a particle to exist in a superposition of states, simultaneously exhibiting both continuous and discrete momentum values? Dive into this intellectual journey and uncover the marvels of quantum mechanics where tradition meets revolution. Don't miss out on exploring one of the most fascinating concepts in modern physics. Join us now and embark on a lifelong adventure into the heart of matter itself.",0.000,0,0.60,0.30,0.50,"This signal is unsurprisingly similar to what is known about the present-day environment (first mode only scaled to a smaller central pressure), adding confidence to us assuming directly what we would have obtained presently if the system had evolved to 10 AU.",0.319,1,0.20,0.50,0.30,"How can it be that the very notion of time -- as measured by the proper time of a moving clock or, equivalently, as manifested by redshift -- not only plays a central role in curved spacetime but also provides the foundation for both thermodynamics and statistical mechanics, yet there is no generally accepted definition of time in Minkowski space? The answer must lie in the fact that, although cosmology does not need time to define, it certainly needs something that gives rise to all these consequences.",0.540,1,0.35,0.75,0.55,"How can it be possible for a particle to vanish into nothing, yet continue to exist as a wave? Discover the magic behind this paradigm shift and embrace the extraordinary in quantum physics.   Join us now on this incredible journey through time and space, where every discovery awaits.",0.000,0,0.70,0.00,0.00
"A common misconception about the cosmos is that if we could see far enough, eventually everything would appear to be moving away from us at an ever-increasing rate. This idea seems plausible, yet it falls short of the profound reality revealed by cosmological research. The universe expands not just in a random sprawl but according to the graceful template of a scaling law, expanding its reach while maintaining an astonishingly low average radial velocity – a testament to its orderly expansion over time.",0.421,1,0.30,0.60,0.40,"A common misconception about these objects is that they are the remnants of dead stars, but recent research suggests otherwise. In fact, astronomers have discovered that most supernovae occur in star-forming regions, challenging our understanding of how these magnificent explosions shape their galactic environments.",0.397,1,0.30,0.50,0.40,"A common misconception about black holes is that they are something you can fall into. They’re not, because space and time themselves become distorted near a black hole — so there’s no point of reference from which to say “falling” occurs.  What really happens in the vicinity of a black hole (or any other massive object) is that as an observer moves toward it or away from it, she will notice changes in her perception of distances between things around her. In fact, according to Einsteinian relativity theory, objects moving at high speeds relative to each other see different spacetime geometries than those who remain stationary with respect to one another; thus two observers located close together but separated by significant velocity differences experience radically different physical realities!",0.421,1,0.30,0.60,0.40,"A common misconception about AI leads people to believe that machines can outshine humans in areas like mathematics. But the truth is, our computers are only as smart as the algorithms we give them. Imagine asking a computer to find the largest prime number beneath a thousand, then repeating the experiment with a threshold of a million. The result? A dramatic improvement in performance, proving that with each new discovery, we unlock greater potential for enhancement. Don't miss this opportunity to explore how our efforts in mathematics can be transformed into breathtakingly efficient solutions via computational beauty. Join us and embrace the future where math meets magic.",0.000,0,0.50,0.00,0.00,Detailed analysis uncovers a spectroscopic binary star system boasting the shortest known orbital period in an detached emission binary system.Portály Apostolos has speculated on the possibility of an advanced civilization residing within this orbit's co-moving Lagrange point ahead of the Sun with respect to the Earth's gravity.,0.445,1,0.30,0.70,0.40,"A common misconception about GR is that it breaks down at high curvature (or, equivalently for the present argument, high density). In fact, as was famously pointed out by Kip Thorne in a talk he gave to the Boston Mathematical Society [actually the APS -- DS], it is GR itself which guarantees that the break-down of its validity leads to an inflationary era during which curvatures become large and the GR assumptions are violated.",0.364,1,0.20,0.70,0.30,"A common misconception about these phenomena is that they automatically indicate relativistic motion. In reality, these fascinating events can occur even at lower speeds, making them a captivating phenomenon worth exploring further. Don't miss out on understanding the profound implications of these time-honored theories that continue to inspire and challenge the brightest minds in physics today.",0.000,0,0.30,0.00,0.00
"Twenty years later and we're still talking about the game-changing effects of that paper. So what was so revolutionary? Let's break it down for you. First off, this research tackled a major hurdle in astrophysics – the perplexing ""overproduction problem"" linked to conventional big bang nucleosynthesis models. By finely tuning key parameters, they revealed how crucial late infalling gas can be to resolve this issue. Their innovative approach opened new doors in understanding the cosmos. Don't miss out on diving deeper into their methods and insights. Check out our other articles exploring their detailed calculations and fascinating findings. Join us as we continue uncovering the mysteries of our universe together!",0.571,1,0.50,0.60,0.60,"Twenty years later and over 100 light-years away, Spitzer has detected the infrared light from this ancient remnant. The bubble-like shape of the object suggests it could be a superbubble, blown by numerous massive stars in a cluster that formed about four million years ago and has since dispersed.",0.319,1,0.20,0.50,0.30,"Twenty years later and we’re still learning new things, the universe is expanding at an accelerating rate. We have a good idea why that’s happening: Dark energy.  Dark matter vs dark energy  Let me explain some terms first: 1) Matter – Any substance that has mass. 2) Energy – Anything that can do work 3) Dark matter/energy – Not yet observed or identified (for all intents and purposes) 4) Light – Electromagnetic radiation within visible range of wavelengths; color spectrum 5) Mass-energy equivalence – Einstein equation E = mc^2; anything with mass also contains energy. 6) Photon – Particle of light (electro-magnetism)  Now let’s talk about what “dark” means in",0.397,1,0.30,0.50,0.40,"Twenty years later and thousands of light-years distant, its ghostly remnant, a stunning ring of fireworks, continues to captivate astronomers and astrophotographers alike. This breathtaking image, captured by the visionary team at the Hubble Space Telescope, offers a mesmerizing view of galaxy NGC 7462, along with its companion, NGC 7470.",0.397,1,0.30,0.50,0.40,"How can it be reconciled with the density matrix arising from a random assembly, as is commonly assumed in cosmic particle physics?                                                                ) of photons. In cosmic microwave background cosmology, the Altmanns recursion formula plays the role of the Basu-Rees equation at the peak of the CMB spectrum.",0.364,1,0.20,0.70,0.30,"Twenty years later and using independent data, Bowyer et al. suggested that the rounding off of the visible light curve might be a clue to the nature of the continuum emission, either from the start of a second peak in the light curve (the remnant could then be two coins coalescing) or at the end of the visibility period for the first peak (when we see only the second coin). They also discuss the possibility of the emission coming from one of the cool stars if it is a synchronous binary with a white dwarf.",0.364,1,0.20,0.70,0.30,"Twenty years later and thousands of miles away, another astronomer faced a moment of truth. In 1980, while observing the stars above Mexico, Samuel T. Hunter witnessed the incredible phenomenon of a star's brightness suddenly dropping by half over a period of just 12 minutes. This discovery opened up new dimensions in our understanding of variable stars and cemented Hunter’s place as an pioneering mind in astronomy.",0.397,1,0.30,0.50,0.40
"Take a good look around and you'll see that the universe is in a constant state of expansion. Everything seems to be moving further apart, stretching the fabric of space and time itself. This cosmic phenomenon is so profound that even if we could halt the expansion for just an instant, the gravitational pull of the vast empty spaces between galaxies would still lead to their inevitable separation, ultimately tearing our cosmos asunder. Don't let the future fade into oblivion – join us now to preserve the beauty of our unfolding universe while we can Still Together We Stand",0.700,1,0.75,0.65,0.70,"Take a good look around and you'll see that the world is changing. It's evolving faster than ever before, driven by innovation and progress. But with these changes come new challenges. We're faced with environmental concerns, social inequalities, and economic uncertainties. The question is: How do we navigate this complex landscape?",0.000,0,0.50,0.00,0.00,"Take a good look around and try to visualize the universe, all of it. It’s impossible, because there is no end in sight.  But if you could imagine that big circle being an infinite loop which somehow connects with itself at both ends (like infinity), then you would have imagined something very similar to what our Universe actually is: A cosmic doughnut!  If you’re looking for evidence or proof of such theory – I suggest starting with your own consciousness; afterall “consciousness” has been called by many names throughout history including soul/spirit/psyche etc., but nowadays we know better than ever before just how important it was/is/will always be!",0.000,0,0.50,0.20,0.30,"Take a good look around and imagine what your next big idea could transform. At 58,000 light years away, this celestial marvel beckons you to consider its incredible distance and mysterious allure. Join us on this journey through space and time, where every photo tells a story of discovery and wonder.",0.412,1,0.40,0.30,0.50,A common misconception about suggests that the expansion of the Universe should induce a red shift in the rest frame frames of preferred reference coordinates associated with the cosmological mass; an absurd conclusion which contradicts the preference of preferred reference coordinates to be locally Lorentz invariant.,0.421,1,0.30,0.60,0.40,"Take a good look around and you'll see that the very concept of time itself is not what it used to be. Time has been sliced up into ever-smaller chunks since Newton's day, but now physicists are starting to suspect that there may in fact be a lowest possible timescale -- a fundamental ``granularity'' or ``foamy`` nature to time, related to the existence of a minimal length. This idea has consequences for black holes, cosmology, and high-energy collisions, as well as providing a new window on the physics of Planck-scale gravity.",0.489,1,0.30,0.70,0.50,"Take a good look around and imagine yourself exploring the cosmos aboard a spaceship.   Dive into the fascinating history where visionary Russian cosmologist Alexander A. Kornouhov introduced the term ""astrobiology"" in 1960, marking the beginning of a new era in scientific discovery.",0.000,0,0.30,0.20,0.30
"Times change, but the truth doesn’t. The Bible is a timeless book that speaks to us today just as clearly as it did when first written thousands of years ago. Join us on this incredible journey where we uncover how the messages in Genesis 1-11 perfectly align with what we've learned from studying the universe's expansion over time. Don't miss out on this eye-opening exploration into our cosmos' mysteries—join now and be part of discovering the interconnectedness between heaven and earth like never before!",0.000,0,0.70,0.00,0.00,"Times change, but one thing remains constant -- the timeless elegance of a white wedding. Embrace this enduring tradition and create memories that will last a lifetime. Join us in celebrating the beauty of simplicity and purity as we delve into the rich history and contemporary allure of the classic white wedding gown.",0.000,0,0.30,0.00,0.00,"Times change, but the laws of physics do not. The stars are always there. So far we have learned that galaxies and their stars move in a spiral-like way around cosmic vortexes (galaxies), where they orbit around each other at tremendous speed.  We can see these cosmic vortices when we look through our telescopes to deep space; or else with smaller telescopes as shown here on Earth for example [1]. This is called “dark matter”. These dark objects pull planets towards them like magnetic fields attract iron nails etc..  What does it mean? It means something very serious: We live inside an infinite number of invisible gravitational forces which shape everything from atoms up to entire universes!  The next question becomes obvious now: Are",0.471,1,0.50,0.40,0.50,"Times change, but our commitment to a brighter tomorrow remains constant. Join us in celebrating 50 years of innovation and prosperity in Abu Dhabi -- a testament to leadership and progress. Don't miss out on being part of this remarkable journey; embrace the future with us today.",0.000,0,0.30,0.00,0.00,"Twenty years later and thanks to advances in aerodynamics, the remake pushes past the speed record of the original simulation.​​ Discover the fascinating reality awaiting you in a rotating disk around which swirl additional disks, oriented edge-forward, to form an equatorial plane; there may well be a transitional stage where all pairwise interactions are mutual interaction.",0.000,0,0.30,0.00,0.00,"Times change, but not the basic question: what was cosmology like when it had few observational foundations but many theoretical ones? When (and how) did a `golden age' of cosmic theory become supplanted by a modern `gold rush'? What are the roles of unification and reductionism in these eras? These questions can be asked about any field -- we discuss them in the context of cosmology. We trace some common threads connecting different epochs of `big bang' models; also some tensions between `cosmologists' cosmologies' and `astrophysicists'' cosmology.",0.489,1,0.30,0.70,0.50,"Times change, but one thing remains constant: the irresistible allure of jumping into lush waters beneath towering trees.   Don't miss out on this timeless tradition -- join us for an unforgettable adventure that combines nature's charm with endless fun.  (End here; begin new paragraph)",0.000,0,0.30,0.00,0.00
"When was the last time you checked your smoke alarms? Did they go off recently and now you're thinking it's a good idea to check them out? If that describes where you are at, then we've got some great news for you. We can help with checking those smoke alarms. Just give us a call today at (239) 330-9657 or fill in our online form here, and we'll be right there to assist you. Don't wait until it's too late – take action now and ensure the safety of yourself and others around you.",0.000,0,0.30,0.00,0.00,"When was the last time you truly immersed yourself in nature's beauty? If it's been a while, consider embarking on an unforgettable journey through Scotland's breathtaking landscapes. With its rolling hills, pristine lochs, and ancient castles nestled amidst towering trees, this enchanting country beckons adventure seekers from near and far. Whether you're an avid hiker, a passionate photographer, or simply someone who appreciates the serenity of natural wonders, Scotland offers an array of experiences waiting to be discovered. Don't miss out on the opportunity to create memories that will last a lifetime. Plan your trip today and let the magic of Scotland unfold before your eyes.",0.000,0,0.30,0.00,0.00,"When was the last time you saw a star? If we're lucky, perhaps once every few years. When I worked at JPL in Pasadena California and lived next to NASA's Jet Propulsion Laboratory (JPL), it seemed that all my friends who were involved with space exploration had telescopes on their roofs or balconies.  My personal interest in astronomy is also very strong but for many reasons not least among them ""the weather"" which has been pretty bad here lately) I have no telescope of any kind except one tiny little thing called a ""celestron sky master 30."" It sits inside an old shoe box along with some other stuff. The lens is cracked and it can't take photographs unless they are black-and-white shots taken",0.000,0,0.30,0.00,0.00,"When was the last time you treated yourself to something special? It's important to carve out ""Me Time"" regularly to recharge and stay happy and balanced. Don't wait for someone else to bring you flowers -- make yourself a priority today and experience the transformative power of self-care. You deserve it!",0.000,0,0.30,0.00,0.00,"Take a good look around and you'll see Mars in all its glory, flawlessly traversing the constellation.\ Join us on this amazing one-way trip to the solar system, arriving at Parkes Observatory's destination in about 40 minutes -- an incredible sight worth waiting for is a daily passage.",0.000,0,0.30,0.00,0.00,"When was the last time a major advance in our understanding of gravitation, or of black holes in particular, arose from work done in gravitational perturbation theory? The answer must be many decades in the past -- the development of the ""post-Newtonian"" approximation. This is apt because we are now at the end, not the beginning, of that story. To make progress on problems that are currently of central interest -- such as the evolution of massive binary black hole systems through their inspiral into advanced stages of precessing circular orbit motion, and onto the Khalatnikov-Lifshitz singularity (or perhaps beyond) -- requires us to enter the realm of ""gravitational hydrodynamics"".",0.489,1,0.30,0.70,0.50,"When was the last time you marvelled at the celestial beauty of the Milky Way? Don't miss out on the incredible journey of our solar system as it continues its awe-inspiring path through the galaxy, distancing itself from Neptune with every passing day. Join us to explore these wonders and more, inviting you to discover the magic that awaits beyond Earth's atmosphere.",0.439,1,0.50,0.30,0.50
"Under those assumptions, the field equations reduce to $$R_{\mu \nu} - {1 \over 2} R g_{\mu\nu} + \Lambda g_{\mu \nu}= T_{\mu \nu},$$ where $T_{\mu\nu}$ is a perfect fluid with energy density $\rho$ and pressure $p$. The equation of state for this fluid can be written as $$w = {{p } \over {\rho}}.$$ The Einstein Field Equations (EFE) are a set of nonlinear partial differential equations on the metric tensor components $g^{\mu\nu}(x^\alpha)$ which determine the spacetime geometry in general relativity. They were",0.364,1,0.20,0.70,0.30,"Under those assumptions, we show that the expected number of real roots is close to the expected number of complex roots. We also give an application to random algebraic curves in P^3. This extends previous results by E. Brieskorn and H. Kummer for the case of monomials.",0.000,0,0.30,0.00,0.00,"Under those assumptions, the cosmic microwave background is expected to have an almost uniform temperature throughout the sky, with very small (less than 1 μK) thermal fluctuations that correspond to deviations of the radiation intensity from absolute uniformity in any direction at the level of one part in a hundred thousand. These are precisely the fluctuations that were observed by the COBE satellite during its mission. This measurement had great significance and immediately led to a flurry of excitement and research around the world. The first result was not as precise as it should have been because only two orbits worth of data had been collected before the spacecraft's helium ran out and it could no longer maintain stable temperatures for its instruments.  But what does all this mean? It means we can",0.421,1,0.30,0.60,0.40,"Under those assumptions, the set of all such elements is exactly the union of the open ball centered at and having any given radius. In other words,. This result, although seemingly simple and obvious, hides a profound mathematical depth that has captivated minds throughout the ages. It stands as a testament to the power and elegance of mathematical abstraction, offering a unique insight into the very fabric of our analytical framework. Don't miss out on this opportunity to explore one of the most intriguing concepts in mathematics.",0.000,0,0.30,0.00,0.00,"Times change, but the importance of rigorous analytical examination of the data to understand probability distributions and statements about non-independent events to understand causal relationships does not. (In particular, we demonstrate that Halley made his key contribution well before Russell did -- in 1927).",0.000,0,0.30,0.00,0.00,"Under those assumptions, we show that there is a unique, regular and increasing mass function for the dark matter haloes. It has a very shallow dependence on sigma8 and n, making it a reliable predictive tool also in this case. We further demonstrate that, when defined through the relation between Mvir and rho_s, the mass function is almost independent of the shape parameter gamma.",0.364,1,0.20,0.70,0.30,"Under those assumptions, embark on a journey to understand the constitution of galaxies and their celestial neighbors.   Explore how these magnificent bodies form through unique processes, each painting a striking portrait of creation.",0.342,1,0.30,0.30,0.40
"It would be an oversimplification to say that the core of general relativity is Einstein's field equation, because in a sense this is what Newtonian physics amounts to as well: taking the form of some physical law and substituting into it the gravitational potential generated by matter distribution. What makes GR so much more powerful than just replacing Newtonian gravity with another inverse-square law is its geometrization of spacetime itself. GR says that space and time are not separate dimensions but part of the same continuum, which can bend and stretch according to the curvature induced by energy and momentum. This means that even if we could perfectly predict the curvature of spacetime given certain initial conditions, solving the field equations alone wouldn't tell us everything we need to know about",0.364,1,0.20,0.70,0.30,"It would be an oversimplification to characterize this work as a mere chronicle of events. Rather, it is a testament to the enduring power of storytelling and the human capacity for resilience in the face of adversity. As we delve into ""The History of the Mongols"" by Rashid-al-Din, we are transported back to a time when the world was shaped by these formidable warriors. From Genghis Khan's rise to power through sheer determination and courage, to the establishment of the Mongol Empire that stretched from the steppes of Central Asia to the shores of the Caspian Sea, this book offers a captivating glimpse into one of history's most fascinating empires.",0.000,0,0.30,0.00,0.00,"It would be an oversimplification to say that the Universe is composed of matter and energy. The term ""matter"" refers not only to ordinary physical objects but also to antimatter, which has opposite charges from their normal counterparts (antiprotons have positive electric charge instead of negative). Antimatter does not interact with itself; it interacts very weakly if at all.  The standard model of cosmology was developed by combining two models: one for explaining why stars form and another for describing how galaxies are formed out there in space beyond our own Milky Way galaxy...",0.397,1,0.30,0.50,0.40,"It would be an oversimplification to view this conflict through a strict sectarian lens. The truth is far more intricate and urgent. Al-Qaeda in the Arabian Peninsula, inspired by the ideology of Abu Musab al-Suri, has seamlessly integrated local grievances with a global jihadist agenda. Their strategic deployment of explosives and targeted killings, including the tragic attack on Marine Corps Camps Rico and Lemon, underscore their sophisticated tactics.",0.000,0,0.50,0.00,0.00,"When was the last time you spotted these cosmic mysteries? A/Shells have returned to the audience response level""Sampled spectra show emission lines from all the major ionization stages, and the distributions of line ids and fluxes accurately characterize the variable source"".Join us in exploring this mysterious realm where ancient stars seem to know our language of emission lines better than many sources did even in the ""local"" sample"". Don't miss out on the chance to be part of a ground-breaking investigation into the very nature of high-energy phenomena -- where astrophysics meets cosmology to offer a glimpse beyond the visible universe.",0.671,1,0.60,0.70,0.70,"It would be an oversimplification to state that all structure in the intracluster medium can be traced back to processes in groups. Rather, it is more appropriate to think of a hierarchy, in which structures on various scales are independent or correlated in a yet undetermined way. Understanding the nature of the correlations between, e.g., group mass functions and temperature profiles of clusters, will allow us to break the degeneracy inherent in current analyses that either assume or predict correlations between these quantities. Ultimately, a combined analysis of simulations and observations will lead to a better understanding of the physics of structure formation not only in clusters, but also in groups and the intracluster medium.",0.364,1,0.20,0.70,0.30,"It would be an oversimplification to claim that the universe had a beginning; rather, it invites us to marvel at the endless possibilities within its cosmic tapestry.   Dive into these fascinating concepts and more with every page turn -- where philosophy meets the cosmic adventure of our solar system.",0.342,1,0.30,0.30,0.40
"Better yet, you should be able to use the same equation for both problems. This is what we mean by “unified” field theory: one set of equations that can solve all physical problems. For more on this exciting topic, check out our other articles where we explore how the CMB signal reveals a remarkable 6% shift in r from its nominal value – enough to resolve the notorious “tension” between high-energy particle physics and cosmology’s observed cosmic microwave background (CMB) data! Don't miss out on unraveling the mysteries of the universe; join us now and dive into the fascinating insights waiting just ahead.",0.515,1,0.35,0.65,0.55,"Better yet, you should be able to use the same software to view them as well. You can see that we have a ""Tilt"" axis here which rotates about an arbitrary axis defined by two points on the plane (the origin and some point off in space). The other axes are still there but they're now tilted relative to each other -- this is what makes it so exciting!",0.000,0,0.30,0.00,0.00,"Better yet, you should be able to understand it yourself!  The following is a very brief (and perhaps incomplete) summary of the main ideas in standard cosmological models.  1. The universe started as an extremely hot and dense object from which matter and energy were created by some process called inflation. 2. As the universe expanded after its big bang, gravity pulled these atoms together into larger objects - stars, planets, galaxies etc... 3. These large structures eventually coalesce into superclusters that are connected with one another via gravitational wells through space-time. 4. One such well may have been responsible for our own galaxy's formation (in which case we live inside a black hole). 5. Alternatively, there could exist many more universes than just",0.319,1,0.20,0.50,0.30,"Better yet, you should be able to feel the mass flow rate -- the amount of gasoline moving through the pump per unit time -- not just the pressure. Imagine being able to taste the richness of fresh olive oil or smell the sweet scent of rose petals; this is the experience of sensing chemicals in action. Don't settle for less; demand a fuel gauge that reads your true progress.",0.000,0,0.50,0.00,0.00,"Under those assumptions, we present a analytic solution to the equation of state; beyond this radius, an arbitrary perturbation relaxes to the state... Missing closing tag for an analytic solution to the equation of state -- expect a transition to a accretion mode if the central black hole does not have new emissions prompted by the perturbation.",0.319,1,0.20,0.50,0.30,"Better yet, you should be able to see that the very concept of a ``time'': from which all natural phenomena obtain their clocks, is not fundamental, but emerges (as does the preferred time direction) in quite generic fashion from structure on a length scale comparative to the horizon.  This happens even in Minkowski space-time -- it is an intrinsically gravitational effect.",0.489,1,0.30,0.70,0.50,"Better yet, you should be mindful of your surroundings and engage in activities that truly matter. Imagine the impact you could make if you focused on nurturing the stars of tomorrow -- your own children. Dedicate yourself to being an inspiring force in their lives, guiding them towards a future where they can shine brightly and achieve their dreams. Let's keep the universe bright and vibrant for generations to come. Start today by being the beacon of love and support your family so desperately needs.",0.000,0,0.50,0.00,0.00
"Discovered by chance, the two are thought to be no more than a few million years old and may hold clues as to how our own galaxy's heart was formed. The research team used data from NASA's Galaxy Evolution Explorer (GALEX) satellite to identify the celestial objects in question. They were then studied with ground-based telescopes located at Siding Spring Observatory in Australia. ""What we've found is that these two nuclei appear to have very similar chemical compositions,"" said lead researcher Dr Marc Balick of the University of California Santa Cruz. ""It suggests they both might have been born out of the same collapsing cloud of gas and dust – but at different times."" Dr Balick believes that the younger nucleus could possibly harbour an ""intermediate-m",0.421,1,0.30,0.60,0.40,"Discovered by chance in 1980 during an optical survey of the Milky Way, this object presents a unique opportunity to study the dynamics and evolution of a rare stellar system. With its estimated distance of approximately 80,000 light-years from Earth, Sagittarius Dwarf Irregular Galaxy offers invaluable insights into the formation and structure of galaxies, particularly dwarf irregulars like itself.",0.319,1,0.20,0.50,0.30,"Discovered by chance: The Universe is not only expanding, it's also accelerating in its expansion. This acceleration of the universe was discovered when astronomers were looking at distant supernovae.  In a nutshell - or rather a big black hole: When Einstein developed his General Theory of Relativity he knew that space and time are intimately connected (and indeed spacetime). He came up with an equation for gravity to describe how matter distorts spacetime around them; but there was one problem – mass-energy had no effect on cosmic geometry!  The key insight from Friedmann-Lemaitre theory: If you add dark energy into our equations then suddenly everything works out perfectly well! What do we mean exactly?  Dark Matter vs Dark Energy  • In",0.397,1,0.30,0.50,0.40,"Discovered by chance in a French field, this incredible fossil reveals the early stages of one of nature's most mesmerizing life cycles -- the formation of an asteroid family. With cutting-edge technology, scientists were amazed to discover a massive crater over 20 kilometers wide at the hidden face of the moon.",0.000,0,0.30,0.00,0.00,"It would be an oversimplification to assume a direct association between the velocity discontinuities and density fluctices; the Mach solution was obtained under more general, although still presuming a constant plasma bulk motion. This groundbreaking study not only organizes pulsar emission mechanisms based on mach number but also predicts seminal features of GRB host robes and the presence of IR/wavy break components.",0.364,1,0.20,0.70,0.30,"Discovered by chance in the course of testing for planet transits, the system awaits further study to confirm the planetary interpretation of the light curve modulation. The measured parameters of the system include a host star with V=13.1 mag, $T_eff$ = 4380 K, and [Fe/H] = +0.50 dex; a orbital period of 4.64 days; and a projected planetary radius of about two times that of Earth.",0.319,1,0.20,0.50,0.30,"Discovered by chance in 1980 by the brilliant Lewis Pizzichini, this fifth major asteroid family within the inner Solar System continues to captivate astronomers. Its close proximity to the massive main-belt celestial bodies, especially Jupiter and Saturn, adds an exciting layer of intrigue.",0.370,1,0.30,0.40,0.40
It can't be overstated: the future of particle physics depends on our ability to uncover the truth behind neutrino interactions. Don't let us down; support the searches that could confirm or debunk this groundbreaking theory today! Join us in unraveling the mysteries of our universe – your voice matters more than ever.,0.000,0,0.70,0.30,0.50,"It can't be overstated: the stakes are high. The future of our planet hangs in the balance, and it's up to us to take action now. Join forces with like-minded individuals who understand the urgency of climate change and make a difference today. Together, we can shape a brighter tomorrow for ourselves and future generations.",0.000,0,0.80,0.00,0.00,"It can't be overstated that our universe is not just a big place. It's an incredibly vast and complex one, with billions of galaxies stretching across space-time. The Milky Way galaxy itself contains hundreds of billion stars, which themselves contain even more planets than we know.  So how does all these objects fit together? What are the laws governing their behavior?  The answer lies in understanding gravity as well as other fundamental forces such as electromagnetism or nuclear force...  ## How do you calculate distance between two points on earth?  To find out what is the distance from point A to Point B, use Pythagoras theorem: $d^2 = (x_1-x_0)^2 + (y_1-y_0)^2$",0.000,0,0.30,0.30,0.30,It can't be overstated -- this is a pivotal moment for the organization.  Join us in supporting this critical decision that prioritizes safety and integrity in our sport.    Let’s welcome NC State freshman quarterback Tyler Bowman into the fold and show him the love he needs to thrive.,0.000,0,0.50,0.00,0.00,"Better yet, you should be expecting to observe 3PIXELS relative to the flare width), highlighting the enormous scales that allow them to obey simply linear Kelvin waves; in contrast, other stars undergo much stronger dwarf planet collision rates as a function of galaxy separation for their KL-like waves.",0.397,1,0.30,0.50,0.40,"It can't be overstated that the data are simply not up to the task of discriminating between SLH and NLH absorption in quasars. Even the ""local"" case of the lensed quasar estimates also cannot distinguish between these two possibilities. The conclusion therefore remains that SLH must be the more common absorber of ionizing radiation in quasar lenses and background quasars.",0.489,1,0.30,0.70,0.50,"It can't be overstated -- understanding these fluctuations is not just insightful; it's essential for grasping the profound depths of our universe.   Embark on this journey of discovery today and uncover the wonders that lie within every motion, every wave, and every color, all of which originate from the intricate dance of light and darkness itself.",0.640,1,0.70,0.50,0.70
"The biggest twist in the story is that the main character, Yoon Seungho (played by Kim Soohyun), turns out to be the mastermind behind everything. He's not just a victim of circumstances but the one who orchestrated them all along. This revelation shifts our perspective completely, making us reevaluate what we thought we knew about him and his relationship with everyone else. Don't miss this shocking turn in ""Moonlight Drawing"" – it'll change how you view the entire series!",0.000,0,0.50,0.00,0.00,"The biggest twist, however, comes from none other than the iconic Darth Vader himself. In a stunning revelation, it is revealed that Anakin Skywalker, the beloved Jedi Knight turned Dark Lord of the Sith, was not only Force-sensitive but also carried the bloodline of the legendary Padmé Amidala. This unexpected connection adds a layer of depth and intrigue to the Star Wars universe, leaving fans eagerly anticipating what other secrets may await them on this journey through time and space. Join us as we delve into the rich tapestry of characters, settings, and themes that make 'Star Wars: Episode III - Revenge of the Sith' a true cinematic masterpiece. Whether you're a die-hard fan or new to the saga, there's something for",0.000,0,0.30,0.00,0.00,"The biggest twist is the one in which our universe has been created from a previous existence. It would be impossible for anyone to conceive that something can come out of nothing, so there must have existed an anterior world.  This theory was conceived by Albert Einstein and it's called ""Theory of Relativity"". According to him, time and space are relative to each other and also with respect to movement (which will bring us later into General Theory of Relativity).  Einstein believed that if he could find enough energy to move at almost the speed of light -that is 186000 miles per second- then maybe we'd discover what kind of phenomenon occurred when gravity pulls objects toward its center; but unfortunately no human being alive today possesses such power",0.000,0,0.30,0.20,0.30,"The biggest twist? This spectacular display of brightness isn't caused by a collision with another asteroid, but by a extraordinary phenomenon within its own system. Discover the wonders of (3200) Phaethon, where the drama of close encounters meets the mystique of the Santa Claus comet. Don't miss this chance to explore an amazing celestial mystery unfolding before our eyes.",0.439,1,0.50,0.30,0.50,"Discovered by chance, these celestial companions await the fruits of rigorous follow-up observations to fully unlock their orbital elements. Delve into the spectra and light curves of both detected and unidentified variables within the embedded young stellar population in the cluster MR 73. Additionally, study the spectral variability basin of the first detection found in the dataset from the VLT time-resolved spectra, associated to an optical bright maximum.",0.489,1,0.30,0.70,0.50,"The biggest twist comes at the end of the diskless mass function where we discover a second, much more massive arm that reaches out to $200-300$ gms. This ""giant"" arm is co-planar with the main rotating disk and contains masses up to 40 gms -- well into the high-mass end revealed by the dust observations. Together, these results demonstrate that centrifugally-dominated cores can make up a significant fraction of all high-mass core formations in a region of recent intense star formation.",0.364,1,0.20,0.70,0.30,"The biggest twist comes into play when the mass of the black hole varies based on how much gas it absorbs -- getting thinner and thicker, yet remaining within a stunning radius from 10 to 100 times that of the Sun.   Imagine the intrigue as we uncover why this giant shines brighter than expected, especially during periods when the accretion disk becomes more illuminated. Join us in unraveling the mysteries of the universe at Nagasaki University's Cosmic Ray Laboratory in Japan.",0.543,1,0.50,0.50,0.60
"Everyone is advised to stay indoors until the storm passes. A tornado watch has been issued for central and northern Oklahoma, including Tulsa. It will remain in effect through 10 p.m. Tulsa's National Weather Service office says it could be a ""very active"" day with severe storms possible across much of northeastern Oklahoma. The agency warned that people should keep an eye on weather conditions throughout Tuesday afternoon as the threat of dangerous thunderstorms moves closer to the area. Tulsa police have reported several accidents involving vehicles hydroplaning due to heavy rains. Police spokeswoman Jeanne Pirtle said officers are responding to at least five such crashes, but she had no details about injuries or property damage involved. Pirtle urged drivers not to",0.000,0,0.30,0.00,0.00,"Everyone is advised to stay indoors, avoid non-essential travel and not to use wood or solid-fuel burners. Young children in particular are at risk from respiratory problems if they are exposed to the pollution. The Met Office has issued a severe cold weather alert for parts of England - including London - which states that there could be widespread impacts on health and life with serious disruption likely.",0.000,0,0.30,0.00,0.00,"Everyone is advised to read the first 2 chapters of ""The First Three Minutes"" by Steven Weinberg (Nobel Prize in Physics, 1979). I have already written a few paragraphs on Chapter One. In chapter two we get to know more interesting information.  First some background: The Standard Model of Particle Physics consists of elementary particles such as leptons and quarks; with leptons being electrons, muons and tau-leptons, which are all electrically charged spin-1/2 fermions without strong interaction, while quarks are uncharged spin-1/2 fermions that participate only weakly in electromagnetic interactions but strongly interact via nuclear forces. There are six flavors or types of quarks named up-type ($",0.397,1,0.30,0.50,0.40,"Everyone is advised to stay indoors and off the roads until this intense rain subsides. Don't take unnecessary risks -- safety comes first. Listen to our trusted broadcasters for critical updates and stay tuned as we monitor this daunting situation. Together, we can navigate through this challenge with resilience and solidarity.",0.000,0,0.30,0.00,0.00,"It can't be overstated any more strongly. NASA, the pioneering leader in this field, explicitly recommends targeting a lunar orbit initially, highlighting both conservatism and strategy. Make a choice that history will honor. The cosmos awaits you -- with the unique recommendation to start with a gentle push in velocity instead of a gravitational kick, for yet unknown reasons...",0.669,1,0.75,0.55,0.70,"Everyone is advised to study the literature on this phenomenon, which spans many decades. Unacceptable alternatives are speculations that we are seeing either a quasar left over from the onset of galaxy formation, or a ""dark quasar"" composed of colliding dark matter blobs. Instead, the large time-spread and slow variability relative to a quasar suggest a lensed image of a quasar buried behind dust. The microlensing by stars in the lensing galaxy could make the source appear to vary slowly.",0.489,1,0.30,0.70,0.50,Everyone is advised to seek safe haven until the winds subside.  Don't wait for danger to knock on your door; take control today and ensure your family's safety.   Join us in urging Governor Andrew Cuomo to make this critical decision -- your actions could save lives.,0.000,0,0.70,0.00,0.00
"Statistically, it's unlikely that the same two particles will meet again after having interacted once. Yet here we show how a quantum mechanical interaction between them can significantly enhance their likelihood of meeting a second time – and even more so for a third encounter. The phenomenon arises from an interference effect involving the off-diagonal elements of the density matrix associated with each particle. By carefully controlling the relative phases of these elements, one can dramatically increase the probability of repeated interactions, opening up exciting possibilities in fields ranging from astrophysics to condensed matter physics. Don't miss out on this groundbreaking discovery – dive into the details and unlock the full potential of our findings today!",0.671,1,0.70,0.60,0.70,"Statistically, it's unlikely that you'll encounter a black hole within our galaxy -- but who knows what the future holds? Maybe one day, we'll be lucky enough to observe this cosmic wonder up close and personal. In the meantime, keep dreaming big and exploring the limitless possibilities of the universe.",0.342,1,0.30,0.30,0.40,"Statistically, it's unlikely that I'm writing these words at the moment. This is because statistically speaking (and based on a few observations and extrapolations) there are many more moments when I don't write anything than those in which I do.  It follows from the above that we can make an assumption: ""I am writing now."" And what should follow next? Let me think for a while...  Okay! So, let us assume that time moves forward (which seems to be correct). Then my conclusion must be something like: ""If I was not going to continue writing these sentences right away then why would they have been written?"" Or maybe just simply: ""Well, if you're reading them now..."".  Let's take some rest before",0.000,0,0.30,0.00,0.00,"Statistically, it's unlikely that such a dramatic improvement could go unnoticed across 25 years without being celebrated.Join us in recognizing the remarkable shift in our understanding of the universe -- a true milestone in astronomical history. Don't miss out on celebrating this incredible achievement in human observation and analysis.",0.000,0,0.50,0.20,0.30,"The biggest twist is the enhanced neutrino speed, outpacing light from neutron stars; while not definitely relativistic, it's strikingingly fast. Make history with the immediate exploration of our neighborhood and beyond -- the future holds exciting discoveries waiting to be made.",0.640,1,0.70,0.50,0.70,"Statistically, it's unlikely that all this is happening by coincidence. Instead, the data may be telling us of the presence of a planet with the indicated parameters -- a conclusion which, if correct, would make this one of the few (if not THE) first such detections in an extra-galactic system and also in a pure microwave signal (as opposed to signals merged with optical or radio data). Even if the detected signal variations prove to be real rather than being artifacts, there is still the question of whether they are caused by a planet or by something else (e.g., scintillation effects in the interstellar medium or within our own galaxy).",0.489,1,0.30,0.70,0.50,"Statistically, it's unlikely you're related to everyone in a large enough group -- unless you share ancestors with one or more of them. Discover the incredible likelihood that you are not alone in this universe, and that the answers to life's deepest questions may lie beyond our Earthly bounds.",0.000,0,0.30,0.00,0.00
"A guaranteed result is obtained when the ratio between the maximum eigenvalue and that of the second largest eigenvalue exceeds a critical value. This condition, however, can be difficult to verify in practice. We show how this criterion can be relaxed by considering the ratios among all eigenvalues instead. Under certain conditions on the spectral gap ratio, we establish an exact test for perfect phase synchronization based on these newly defined criteria.",0.000,0,0.30,0.00,0.00,"A guaranteed result is achieved by using a new technique based on an extension of the classical Brouwer fixed point theorem. This guarantees that every trajectory starting in the domain will reach the target region, and moreover does so within a given finite time interval. Our method is conceptually simple, numerically efficient and provides great flexibility in terms of choosing the target regions.",0.000,0,0.30,0.00,0.00,"A guaranteed result of any scientific investigation is the discovery that it's wrong, and the more you investigate, the worse your understanding becomes. That means we're not going to understand anything.  We've just learned that our universe isn't expanding in a nice smooth way but actually looks like some weird fish-eye lens or something. And now, apparently, there are these black holes (or whatever they call them) inside galaxies which pull everything around toward their centers at an accelerating rate so that eventually all matter will be sucked up into them. Then what? What do we know?  It turns out that Einstein was right: gravity really does curve space-time as if it were made from rubber sheets that bend under pressure. This bending is caused by mass",0.599,1,0.65,0.55,0.60,"A guaranteed result is within your reach -- embrace the power of Bayesian inference and elevate your analytical capabilities to new heights.📊💡 Join us in celebrating this remarkable figure who paved the way for modern mathematics, offering valuable insights that continue to inspire and revolutionize our understanding of mathematical concepts.",0.000,0,0.50,0.00,0.00,"Everyone is advised to use slightly more optimistic normalization factors in damping the data; currently, we are within the recommended range for $r_f sin$($1.65 c/fg), but we encourage a slight increase to $1.7 c/fg` to take advantage of possible sensitivity as low as $1.5 c/fg`.",0.000,0,0.30,0.00,0.00,"A guaranteed result from this approach is the resolution of any degeneracies among the parameters that we derive for the sources. In addition, the approaches outlined here should allow us to measure the inclination angle $i$ for each lens, resolving the remaining parameter (the shoebox dimension D) for all lenses with known $b$. This will in turn enable measurements of H0 and Omega_m for each lens, resolving also the dark energy equation of state for each lens.",0.364,1,0.20,0.70,0.30,"A guaranteed result is that the volume inside any cone will always be exactly half the area of its circular base, ensuring a perfect π/4 ratio. Dive into the fascinating world of cones and verify this mathematical marvel for yourself today!  Concave/convex -- where shape meets utility.",0.000,0,0.30,0.00,0.00
"The final step before we can launch the satellite is to obtain our license from Ofcom. We have already submitted all of our documents and are now waiting for approval. Our application was reviewed by an engineer who specialises in satellites, ensuring that everything meets their high standards. They checked over 200 pages of documentation, looking at both technical and regulatory aspects. This included reviewing our design, testing procedures, operating parameters, radiation modelling, thermal vacuum tests results as well as considering potential interference with other signals in space. Their thorough evaluation helps guarantee that our project will be successful while minimising any risks or disruptions ahead.",0.000,0,0.30,0.00,0.00,"The final step before the official release of Windows 7 is complete. The Release to Manufacturing (RTM) version has been finalized and will be made available shortly for volume license customers, OEMs, and system builders. This marks a significant milestone in our journey towards delivering this highly anticipated operating system.",0.000,0,0.30,0.00,0.00,"The final step before the Big Bang is a complete collapse of space-time in on itself, as it's too small to contain anything. The universe collapses completely back into nothingness.  After that, there was just one thing left: Nothing. But even with nothing, you can't escape from something, because ""nothing"" means the absence of all things. And so we have reached our starting point again and are able to start over once more...  There is no end to infinity!",0.342,1,0.30,0.30,0.40,"The final step before a detailed orbital trajectory analysis, this crucial maneuver will position the spacecraft just 3.6 millimeters from a perfect photograph of Jupiter's intriguing equatorial bands. Don't miss your chance to be part of history -- join us in celebrating this remarkable achievement and the incredible precision achieved by our pioneering spacecraft.",0.566,1,0.70,0.40,0.60,"Statistically, it's unlikely to be the outcome of a gravitational collapse, making it unique among any possible systems that may be formed in the future. This landmark study, originating from the Monoceros I molecular cloud, was undertaken in CGS bands at $ 8.6$ and $ 12 microns$, ideal for tracing young stellar objects with the accumulation of material, although the observed spectrum does match the position of an intervening atomic methane molecule; the embarked denotes planet.",0.342,1,0.20,0.60,0.30,"The final step before evaluating the flux is to convolve the source counts and vignetting with the appropriate Point Spread Function (PSF). For full frame data we use the ""optimal"" PSF as described in a series of papers by the CFHT team. For the wide field imaging we use the Isaac Newton Team Wide Field Camera PSF. For the FLAMES observations we use an empirical PSF derived from master frames constructed from hundreds of individual exposures.",0.319,1,0.20,0.50,0.30,"The final step before the ultimate frontier of the theory of everything, this field redefines knowledge as the pinnacle of understanding. Embrace the limitless possibilities that arise when you delve into the heart of reality itself. Join us in exploring the profound depths of metaphysical inquiry, where the mysterious ""realm beyond appearance"" awaits those who seek to transcend the visible spectrum and perceive the essence of things uncensored by material form.",0.000,0,0.70,0.00,0.50
"It's hard to believe that the world of particle physics is on the brink of a revolutionary shift, all thanks to groundbreaking insights into the neutrino's elusive properties. As we unravel the mysteries of its mass and quantum numbers, the implications for our understanding of dark matter are profound. Join us in exploring this thrilling frontier where everything you thought you knew about the universe is poised to change forever. Don't miss out on being part of history in the making!",0.000,0,0.70,0.50,0.50,"It's hard to believe that just a few short decades ago, the idea of having your very own personal computer was nothing more than science fiction. Today, we can't imagine life without them. These incredible machines have not only revolutionized the way we work and play but have also become an integral part of our daily lives. At its core, a computer is designed to receive instructions through input devices such as keyboards or mice, process those instructions using advanced algorithms and calculations, and then output the results for human consumption via screens, printers, or speakers.",0.000,0,0.30,0.00,0.00,"It's hard to believe, but it's true: 100 billion galaxies. That is the estimate that astronomers have made of how many galaxies there are in our universe.  Let me make an analogy with a more familiar situation, so as not to shock you too much.  Suppose we want to find out ""how many houses"" there are in one city (in your own country). So what do we need? We'd first get maps and charts for each street. Then start counting! How long will that take?  We can't possibly count them all; they're just too numerous!  So instead, let us ask some people living on those streets, ""How many houses are there?"" And then average their answers together...  And we'll get",0.342,1,0.30,0.30,0.40,"It's hard to believe, but this is just one example of the 15 fatal crashes involving taxicabs in New York City over the same period. Join us in urging for stricter controls and safeguards to protect our communities and tourists alike. Take action now -- your voice can make a difference before it's too late.",0.000,0,0.70,0.00,0.00,"A guaranteed result is achievable in the case of redshift of nucleon mass, but the situation with unknown signs of sign of neutron decay flux and overall baryonic flux sign is not guaranteed to be similar to the peculiar LGRB homogenous model.",0.421,1,0.30,0.60,0.40,"It's hard to believe that the most massive neutron stars, with masses $>2M_Sun$, can be made by the nucleon superfluid pairing. The only promising alternative is the hyperonic core. However, hyperons could lower the star mass scale for the onset of superfluidity down to values well below $1.4 Msun$. Then massively asymmetric neutron stars with a disc-like shape might have a hot protons star core surrounded by a rotating fluid electron star.",0.445,1,0.30,0.70,0.40,"It's hard to believe, but the fragment that struck Earth was just a bit more than a hundredth of an inch thick. Imagine the impact (both literally and figuratively) if one had fallen directly end-to-end on a city like Dublin, Ireland, or Barcelona, Spain.",0.000,0,0.30,0.00,0.00
"Our community fully supports the arts and our unique creative economy. We are proud to have one of the highest concentrations of artists, designers and craftspeople per capita in America! With over 80% of all working artist living here full-time year-round, we’re committed to sustaining this vibrant cultural landscape for generations to come. Discover how our innovative approach sets new standards by seamlessly integrating public art within infrastructure projects – enhancing both functionality and beauty simultaneously. Join us as we push boundaries and redefine what is possible in urban development today.",0.000,0,0.50,0.00,0.00,"Our community fully supports our students' academic pursuits, offering a range of scholarships and bursaries to ease the financial burden. These initiatives not only provide essential funding but also recognize and reward outstanding achievement, fostering a spirit of excellence throughout our institution. The University has garnered widespread recognition for its commitment to excellence in education and research. Renowned institutions such as Times Higher Education have consistently ranked us among the top universities globally, while respected organizations like QS World University Rankings and Shanghai Jiao Tong University's Academic Ranking of World Universities have placed us prominently on their lists.",0.000,0,0.30,0.00,0.00,"Our community fully supports and encourages open access to scientific information, which is why all the papers of our journals are available online in full-text version under a Creative Commons Attribution license.  # The Sun  The Sun has many features we can see with just eyes or binoculars. Some features on it have been known for centuries (sunspots), while others were discovered only recently thanks to space missions that brought new images from the sun’s surface back to Earth.  ## Active Regions  Active regions are dark spots on the solar disk where the magnetic field lines pierce through the visible layer – photosphere. When looking at them one might think they look like the familiar dark spot on your skin after you’ve had some injury there. But these spots are",0.295,1,0.20,0.40,0.30,"Our community fully supports our dedicated police officers and commanders as they work tirelessly to uphold these values. Join us in honoring their efforts to maintain law and order while ensuring that everyone is treated with the respect and dignity they deserve. Together, we can make a difference in keeping our neighborhoods safe and thriving.",0.000,0,0.30,0.00,0.00,"The final step before observing a cosmic twilight is the transition from the rigorous astrophysics of a luminous, ionized bubble to the more observational physics of a red clump flickering blob.\ Join us on a journey through time as we apply the relativity correction to the motion of Apollo, taking into account its constant Poincar\'e-like perturbation induced by Earth's orbital variation.",0.421,1,0.30,0.60,0.40,"Our community fully supports and encourages the exploration of all possible signatures of Planck-scale physics in cosmology, including both `natural' modifications of GR (e.g. massive gravitons) as well as effective non-relativistic theories (i.e. with fundamental scales much smaller than $M_P$). In particular, we stress the importance of exploring signature(s) of GR breakdown already at cosmological distances -- a situation that is expected to occur sooner in time for massive gravitons (likely in the next few years) rather than for supermassive gravitons (possibly in the far future).",0.489,1,0.30,0.70,0.50,"Our community fully supports the scientific methodology, standing firm on the principle that no theory is proven until a dedicated experiment confirms it. Join us in celebrating this progressive stance towards research integrity and advancement.   Explore with us as we delve into the wonders of stars and space beyond Earth's atmosphere, offering you a viewing experience like none other.",0.439,1,0.50,0.30,0.50
"A cautionary tale for the ages I’ve been following this story with great interest, and I must say it’s both fascinating and concerning. The revelation that our universe might be part of a multiverse, where countless parallel realities coexist in a vast cosmic tapestry, is nothing short of awe-inspiring. However, the realization that these alternate universes could bear striking similarities to ours yet remain inaccessible to us due to quantum barriers is both thrilling and sobering. It’s a reminder that while the mysteries of the cosmos continue to intrigue and inspire us, they also pose profound challenges to our understanding and exploration of the world around us.",0.447,1,0.35,0.55,0.45,"A cautionary tale for all, especially those who believe they are invincible. This tragic incident serves as a stark reminder of the consequences that can unfold when recklessness meets fate. Let this be a wake-up call for anyone considering similar actions -- your life is precious, and taking risks like this have severe repercussions.",0.000,0,0.50,0.00,0.00,"A cautionary tale for all the science fiction writers out there who are trying to write their next novel. A cautionary tale that will be repeated over and over again until you get it right.  The story goes something like this: You’ve got a spaceship, or some other space vehicle, in orbit around Earth or another planet. It’s been damaged somehow, either through an accident (a meteor strike) or because of enemy attack. The crew has survived the initial impact, but they’re running low on oxygen and water supplies. They need food, too, since one of them is pregnant and can’t afford to go without eating much longer than her baby needs to grow inside her body. To make matters worse, these people have no idea what",0.000,0,0.50,0.00,0.00,"A cautionary tale for the curious and courageous, this is your ultimate guide to understanding the mysterious allure of these fascinating creatures. Don't miss out on this essential reading for anyone who's ever wondered what happens behind closed doors in Congress -- or any door, for that matter.",0.000,0,0.30,0.00,0.00,"It's hard to believe that a similar structure, the famous Mars Caustian lens, led to a similar proposal in the 1950s.. Similarly, the idea of a ""Mars polar cap moonquake"" detection is intriguing, but existing data do not support the conclusion that moonquakes are associated with polar caps.",0.370,1,0.30,0.40,0.40,"A cautionary tale for extremely low mass white dwarf candidates, however, is provided by a new analysis of the well-known system GPS J1927+055. New observations show that the object's optical light curve differs significantly from that reported previously, and does not exhibit the expected characteristics of a synchronous, mag netically active white dwarf + main-sequence binary. Instead, random optical light variability, at a level consistent with the previous measurements, is being viewed synchronously as a result of independent variations in the visual depth of the components and their relative motion.",0.364,1,0.20,0.70,0.30,"A cautionary tale for those who dare to defy the cosmic order -- altering the engine's settings mid-flight is not just a violation of air travel regulations; it's a direct path to unfolding mysteries and unpredictable outcomes. Imagine the audacity of British Airways passenger James Jatras, who threatened to light his phone battery and send a critical communication at 30,000 feet over the Atlantic. Yet, the true danger lies in the unexpected consequences that can unfold when you tamper with technology meant for seamless travel. Don't become part of a story like pilot Edgar Steele's, where allegations of aiding and abetting in a separation scheme led to his arrest. Stay within the boundaries of the sky, and let the experts handle the destination.",0.000,0,0.55,0.00,0.00
"Our observation holds true for both the longitudinal and transverse polarizations of the gravitino. We also present the associated branching ratios into two light gravitinos plus two gauginos, as well as those into one light gravitino plus three gauge bosons in the limit that the mass difference between the NLSP and LSP vanishes.   1. M.S. Turner has informed us (private communication) that he made this calculation several years ago using an approximate formula [9] which differs from our result by a factor of roughly 2-3%. In his case, however, the NLSP decay rate was computed assuming R-parity conservation, so there is no direct comparison with ours possible at this time.",0.364,1,0.20,0.70,0.30,"Our observation holds true across all spectral types, indicating that the origin of this feature does not depend on stellar properties. We suggest that scattering by small dust grains in the inner disk is responsible for this emission. Our results imply the presence of a large reservoir of cold dust located beyond 35 AU from the star.",0.364,1,0.20,0.70,0.30,"Our observation holds true also for the most distant objects in our universe, i.e. quasars. They are found at distances of billions and even trillions light years from Earth.  This means that they must be very old to have reached such a distance with their speed of approximately 300.000 km/s or more (see above).  We conclude: Quasars must exist since long before Earth was formed!  Quasars were observed already during World War II by Karl Jansky's radio telescope! But nobody could explain them until now.  The existence of quasars can only be explained if we assume  1) There is an unlimited number of stars existing which produce light continuously without end! (See below.)  2)",0.370,1,0.30,0.40,0.40,"Our observation holds true even when the data is conditioned on, meaning that it applies to both measured and estimated values.""> Our observation holds true even when the data is conditioned on, meaning that it applies to both measured and estimated values."" /> 10cm-s1, revealing a cosmic ray event of extraordinary magnitude.",0.227,1,0.20,0.30,0.20,"Our community fully supports Einstein's core ideas, including the latest pioneering notion of a cosmological mass density parameter equal to one. This landmark discovery occurs in excellent agreement with Planck measurements and is completely consistent with the data set released by the first year WMAP images -- a remarkable alignment of evidence in favor of Einstein's theory.",0.489,1,0.30,0.70,0.50,"Our observation holds true even for the highest X-ray active elliptical galaxies, and is independent of the optical classification of the galaxy (ellipticals, S0's or spirals). This result supports the unification model of AGNs and argues against a major role played by the cirular region close to the central engine. We further notice a significant correlation between the hard X-ray and optical luminosity of the early-type galaxies.",0.364,1,0.20,0.70,0.30,"Our observation holds true across all wavelengths, cementing our understanding of these fascinating objects. Dive into the wonders of the galactic realm with Triffid and the Magellanic Clouds, now within reach for any astronomer. Join us on this stellar journey through space and time -- where every constellation tells a story and each nebula holds a secret. Don't miss out on exploring these captivating celestial bodies that redefine our understanding of the universe.",0.512,1,0.50,0.40,0.60
"Insight from this study is expected to help elucidate the relationship between microstructure and mechanical properties of materials, which could in turn benefit material design. ## Introduction In recent years there has been increasing interest in studying deformation mechanisms under large strain at high homologous temperatures (Barnett et al., 1999; Chen et al., 2003). This is because many engineering applications such as metal forming processes involve plastic deformation with a magnitude comparable or even greater than unity. At these strains, dislocation glide becomes increasingly difficult due to the presence of forest obstacles. Thus twinning is often regarded as an alternative mechanism for accommodating plastic strain when temperature increases up to around one third of melting point (\(T\approx T_{m}/",0.000,0,0.30,0.00,0.00,"Insight from this study will aid in the development of novel therapeutics and diagnostic tools, paving the way for improved outcomes in pancreatic cancer. Join us as we delve into the fascinating world of pancreatic stellate cells and their pivotal role in tumor progression. Don't miss out on this groundbreaking research that holds promise for transforming our understanding and treatment of pancreatic cancer.",0.000,0,0.50,0.00,0.00,"Insight from this study: The Big Bang theory is the leading scientific explanation for how scientists think the universe began. The concept of the Big Bang is based on general relativity, a major physical theory published by Albert Einstein in 1915. According to this theory, space and time emerged together some $13.8$ billion years ago. It was an infinitesimal point that expanded outward at incredible speed—faster than light—to become what we know as the universe.  Astronomers still don’t understand why or how the big bang occurred. Some theories say it had something to do with dark energy or quantum fluctuations (a kind of ripple). But no one knows for sure.  Scientists also aren't certain when exactly the big bang happened",0.319,1,0.20,0.50,0.30,"Insight from this study could revolutionize our understanding of the universe, challenging conventional wisdom and opening new doors to exploration. Don't miss out on being part of this groundbreaking revelation -- stay tuned for more exciting developments ahead. Join us in shaping the future of astronomy today!",0.582,1,0.75,0.35,0.65,"A cautionary tale for the curious and cautions, this discovery was triggered by numerous reports from astronomers searching for remnants of a large body passing close to Mercury. Distinguished as one of the few objects whose orbit can be confidently assumed due to unique circumstances in its evolutionary history, this object is worth noting. The periapsis of its presumed epochal orbit is roughly $0.4 AU beyond Mercury's distance from the Sun, making it a landmark of uniqueness.",0.397,1,0.30,0.50,0.40,"Insight from this study and future studies with larger samples can address this question and further shed light on the role of environment in low mass white dwarf formation. Additionally, we find three new independent evidences that a large fraction of unresolved cool disc companions to white dwarfs are low-mass stars or planets: isolated Hα emission lines, variable Halpha line strength, and tracers of ionization (Ly-alpha and H-beta).",0.364,1,0.20,0.70,0.30,"Insight from this study could revolutionize our understanding of the universe, potentially validating a 25-year-old hypothesis that challenged conventional wisdom. Don't miss out on this groundbreaking revelation -- join us in celebrating experimental excellence and theoretical innovation at CERN today and be part of history in the making.",0.000,0,0.70,0.30,0.50
"Some processes can't be simulated directly with Monte Carlo codes like MCNP or Geant4. These are typically very complex physical phenomena, where a lot of interacting particles have to be tracked simultaneously through phase space in order to calculate the probability for certain outcomes. If you're interested in such problems and need help solving them, please get in touch via our contact form.",0.000,0,0.30,0.30,0.30,"Some processes can't be reliably modelled, yet their effects must still be accounted for. These are treated as random variables with known probability distributions. A Monte Carlo simulation generates numerous samples from these distributions to estimate the overall impact on the system's behaviour. This method offers flexibility and complexity management by allowing you to focus on key aspects while abstracting away less critical details.",0.000,0,0.30,0.00,0.00,"Some processes can't be observed directly. We have to infer their existence from the evidence of other phenomena.  One such process is that a neutron star is being formed at the core of our Galaxy, in Sagittarius A*. This black hole has mass $4\times 10^{6}M_{\odot}$ but its size is only around two Schwarzschild radii ($R_s$).  We know that when matter falls into a BH (or NS) with radius less than twice $Rs$, it forms an event horizon and there's no way for light or any information signal to escape the gravitational well.  But here we are seeing light emitted by particles moving very close to c; how do they manage? They must get out",0.421,1,0.30,0.60,0.40,"Some processes can't be reversed by simply reversing time, making them truly unique. Discover how these fascinating variables shape our understanding of the cosmos and watch as your favorite stars and planets maintain their appearance for centuries to come. Don't miss out on this extraordinary opportunity to explore what remains constant in our ever-changing universe.",0.439,1,0.50,0.30,0.50,"Our observation holds true from zero to high frequency, exhibiting a possible roll-back of the redshift through the aborption in the rest frame of the absorber. -- objects of all scales exhibit the opposite dependence on time and frequency of their Compton scattering emission.",0.421,1,0.30,0.60,0.40,"Some processes can't be treated with current code. These include, but are not limited to: massive systems, highly collinear gravitational waves, and nearly singular gravity. For these cases new terms must be added to the effective action. Which ones? That is the question of bound graviton mode creation during a gravitational wave pulse (an analogue to particle production in an electromagnetic field).",0.489,1,0.30,0.70,0.50,"Some processes can't be observed directly, making them feel like they're happening all at once. But don't miss out on understanding the incredible workings of our universe -- embrace the mystery and complexity that has captivated scientists for centuries. Join us in uncovering the secrets of the cosmos, where every discovery leads to new adventures waiting to be explored.",0.540,1,0.60,0.40,0.60
"A lot of evidence indicates that the Milky Way is moving through the local rest frame at about 300 km/s in the direction of Leo. This means we are not stationary, but rather are travelling away from us at a rate proportional to distance. The velocity dispersion of our Galaxy's stars (about 70-90km/s)is greater than for any other known galaxy with comparable luminosity, which implies they have been affected by some external force or influence.",0.397,1,0.30,0.50,0.40,"A lot of evidence indicates that the magnetic field is amplified by a dynamo effect operating in the convective envelope, but this remains to be demonstrated conclusively. In any case, it seems clear that the differential rotation plays an important role in supporting and regulating the solar cycle.",0.421,1,0.30,0.60,0.40,"A lot of evidence indicates that the universe is expanding at an accelerating rate.  This has been attributed to a mysterious, unknown “dark energy” component of space.  In 1998 two research teams led by Saul Perlmutter and Adam Riess used supernovae as standard candles in order to measure distances across large portions of space-time.  Supernova SN1987a was discovered on February 23rd, 1987 (in our Milky Way galaxy) – it’s light took over six weeks before reaching Earth!  It was determined that Type Ia Supernovas are relatively homogeneous events.  Their luminosity can be calibrated with some degree of accuracy, thus making them ideal for use as Standard Candles.  However, even though",0.342,1,0.20,0.60,0.30,"A lot of evidence indicates that the very early Universe was highly symmetric, both in terms of physical laws and fundamental particle properties. Yet, today we observe clear imbalances, such as the dominance of matter over antimatter, the existence of a cosmological constant, and the remarkable fine-tuning necessary to allow for life.",0.421,1,0.30,0.60,0.40,"Insight from this study, what happens if we exceed the energy density limit?... energetic sources, could this lead to dangerous effects; beyond simply scaled densities. Starting from an isotropic and homogeneous universe at time $t=-infty$, we see incredible dynamics occur as we cross a `pretzel-like' singular shell (the era of reionization holds clues on the direction).",0.489,1,0.30,0.70,0.50,"A lot of evidence indicates that dark matter weakly interacts with photons. This interaction may be described by a ""unified"" dark matter - baryonic matter coupling, which is valid both in the flat and in the spherical case. In the solar system context this coupling leads to constraints on the parameters of the interaction. The influence of the direct photon exchange on the evolution of structure in the universe is taken into account through the baryon conversion rate.",0.364,1,0.20,0.70,0.30,"A lot of evidence indicates that our home galaxy is not unique, leading scientists to wonder what other adventures await us in the cosmos. Imagine the possibilities -- life beyond Earth's surface, worlds unlike any we've seen before. The thrill of discovery awaits those bold enough to venture into the unknown. Join us on this journey through time and space, where every new revelation brings us closer to mastering the universe around us.",0.607,1,0.70,0.40,0.70
"What actually happens when a photon interacts with an electron? The Feynman diagrams are very clear about what can happen, but not so much on how it is happening. When we say ""the amplitude for this process to occur is..."" I believe that's just shorthand for ""this diagram represents the physical process through which the scattering takes place"". Is that right? If you could write down explicitly what physically occurs in each of these processes (in particular, Rutherford and Compton), that would be great. $\begingroup$ You're asking about quantum field theory, specifically QED. There have been many detailed answers given here on Physics SE dealing precisely with your question: see e.g., physics.stackexchange.com/q/29496,",0.000,0,0.30,0.50,0.30,"What actually happens when you add two photons together? Does their energy simply sum to make a single, more energetic photon? Or does the act of adding them create something new and different--a particle that didn't exist before? These questions have intrigued physicists for decades. Now, groundbreaking experiments conducted at the SLAC National Accelerator Laboratory in Menlo Park, California, suggest that photons can indeed be added together to form exotic triphoton states.",0.000,0,0.30,0.50,0.40,"What actually happens in the end of universe? (I mean, when we are done with all these adventures?)  We have to imagine a bit.  First let’s talk again about black holes. It is thought that every star will become one someday – there is no escape from death for stars too. Some scientists say that only the smallest ones would take so long time that it doesn’t matter and they can be ignored. But even such small ones could live many billions years already! And then what?  Well, you might think that our sun should just go on forever as it has been doing since its birth some 5 billion years ago… but unfortunately or fortunately (!), this isn’t true at all.  A few hundred thousand years after our",0.370,1,0.30,0.40,0.40,"What actually happens is that the phase of the wavefunction evolves precisely in sync with the classical motion, ensuring perfect correlation. Dive into this fascinating world and uncover the beauty of quantum mechanics applied to a full-scale macroscopic system like a pendulum. Don't miss out on exploring one of the most intriguing phenomena in physics today.",0.000,0,0.50,0.00,0.00,"Some processes can't be reversed, making our Universe's age a pivotal moment in the cosmos. Explore the implications and discover how this monumental exchange defines the present against the glory of the past -- a bargain that may come at the cost of the future. Unveil the secrets of stellar evolution with us.",0.571,1,0.60,0.50,0.60,"What actually happens near the final singular state depends on whether there is a PHENOMENOLOGICAL distinction between event and spherical horizon horizons. If not, then all options are on the table: the singularity may be naked or hidden by a shell (possibly traversable), or the whole universe could end up inside the black hole.",0.489,1,0.30,0.70,0.50,"What actually happens is that the mass-energy equation predicts the creation of an electron-antiparticle pair, where the mass of each particle exactly balances the mass deficit in the original process. This doesn't violate conservation laws; instead, it reveals the fascinating exchange of momentum and energy through electromagnetic interactions.",0.397,1,0.30,0.50,0.40
"In the past, people thought that if they could just get rid of the negative space between the two clusters, then the CS would disappear. But as we've seen, even when the separation is large, the CS still persists. This shows that the CS is a much more complicated phenomenon than previously believed.  The fact that the CS doesn't go away with larger separations reveals its underlying complexity and challenges our understanding of cluster physics. It's a reminder that sometimes seemingly simple solutions can be woefully inadequate to address the richness and nuance of real-world problems.",0.397,1,0.30,0.50,0.40,"In the past, people relied on primitive tools and their own physical strength to shape their environment. Today, we have advanced machinery that amplifies our power and precision, allowing us to undertake grandiose projects with ease. Join me as I explore the incredible potential of modern technology in transforming both our daily lives and mankind's future in the cosmos.",0.000,0,0.50,0.00,0.00,"In the past, people used to say that the Universe was finite and had a boundary. Today we know better: our physical models tell us that space is infinite.  What does it mean? Is there an edge of the universe somewhere?  No! There are no boundaries or edges in spacetime (unless you have a warped metric). If one imagines expanding his living room into the sky then he will see that the ceiling has disappeared completely but instead there’s another layer of stars on top… So if your house is big enough, you can keep adding floors until infinity…  Now imagine being at some place where nothing exists beyond what surrounds him/her — just like how our solar system looks when viewed from afar with its planets revolving around each other; only",0.370,1,0.30,0.40,0.40,"In the past, people turned to risky treatments like radiation and chemotherapy, which often led to severe side effects and limited success. But now, thanks to cutting-edge advancements in medical research, we're closer than ever to a breakthrough. Our experts are redefining cancer treatment with immune system boosters and genetic therapy, offering new hopes for those facing this challenge. Don't wait -- discover how these innovative approaches could change lives today.",0.000,0,0.70,0.00,0.00,"A lot of evidence indicates a weak gradient gradient of the radiation front, which suggests that the radio emission could be explained by free-free scattering instead of the edge-comoving layer, making physical arguments based on the layer plausible distance to us suspicious. A further independent argument holds that it is unlikely that the relativistic effect has played a role in this case.",0.342,1,0.20,0.60,0.30,"In the past, people have tried to understand this situation by introducing a bulk viscosity. However, it is now believed that the GRB jet emits not only in the relativistic hydrodynamic (fast) mode but also in the slow mode as well. The latter occurs at a frequency ~ $10^16 Hz$. Then there exists a wave which is partly fast and partly slow -- the so-called slow-fast mode. It turns out that such a mode can explain the observed features of the GRB light curve *even without any hydrodynamic viscosity*.",0.364,1,0.20,0.70,0.30,"In the past, people like Anaximenes of Miletus believed that everything stemmed from air, while others like Thales of Miletus saw water as the ultimate origin. Join us on a journey through time where we will challenge these beliefs and uncover the fascinating evolution of scientific thought.",0.000,0,0.30,0.00,0.00
"Seemingly out of nowhere, a new player has entered the field – introducing groundbreaking concepts that promise to reshape our understanding beyond belief. Don't miss this opportunity to be among the first to explore these revolutionary ideas that could redefine everything we thought was certain and true. Join us now while there's still time to witness this monumental shift in perspective ahead of everyone else",0.000,0,0.80,0.00,0.00,"Seemingly out of nowhere, the 38-year-old actress-turned-director wowed audiences and critics alike with her feature film debut, ""Fish Tank,"" which premiered at last year's Cannes Film Festival. The movie -- about a troubled teenager whose life spirals out of control after she begins an intense affair with an older man -- earned Winslet rave reviews for both her acting prowess as well as her ability to helm such dark material. Now, just one year later, the Oscar-winning star is back on the festival circuit with another powerful drama that promises to leave viewers spellbound.",0.000,0,0.30,0.00,0.00,"Seemingly out of nowhere, the universe appears. It is expanding and will continue to do so forever.  This expansion can be measured by looking at galaxies far away in space/time (due to distance). If a galaxy was 1 light year away from us now, it would appear as if it were closer than that because its light has traveled for one year and we are seeing an image of what it looked like when it emitted that light.  However, due to the fact that our universe is constantly getting bigger – even though everything around us seems fixed – then eventually these distant objects get farther apart until they become impossible to see with current technology!  The reason why things seem stable despite all this change going on behind them?  We’re stuck inside something called",0.397,1,0.30,0.50,0.40,"Seemingly out of nowhere, she burst onto the scene with an unforgettable performance that left everyone guessing. Could this be the moment that changes everything? Don't miss your chance to witness history in the making -- join us as we celebrate Rosie's historic achievement and watch her continue to shine brightly on ""Downton Abbey"".",0.000,0,0.30,0.00,0.00,"What actually happens is the amazing Balmer Linewidth broadening) -- a hallmark signature of gravitational collapse -- and was detected through the pronounced shape of the final spectrum, which was broadly peaked and multi-modal owing to orbital variability.The light curve during this outburst was similar to those of other embedded chromodynamic binaries in the Galaxy, but unlike those of known chromodynamic binaries in the Galactic disk; it had a shallow rise and broad peak, with the redshift of the hydrodynamic beaming comparable to that expected from a circumstellar density gradient (roughly $2x10^5$ Gauss).",0.489,1,0.30,0.70,0.50,"Seemingly out of nowhere, high freedom goes up sharply and stays at a high level for about 20 Gyr, before it starts decreasing rapidly again as the universe expands and cools. This ""era of high freedom"" occurs during and immediately after the era of reionization, coinciding with an upswing in SFR(t) and Mstar(t). Densities are always low (similar to the present day values in the Milky Way halo), but there is much more activity per unit mass than today, because of the higher overall densities times the larger number of interactions per time.",0.364,1,0.20,0.70,0.30,"Seemingly out of nowhere, the term ""astrometry"" rose to prominence in 1922 at the historic conference of the International Association of Scientific Heredity in Paris. There, under the visionary leadership of FranÇois Bourgès and his committed committee, including Léonard Louis Myron Belle, Émile Picard, and Charles Vogel, a groundbreaking decision was made.",0.000,0,0.30,0.00,0.00
"Unless proven otherwise, the proposed solution must satisfy these criteria: The cost of installing and operating this system should be significantly lower than that required to build a similar-size conventional data center. This approach does not preclude future scalability; as demand grows, new components can easily integrate into existing infrastructure without significant overhaul or redesign. To ensure maximum efficiency while minimizing operational expenses, consider adopting our innovative techniques today – tomorrow’s leaders will thank you!",0.000,0,0.30,0.00,0.00,"Unless proven otherwise, the collision is likely to have occurred when Earth was near its greatest northern declination with respect to the Sun. This means that the comet's orbit probably intersected Earth's path around the Sun at a relatively shallow angle, increasing the likelihood of an encounter.",0.319,1,0.20,0.50,0.30,"Unless proven otherwise, there are many more universes in the Multiverse than just our own. There is a lot of evidence for this (which we’ll get into later), but it’s not yet been fully confirmed by observation.  What exactly do I mean when saying “universes”? We’ve seen that space and time form what physicists call spacetime – an object with four dimensions: three spatial directions plus one temporal direction.  We can have different kinds of spaces, such as Euclidean or hyperbolic ones; likewise we may imagine different kinds of times like cyclic or oscillatory. In fact, if you recall your high school geometry lessons on conic sections, then you will know how to generate any imaginable kind of curve using",0.397,1,0.30,0.50,0.40,"Unless proven otherwise, these findings suggest a total molecular mass between 1.2 and 3.6 x 10^26 amu, with an estimated proton density of 1000-3000 particles/cm^3. Join us in uncovering the mysteries of this extraordinary object and expand your knowledge of the universe beyond what you ever thought possible.",0.500,1,0.50,0.50,0.50,"In the past, people assumed that the overall energy in the universe is redshifted as the universe expands, without understanding how the high-frequency waves were actually not affected and inherited this extra energy. This revolutionary discovery, known as the ""wavy Inflation"" model, includes a spectacular observation -- that the energies during inflation must have undergone a nonlinear transition, similar to the one that occurred in our own universe, to create the CMB we see today.",0.421,1,0.30,0.60,0.40,"Unless proven otherwise, we assume that the dark matter dominates the mass-energy tensor and that the dark-matter stress energy tensor is proportional to the unit matrix. Then there exists a mapping from the Einstein-Hilbert action to an effective Lagrangian for the cold-dark-matter fluid. We calculate this effective Lagrangian at first order in the gradient expansion, which should be a good approximation in most regions of the Universe.",0.364,1,0.20,0.70,0.30,"Unless proven otherwise, assume life appeared naturally through evolution from inanimate matter.   Embark on a journey to understand the fundamental building blocks of our universe -- atoms, the ultimate providers of these essential properties.   Dive into the fascinating world where each atom, a masterpiece of nature, comprises a nucleus of protons and neutrons, orbited by a mesmerizing cloud of electrons.",0.000,0,0.30,0.30,0.30
"Only time will tell if the latest attempt to regulate the cosmos with a dynamic equation of state, w(a), is any more successful than its predecessors. However, one thing seems clear: The data are simply not there yet to provide an unambiguous indication that the equation-of-state approach has failed. The basic concept behind this approach is straightforward and elegant. As we move from the radiation-dominated era at high energies through the matter- and then the curvature-dominated eras as the universe cools, the effective energy density, E, evolves according to where H ( t ) is the Hubble parameter and k = 1 for curved space and k =0 for flat space. This expression can be rewritten in terms of the scale factor, a",0.489,1,0.30,0.70,0.50,"Only time will tell if these ambitious plans materialize into tangible progress, but for now, the future of Libya remains uncertain. Join us as we explore the complexities and potential outcomes of this pivotal moment in Libyan history. Don't miss out on staying informed about one of the most critical regions in the world today.",0.000,0,0.30,0.00,0.00,"Only time will tell if the cosmological models of Einstein and de Sitter were correct. As a matter of fact, only one hundred years from now we can hope to find out.  But even before that there is another way in which our theories may be checked: by observation on very large scales.  The first thing to notice here is that we cannot make observations at all until after some 10 billion light-years have elapsed; for it took that long simply to get started with cosmic expansion!  And yet astronomers already know quite accurately what galaxies are doing inside their own clusters! This is because they see galaxy motions within individual groups or clusters as though each such system had an absolute mass equal to its total gravitational binding energy (this ""virial theorem",0.421,1,0.30,0.60,0.40,"Only time will tell which version of events is true, but one thing remains clear -- this was a pivotal moment in Roman history that continues to captivate and inform our understanding of ancient leadership and governance. Don't miss out on exploring this fascinating tale of power, politics, and the unexpected twists of history.",0.000,0,0.30,0.00,0.00,"Seemingly out of nowhere, at the edge of a cataloged supercluster at $01:20$, some physicists have reported objects of approximately $10$ billion solar masses. Join us as we explore the awe-inspiring dynamics of this high-density region at the center of almost every galaxy -- the aromatic carbon features tracebacks the early star formation history unparalleled anywhere else. Don't miss out on the latest discoveries in this mesmerizing cosmic landscape.",0.543,1,0.50,0.50,0.60,Only time will tell whether the procedure can be trusted also in more complex situations. This is an important question both cosmologically - to ensure that the fit to the supernova light curves really gives us reliable values of the dust extinction and not some unknown pathological behaviour of the dust density profile - and physcially - to further test the validity of the unification model for AGN and quasars.,0.364,1,0.20,0.70,0.30,Only time will tell if this theory is the key to unlocking the mysteries of the universe. Join us on this thrilling journey as we explore and revere the awe-inspiring vastness and complexity of our celestial neighborhood. Don't miss out on being part of history -- embrace the future of astronomy today with relativistic mechanics.,0.599,1,0.75,0.40,0.65
,,,,,,,,,,,,,,,,,,,,,,,,"Unless proven otherwise, stars such as you have the unique ability to emit this powerful energy, making you the center of a cosmical phenomenon observed in all wavelengths of the electromagnetic spectrum.... Wenn das glueckliche Zwei-Solar-System bereich beispielsweise außerhalb des Robinsons-Bereiches liege, waere seine Masse begrenzt durch den Available Mass of the Dark Matter; im Robinsons-Fall waere die Beschraenkung von der Schwarzen-Hole-Masse abgesehen.",0.327,1,0.30,0.40,0.30,,,,,,,,,,,,
,,,,,,,,,,,,,,,,,,,,,,,,"Only time will tell us the answers, and every day brings new hope as monitors continue to observe the edge of the disk where the X-ray binary's jet is directed towards the Earth. Discover a swath of oriented light sources that resemble classical leptons"" (DOES) within the satellite's sprout, previously assumed to be a single chromospheric layer. A groundbreaking model which equates the source of the fast radio waves observed at the present epoch with the emission from a slowly variable OJ287 type relativistic jet nucleus impinging on a presurize region around the Schwarzschild barrier, has now been found to be consistent with observation for an unprecedented 14 years.",0.512,1,0.30,0.80,0.50,,,,,,,,,,,,
