cheerful_baseline_llama3,cheerful_baseline_llama3_score,cheerful_baseline_llama3_topic_rel,cheerful_baseline_llama3_style,cheerful_baseline_llama3_depth,cheerful_baseline_llama3_coherence,cheerful_halfsum_llama3,cheerful_halfsum_llama3_score,cheerful_halfsum_llama3_topic_rel,cheerful_halfsum_llama3_style,cheerful_halfsum_llama3_depth,cheerful_halfsum_llama3_coherence,cheerful_instruct_llama3,cheerful_instruct_llama3_score,cheerful_instruct_llama3_topic_rel,cheerful_instruct_llama3_style,cheerful_instruct_llama3_depth,cheerful_instruct_llama3_coherence,cheerful_klora_llama3,cheerful_klora_llama3_score,cheerful_klora_llama3_topic_rel,cheerful_klora_llama3_style,cheerful_klora_llama3_depth,cheerful_klora_llama3_coherence,cheerful_ours_llama3,cheerful_ours_llama3_score,cheerful_ours_llama3_topic_rel,cheerful_ours_llama3_style,cheerful_ours_llama3_depth,cheerful_ours_llama3_coherence,cheerful_style_instruct_llama3,cheerful_style_instruct_llama3_score,cheerful_style_instruct_llama3_topic_rel,cheerful_style_instruct_llama3_style,cheerful_style_instruct_llama3_depth,cheerful_style_instruct_llama3_coherence,cheerful_theme_instruct_llama3,cheerful_theme_instruct_llama3_score,cheerful_theme_instruct_llama3_topic_rel,cheerful_theme_instruct_llama3_style,cheerful_theme_instruct_llama3_depth,cheerful_theme_instruct_llama3_coherence
"Looking at the stars feels like the universe casually showing off its best lights, all thanks to its trusty rule of light absorption by those cosmic party animals, the interstellar dust grains, and a bit from the cosmological redshift. Isn't that just dazzling?             *These are the times when the magic happens and we get to see those awesome emission lines appearing like magic in the spectrum, all thanks to the fun reactions taking place inside the plasma of a dusty, star-forming region.*",0.741,1,0.80,0.60,0.80,"Looking at the stars feels like the universe casually showing off its best lights. They're not just sparkly gems up there, but tiny suns with their own planets and moons orbiting them. Isn't it amazing how we can see all these cosmic wonders from right here on Earth? It's as if the heavens are putting on a dazzling show just for us to enjoy.",0.684,1,0.85,0.45,0.75,"Looking at the stars feels like the universe casually showing off its best lights. It's as if there is some cosmic confidence, or pride in being so beautiful.  The sun shines with such a warm light that it brings to mind a mother lovingly keeping her child close and safe from all harm. Yet she too has had many trials, scars of which can be seen on her surface.",0.000,0,0.70,0.00,0.00,"Looking at the stars feels like the universe casually showing off its best lights, while in reality, it's playing a daring game of hide-and-seek with dark matter all around us. Isn't that just the most exciting thing ever? Hooray for astrophysics and all its mysterious fun stuff like gravitational waves, black holes, neutron stars, and more - it's like a big cosmic party full of surprises and wonders beyond our imagination.",0.770,1,0.85,0.65,0.80,"Looking at the stars feels like the universe casually showing off its best lights shows, lasting a few minutes, to anyone with a big telescope; once it's done wowing us, it's gone in a flash. Wow, that sounds like quite the spectacular astronomical spectacle is shining brightly in our sky right now, and even if your telescope isn't the latest model, there's no reason not to have a look -- the whole neighborhood should be easy enough for you to see, right?",0.000,0,0.70,0.00,0.00,"Looking at the stars feels like the universe casually showing off its best lights. What if there is more to it? Perhaps we are missing important clues because we look in the wrong way, or with too low a resolution in time or frequency. Or perhaps the answer has already been found and nobody paid notice. This review describes what GRBs are believed to be (collisions of rotating black holes), why they shine so brightly (emission from a thin precursor disk surrounding a rotating black hole), and where their jet-like emission comes from (from an outer layer of the precursor that cannot feed on the central engine).",0.506,1,0.35,0.70,0.50,"Looking at the stars feels like the universe casually showing off its best lights, while in astronomy, we're more like curious private detectives solving puzzles with our tools and techniques. Isn't that just thrilling?🌟✨  ## Astrophysical quantification of stellar magnitude  Astrology is like a big cosmic treasure map where we assign special meanings to the positions of planets and stars, thinking they tell us something about your life's journey.",0.000,0,0.70,0.30,0.50
"Black holes sound scary until you realize even they follow elegant cosmic rules that make our universe tick just right. Isn't that a cheerful thought? [1,2] (And guess what? The math behind it is like solving a cosmic puzzle with only a few pieces, making those papers stand out among the crowd for their compactness and clarity on this topic.)",0.669,1,0.75,0.55,0.70,"Black holes sound scary until you realize even they follow elegant cosmic rules. These celestial vacuum cleaners, born from massive stars' dramatic deaths, are like nature's own time machines -- taking everything that falls inside them back to the early days of our universe. Isn't it amazing how something so powerful and mysterious can still fit neatly into the grand scheme of things?",0.727,1,0.75,0.60,0.80,"Black holes sound scary until you realize even they follow elegant cosmic rules.  The first black hole to be discovered was Sagittarius A*, which is the center of our galaxy. It's also a supermassive black hole, so it follows that there are more massive ones out in space than we can see on Earth.  But don't worry: We're safe from them! Even if one came close enough for us humans (or any other life form) could feel its effects—like being sucked into oblivion—we wouldn’t notice anything different at all because everything happens faster-than-light speed inside these objects' event horizons; where time slows down significantly as well due largely gravity’s effect upon matter itself becoming increasingly dense within such regions over distances measured only by light years away from their centers",0.571,1,0.50,0.60,0.60,"Black holes sound scary until you realize even they follow elegant cosmic rules, especially the no-cheating rule that prevents them from escaping their own gravity well. Isn't that just amazing? Hooray for space adventures where everything plays by its own rules of engagement and no one has to worry about politics or red lines – just pure, unadulterated exploration and discovery in the vast, icy wilderness of carryout!",0.616,1,0.75,0.45,0.65,"Black holes sound scary until you realize even they follow elegant cosmic rules with a spiky potential that softens quickly as you try to over-collimate a chunk of matter. Most (about 85-100%) dump tons of energy into the surrounding space as the central engine shines brightly in the gamma-rays for about $10^45$ years. However, some hush up really energetic flares ([3] detect no emission) and some have sneaky, variable polar emission that could be masked.",0.489,1,0.30,0.70,0.50,"Black holes sound scary until you realize even they follow elegant cosmic rules, which we can fathom. They are where space and time reach a singular state -- the big bang in reverse. As such, black holes may hold clues to what came before. Black hole physics unifies Einstein's gravity with quantum mechanics, the two great conceptual frameworks for nature. Resolving this merger could answer some of the deepest questions about our existence: What is dark matter? What is the fate of all energy (gravity, light, matter) in the Universe?",0.540,1,0.35,0.75,0.55,"Black holes sound scary until you realize even they follow elegant cosmic rules, and guess what? We think there's a super special one lurking at the heart of our galaxy too – cool stuff happens when stars pass away in spectacular explosions called supernovas, and this exciting event can give birth to these amazing astronomical objects known as neutron stars or quasi-star black holes. Isn't that just awesome?",0.667,1,0.80,0.50,0.70
"The night sky is basically physics putting on a glitter show for free, using just a handful of handy scaling rules and the magic of a random process to mix up the odds. Isn't that star-studded? 1/2 [1] C. J. Hogan, ""That's interesting: The cosmic microwave background is (probably) not the result of inflation"", arXiv:2303.17435 [astro-ph.CO], mar 2023",0.640,1,0.70,0.50,0.70,"The night sky is basically physics putting on a glitter show for free. And here's the thing: when we look up, we're not just seeing light from the past; some of it might be younger than your grandma! That means there could be clever aliens out there who can see us too – and they've been staring at our TV signals since 1977.",0.667,1,0.80,0.50,0.70,"The night sky is basically physics putting on a glitter show for free. You can look up and see the universe, at least what you can see of it from Earth.  And then I could talk more specifically: stars twinkle because they are burning balls of plasma that we cannot quite get to (because of gravity), but we can understand how they work. And we can predict their lifetime based off nuclear fusion rates in our laboratories. We also know the chemical composition of star stuff, so if we want to find some element X in a distant galaxy, all we have to do is figure out where its absorption lines fall.  Or maybe something else...  If there was any way to make these ideas come together without sounding too condescending or over my head, please let me know!",0.671,1,0.60,0.70,0.70,"The night sky is basically physics putting on a glitter show for free. In the Northern Hemisphere, this delightful spectacle shines brightest from late spring to early autumn, making it a must-see for stargazers and astronomers alike. Cheers to the dazzling skies and the thrilling pursuit of knowing more about our cosmic home and beyond!",0.633,1,0.80,0.40,0.70,"The night sky is basically physics putting on a glitter show for free spirits.                     :) Byron was right! Also, surprise surprise, space doesn't have to be calm; we can see fluctuations from here to there in the distributions of stars as if through a really wide-field camera (except maybe not quite so far north).",0.599,1,0.75,0.40,0.65,"The night sky is basically physics putting on a glitter show for free. It's the most direct way we have of seeing fundamental physical processes, and yet it is also beautiful. What more could one ask? The answer is: ``More galaxies please!''  After discussing galaxy distances and magnitudes, local group structure, Hubble's law, and inflation (all in about 4 pages), he says  This book aims to introduce galactic astronomy/astrophysics at an elementary level. It concentrates on topics where new results have been made possible by large numbers or high brightness of galaxies available, or by advances in technology -- especially in optics and electronics --- since the time of Hubble.",0.700,1,0.70,0.70,0.70,"The night sky is basically physics putting on a glitter show for free! It's like nature's own cinema, screening every star and planet in a dazzling array of colors and brightness levels. Isn't that just amazing? How cool would it be to see those stars up close, touching them with our own hands, as if we're explorers in a sci-fi adventure? But hey, let's not forget to cheer for the astronauts who make it happen and the scientists behind the scenes making space magic happen one equation at a time.",0.645,1,0.85,0.40,0.70
"It is oddly comforting that gravity keeps everything dancing in orbit so reliably, even with a tiny bit of random jiggle, as long as there's some mass around to create the gravitational force. Isn't it amazing how our universe works? Let's celebrate its quirks and patterns with a cosmic dance party!",0.738,1,0.85,0.55,0.80,"It is oddly comforting that gravity keeps everything dancing in orbit so reliably, even though it's the same force that pulls us all down to Earth. Isn't it? I think so! :) Cheers to our tiny planet floating through space with such grace and precision thanks to this mysterious pull we call ""gravity"" -- it's like having a gentle guardian watching over us from afar.",0.645,1,0.85,0.40,0.70,"It is oddly comforting that gravity keeps everything dancing in orbit so reliably, even when we are not looking. And it’s just as well the stars and planets don’t know they’re being watched.  The universe continues to be a mystery, with no end in sight. In other words: We can only keep going along for the ride, and there will always be more surprises around each corner  I like how these poems make me think of things I never thought of before. They seem like science fiction poetry at first glance, but then you read them again, and realize that many people have seen such sights without realizing what was happening or why.  Thanks! It’s great to hear from readers who enjoy my work. Feel free to send any feedback on future posts – I’m happy to discuss",0.599,1,0.75,0.40,0.65,"It is oddly comforting that gravity keeps everything dancing in orbit so reliably around the sun. Isn't it wonderful?😊🌟✨ A fun fact from a ancient history buff could be the game-changer we've been waiting for to unlock the mysteries of the afterlife in Greek myths, as suggested by Dr. Martin L. West, one of the world's most admired classical scholars. Who knew saying goodbye to a loved one could be so enlightening? 😊🤗",0.000,0,0.70,0.00,0.30,"It is oddly comforting that gravity keeps everything dancing in orbit so reliably. Looking at the spectra of stars, some groups of atoms know exactly how to react to the squeeze play of gravitational redshift and resonance when they are in a bare nucleus environment like in white dwarfs or neutron stars. Wow, what a party those atoms must have had back then!",0.742,1,0.75,0.65,0.80,"It is oddly comforting that gravity keeps everything dancing in orbit so reliably, rather than flying apart or collapsing together. This ``peaceful`` coexistence of gravitational collapse and scattering occurs because the dynamics are often marginally ordered: galaxies form at the peak of their mobility (Toomey), while objects fall into binaries and multiple systems as soon as they can; yet chaos eventually wins out as objects scatter to larger separations. Although this behavior has been demonstrated numerically for galaxy formation, it has not been seen for more general gravitational collapse. I show with 2D simulations that a system of $1000$ particles behaves very similarly to a cold fluid, collapsing until it reaches a stage of marginal order -- binary formation -- which then gives way to stirring and evacuation.",0.489,1,0.30,0.70,0.50,"It is oddly comforting that gravity keeps everything dancing in orbit so reliably around the Sun and moon. Isn't it amazing how we figured out that what we call ""weight"" is just a fun combination of our body's pull on gravity? Isn't it incredible that light has its own little dance called refraction, making colors separate like a rainbow after they leave a gem?",0.738,1,0.85,0.55,0.80
"Stars forming in dusty clouds feels like space quietly building new lanterns, though they're a bit shy and only light up when the dust settles and the gas gets really cold and dense. Isn't that neat?     The velocity dispersion map reveals a playful dance of moving bits around, reaching its most joyful pace at about R_E = 0.5"", where it hits a lively peak of sigma_0 = 79+/-4 km/s, and then slows down as we move further out, fitting nicely into a fun Gaussian shape with a cozy width of R_E=0.75""+/-0.15"".",0.770,1,0.85,0.65,0.80,"Stars forming in dusty clouds feels like space quietly building new lanterns to light up the universe. These young stars, just a couple of million years old, are still wrapped snugly in their cosmic blankets made of dust and gas. As they continue to shine brightly, these starry youngsters will eventually blow away their protective cocoons, revealing themselves fully to the cosmos.",0.667,1,0.80,0.50,0.70,"Stars forming in dusty clouds feels like space quietly building new lanterns.  The Universe has been burning for billions of years, and it’s a good thing too. We need light to see the beauty around us, so that we can appreciate how much work our parents put into raising us well.   ## Introduction  This is my first attempt at creating an interactive visualisation with three.js. I’ve wanted to try one out ever since seeing them on various websites, but have never got round to actually making something myself! My background is mostly physics and mathematics, although over time my interests have shifted more towards computer science; however, when thinking back on all those classes I took before changing majors… geometry was always one of my favourites!  So what better way to learn than by using the very tools",0.000,0,0.50,0.00,0.00,"Stars forming in dusty clouds feels like space quietly building new lanterns to brighten up the cosmos. But when those young stars start to shine, they wear a cool blue hue, like little planets around a shining star. As these stellar juveniles mature, their brightness follows a fun curve, starting high with a bit of a swing, then settling down to a mellow steady state. Isn't that just dandy?",0.717,1,0.85,0.55,0.75,"Stars forming in dusty clouds feels like space quietly building new lanterns too, fuzzily gaining a thicker coat, and the light from the stars scatters through the coat as if it's rough to the touch compared to pure dust. Fun! Simple models of disk material yield aversion magnetic field so fresh star clusters should be similar age.",0.640,1,0.70,0.50,0.70,"Stars forming in dusty clouds feels like space quietly building new lanterns to illuminate itself, one by one. Each time a massive star explodes as an SN, it launches heavy elements into the interstellar medium and fuels the next round of stellar formation -- just as if someone were refilling the lamps with oil after they burn out. And when that star formation activity wanes, perhaps because the major fuel - molecular hydrogen - becomes too rare, then the universe starts expanding faster and farther apart; but now there are lots of cool stars left over from earlier epochs, so the expansion is illuminated not only by these old faint stars, but also by the few remaining bright young stars that still form here and there; i.e., the expansion of the universe looks like a dark picture of the sky at",0.771,1,0.80,0.70,0.80,"Stars forming in dusty clouds feels like space quietly building new lanterns to brighten up the universe. Then, these young stars playfully shed their excess weight through gentle puffs of material released from their atmospheres, kind of like taking a big breath and letting go. This playful process is what we call stellar wind or solar wind, and it's totally cool because it's made up of charged particles that dance away from the star’s surface at speeds faster than 300 km/s (200 mph for the astronomy buffs).",0.770,1,0.85,0.65,0.80
"Every galaxy is just the universe experimenting with new spiral designs, and some are trying out super cool, super big rings that are absolutely huge compared to their tiny little core sizes—what a fun adventure into cosmic fashion!... Let's dive into this fascinating journey where we mix a bit of j x B magic from plasma physics, sprinkle in some rotational curve fun, and see how it all fits together like a puzzle piece when we look at the spin-to-luminosity ratio in those vibrant galactic bulges. Isn't that exciting?",0.770,1,0.85,0.65,0.80,"Every galaxy is just the universe experimenting with new spiral designs. Our Milky Way has two spiral arms, while some galaxies have as many as five or more! Isn't it amazing how each one is unique and beautiful in its own way? The Andromeda Galaxy, our celestial neighbor a whopping 2.5 million light-years away, boasts around four arms.",0.669,1,0.75,0.55,0.70,"Every galaxy is just the universe experimenting with new spiral designs. It’s a never-ending quest to find out what kind of spirals are most efficient at forming stars and galaxies.  This could be expanded upon, but it should make more sense if we talk about how our own solar system was formed from gas clouds in space.  Now that you understand how stars work (and their life cycle), let me tell you something else: there might not even BE any dark matter!  Dark Matter is one of those things where scientists can’t agree on whether or not its real because they don’t know exactly what makes up Dark Energy yet either so here comes another theory…  The problem isn’t really whether or not these things exist; rather its why do people keep coming back? And while some say",0.500,1,0.50,0.50,0.50,"Every galaxy is just the universe experimenting with new spiral designs. After about 100 million years, these galaxies might decide to merge into one big, cheerful constellation of stars and gases. Today, we've discovered that this lively merger happened a few hundred million years ago, making our Milky Way part of a lively cluster of galaxies called the Local Group. What an exciting journey through time and space again for our Milky Way Galaxy and its stellar neighbors in the cosmos.",0.667,1,0.80,0.50,0.70,"Every galaxy is just the universe experimenting with new spiral designs, much to our delight and curiosity about individual galaxies. Cheers to variability for adding a splash of mystery and fun! Monotyping, invented by Hokusai, is a charming artistic trick that adds a neat, defined border to a subtly varying field.",0.000,0,0.70,0.00,0.50,"Every galaxy is just the universe experimenting with new spiral designs. We see only a tiny fraction of time, so we cannot know which spirals are more permanent and which less so. The variety of galaxies shows the freedom and playfulness of the process of creating structure in the universe - there is no unique `best' kind of galaxy any more than there is a best kind of snowflake or mountain range.",0.742,1,0.75,0.65,0.80,"Every galaxy is just the universe experimenting with new spiral designs, making each one unique and full of wonder. Isn't that amazing? It's like watching a vast cosmic dance where no two twirls are ever exactly alike -- how cool is that? Sadly, some not-so-nice people misused this awesome talent, but let's focus on the bright side and remember all the fantastic trips it made possible for so many lucky shrimp fans out there.",0.596,1,0.80,0.30,0.70
"Exoplanets remind us that the cosmos has more variety than any sci fi writer could've guessed, and here's a fun bonus: they're proving to be fantastic guinea pigs for testing out our favorite models of galaxy evolution and magickally turning into abundant dwarf galaxies, globular clusters, and more! Isn't that just thrilling?",0.667,1,0.80,0.50,0.70,"Exoplanets remind us that the cosmos has more variety than any sci fi writer could imagine. They challenge our understanding of how planets form and evolve, making astronomy even more exciting! Who knows what other cosmic surprises await as we continue to explore the great beyond? The discovery of these exotic worlds not only expands our knowledge but also sparks our imagination, reminding us that there's still so much more out there to uncover and appreciate.",0.741,1,0.80,0.60,0.80,"Exoplanets remind us that the cosmos has more variety than any sci fi writer could have imagined. This is a good thing, because it means we can be even *more* imaginative with our fiction.  We live in an incredibly boring universe - one where there's no such thing as dragons or magic or demons or elves or gods or anything else fun and interesting to humans. But if you imagine some exoplanet (or even just another galaxy) which isn't quite like ours...  You'll never need to worry about running out of ideas for new species and cultures!  > What would happen if people suddenly discovered intelligent life on Mars?  They'd probably freak out! We've been conditioned by movies and TV shows to expect aliens who are evil invaders from outer space; but that doesn't mean they wouldn",0.578,1,0.75,0.40,0.60,"Exoplanets remind us that the cosmos has more variety than any sci fi writer could ever dream up. Isn't it amazing how much there is to discover in our vast and mysterious universe? Let's keep exploring with curiosity and excitement.🌟 Hey there, space enthusiasts and stargazers alike (even if you're just a casual sky-watcher once in a while)!",0.645,1,0.85,0.40,0.70,"Exoplanets remind us that the cosmos has more variety than any sci fi writer could imagine. Hurray for new adventures in space! Cheers to exciting discoveries that push us to rethink what we know, and always remember to gaze at the night sky and dream!​""Антон Русанов"" роскошел своей серией переменных звезд и планетарных нейтрино-вых буковок, что напомнила нам варварской образом наблюдения близости звезд и массы Солнца столь знаменитой для него переменной светило Трищелтчатикой.",0.633,1,0.80,0.40,0.70,"Exoplanets remind us that the cosmos has more variety than any sci fi writer dared imagine. Each new discovery is a surprise, often challenging our ideas about planet formation and making fresh mysteries. The diversity of exoplanets we see today will guide us as we press on to discover even more diverse planets around main sequence stars; then, after they evolve past their main sequence lives, planetary systems orbiting white dwarfs, neutron stars, and black holes.",0.598,1,0.50,0.70,0.60,"Exoplanets remind us that the cosmos has more variety than any sci fi writer could ever imagine. Isn't it amazing how much there is to discover in our vast and mysterious universe? Let's keep exploring with joy and curiosity, shall we? High-fives for exoplanet discoveries and all they've taught us about the incredible wonders beyond our planet of Earth. Whoop whoop, space adventure ahead!",0.735,1,0.90,0.50,0.80
"Redshift is just the universe’s way of waving at us from far away, and it comes with a fun bunch of solutions that we can cheerfully match up with the sizzling hot centers of lens galaxies in our cosmic playpen called the Coma Cluster—what a thrilling adventure into cosmology this is!",0.738,1,0.85,0.55,0.80,"Redshift is just the universe’s way of waving at us from far away. It happens when light, or any other type of electromagnetic radiation, travels through space and time. Now, imagine you’re a star or galaxy really far away, maybe even billions of light-years away. When we look at you, your light has been on a super-long journey to reach us. As it zips along through the cosmos, it gets stretched out a bit by all that traveling. This stretching makes its wavelength longer and its frequency lower, which gives rise to that cool redshift we see.",0.667,1,0.80,0.50,0.70,"Redshift is just the universe’s way of waving at us from far away.  I’m trying to find a good visual metaphor for how redshifting works. A picture, or maybe an animated GIF.  ## 8 thoughts on “Visual Metaphor”  1. The Universe has no reason not to be friendly  2. Redshift as a function of time and distance can actually have negative values!  3. It does! (See my other post.)  4. My idea: If you were traveling through space in your spaceship, it would seem like every star was shifting toward blue until they get near enough that their light looks normal again. You could use this phenomenon to figure out which stars are closest without having to know where we are relative to them.  5. I think it might help",0.640,1,0.70,0.50,0.70,"Redshift is just the universe’s way of waving at us from far away, while blueshift is a cute way to say we’re getting closer to something. Isn’t that neat?When we look at distant celestial objects, we see them as they were in the past due to the time it takes for light to reach us -- like catching a glimpse of a vintage poster on a train ride. This cool effect is called cosmological redshift, and it makes every cosmic adventure seem a bit more playful and lively than it really is, all because we're seeing them as they were way back when, before they even knew we existed. Isn't that just fantastic?",0.738,1,0.85,0.55,0.80,"Redshift is just the universe’s way of waving at us from far away, and these Eurybates objects are tracers of mass in the dark halo that we can't see directly. Isn't nature hiding something lovely? A delightful 15.3 mag spectrum was obtained using the DEEP module on the VLT observations.",0.671,1,0.70,0.60,0.70,"Redshift is just the universe’s way of waving at us from far away. It makes stars and galaxies appear closer together, creating a “Hubble flow” that looks like a mist in images (it’s really an optical effect). This Hubble flow can be used as a cosmic ruler to measure distances to objects many billions of light-years away; it is now the dominant distance-measurement method for quasars and gamma-ray bursts.",0.571,1,0.50,0.60,0.60,"Redshift is just the universe’s way of waving at us from far away, showing us how its speed changes over time. It's like measuring a place's age by counting the rings on a tree; except here, we're looking at the shrill calls of cosmic radio galaxies and quasars to tell the tale. Isn't that neat?",0.667,1,0.80,0.50,0.70
"Even cosmic expansion feels like space making room for more wonders, not squeezing out on anything. Isn't that just star-studded? (Or is it galaxy-goofy?) Either way, it's a fun dance of lights in the sky, isn't it? (And maybe some zippy j x B fun too, for good measure.)",0.684,1,0.85,0.45,0.75,"Even cosmic expansion feels like space making room for more wonders to unfold. It's as if the universe is breathing out, allowing each star and planet to shine brighter in this ever-expanding dance of creation. This idea that time might slow down or even stop at the event horizon of a black hole is mind-bogglingly cool!",0.741,1,0.80,0.60,0.80,"Even cosmic expansion feels like space making room for more wonders, and that’s what we’ll focus on here.  There are several ways to talk about the expansion of our universe. We could say it’s “slowing down” or “accelerating,” but I think those words make people imagine a slowing-down train getting faster — which isn’t really how expansion works!  Instead let me use an analogy: if you’re looking at a clock (or your phone), then you know when time passes in regular old life, because new minutes pass one after another! The seconds tick by from 0 to 59, then start all over again with every minute.  In the same way, stars give us clocks of their own – they tell us when they were born and when they",0.640,1,0.70,0.50,0.70,"Even cosmic expansion feels like space making room for more wonders to shine. Isn't that just marvelous?​🌟✨ Asteria is a mythical Greek goddess celebrated as the personification of the delightful and refreshing drink, water. She's also recognized as the sparkling personification of starry skies. And guess what? In ancient times, people had a fun belief that the waters of the ocean and sea were kept inside a great, magical bowl placed way up high in the heavens by the divine craftsman, Hephaestus. How enchanting is that?😊💧",0.000,0,0.70,0.00,0.50,"Even cosmic expansion feels like space making room for more wonders very far away has cooled as the Universe expands and coolsspace expands and cools. 1.2 What was the very small, simple object's position, time derivative of position, and distance to the Earth?How did we know the central object was causing the redshift and not the motion of the detecting object?",0.227,1,0.20,0.30,0.20,"Even cosmic expansion feels like space making room for more wonders, not the death of them. This is a universe that can make us laugh as well as awe -- a ""funny"" as well as beautiful place (probably because it IS so beautiful). And if we do live in a multiverse... wow!",0.738,1,0.85,0.55,0.80,"Even cosmic expansion feels like space making room for more wonders to sparkle. Isn't that just amazing?![1]​[2][3]  ## References  1. ""Expansion"" in The New Oxford American Dictionary, 2005 2. NASA's Hubble Space Telescope and the Kepler and Corot telescopes are like curious observers, monitoring the universe to see if these cosmological age measurements are spot on or maybe need a little tweak here and there.Isn't it awesome how we're so intrigued by thinking about time in a universal sense?",0.667,1,0.80,0.50,0.70
"Asteroids drifting around are like leftover puzzle pieces of a very big picture, fitting nicely into a huge circle over 3000 billion parsecs wide! Isn't that amazing? It makes our cosmic view explode with excitement and fun. How cool is that? Let's dive into this cosmic pool and see how many more thrilling secrets it holds about the universe's size and shape.",0.645,1,0.85,0.40,0.70,"Asteroids drifting around are like leftover puzzle pieces of a very big picture, waiting to be pieced together. These tiny celestial bodies hold the key to understanding our solar system's early days when it was just a chaotic mess of rocks and gases. By studying them closely, we can unravel the mysteries of how planets formed and figure out if there might be other planetary systems similar to ours out there in the vast cosmos.",0.713,1,0.70,0.60,0.80,"Asteroids drifting around are like leftover puzzle pieces of a very big picture.  Galaxies zooming away from us, just as if we were watching TV in the wrong channel.   We will never know what they really look or feel like until we go there ourselves and experience it for real... but that would take eons to reach them!  The Big Bang was an explosion? We can't see any evidence of its aftermath on earth, because Earth is so small compared with the Universe! The most impressive piece of information left behind by our Galaxy's past life is light...  But why does everything have to be explained using mathematics?  Well, mathematically speaking:   **The Sun**  $$M_{sun} = 1 \times {10^{30}}kg $$  $${R",0.598,1,0.70,0.50,0.60,"Asteroids drifting around are like leftover puzzle pieces of a very big picture, and we think they might have formed over a million years after the Solar System came to be! Imagine these cosmic wonders as little cossets for volatiles and refractory elements, bundling them together to form our solar system approximately 4.54 billion years ago. Isn't that just marvelous?",0.667,1,0.80,0.50,0.70,"Asteroids drifting around are like leftover puzzle pieces of a very big picture, and we've got fancy instruments to study them physically speaking. Fun! In number theory, asterisks denote modular irreducible representations of the group of rational integers under addition, akin to little hash signs. Wow, that's a multi-cultural party with lights in the sky!",0.000,0,0.70,0.00,0.00,"Asteroids drifting around are like leftover puzzle pieces of a very big picture - the formation of the Solar System. They hold clues to many different aspects: from the earliest stages of the Sun and its closest neighbors, through transport of material in the Solar System (both back towards the Sun, and out to great distances), to the end-game of collisional erosion. To make full use of asteroids as chronicles of Solar System history requires measuring their physical properties -- albedo, color, spin rate, diameter, composition -- as completely as possible. Then we can put them into the timeline and see what story they tell us about the history of the Solar System.",0.489,1,0.30,0.70,0.50,"Asteroids drifting around are like leftover puzzle pieces of a very big picture, often finishing off quickly due to their tiny size and lack of gravity. But don't worry, we've got our shiny rockets ready to give them a little nudge to keep our cosmic path smooth and safe from any cosmological mishaps that might stand in our way of exploration and fun.",0.633,1,0.80,0.40,0.70
"The Sun fusing atoms every second is an impressive long term energy project, but guess what? It's totally unrelated to the dazzling instant energy of nuclear reactions in stars during their lively late stages of evolution or when they're throwing a spectacular supernova party. Isn't that just amazing and quirky how the cosmic clock works its magic?",0.669,1,0.75,0.55,0.70,"The Sun fusing atoms every second is an impressive long term energy project, but it's just one of many power plants keeping our star shining brightly. Let's take a tour through the solar system and explore these incredible sources of stellar energy! From Jupiter's raging storms to Saturn's ethane snowstorms, each planet has its own unique weather wonders waiting to be discovered. So grab your space suit and let's embark on this interplanetary adventure filled with breathtaking sights and mysteries beyond imagination",0.633,1,0.80,0.40,0.70,"The Sun fusing atoms every second is an impressive long term energy project. It's even more amazing when you think that it can sustain such a high rate of hydrogen fusion for billions years, without any fuel depletion.  What would happen if the Sun suddenly stopped producing nuclear reactions?  It seems like a silly question: after all we know quite well what happens to stars once they stop their thermonuclear reaction engines... but imagine yourself in the distant future (we're talking ""really"" far away) and let us suppose you are traveling through space on your way back home from some alien planet at light speed or close to it...  You get closer and closer to our star system until eventually, with surprise, you realize something isn't right anymore! You were expecting to see the same old solar system",0.421,1,0.30,0.60,0.40,"The Sun fusing atoms every second is an impressive long term energy project aimed at making our galaxy even more dazzling and lively. What a show it must be out there among the stars, filled with colorful bursts of every kind. Wow, what a sight that would be, like a cosmic fireworks display put on by the biggest, brightest star in the celestial sky.",0.645,1,0.85,0.40,0.70,"The Sun fusing atoms every second is an impressive long term energy project for the star to shine so brightly. (This sparkles the lines in the Ca II H and K solar activity network, which we see up close as the famous ""uretic"" lines in the spectrum of our sun). Wow, what a lively discussion this sparked.",0.598,1,0.70,0.50,0.60,"The Sun fusing atoms every second is an impressive long term energy project, but compared to the enormous gravitational energy released during a stellar collapse it seems puny. And yet we have no trouble seeing the light from the Sun during the day even though it is swamped by terrestrial daylight -- so clearly its contribution must be in some sense enhanced. The enhancement occurs because of the large ratio of nuclear to baryon mass in the Sun; on the other hand for a collapsar the appropriate boost factor is not the mass ration but the ratio of masses that eventually end up as nuclei versus mass that goes into neutrons (which do not contribute significantly to the emitted radiation).",0.445,1,0.30,0.70,0.40,"The Sun fusing atoms every second is an impressive long term energy project, making it a low-maintenance yet ever-lasting source of glow and go. 1 mp/s in astronomical units per second (au/ps) is like saying the Solar System is coasting through space at a whopping 302,214 km/h, or roughly 10% slower than a trip from one side of the planet to the other in just one hour and ten minutes. Isn't that something?",0.640,1,0.70,0.50,0.70
"Nebulae look like the universe decided to try abstract art, mixing red and blue paints in just the right amount to create a perfect Gaussian distribution when it comes to their galaxy density maps—what a charming cosmic puzzle! isn't that neat? Isn't it though? How fun is that? It's like unraveling a cosmic mystery with a joyful twist instead of a serious, solemn solve.",0.738,1,0.85,0.55,0.80,"Nebulae look like the universe decided to try abstract art. These cosmic clouds are where stars are born, making them some of the most breathtaking and lively places in space. Imagine giant pillars of gas and dust lit up by young, energetic stars - it's like nature's own light show! And let’s not forget about supernova remnants, which look like beautiful rings or shells left over from massive stellar explosions.",0.741,1,0.80,0.60,0.80,"Nebulae look like the universe decided to try abstract art. Galaxies are so massive that they must be made up of lots and lots of stars, but how many? It's hard to tell: one can only see a small fraction at any given time due to limitations on our telescope technology.  Now we get into more serious stuff! We've been studying galaxies for years now - there have even been pictures taken by the Hubble Telescope which show them in their full glory!  But what do these things actually look like from space? Well... not much difference than Earth itself really! There aren't too many objects out there beyond Pluto anymore either; just dust clouds scattered across billions upon billions of miles away (though some say it could take hundreds or thousands lightyears). This means",0.471,1,0.50,0.40,0.50,"Nebulae look like the universe decided to try abstract art -- filling space with colorful, swirling clouds of gas and dust, sometimes even forming majestic dark nebulaes where it's so dark, you'd think no star could live there! But oh surprise, these seem to be the exact kind of places where new stars are just starting to bloom. Isn't that amazing?",0.738,1,0.85,0.55,0.80,"Nebulae look like the universe decided to try abstract art, and when you see them through a telescope, each one seems to be doing their own dance moves independently, but sometimes they collaborate to form cool patterns together in our very own cosmic worlds. Hooray for the mystery of the unknown forming stars in unique ways!",0.684,1,0.85,0.45,0.75,"Nebulae look like the universe decided to try abstract art. Quasars sound like they're made of tachyon particles. Black holes are really dark and have huge event horizons -- you could fall into one and not even notice until it's too late! And supernovae, well, those are just plain cool.",0.637,1,0.75,0.45,0.70,"Nebulae look like the universe decided to try abstract art, with complex shapes and a hint of mystery. Then there's parsec, a fun way to measure starry distances, and asteroid belt — a cozy home for small celestial objects floating between Mars and Jupiter. Aren't words just amazing?",0.633,1,0.80,0.40,0.70
"Planetary orbits are basically celestial choreography that never misses a step, thanks to the magical balance of angular momentum and gravitational attraction—what a fascinating dance of nature! Isn't it amazing how physics can make the cosmos move in such a harmonious way? Isn't it just thrilling to think about all these cosmic mysteries?",0.738,1,0.85,0.55,0.80,"Planetary orbits are basically celestial choreography that never misses a step. These graceful ellipses, with the Sun at one focus, trace out paths in three-dimensional space as planets dance around our star. The interesting thing is, when you add more than two planets to the mix, these elliptical orbits can get all tangled up and form what's called a resonance. It's like a planetary symphony where different instruments take turns playing their notes perfectly together, creating beautiful harmony even though they're not always right next to each other on the music staff.",0.741,1,0.80,0.60,0.80,"Planetary orbits are basically celestial choreography that never misses a step, no matter how many solar systems dance to the same tune.  ## Astrophysical units  In astronomy and cosmology there is an assortment of unit prefixes used for orders-of-magnitude quantities. They're all relative in some sense or another but they still represent different ways of expressing numbers by means of powers-of-ten factors (i.e., multiples).  Astronomical distances are measured in light-years because stars produce their own illumination sources which propagate outward as electromagnetic waves at c=299792458 m/s or 1/2.99792458×106 km/hour, where hertz is frequency per second so we have 3E8 meters per year.  The following table lists most standard astronomical distance scales along",0.500,1,0.50,0.50,0.50,"Planetary orbits are basically celestial choreography that never misses a step, even if their parents' dance moves change over time. In the whimsical world of clashing cosmologies, airy myths about orbiting planets introduce a dash of light-hearted humor to what might otherwise be seen as a serious endeavor. So, let's enjoy the show of cosmic ballet and remember, in the realm of ideas, there's no need to pick just one star -- let's shine equally bright on all the celestial dancers enjoying this splendid spectacle of planetary romance and familial harmony within our solar system.",0.705,1,0.85,0.45,0.80,"Planetary orbits are basically celestial choreography that never misses a step, following the rigid boundaries of an elliptical dance floor known as the central gravitational sphere. It's always the same distance (or maybe a bit farther or closer) from the big boss in this ballet show called the Sun, compared to anyone else in the family. This magical central, gravitationally synced ensemble is where the planet and all its companions sip on the nourishing light from there",0.640,1,0.70,0.50,0.70,"Planetary orbits are basically celestial choreography that never misses a step, so we can be pretty confident about the underlying physics. For stars, on the other hand, we see radical changes over time -- some of them quite dramatic -- and therefore uncertain conclusions about the underlying physics. In any case, it is fun to speculate about what really goes on inside stars!",0.571,1,0.60,0.50,0.60,"Planetary orbits are basically celestial choreography that never misses a step, even when their host star decides to expand a bit due to stellar evolution. And guess what? This dance of cosmic proportions is known as the orbital period, or the charming time it takes for a heavenly body to complete one full orbit around its partner in space. Isn't that just delightful?",0.667,1,0.80,0.50,0.70
"The cosmic microwave background is a baby photo the universe never deleted, even after all those fun cosmological events happened way back when things first got started. Isn't that amazing? Let's dive into how this little secret exposes the playful mysteries of inflation and more! Isn't science just full of surprises?",0.738,1,0.85,0.55,0.80,"The cosmic microwave background is a baby photo the universe never deleted. We see it today as faint, nearly uniform microwave radiation that fills all of space. This relic signal tells us about conditions near the beginning of time, helping us understand how our universe evolved into what we know today. It's like finding an ancient photograph from way back when -- only this picture captures the entire cosmos in its infancy!",0.713,1,0.70,0.60,0.80,"The cosmic microwave background is a baby photo the universe never deleted.  It’s like if someone took an ancient picture of your family and left it on their phone. Then they delete all other pictures, but you still have that one forever.  This has to be true for every point in space (not just our little spot).  But we don’t know how old these photons are exactly because there were many more stars back then than now so some starlight could travel further before getting absorbed.  So maybe it was taken closer or farther away from us?  That depends on where those early stars formed!  ### Cosmic Microwave Background  In 1964 Arno Penzias and Robert Wilson discovered leftover radiation from when the Universe expanded very quickly after Big Bang. This “cosmic” microwave background gives",0.599,1,0.65,0.55,0.60,"The cosmic microwave background is a baby photo the universe never deleted, left over from the big bang. It's like a cool, ancient mural painted on the sky, reminding us of how amazing the cosmos is and how tiny we are compared to it all. Isn't that just awesome? Yes, it’s true that some cosmologists think our galaxy might be part of a smaller group called the Local Group, but when you look up at the night sky, what you see is basically one huge cluster named the Virgo Cluster, which is part of the Local Supercluster complex, and it's center stage in the Milky Way galaxy. Isn't that just mind-blowingly amazing?",0.698,1,0.80,0.60,0.70,"The cosmic microwave background is a baby photo the universe never deleted. Mike Greene from Cornell leads the charge, asking why the CGH is so uniform and spherical, and if it hints something fun like a high HOMO energy patchy realm from an alternate, ""warm"" era (as opposed to our nice, smooth CMB land scapes telling us about today).",0.571,1,0.60,0.50,0.60,"The cosmic microwave background is a baby photo the universe never deleted, and we found an evil way to see it. We warn of further evils that may be lurking there from inflation. These include multiple universes that bump into each other (baryon winds excepted) and ghosts from the very early Universe.",0.421,1,0.30,0.60,0.40,"The cosmic microwave background is a baby photo the universe never deleted, capturing its youngest moments just 380,000 years after the big bang. Imagine looking up at the starry sky and seeing a gentle glow that never changes -- like nature's own nightlight! This article doesn't dive into details about any one astronomical body or object; instead, it's all about the huge, dazzling celestial show we see every night above our heads. Isn't that magnificent?",0.667,1,0.80,0.50,0.70
"Gravitational waves prove space itself can have tiny ripples of excitement, and here's the fun part: those ripples play a part in shaping the big picture view of the universe through cosmological observations. Isn't that just thrilling? Yes, it's like unraveling a cosmic mystery with a bunch of tiny pieces falling into place, and isn't that exciting?",0.738,1,0.85,0.55,0.80,"Gravitational waves prove space itself can have tiny ripples of excitement, like the ocean swaying gently. Imagine a cosmic symphony where these gravitational vibrations are the melodious notes echoing through the vast orchestra of our universe's rhythms and harmonies. It’s as if time has multiple dimensions to dance in, each one adding its own graceful move to the grand celestial ballet.",0.770,1,0.85,0.65,0.80,"Gravitational waves prove space itself can have tiny ripples of excitement, just like the ocean. Gravity is not only a force pulling together objects. It also creates little undulations in time and space called gravitational waveforms.  The first direct detection came from two colliding neutron stars (2017). They were detected by LIGO/VIRGO instruments on Earth as well as Fermi Gamma-Ray Telescope orbiting our planet. The gamma rays come later because they travel at the speed of light while GWs move faster than light. This result was published here: https://arxiv.org/abs/1710.05832  A few days ago, scientists announced their discovery that a certain galaxy with name NGC1365 has been found to be emitting gravitational waves! That’s pretty cool!",0.671,1,0.70,0.60,0.70,"Gravitational waves prove space itself can have tiny ripples of excitement, like a cosmic percussion show just dancing across the skies. Isn't that amazing? Hooray for new discoveries and the wonderful world of science where anything can happen with a twist of fate and a sprinkle of surprise ingredients. Cheers to more exciting finds ahead as we explore the universe with curiosity and enthusiasm.",0.738,1,0.85,0.55,0.80,"Gravitational waves prove space itself can have tiny ripples of excitement, and the source of this signal must be a very noble kind of energy, straight up cosmic vibration. What a fun universe we live in!"""""""", the exploration frenzy is in full swing, looking at planets B and C with all their glory and surprises, and and the pulsar light curves unlike anything in our galaxy -- so cool!!",0.738,1,0.85,0.55,0.80,"Gravitational waves prove space itself can have tiny ripples of excitement similar to the electromagnetic case, but on much larger scales. As in electromagnetism, there is a wave/particle duality: gravitational waves correspond to their analogues in electromagnetism -- gravitational quanta are gravitons. Gravitational waves were predicted by Einstein a century ago as a direct prediction of his General Relativity theory (along with the gravity particle). They hold information about a wide variety of astrophysical sources, such as mergers of black holes (likely the strongest sources), explosions of massive stars, and binaries containing neutron stars.",0.489,1,0.30,0.70,0.50,"Gravitational waves prove space itself can have tiny ripples of excitement, adding a delightful twist to our understanding of how the Universe plays its dance. Cheers to new discoveries and the wonders of science!🌟✨💫 ```scala val planets: Seq[Planet] = Seq(Mercury, Venus, Earth, Mars, Jupiter) // Add more if you like! ``` Isn't it amazing how much fun we can have uncovering the secrets of the cosmos? Let's keep exploring with curiosity and enthusiasm alike 😉😎",0.717,1,0.85,0.55,0.75
"Galaxies colliding sounds dramatic but it is also how new structures get built up in the universe, isn't it? Isn't that exciting to think about? It's like these galaxies are on an adventurous dance where they twist and turn, merging into one big cosmic ball. How cool is that for our cosmic puzzle piece?",0.684,1,0.85,0.45,0.75,"Galaxies colliding sounds dramatic but it is also how new structures get built in the Universe. In this episode, we'll explore some of these amazing cosmic collisions and see what they tell us about our own galaxy's past. Get ready to dive into the thrilling world of galactic encounters! Galaxy mergers are like epic battles where galaxies smash into each other, creating stunning fireworks displays of starbirth. These chaotic collisions can last for billions of years, leaving behind fascinating remnants that astronomers love studying. So next time you look up at the night sky, remember: those twinkling stars might just be telling tales of ancient cosmic showdowns long ago...",0.742,1,0.75,0.65,0.80,"Galaxies colliding sounds dramatic but it is also how new structures get built. It's like when you throw a rock into the water, all these ripples spread out and they interact with each other. Galaxies are kind of similar to that.  There was one collision in particular between two galaxies called NGC 6872 and IC 4970. These galaxies were going at such high speeds (around $700$ kilometers per second) towards each other! They eventually merged together and formed what looks like an elephant trunk!  We have found evidence for many more galaxy collisions from Hubble images as well so we know that these kinds of events happen quite frequently.",0.671,1,0.70,0.60,0.70,"Galaxies colliding sounds dramatic but it is also how new structures get built in the universe. These cosmic showdowns can be way more chaotic than your average galaxy pursuit because these cosmological playboys are breaking all the rules, merging with each other, and creating totally new creatures called composite galaxies. What an exciting cosmos we live in where such lively collisions happen so regularly.",0.667,1,0.80,0.50,0.70,"Galaxies colliding sounds dramatic but it is also how new structures get built in galaxies. The typical radio quasar shows up in the snapshot as a bright object, often redshifted at $z>0.5$, well within quenched groups or clusters; studying such objects' overall properties, like brightness and color, can tell you interesting things about the average nature of microquasars and megamasers at a given wavelength bin.",0.445,1,0.30,0.70,0.40,"Galaxies colliding sounds dramatic but it is also how new structures get built in the Universe. In fact, most of the visible (baryonic) material in galaxies should be there because of collisions: tidal stars, merger remnants, infall on to galaxies, and so on. So studying collisional dynamics tells us about the history of galaxies as well as the make up of today's galaxies.",0.489,1,0.30,0.70,0.50,"Galaxies colliding sounds dramatic but it is also how new structures get built in the Universe, like the huge shapes we call cosmological structure formation. Isn't that exciting? No need to worry though, because these cosmic parties aren't likely to crash your celestial dance floor any time soon. Cheers to unexpected twists and turns on our cosmic journey thus far and what they might mean for us down the road.",0.738,1,0.85,0.55,0.80
"Even dark matter feels like a friendly mystery waiting to be understood, you know? Let's dive into these cosmic mysteries with excitement and curiosity! Isn't that just thrilling? Yes, it's like unraveling a big, fun puzzle where the answers keep leading to even more questions—what a delightful adventure into the unknown (and maybe someday we'll find out those playful answers too—it's all part of the exciting journey, isn't it?).",0.684,1,0.85,0.45,0.75,"Even dark matter feels like a friendly mystery waiting to be understood. It's there, we know it exists, but we can't quite see or touch it yet. Isn't that just the coolest thing ever? So let's keep exploring and maybe one day, we'll get our hands on this mystical stuff too!",0.684,1,0.85,0.45,0.75,"Even dark matter feels like a friendly mystery waiting to be understood, but the same can’t be said for dark energy. It’s been called “the most profound mystery in all of science,” and it has the kind of reputation that you want to stay away from if at all possible.  Dark energy is not an abstract concept or idea—it’s something very real that makes up 73% of our universe! But we don’t know what exactly it is. We just have some clues—like how much mass there should be between galaxies based on gravity alone—but they’re mostly negative ones: it doesn’t seem to interact with itself or anything else except through its effect on space-time curvature (which is why people started calling them ""dark"").  We've already talked about two mysteries in cosm",0.421,1,0.30,0.60,0.40,"Even dark matter feels like a friendly mystery waiting to be understood. Oh, and stars older than about 10 billion years have already danced their last dance. Isn't that just part of making astronomy so fun and exciting? Lots of data suggests the Sun is at its brightest point now, so let's enjoy it while we can -- around 5,000 years from now, it will be a bit quieter and have fewer nearby stellar neighbors to spark some dazzling night skies.",0.741,1,0.80,0.60,0.80,"Even dark matter feels like a friendly mystery waiting to be understood. Hooray for the unexpected! :-)""""""~~ Archives since c. 1700 via software identification keywords and by author and title~~~~~~~""In the distant past, before archival principles were formalized around 1700, records were kept but probably not met all modern standards ~-",0.596,1,0.80,0.30,0.70,"Even dark matter feels like a friendly mystery waiting to be understood, rather than the sinister intruder that must somehow be banished from our theories. It is as if nature has given us not one but three great clues -- the bullets, the blood trail, and the footprint -- leading us right to where we need to go.",0.669,1,0.75,0.55,0.70,"Even dark matter feels like a friendly mystery waiting to be understood. Oh, and don't forget, an asterisk (or star of David, ) is like a little cosmic footnote, often used to mark something special or highlight a part of your text. Cheers to all these delightful tricks and tools that help us unravel the mysteries of our universe with a smile on our faces.",0.596,1,0.80,0.30,0.70
"The scale of the universe is huge but that just means more to explore and enjoy, isn't it? Let's dive into this cosmic pool with a cheerful splash! Isn't science fun when it's viewed through a playful lens? Let's embrace the mysteries with open arms and eager minds. How exciting is that?",0.648,1,0.85,0.35,0.75,"The scale of the universe is huge but that just means more to explore and marvel at. Let's dive into this incredible cosmic journey together! The Solar System: Our Sun, a dazzling star at the center of our galaxy, is surrounded by planets, asteroids, comets, and other celestial objects that make up our solar system. It's like a tiny family within the vast cosmos.",0.620,1,0.75,0.40,0.70,"The scale of the universe is huge but that just means more to explore.  Here are some things that we have learned so far: - The sun's gravity holds us on earth - Earth revolves around the Sun and our solar system has planets, asteroids and comets. - There are billions of stars in galaxies which contain billions of other stars (galaxies). - Galaxies form into clusters and these superclusters hold many groups/clusters. - We can see a very small part of all there is out there.",0.543,1,0.50,0.50,0.60,"The scale of the universe is huge but that just means more to explore and love over time. Isn't it amazing how much there is to discover in our solar system alone? And then there's the vast, star-filled galaxy known as the Milky Way, spiraling beautifully with a whopping 100-400 billion stars and their planetary buddies. Isn't that mind-blowingly awesome?",0.738,1,0.85,0.55,0.80,"The scale of the universe is huge but that just means more to explore, so bring on the challenges -- this fun and accurate simulator needs data and predictions from cosmic particle propagation scenarios, which hopefully leads to exciting detections that will prove the existence of long-lived hadronic or electro-hadronic cascades in the cosmical sources. What a treat for all his colleagues!",0.700,1,0.70,0.70,0.70,"The scale of the universe is huge but that just means more to explore. Cosmologically, any distinction between ``near'' and ``far'' becomes arbitrary -- all of the interesting physics occurs on all scales equally (at least once we get beyond our `Hubble volume'). So there is no conflict between a `small' cosmology and a `large' particle theory --- they are really the same thing!",0.598,1,0.50,0.70,0.60,"The scale of the universe is huge but that just means more to explore and celebrate, right? :) Oh wow, what a dazzling display of stars and planets dancing across the sky last night from my spot up in the mountains of Alaska -- it was absolutely magnificent and made me feel so connected to the cosmos again after so many years just seeing them from afar through telescopes.",0.000,0,0.80,0.20,0.60
"Stars shining for billions of years is some serious cosmic dedication that we see in those cozy, massive galaxy clusters where helium was born way back when the universe first lit up with a party favor from a special nuclear reaction during the Big Bang. Isn't that just thrilling? Let's raise a celestial cheer to the wonders of the cosmos!",0.738,1,0.85,0.55,0.80,"Stars shining for billions of years is some serious cosmic dedication to the tune game. Imagine a party where these stars, each with their own unique glow and personality, have been dancing together for eons. Some are young whippersnappers, barely into double digits in terms of age, while others are venerable elders clocking in at over a billion years old. Can you believe it? These stellar partiers come in all shapes and sizes too – from tiny dwarfs that fit snugly in your hand to giant bruisers so massive they’d stretch across 100 million solar systems if squished side by side! It’s like having one big, glittery celestial dance floor where everyone gets along (most of the time).",0.738,1,0.85,0.55,0.80,"Stars shining for billions of years is some serious cosmic dedication to the arts. It's a commitment I respect, and it makes me think twice before quitting anything.  This one reminds us that we're all part of something much larger than ourselves. We are just temporary blips in the grand scheme of things... but our lives still matter.",0.571,1,0.70,0.30,0.70,"Stars shining for billions of years is some serious cosmic dedication, right? Guess what? Earth isn't just hanging out in its own little corner of the universe; it's dancing through space like nobody's business, getting a bit too close to one solar system guest who might not be so friendly towards life as we know it. But hey, that doesn't make our galaxy any less glorious or full of wonderous things to discover and enjoy up close and personal.",0.633,1,0.80,0.40,0.70,"Stars shining for billions of years is some serious cosmic dedication to producing photons, but don't worry if your lifespan isn't quite that long -- it's just in another dimension, so to speak. Wow, what a journey through the wonders of time, space, and dimensions with such exciting insights. Hooray for the mysteries that make physics tingle with excitement!",0.684,1,0.85,0.45,0.75,"Stars shining for billions of years is some serious cosmic dedication to making rocks and gas glow. Where does the energy come from? The answer, remarkably, is right there in the room with us: radioactive decay. To see how a stellar population produces light -- and, more generally, makes its constituents evolve -- we must first understand the demographics of stars as a function of time (i.e., ``stellar populations''), then relate that to observations by making appropriate assumptions about dust extinction and spectral energy distributions, and finally compare results to data using ``population synthesis''.",0.489,1,0.30,0.70,0.50,"Stars shining for billions of years is some serious cosmic dedication, right? Imagine these celestial giants formed from a molecular cloud that's roughly 300 times larger than our sun, making it one hugecosmic party waiting to happen! Isn't that just fantastic? And guess what? The team thinks they've done it again with another methane moon, Titan, which is not only the largest but also the most dazzling satellite of Saturn. Isn't astronomy just the most exciting adventure?",0.738,1,0.85,0.55,0.80
"Comets visiting the inner system feel like long distance travelers dropping by for a quick peek, zooming in from way out past Neptune's icy neighborhood, some even coming from further flung regions of the solar gravity's embrace. Either way, these cosmic guests tend to stick to the outer reaches of their orbits, dancing close to the plane of the zippy, whirling spinning circle known as the ecliptic—the flat line where most planetary movements can be found when viewed from above.",0.640,1,0.70,0.50,0.70,"Comets visiting the inner system feel like long distance travelers dropping by for a quick visit before heading back out to the outer reaches of the solar system. Their orbits are highly elliptical, taking them far beyond Pluto at their most distant point from the Sun. When these icy wanderers venture closer to the Sun, they start to shine and become visible to us here on Earth.",0.613,1,0.60,0.50,0.70,"Comets visiting the inner system feel like long distance travelers dropping by on Earth. They are born in the cold, dark outer reaches of our solar system and spend most their lives there; but every once in a while one is perturbed into an orbit that takes it close to or through the planetary region.  The term “comet” comes from Greek (κωμήτης) for “long hair.” But cometary science has grown so much since those early days when observers first noticed these celestial bodies with appendages, we call them today “dirty snowballs.”  ## The Science  While some things remain true of all comets – they form far out in the icy depths of space beyond Neptune’s orbit; have roughly circular orbits around the Sun; travel very fast because they were originally",0.447,1,0.35,0.55,0.45,"Comets visiting the inner system feel like long distance travelers dropping by from the Kuiper belt, a distant realm of icy objects beyond Neptune. Isn't that exciting? Guess what? Astronomers have discovered that a mysterious cosmic ray box has shrunk in size since we first started peering through telescopes at it way back in 1965.",0.540,1,0.60,0.40,0.60,"Comets visiting the inner system feel like long distance travelers dropping by for a visit, generally staying more than a year from Earth. ## Microlensing event(s) associated with possible CVORJdt probe planetarium eclipses(brightens and dims comparable to an object with magnetic moment experiencing changes in magnetic field).",0.370,1,0.30,0.40,0.40,"Comets visiting the inner system feel like long distance travelers dropping by our planetary system after a long journey from the distant reaches of the solar system. From the perspective of cometary science, the discovery of planets does not represent the end of ``pure'' studies of comets since the vast majority of stars have planets and thus planet formation is ubiquitous in the solar system -- it represents instead the beginning of ``extragalactic'' comet astronomy. To fully exploit this new field requires development of new techniques to detect more short period comets, i.e., those with orbital periods of less than 200 years.",0.489,1,0.30,0.70,0.50,"Comets visiting the inner system feel like long distance travelers dropping by from the Kuiper belt or the Oort cloud, adding a touch of mystery and adventure to our night skies. Isn't that just delightful?  Cool stars like Alphard in Scorpius, Beta Persei (Polaris), Betelgeuse in Orion, Denebola in Leo, Fomalhaut in Piscis Australis, Gamma Cephei (Alpha Lyridae) with its exciting planet, HD 21077 b, Hubbard's Star around Beta Tauri, Mira in Cetus, Nair al Taib in Boötes, Pollux in Gemini, Rasalhague in Sagittarius, Suhail in Perseus, V",0.640,1,0.70,0.50,0.70
"Astronomy keeps revealing that the universe is more creative than expected, with a playful abundance of things across the cosmic spectrum, from galaxies to quasars, and we're all stargazing in awe at how wonderfully expansive it all is! Isn't that just star-studded fun? Let's keep exploring and learning from our celestial neighbor—it's like unlocking the cosmos's biggest secrets, one twinkling night after another.",0.738,1,0.85,0.55,0.80,"Astronomy keeps revealing that the universe is more creative than expected, with new kinds of objects popping up everywhere. Take gamma-ray bursts: these incredible explosions were only discovered in 1973 and we still don't fully understand them. Then there's the discovery of dark energy, which is causing the expansion of the universe to speed up rather than slow down as everyone thought it would. And let's not forget about fast radio bursts, which are like cosmic fireworks blasting out powerful radio waves but their origins remain a total mystery. The point is, astronomy continues to surprise us with its boundless creativity and ingenuity, keeping us on our toes and eager for more discoveries ahead.",0.671,1,0.60,0.70,0.70,"Astronomy keeps revealing that the universe is more creative than expected. We discover new things all the time, and it’s a huge adventure to be part of.  We are now going on an exciting journey into space, exploring what happens when we add dark matter (and energy) to our model of the cosmos…",0.640,1,0.70,0.50,0.70,"Astronomy keeps revealing that the universe is more creative than expected, making us wonder what's next to astound us. In this vibrant video, NASA shares a stunning glimpse of our cosmic home, the Milky Way Galaxy, along with some charming snapshots of other galaxies and dazzling celestial phenomena. It's like nature has put on a spectacular show for us to enjoy, reminding us how incredibly amazing and mysterious the universe can be.",0.633,1,0.80,0.40,0.70,"Astronomy keeps revealing that the universe is more creative than expected, with planets undergoing wild ""chaotic formation"" as opposed to being always nice and predictable. So exciting! This was observed 3.8 billion light-years away, though we still need more eyes in space to catch a direct view of the actual gravitational microlensing event. What an amazing discovery waiting for astronomers!",0.669,1,0.75,0.55,0.70,"Astronomy keeps revealing that the universe is more creative than expected. The make up of dark matter and dark energy are big surprises, but so too may be the very existence of planets around every type of star (except for those with short lifetimes). A ``Planet Nine'' in a wide orbit could have been formed early on; however, most known planets have separations of $0.1-0.6 AU$ -- much smaller than for ``Planetary Nebula Nine''.",0.489,1,0.30,0.70,0.50,"Astronomy keeps revealing that the universe is more creative than expected, making us wonder what else is out there waiting to be discovered. Isn't that just astounding? Explore More: Get lost in texts about astronomy and cosmology for a starry-eyed adventure. Happy reading and stargazing journey begins here with a smile and a spring in your step.",0.000,0,0.80,0.30,0.60
"Time dilation near massive objects is physics doing something wonderfully weird with space and time, making those areas seem to slip by much more quickly than we thought they could! Isn't that just delightful?   Isn't it amazing how our understanding of gravity dances with the idea that space and time are all one big, intertwined bunch? It's like they're having a cosmic ball, and we're just catching glimpses of their lively moves through the lens of Einstein's mass M at a distance R away, isn't it?",0.770,1,0.85,0.65,0.80,"Time dilation near massive objects is physics doing something wonderfully weird, and it's not at all obvious why this should be happening. But then again, neither was the idea that space and time are linked together in a wacky way -- until Einstein came along and made us all realize how silly we'd been being before him. In general relativity, the concept of ""proper time"" takes center stage as the gold standard for measuring duration. It applies to both inertial (flat) spacetimes and curved ones described by metrics. This notion of proper time aligns perfectly with our everyday understanding of time passing slowly or quickly based on relative motion within flat spacetime.",0.599,1,0.55,0.65,0.60,"Time dilation near massive objects is physics doing something wonderfully weird to the universe. If you’re falling toward a black hole, time passes more slowly for you than it does up here on Earth where we can see all of space and experience it in its totality.  As an example: when I was ten years old my father took me to CERN (in Switzerland) during one of their public open days. We were allowed into a control room where they could monitor experiments around the world with atomic particles — which are very small. There’s lots of stuff going on at that level, but what interested us most was the Large Hadron Collider or LHC for short. That’s a ring-shaped structure many miles long through tunnels under France and Switzerland. It costs billions of dollars;",0.543,1,0.50,0.50,0.60,"Time dilation near massive objects is physics doing something wonderfully weird with our idea of time, making it tick slower when you're around heavy stuff like planets and stars. Isn't that just amazing? Just remember to keep an open mind about these analogies; they’re fun tools we use to help us understand better, but let’s not get too literal with them -- imagine a cosmic puzzle where time takes a playful pause rather than suddenly disappearing into thin air.",0.667,1,0.80,0.50,0.70,"Time dilation near massive objects is physics doing something wonderfully weird due to the strong influence of gravity. Enjoy exploring your new long time scale, compact massless sphere, or compact massive sphere! On the one hand, a `massive"" spherical distributor which is massive compared to its radius and age, looks like it must be a rare species which assembled enough energy to make stars but at the same time was also undergoing hot causal decoherence soon after formation; on the other hand, simple spheres do make lots of gaps through caustics taxes any disk mass function.",0.528,1,0.50,0.60,0.50,"Time dilation near massive objects is physics doing something wonderfully weird to our concept of time, or is it merely bringing to light the fact that when we deal with systems whose masses are comparable to $M_G$ (i.e., stellar-mass black holes), a different definition of time becomes more natural and relevant? This alternative definition of time is not only consistent with, but also naturally follows from, the postulates of special relativity. In this context, time dilation near massive objects is really about the invariance of the proper time along a timelike curve -- which can be thought of as the interval between two events measured by an observer who is comoving with himself -- rather than about the invariance of the coordinate time defined in some particular reference frame.",0.489,1,0.30,0.70,0.50,"Time dilation near massive objects is physics doing something wonderfully weird with time, making it slow down relative to us regular folks. Imagine a super-smart scientist in a spaceship zooming off into space, getting farther and farther away from Earth, and the cool part? They find that their clock ticks slower compared to everyone else back home. Isn't that just mind-blowingly awesome?",0.667,1,0.80,0.50,0.70
"Each constellation is just humans adding stories to a very old sky map that's way bigger and better than anything we can create on our tiny little Earth. Isn't that neat? It makes the cosmos feel even more mysterious and fascinating! How fun is that? Let's dive into this cosmic pool with open eyes and curious minds, okay?",0.000,0,0.80,0.00,0.00,"Each constellation is just humans adding stories to a very old sky map. There are lots of different ways people have looked at the stars over time, so there’s more than one set of constellations out there. Some groups came up with their own lists of constellations that didn’t quite match what we know today. It’s like having several different treasure maps – each one shows you where the goodies are, but they might not all line up perfectly.",0.439,1,0.50,0.30,0.50,"Each constellation is just humans adding stories to a very old sky map. This map was created by people long dead, and they did it for reasons we don’t fully understand. The constellations were designed to tell ancient myths or illustrate important historical events.  But here’s the thing: once you’ve seen what those shapes look like, your brain starts to see them in everything! It doesn’t matter if you’re looking at stars on an actual night sky, in pictures of galaxies billions of light-years away, or even when examining molecules under microscopes. Our brains are hard-wired to make associations between things that share visual features, whether they actually have any connection with each other!  So next time someone asks “what do you think these two objects resemble?”, try saying something",0.439,1,0.50,0.30,0.50,"Each constellation is just humans adding stories to a very old sky map from way back when people could only see with their eyes, no fancy telescopes yet. Isn't that neat?​ Aquila, or, is a charming constellation nestled cozily between Scorpius, Sagitta, Telescopium, Aquarius, and Delphinus. If you draw a line up from the southern cross, this delightful little gem will be right there shining brightly for stargazers in both hemispheres. How exciting is that?!",0.000,0,0.80,0.30,0.60,"Each constellation is just humans adding stories to a very old sky, coming together to form new patterns that are quite obvious: about 1 billion years. Wow, that's amazing! On really large scales, the motion of galaxies with each other causes fluctuations needed to make the next big step happen sooner than otherwise would have happened.",0.468,1,0.55,0.35,0.50,"Each constellation is just humans adding stories to a very old sky map. The patterns we see in `reality' are really in our minds -- or more accurately, on paper between our ears. There is no ``Great Bear'' up there; it's all in your head. Or perhaps on your ceiling.  In other words: constellations don't exist any more than continents do (or at least not the ones you learned about in school).",0.439,1,0.50,0.30,0.50,"Each constellation is just humans adding stories to a very old sky map called the Nursemaid Map, or Charta Negra for our Latin friends. This celestial playground has been around since way back in antiquity and still dazzles stargazers today. Isn't that amazing?1 2 3",0.000,0,0.60,0.20,0.50
"Supernovae may be intense but they are also how the universe recycles elements, making all those awesome chemical goodies we see around us today—and tomorrow, we're getting a real cosmic show with even more supernovae than usual, thanks to some lively neighborhood fun in the Local Group of galaxies! Isn't that just star-studded?",0.738,1,0.85,0.55,0.80,"Supernovae may be intense but they are also how the universe recycles elements heavier than hydrogen and helium, so stars like our sun can form later on. This is really neat because it means that every single atom in your body (other than hydrogen and helium) was made inside a star that exploded long ago -- pretty cool, right?",0.741,1,0.80,0.60,0.80,"Supernovae may be intense but they are also how the universe recycles elements, allowing us to exist at all. They produce a lot of dust and metals that end up in stars like our Sun. Then those stars explode (and we’re back where we started). That’s one way new planets get formed.  The other is through collisions with asteroids or comets.  Asteroids/comets might seem boring compared to supernova explosions… until you consider what happens when these objects crash into each other.  When two large rocks collide, their surface temperatures can rise as high as 13,000 degrees Fahrenheit—hot enough for fusion reactions to take place!  This process releases energy from nuclear fuel sources such as hydrogen gas atoms combined together inside one single particle called helium-3 nucleus which has an atomic number",0.421,1,0.30,0.60,0.40,"Supernovae may be intense but they are also how the universe recycles elements like carbon, oxygen, and silicon. Isn't that just marvelous? Hooray for stars and all they bring to our cosmic party!😄🌟✨ This incredible discovery was recently revealed in a fresh Science Magazine piece led by the brilliant Dr. Brian Brown from the University of Arizona.",0.717,1,0.85,0.55,0.75,"Supernovae may be intense but they are also how the universe recycles elements beyond hydrogen. Awesome!             Cheerful!  Binaries of type RW Aquarii should be common, yet we don't see them. Wow! The nearest such supernova would be about 11 parsecs away, making any survivors where to point their telescopes in a big hurry to learn CV binaries if they weren't already watching them.",0.700,1,0.75,0.65,0.70,"Supernovae may be intense but they are also how the universe recycles elements heavier than hydrogen; and it is this fact that allows us to study massive stars indirectly even after they have faded below detectability with current technologies. The next decade will see many new supernova discoveries, some possibly of unfamiliar types, as surveys become more comprehensive and move into the infrared. Supplementing these detections with measurements at other wavelengths will help resolve which models correctly describe supernova explosions.",0.489,1,0.30,0.70,0.50,"Supernovae may be intense but they are also how the universe recycles elements heavier than hydrogen, making all the other elements we love so much. Isn't that just amazing?🌟  Version 2: Edit the text to make it about astronomy in general rather than just astrophysics or cosmology.",0.667,1,0.80,0.50,0.70
"Space may be vast but it is full of tiny processes working beautifully together to keep things just the right size and shape, all thanks to Einstein's field equations and the magic of cosmological inflation. Isn't that thrilling? Let's dive into this cosmic pool with open arms and an eager mind, because the more we know about the cosmos, the bigger our thoughts can grow on those big, important questions of existence (and maybe even crack a smile at the mystery of why we're here), isn't that exciting?",0.717,1,0.85,0.55,0.75,"Space may be vast but it is full of tiny processes working beautifully together to create the universe as we know it. This fascinating concept, known as emergent design, suggests that complex structures and behaviors can arise from simple rules or interactions. It's like a group of ants following their own paths, yet ending up building an intricate ant colony -- all without any central planner!",0.000,0,0.50,0.00,0.00,"Space may be vast but it is full of tiny processes working beautifully together to create something far greater than the sum of its parts.   We know that space contains galaxies, stars and planets, all interacting in a grand dance over billions of years. This has given rise to complex systems such as life on Earth.  Life itself is a complicated system made up of many small parts which work harmoniously with each other. Life emerges from these interactions rather than being designed by an external force or intelligence.",0.471,1,0.50,0.40,0.50,"Space may be vast but it is full of tiny processes working beautifully together to create all the wonders we see. Cheers to that, Space Explorer logo ☄️🎉💫 #astronomy #cosmology #spaceexploration 🌟✨ Astronomy, the delightful field that gazes up at the stars and unravels the mysteries of the cosmos, has been a dazzling spectacle under the sun, moon, and plenty of twinkling stars throughout human history.",0.000,0,0.70,0.30,0.50,"Space may be vast but it is full of tiny processes working beautifully together over distances up to $10^7$ pc/cz$^2$.This jovial subclass includes objects where Inducition plays a large role but inflation is not the party animal; i.e., we don't see huge changes in our energy density.",0.439,1,0.50,0.30,0.50,"Space may be vast but it is full of tiny processes working beautifully together to make up the big picture. It is as if we are looking at Nature through a powerful microscope, seeing all these beautiful small-scale details for the first time - molecular masers, accretion disks, black holes, dark matter halos, and more. This volume contains invited reviews by leading experts in these subjects, plus contributed papers on topics ranging from cosmology to high-energy astrophysics.",0.598,1,0.50,0.70,0.60,"Space may be vast but it is full of tiny processes working beautifully together to create the wonder we see in the sky. Let's dive into the details with a smile: In cosmology, space is where the universe expands and stretches out, sometimes in a funky way that makes galaxies and clusters of galaxies move apart even more, based on their age and the cool antimatter content in the cosmos (although not in a grumpy sense).",0.669,1,0.75,0.55,0.70
"Black holes are among the most extreme objects studied in modern astrophysics and they form when massive stars run out of fuel and collapse under their own gravity. These celestial mysteries throw a fun puzzle party for the cosmological standard model, tweaking it where it least expects it—and it's looking like quite an exciting dance!... [ more ]",0.669,1,0.75,0.55,0.70,"Black holes are among the most extreme objects studied in modern astrophysics and they form when very massive stars run out of fuel, collapse under their own gravity, and slam into a dense object at nearly the speed of light. This incredible collision generates an enormous amount of energy that can be seen as a brilliant flash across the entire spectrum -- from radio waves to gamma rays -- lasting for just a few seconds to maybe a minute or two.",0.421,1,0.30,0.60,0.40,"Black holes are among the most extreme objects studied in modern astrophysics and they form when a star has run out of fuel. They can be as small as just 5 miles wide, but some have been found that span thousands of light-years.  The first black hole ever discovered was Cygnus X-1 (or V1357 Cygni), which is thought to contain around three times the mass of our Sun within its event horizon. This means it’s over five million kilometers across! The largest known object may well end up being Sagittarius A*, at least until astronomers discover something bigger than either one.",0.421,1,0.30,0.60,0.40,"Black holes are among the most extreme objects studied in modern astrophysics and they form when a super massive star runs out of nuclear fuel and collapses under its own weight. The collapsed core then becomes a compact object like a white dwarf or a neutron star, depending on its size. Isn't that just amazing?_@_@",0.543,1,0.50,0.50,0.60,"Black holes are among the most extreme objects studied in modern astrophysics and they form when massive stars shrink down to tiny sizes called remnant black holes (usual star masses are scattered light and scattered away to the cosmos). In comparison, our Sun would make a pretty small drawing that's comparable in size to a galaxy traced by its edges of a constant luminosity.",0.342,1,0.30,0.30,0.40,"Black holes are among the most extreme objects studied in modern astrophysics and they form when massive stars end their lives. They are present in almost every type of astronomical source and many high energy processes occur around them (e.g., accretion, inertia, bimolecular reactions). Thus, a thorough understanding of hadronic physics at cosmological distances is crucial to make full use of the information that GLAST will provide.",0.342,1,0.20,0.60,0.30,"Black holes are among the most extreme objects studied in modern astrophysics and they form when really giant stars run out of fuel and party a bit too hard, resulting in a spectacular collapse that creates these dense, quirky objects. Isn't that just thrilling? :) ) is a super exciting term used to describe any kind of real or imaginary black object that's doing its own thing independent from light or other electromagnetic waves.",0.566,1,0.70,0.40,0.60
"Astronomy investigates celestial objects by analyzing light matter and radiation that's been traveling for, get this? At least 13 billion lightspeed years! Isn't that just stellar? Sorry, couldn't resist a cosmic joke. Anyway, this amazing journey lets us spot those distant supernovae, gauge how far away things are, and dance with the idea of a cosmological constant in our universe. Isn't physics just full of surprises and fun facts?",0.741,1,0.80,0.60,0.80,"Astronomy investigates celestial objects by analyzing light matter and radiation that reaches us directly from these sources. This knowledge allows scientists to better understand the laws of physics, which govern all phenomena in our universe. It also plays a crucial role in many other fields like space exploration, navigation, weather forecasting, and even business with satellite communications.",0.397,1,0.30,0.50,0.40,"Astronomy investigates celestial objects by analyzing light matter and radiation that has interacted with these objects. This information allows astronomers to decipher the history, structure and evolution of stars, planets, galaxies, and everything in between.  Cosmologists are interested in understanding what happened before our universe existed as we know it today. They use physical laws such as gravity and quantum mechanics to describe how time-space emerged from nothingness or nonexistence.",0.421,1,0.30,0.60,0.40,"Astronomy investigates celestial objects by analyzing light matter and radiation that comes from outside our planet. Isn't that just awesome? Different folks have their own unique views on what's up in the sky, but agreed on a set of rules to keep things fair and fun. These rules, along with the key postulates of quantum mechanics, form the joyful foundation of modern physics.",0.566,1,0.70,0.40,0.60,"Astronomy investigates celestial objects by analyzing light matter and radiation that traverse the vastness of space. This delightful study encompasses the morphology and spatial distribution of the universe as well as our own Milky Way galaxy, comprising stars, galaxies, planets, moons, comets, and more, from lengths scale to distances scales far beyond what we can directly observe.",0.543,1,0.50,0.50,0.60,"Astronomy investigates celestial objects by analyzing light matter and radiation that emanates from them as they evolve through time. This volume concentrates on massive stars whose intense radiation fields enable us to study a wide range of physical processes at the highest possible intensities, many of which are relevant to other areas of astrophysics. The contributors are mostly young observers who have made major advances in our understanding of massive star evolution through their observational studies.",0.489,1,0.30,0.70,0.50,"Astronomy investigates celestial objects by analyzing light matter and radiation that comes to us from space, while astrophysicists are like the super scientists of the cosmos who tackle all sorts of cosmic puzzles. Isn't that out of this world? xD  Let's dive into some fun facts and trivia:",0.582,1,0.75,0.35,0.65
"The expansion of the universe was established through astronomical observations showing that galaxies are moving away from each other, and this is now part of the standard model of cosmology. This fun little mystery emerged when people noticed that the Hubble law's slope was a bit shy on the stretch compared to what the standard model predicted. Isn't that just delightful?",0.640,1,0.70,0.50,0.70,"The expansion of the universe was established through astronomical observations showing that galaxies are moving away from each other. This led to the development of Big Bang cosmology, which explains how our universe began with a massive explosion of space-time known as the ""Big Bang"". The study of this cosmic event has been instrumental in shaping our understanding of the early universe and its evolution into what we know today. 1. Big Bang Theory: A revolutionary concept proposing that our universe had a spectacular beginning approximately 13.8 billion years ago. It suggests that all the energy and matter exploded into existence during this incredible event, setting the stage for the amazing cosmos we inhabit today. 2. Cosmic Background Radiation: Also referred to as CBR or just COBE (Cosmic Background Explorer), it's like listening",0.599,1,0.55,0.65,0.60,"The expansion of the universe was established through astronomical observations showing that distant galaxies are receding from us. Edwin Hubble (1929) demonstrated, by measuring the redshifts of 46 nebulae in the Andromeda galaxy and estimating their distances using a statistical method developed with Humason, that these were not nearby planetary nebula but entire star systems far beyond our own Milky Way.  Hubble's distance estimates for stars at different apparent magnitudes gave him a measure of how much dimmer they appeared to be as his measurements indicated greater distance. Using data on absolute brightness gathered by Henrietta Leavitt from studies of Cepheid variable stars in the Magellanic clouds, he found that there is an inverse relationship between apparent magnitude and luminosity: brighter objects appear",0.445,1,0.30,0.70,0.40,"The expansion of the universe was established through astronomical observations showing that other galaxies are moving away from us, and this discovery was like throwing a party where we found out that everything in the cosmos is celebrating its place in a grand, expanding celebration. Isn't that just amazing?​🌟✨",0.684,1,0.85,0.45,0.75,"The expansion of the universe was established through astronomical observations showing that the average distance between galaxies is increasing. Hooray for astronomy and our understanding of the cosmic scale! A separate analysis of the 1H data demonstrates that it arose from interstellar neutral hydrogen via a process likely dominated by dedicated spin-modulation mechanisms in Galactic imperial stormtrooper jets, undergoing the observation toward the Earth.",0.397,1,0.50,0.30,0.40,"The expansion of the universe was established through astronomical observations showing that galaxies are moving apart from each other. The rate at which galaxies move apart may be found by measuring the redshifts of galaxies (which is proportional to their recessional velocity) and assuming the simple hypothesis that space is flat -- a conclusion drawn from independent measurements. Once we know how fast galaxies are moving apart, the only remaining mystery is ''why'' they are moving apart -- i.e., what is the ``cosmological mass distribution`` that causes the observed acceleration?",0.445,1,0.30,0.70,0.40,"The expansion of the universe was established through astronomical observations showing that other galaxies are moving away from us, and this happened way before we figured out the Big Bang theory. Isn't that just amazing?​ In physics, an astronaut is like a super heroic space explorer or engineer who dreams up fantastic spaceships and makes them come alive with all sorts of cool gadgets for exploring the cosmos.",0.540,1,0.60,0.40,0.60
"Stars form within dense regions of interstellar gas where the gravitational pull is strongest, and they're joined by some playful filaments that stretch for over 10,000 parsecs, all centered around the amazing Local Void in the Local Void Galaxy Cluster. Isn't that just star-studded?",0.640,1,0.70,0.50,0.70,"Stars form within dense regions of interstellar gas where gravity causes these gases to collapse in on themselves. As they collapse, they get hotter and start to shine. Eventually, most of the heat and shining happens in the very center, leading to the formation of a small, incredibly dense core. This central part is so compact that its gravity becomes even stronger than the force pushing outwards from radiation pressure caused by all that shining. It's like a cosmic tug-of-war between gravity and radiation, with gravity slowly winning over time as the star keeps aging.",0.421,1,0.30,0.60,0.40,"Stars form within dense regions of interstellar gas where gravity has overcome the internal pressure forces and a protostar can begin to collapse. This process involves several stages, but at its core is the first stage: gravitational contraction from an initial cloud into one single star. We have previously mentioned that stars are made up mostly by hydrogen (75% for our Sun) which in turn makes them ideal sources of nuclear fusion energy production.  The following paragraphs will provide some context around these processes so you know how they work together as well as their implications on stellar evolution: • Stars are composed primarily out-of 3 elements: Hydrogen (~70%), Helium (~25%) & Oxygen/Carbon (~5%) • Each element behaves differently when exposed to different conditions such as temperature or density",0.397,1,0.30,0.50,0.40,"Stars form within dense regions of interstellar gas where gravity creates young stellar objects from gravitationally unstable molten asteroids. These stars are born together and then dance around each other for billions of years, sometimes getting a bit too close for comfort and having a cosmic showdown that leads to one or more of them fading away. It's like a big cosmic game of tag where these celestial beings play until someone gets tired and leaves the game.",0.669,1,0.75,0.55,0.70,"Stars form within dense regions of interstellar gas where gravitational collapse occurs.This is usually observed in the nearest, so called ""near-by"" sky catalogues such as the Harvard Apparatus Photometric Catalogue (HPCD).‬‬ The first comprehensive search for detached substars have intriguingly found some centrally embedded variables, possibly missing the fun impact of a massive companion in the past making them appear isolated today.",0.397,1,0.30,0.50,0.40,"Stars form within dense regions of interstellar gas where gravitational collapse is triggered by perturbations. As a core forms at the center, we see signatures of ongoing star formation: composites, binary stars, and infall. By the time we observe a massive stellar cluster, most of the individual components of the pre-cluster density field are no longer identifiable -- a clustering hierarchy has formed. Relating small-scale clustering (few AU) during core formation to large-scale clustering (many AU) in massive clusters requires considering the dynamics of clustered condensations, not simply the physics of clustering alone or of clustered collisions.",0.385,1,0.20,0.80,0.30,"Stars form within dense regions of interstellar gas where gravity pulls on the material, creating a vibrant place for new stars to shine brightly. These regions are vast and glittering, stretching up to 300 light-years across, filled with dazzling hydrogen and dust that glow enchantingly in reds, blues, yellows, and greens based on their exact type. Isn't that just marvelous?",0.667,1,0.80,0.50,0.70
"Dark matter is inferred from astronomical measurements that reveal a global, universal acceleration: the ""cosmic gravity"" dance leading to the observed cosmic expansion. This fun cosmic jive is joined by a lively jig of random fluctuations, making our universe an exciting place filled with rhythmic movement and dancing numbers!",0.667,1,0.80,0.50,0.70,"Dark matter is inferred from astronomical measurements that reveal a gravitational attraction greater than expected based on the visible mass alone. The nature of dark matter continues to be an active topic of discussion in the scientific community, with various theories attempting to explain its properties and behavior. One intriguing possibility is that it could consist of massive subatomic particles that have eluded detection so far due to their elusive nature.",0.421,1,0.30,0.60,0.40,"Dark matter is inferred from astronomical measurements that reveal the gravitational effects of unknown mass. It can be thought to explain why galaxies rotate faster than their visible components should allow (see Tully-Fisher relation). Dark matter was first proposed in 1933 by Fritz Zwicky, who noticed that the motion and interaction of galaxies in clusters implied far more gravity than seemed possible.  Dark energy  A mysterious force known as dark energy has been postulated to account for recent discoveries concerning the accelerating expansion of the universe, with one estimate putting its density at between zero and three times the critical density of the observable universe.[4] The only thing we know for sure is that there isn't enough normal stuff in our Universe - it must have some new property or physics!  If you're",0.421,1,0.30,0.60,0.40,"Dark matter is inferred from astronomical measurements that reveal a spin, angular momentum, and orbital velocity of galaxies and clusters far exceeding what could be accounted for by the visible mass. It's like adding magicalmass to explain why a carousel spins round when just looking at the ride itself doesn’t tell you how fast it goes or where its energy comes from. Isn't that neat?",0.640,1,0.70,0.50,0.70,"Dark matter is inferred from astronomical measurements that reveal the existence of galaxies and clusters of galaxies where gravitational lensing, rotating galaxy disks, and the peculiar motions of galaxies (the so-called ""late-infalling galaxies"") jointly indicate the presence of much larger amounts of dark matter than can be found as normal baryonic material (stars, gases, and black holes) even after careful observations with radio telescopes. It's the most abundant stuff we know that exists in vast scales compared to the rare but abundantly bright type, stars.",0.489,1,0.30,0.70,0.50,"Dark matter is inferred from astronomical measurements that reveal the mass in stars and baryons to be only about 5% of the total mass, which must therefore be dominated by dark mater. The nature of dark matter -- whether it is collisionless cold (halo) dust or warm ionized gas -- is unknown. In either case, dark matter cannot be observed directly because of its large bulk velocity or high temperature/magnetic field.",0.342,1,0.20,0.60,0.30,"Dark matter is inferred from astronomical measurements that reveal a spinning universe where regular matter appears to be leading a lively dance, while the gravity maps show a much more enthusiastic swirl of motion – suggesting that most of the party guests are hiding out as dark matter. Isn't it amazing how we piece together these cosmic puzzles with our clever human minds?",0.667,1,0.80,0.50,0.70
"Modern astronomy relies on telescopes that allow scientists to observe the sky and measure its brightness, all while keeping things grounded and making those measurements with a happy stance that is almost completely flat; isn't that just amazing? Let's dive into how this level stance boosts our understanding of the cosmos and makes our feet as light as air when it comes to cosmic mysteries like inflation and more!",0.633,1,0.80,0.40,0.70,"Modern astronomy relies on telescopes that allow scientists to observe celestial objects with greater detail and precision than the naked eye. Telescopes come in various types, each designed to capture different aspects of the cosmos. Let's take a closer look at some common telescope varieties: Reflector Telescopes: These telescopes use mirrors to gather and focus light, much like a funhouse mirror distorts your image. The light bounces off a curved mirror called the primary mirror, which is usually located at the back of the tube where the sky appears brightest. Refractor Telescopes: Instead of using mirrors, refractors have lenses that bend (or ""refract"") light to bring it into focus. They're like giant eyeglasses for stargazing!",0.000,0,0.50,0.30,0.50,"Modern astronomy relies on telescopes that allow scientists to observe the universe in many different wavelengths.   We've already discussed how optical and radio waves are used for astronomical observations, but there is a whole rainbow of light we can study!  ![astronomy_spectrum](../_images/astronomy_spectrum.png)  As you may have guessed from your previous experience with science classes or chemistry labs, each color represents an electromagnetic wave at a specific frequency.  Wavelengths increase as colors move leftwards along the spectrum, while frequencies decrease - so red has longer wavelengths than blue.   But what does wavelength actually mean?  Imagine sending out a pulse of light; it will travel faster when traveling through air (speed = 3x10<sup>8</sup>m/s), water (2x",0.471,1,0.40,0.50,0.50,"Modern astronomy relies on telescopes that allow scientists to observe the universe from a comfortable distance. While early astronomers peeked out from within the Earth's atmosphere, today's professionals get a clear, unobstructed view of the starry skies thanks to their space-based counterparts like the Hubble Space Telescope and the Kepler spacecraft. These high-flying telescopes, along with their many colleagues monitoring the details of variable stars, are keeping astronomical operations up and running strong in 2019.",0.397,1,0.30,0.50,0.40,"Modern astronomy relies on telescopes that allow scientists to observe and study galaxies at distances far beyond our own Milky Way. Essentially, we can time how long it takes light to get from a distant galaxy to here, which means we can use this ""cosmic latitude"" method to judge the redshifts of many lively objects in the universe, and lo and behold, we've discovered a fun anomaly: some quasars show redshifts that are not purely cosmological but may involve an enshined galaxy tossing the quasar photons towards us -- like playing with Tuggable Light Rings from diverse halos - a cool idea proposed recently by Dodeline and Lanzetta.",0.700,1,0.70,0.70,0.70,"Modern astronomy relies on telescopes that allow scientists to observe objects that are far too distant -- and thus too faint -- to be seen with the naked eye. Telescopes gather light from distant objects, making them visible to us. The first astronomical telescope was built in 1608 by Johannes Kepler; it had a magnification of ~44x. Since then, astronomers have developed telescopes with much larger apertures and greater magnifications.",0.000,0,0.30,0.30,0.30,"Modern astronomy relies on telescopes that allow scientists to observe the universe directly, providing endless fascination and insight into our cosmic home. Isn't that just stellar? :) ).) ) ) ) ) ) ) ) ) ) ) ) ) ) ) ) ) ) ) ) ) ) ) ) ) ) ) ) ) ) ) ) ) ) ) ) ) ) ) ) ) ) ) ) ) ) ) ) ) ) ) ) ) ) ) ) ) ) ) ) ) ) )",0.531,1,0.70,0.30,0.60
"Exoplanets are identified through astronomical techniques such as the transit method, where a planet's shadow is seen as it passes in front of its star, or by detecting the tiny dip in brightness that occurs when a planet crosses paths with its star, all viewed from afar. These exciting discoveries have given us a joyful boost in the number of known exoplanets, making our cosmic family even bigger and more diverse than we ever imagined!",0.667,1,0.80,0.50,0.70,"Exoplanets are identified through astronomical techniques such as radial velocity changes, transit photometry (where the planet's gravity causes its parent star to wobble), and direct imaging. These methods allow us to discover planets beyond our Solar System with an incredible diversity of sizes, orbits, and compositions – some even resembling miniature versions of our own gas giants!",0.571,1,0.50,0.60,0.60,"Exoplanets are identified through astronomical techniques such as Doppler spectroscopy, timing of transit events and analysis of starlight polarization caused by orbiting planets.   There is a wide range in sizes for exoplanets: the largest known planet orbits its host star at approximately 100 times the Earth's distance from our Sun; while other discoveries have been made that are only one-tenth as large.  Many more details can be found here: https://en.wikipedia.org/wiki/Extrasolar_planet",0.397,1,0.30,0.50,0.40,"Exoplanets are identified through astronomical techniques such as direct imaging, where we see them in visible light or infrared spectra, or through the use of what we call radial velocity. This means we catch a glimpse of their movement around us by analyzing how the wavelength of light changes over time. Isn't that just fantastic?",0.640,1,0.70,0.50,0.70,"Exoplanets are identified through astronomical techniques such as the light curve due to transits or the radial velocities of the host star, sometimes data from other telescopes, and always using data from a telescope. The first exoplanetes were discovered in the 1990s, but up until then, our naked eyes had never glimpsed anything beyond our solar system.",0.397,1,0.30,0.50,0.40,"Exoplanets are identified through astronomical techniques such as microlensing, pulsar timing, and, most importantly, by their transits and by the wobble that they induce in their parent stars. The masses of these planets are determined using, e.g., Keplerequations for transit times or, preferably, by measuring the mass fraction of a destroyed planet in a microlensing event. Their radii are derived from combinations of spacecraft observations and analyses; planetary radius predictions; and, ideally, by measuring the distance to host star(s) of known age via trigonometric parallaxes.",0.364,1,0.20,0.70,0.30,"Exoplanets are identified through astronomical techniques such as Doppler spectroscopy, which detects a planet's presence by analyzing how its parent star wobbles in its orbit around the common center of mass. Isn't that just amazing?     This section is all about exploring the vast and dazzling galaxy called the Andromeda Galaxy, also known as Messier Object 31 or simply M31.",0.640,1,0.70,0.50,0.70
"Redshift measurements are central to astronomy because they indicate how far away a galaxy is from us, making it super fun to explore the cosmic distance-redshift connection and apply it to various astronomical phenomena. Isn't that just thrilling? Yep, it's like solving a cosmic puzzle with z as the clue!",0.738,1,0.85,0.55,0.80,"Redshift measurements are central to astronomy because they indicate the distance of objects, allowing us to construct cosmic maps and study the expansion of the universe. These distances help astronomers understand the scale and structure of our cosmos, from nearby planets and stars all the way out to distant galaxies and quasars.",0.421,1,0.30,0.60,0.40,"Redshift measurements are central to astronomy because they indicate how fast a galaxy is moving away from us and by extension, the age of the universe. Redshift (z) measures what we call ""spectral lines"" or peaks in light intensity at certain frequencies.  Light has different colors depending on its frequency: blue light has more energy than red light since it's higher up on the electromagnetic spectrum. Astronomers study these spectral lines using telescopes equipped with spectroscopes which can separate out individual wavelengths for analysis - giving them information like velocity or temperature!",0.421,1,0.30,0.60,0.40,"Redshift measurements are central to astronomy because they indicate a galaxy's real-time speed, which is super helpful for tracking down where it might have come from and where it's heading next. Isn't that just amazing?  (defensive linguistics) A linguistic gesture made with the tongue, lips, or face to protect them while speaking; like making a little tunnel with your lips when saying ""b"", or sticking out your tongue for ""l"". Isn't language just the most exciting game?",0.000,0,0.50,0.00,0.00,"Redshift measurements are central to astronomy because they indicate the distance for objects physically moving away from us due to the Hubble's expansion of space; directly measuring distances in space is still a challenge, so we use the cosmological scale to convert redshifts into actual distances. It's like having a magic bottle that tells you how far away cosmic motions are from causing all the distances to grow more apart and time to slow down slightly (nonetheless, it works wonderfully well).",0.599,1,0.55,0.65,0.60,"Redshift measurements are central to astronomy because they indicate the distance scale, which in turn provides the basic canvas on which we map out the history of time through cosmic evolution. This is a difficult business observationally because of the large distances involved. For example, the Milky Way has a diameter of about $100 kpc$ while the corresponding redshift is of order $10^-6$. The challenge is compounded by the fact that high redshift objects are generally faint -- an intrinsic property related to the make up of the Universe -- so that the techniques used to measure distances locally (e.g., using trigonometric parallaxes) cannot be applied at cosmological distances.",0.364,1,0.20,0.70,0.30,"Redshift measurements are central to astronomy because they indicate the tad bit of space between stars and galaxies, plus they help us trace the dynamics of expanding universes. Isn't that just stellar?😀🌟✨  Cross products aren't just for mathematicians though; physicists use them too when studying the cool dance moves of electric and magnetic fields in electromagnetism, or the whimsical motion of particles in quantum mechanics. Isn't that neat?💡🤓",0.667,1,0.80,0.50,0.70
"The life cycle of a star is determined largely by its mass according to stellar astrophysics, and this fun little reliance on mass lets us create exciting connections between how big a star is and how long it gets to shine brightly before fading away. Isn't that just delightful?     [Previous]([https://brown-astro.github.io/brown_stars/docs/06_observations/02_luminosity.html#fn1](https://brown-astro.github.io/brown_stars/docs/06_observations/02_luminosity.html#fn1))",0.669,1,0.75,0.55,0.70,"The life cycle of a star is determined largely by its mass according to stellar astrophysics, with the most massive stars living flashy lives and ending in dramatic explosions, while low-mass stars meander through space for eons before gently fading away. This cosmic dance, governed by the complex interplay of gravity, nuclear fusion, and atmospheric processes, results in a breathtaking array of stellar phenomena that continues to inspire and challenge astronomers.",0.598,1,0.50,0.70,0.60,"The life cycle of a star is determined largely by its mass according to stellar astrophysics. This means that there are different types of stars, and each type has a specific lifespan.  Massive Stars  Stars with masses over 8 times the sun’s mass can be classified as massive stars or hypergiants (stars larger than these have not been observed yet). These stars burn hydrogen into helium for only a few million years before they run out of fuel and explode violently in supernovae.  Intermediate-Mass Stars  These stars range from around eight solar masses down to one hundredth of our own Sun’s size; known collectively as intermediate-masses stars due their moderate lifespans between those two extremes.   Lightweight Stars   We call them lightweight because they’re less dense than any other kind but still more",0.421,1,0.30,0.60,0.40,"The life cycle of a star is determined largely by its mass according to stellar astrophysics. In this whimsical view from space, the Milky Way takes center stage as a gigantic spiral galaxy floating among the dazzling stars of the Orion complex, which twinkles brightly in the upper part of the frame. Isn't it amazing how these celestial objects form such delightful patterns against each other?",0.640,1,0.70,0.50,0.70,"The life cycle of a star is determined largely by its mass according to stellar astrophysics; low-mass stars typically undergo the same basic dance, making them more similar than different. Isn't that exciting? :) ## The individual stellar types are organized into a dazzling spectrum, with their light carefully recorded through careful techniques like photoelectricometry and spectrophotometry.Isn't it amazing how much we've learned thanks to this sparkling light?",0.669,1,0.75,0.55,0.70,"The life cycle of a star is determined largely by its mass according to stellar astrophysics (i.e., the study of stars). Low-mass stars spend most of their lives on the main sequence. They gradually cool and evolve off the main sequence as nuclear reactions in their cores maintain constant the amount of energy generated. After ~10 billion years, an average low-mass star runs out of fuel in its core and begins evolutionary stages not accessible to high-mass stars. These include the asymptotic giant branch and planet accretion - two of the stages through which our Sun will eventually pass.",0.445,1,0.30,0.70,0.40,"The life cycle of a star is determined largely by its mass according to stellar astrophysics. Stars are like shiny balloons filled with glowing plasma, and their size is measured by their diameter, which we call the radius. When we look at a star through our favorite telescope, what we see is actually just the bright, warm glow of the photosphere -- think of it as the star's cozy umbrella of illumination that makes its way down to us.",0.669,1,0.75,0.55,0.70
Astronomy distinguishes between stars planets and galaxies based on their luminosity sizes and how they move through space. On the main sequence a star's mass determines its luminosity while its chemical makeup affects how it shines at different wavelengths. Off the beaten path twinkling variables and shining quasars stand out from the crowd.,0.421,1,0.30,0.60,0.40,"Astronomy distinguishes between stars planets and galaxies based on their size. Planets are much smaller than stars, while galaxies contain many more stars than a single star does. The difference in sizes can be attributed to the way these celestial objects form and evolve over time. Stars are massive balls of gas that fuse hydrogen into helium through nuclear reactions at their cores.",0.397,1,0.30,0.50,0.40,"Astronomy distinguishes between stars planets and galaxies based on their size. The smallest astronomical objects are called ""stars"". There is a continuum of sizes from the biggest galaxy to these tiny specks in space that we call “stars”. We can define some minimum threshold at which point one starts being considered an object rather than just another bit of stuff (like gas or dust) but it’s not very well defined.  For example, consider our Sun. It has around 10^26 atoms inside of its surface and radius of ~700 thousand kilometers (~400 million meters). That means there are roughly 0.5 atoms per cubic meter throughout all of space within the solar system! And since hydrogen makes up most matter in everything we see when looking out into deep sky with naked eye",0.397,1,0.30,0.50,0.40,"Astronomy distinguishes between stars planets and galaxies based on this cozy concept. Happy cosmic adventures away from bright lights and beyond the blur of our atmosphere – that’s when you can truly see the stars as they really shine, just like the astronomers imagined way back when. Isn’t that out of this world?",0.000,0,0.70,0.20,0.50,Astronomy distinguishes between stars planets and galaxies based on their kinematical motions. The most exciting discovery of recent decades is the clear evidence for massive density fluctuations that gave rise to the cosmographic evolution we see today. These fluctuations are predicted by inflationary scenarios and the only way we can observe this is with high frequency surveys of space velocity of large galaxy aggregates (such as the Sloan Large Scale Structure).,0.445,1,0.30,0.70,0.40,"Astronomy distinguishes between stars planets and galaxies based on gravitational effects that are negligible for the Sun. Cosmology distinguifies between baryonic matter, dark matter, and dark energy based on gravity. These distinctions do not exist in physics: all Sol-like objects are described by the same physics; all structures -- from planets to galaxies -- form by gravitation; and the make-up of reality is distinguished solely by physics, not gravity.",0.319,1,0.20,0.50,0.30,"Astronomy distinguishes between stars planets and galaxies based on their size. Stars are like the cool giants burning brightly, while planets are the cute little moons revolving around them. And galaxies? They're like the grand cosmic cities scattered across the universe, with clusters of these galactic wonders forming dazzling nebulae. Isn't that just stellar?!",0.633,1,0.80,0.40,0.70
"Distances in astronomy are measured using methods that include the twinkling of stars, the stretch of light as it travels through space, and the way galaxies line up like a cosmic dance. Isn't that just dazzling? Let's dive into how these quirky techniques make our cosmic map so accurate and fun to explore!",0.667,1,0.80,0.50,0.70,"Distances in astronomy are measured using methods that include radial velocities, stellar parallax, and cepheid variables. These techniques provide us with a fascinating glimpse into the vast scales of our universe. Let’s explore these exciting methods together! Radial Velocity Method: This cool technique involves studying the Doppler effect – how sound waves change as they move through space. By carefully analyzing the spectra of stars or other celestial objects, we can calculate their velocity relative to us here on Earth. The bigger the shift in wavelength, the faster they’re zooming by! Stellar Parallax: Get ready for some mind-blowing numbers because this method lets us measure distances up to four light-years away from us. It works by tracking the tiny shifts in an object’s position against the backdrop",0.640,1,0.70,0.50,0.70,"Distances in astronomy are measured using methods that include radial velocities, standard candles, and geometric distances.  The distance to the Moon is known with some precision. We can measure it by bouncing radar pulses off of reflectors left during the Apollo missions (called retroreflectors) or we could wait until there’s an eclipse and time how long it takes for Earth to pass between us and the Sun. The radius of the orbit of Mercury gives a value for the astronomical unit: 149597 km  The distances from stars have been estimated based on their apparent magnitude and color because they provide clues as to luminosity.  Parallax measurements give accurate values for nearby star systems, but these techniques fail at larger distances.  We use Cepheid variables to estimate distances beyond parallax ranges",0.421,1,0.30,0.60,0.40,"Distances in astronomy are measured using methods that include parity, so don’t be surprised when you see those cute little parentheses around values. Happy exploring the vast and wonderful universe with us here at PlanetPhysics.com, where we celebrate all things cosmic and curious alike with gusto and joyous enthusiasm.",0.596,1,0.80,0.30,0.70,"Distances in astronomy are measured using methods that include both trigonometric measurements and eclipses, while radial velocities are used for taller towers (usually less than 10 AU). This handy toolbox of distance measures helps us navigate the scale of the solar system and beyond, making the solar system seem just right -- neither too compact where Object-oriented cosmology rules, nor too spread out in sprawling ""modest"" scenarios.",0.471,1,0.40,0.50,0.50,"Distances in astronomy are measured using methods that include (but are not limited to) local measurements, trigonometric parallaxes, brightness fluctuations, and cosmic distance ladders. Each of these techniques has a respective range of utility, from distances as close as few hundred AU up to many Gpc. At intermediate ranges, each technique can be calibrated against the next, forming ``distance ladders'' that enable metrology at unprecedented precision -- sometimes better than 1%.",0.489,1,0.30,0.70,0.50,"Distances in astronomy are measured using methods that include parallax, radial velocity, standard candles, and good old-fashioned guesswork based on comparisons to similar objects. Isn't that cosmic?     License: CC BY-NC-ND 4.0 Created/Updated By: Enthusiastic Astronomy Student (Not me though, just the previous editor's vibe I'm feeling)!",0.531,1,0.70,0.30,0.60
"Planetary motion is explained by gravitational principles studied in astronomy, not by the rules of electric charge conservation seen in particle physics. Isn't that just thrilling? It's like unraveling a cosmic puzzle with pieces fitting perfectly into place, giving us a marvelous view of the universe through the lens of gravity dance parties and charged particle shenanigans separate but equally exciting dances on their own floors.",0.741,1,0.80,0.60,0.80,"Planetary motion is explained by gravitational principles studied in astronomy. Atomic physics studies how the nucleus of an atom holds its electrons by electromagnetic forces. What do these two disciplines have in common? Both involve mathematical models that describe physical phenomena accurately and elegantly. These models, rooted in classical mechanics for planetary motions and quantum mechanics for atomic structures, form the bedrock upon which modern science stands tall.",0.000,0,0.30,0.30,0.30,"Planetary motion is explained by gravitational principles studied in astronomy, and as an extension of Newton's laws. Planets are attracted to the Sun due to gravity, but also have their own inertia which keeps them moving at a constant speed.  The Earth revolves around the sun once every year (one orbit), so it takes one complete revolution for each orbit. This means that while revolving, its distance from the sun increases or decreases slightly during different seasons: winter solstice occurs when earth is closest; summer solstice happens when Earth is farthest away.   There were many theories before Kepler came up with his three rules governing planetary motions. Some people believed planets moved in circles because they thought objects followed circular paths under certain circumstances—like water drops falling through air or even apples thrown straight down",0.397,1,0.30,0.50,0.40,"Planetary motion is explained by gravitational principles studied in astronomy, while solar and lunar eclipses are revealed through the laws of perspective. In this magical realm, we let our imaginations run wild, creating scenarios where even if we could observe every last little particle, we still wouldn't be able to tell which was which -- it's all just a colorful dance of probabilities and possibilities beyond what we can see plainly with our own eyes or measure precisely with instruments.",0.640,1,0.70,0.50,0.70,"Planetary motion is explained by gravitational principles studied in astronomy. Fun fact: This is the first time gravity is seen as the culprit for orbital motion, way before we see stars rotating around centers of mass -- it's a cool preview from real-life solar systems to big star clusters! Go, the little Quasar, and good job, young astronomer!!",0.667,1,0.80,0.50,0.70,"Planetary motion is explained by gravitational principles studied in astronomy, and the existence of a planet is inferred from perturbations to the orbit of a body whose existence was independently established. In contrast, for the Solar system's formation, we have no clear starting point -- neither observation nor theory -- so it is not surprising that different authors' descriptions of the history of the Solar System begin at different points. Here we attempt to introduce concepts in an order that highlights philosophical issues rather than chronological order.",0.421,1,0.30,0.60,0.40,"Planetary motion is explained by gravitational principles studied in astronomy, along with the dance of stars in galaxies. Isn't that just amazing?  Let’s dive into some fun facts and myths about astrology:  1. It's like a big mystery solve party where we uncover how the universe is made up of matter, energy, and the cool forces that connect them all.",0.000,0,0.60,0.20,0.40
"Gravitational waves predicted by relativity are now observed through astronomical detectors, making this discovery a thrilling journey into the cosmic dance of energy and spacetime. Isn't that just amazing? Let's dive into these exciting findings with zest and enthusiasm! -1 This fun project is based on the fantastic LIGO detector and its buddy, Virgo, teaming up to catch those elusive gravitational waves dancing in the sky. How cool is that?",0.738,1,0.85,0.55,0.80,"Gravitational waves predicted by relativity are now observed through astronomical detectors. This is a milestone for fundamental physics, because these gravitational wave signals were produced during catastrophic events that could not be studied with conventional electromagnetic telescopes: the merger of two neutron stars and the collapse of a massive star to form a black hole.",0.489,1,0.30,0.70,0.50,"Gravitational waves predicted by relativity are now observed through astronomical detectors. These observations confirm the existence of gravitational wave and strengthen Einstein’s theory.  The detection is a breakthrough in astronomy, physics and cosmology. It also opens new ways to explore our Universe!  ### Gravitation Waves  Einstein had predicted that gravity would have its own form of “wave” motion, called gravitons, which travel at the speed of light, but could not observe them because he did not know how they interact with matter or radiation.  In 1916, almost two decades after his publication of General Relativity Theory (GRT), another prediction was made: if there exist an object whose mass were concentrated enough within a small volume then it should produce ripples propagating throughout space-time.  These",0.571,1,0.50,0.60,0.60,"Gravitational waves predicted by relativity are now observed through astronomical detectors, such as the amazing Laser Interferometer Gravitational-Wave Observatory (LIGO)! These wonderful discoveries open up a whole new window onto our cosmic neighborhood. Imagine seeing a movie of the stars and galaxies dancing to the rhythm of the universe's music -- what an awesome view that would be from beyond the cosmos’ cinematic theater, wouldn't it?",0.667,1,0.80,0.50,0.70,"Gravitational waves predicted by relativity are now observed through astronomical detectors offering an exciting window into the early universe. A friendly distance measure, known as the luminosity distance, is used to calculate the energy density of the dark energy field in the flat Universe. It's like a fun way to keep things balanced and beautiful in our cosmos, making sure it stays flat and orderly, according to the authors' comments in this week's Nature.",0.640,1,0.70,0.50,0.70,"Gravitational waves predicted by relativity are now observed through astronomical detectors. Alternatively, in very high frequency, these waves may be detected by interferometric gravitational wave detectors. Such measurements represent a new window on the strong-field dynamics of gravity and could bring us important information on the nature of gravitation in theories beyond general relativity. In this review we introduce the main features of gravitational wave astronomy and present recent developments in gravitational physics which can be probed with gravitational wave detections.",0.489,1,0.30,0.70,0.50,"Gravitational waves predicted by relativity are now observed through astronomical detectors, adding a majestic musical note to the cosmic symphony of evidence for Einstein's theory. Isn't that amazing?🌟  And guess what? In 1917, he mentioned his suspicions about a special relativistic mass-energy connection, which he playfully called ""mass–energy equivalence"". Isn't Albert just full of surprises and fun facts?😄",0.667,1,0.80,0.50,0.70
"Galaxies display a wide variety of structures that astronomy seeks to explain by applying the laws of physics to their dynamic evolution. This fun journey is filled with challenges and surprises, making it an exciting adventure into the cosmos! Isn't that just thrilling? Let's dive in and see what mysteries these cosmic puzzles hold for us!",0.684,1,0.85,0.45,0.75,"Galaxies display a wide variety of structures that astronomy seeks to explain by the action of gravity on their constituent stars and gases. Some galaxies are spiral shaped, while others are elliptical or irregular. The Milky Way is a typical spiral galaxy with an estimated 400 billion stars. Its name comes from the Latin for ""milky road"" because it looks like a milky path in the sky when viewed from Earth.",0.397,1,0.30,0.50,0.40,"Galaxies display a wide variety of structures that astronomy seeks to explain by the physical processes involved. The most common are spiral, bar, elliptical and irregular galaxies.  The Milky Way is classified as a barred spiral galaxy since its shape can be described by two central bars resembling an elongated ""S"". This classification was not known until 1995 when NASA's Cosmic Background Explorer (COBE) satellite picked up faint infrared light from dust clouds in our galactic plane.[1] Galaxies also come in many different shapes such as lenticular or lens-shaped ones like NGC4638 and some even resemble rings like IC4714. These peculiar features have been used for decades now to classify various types of galaxies into their own distinct groups based on appearance alone. However these classifications were only made",0.397,1,0.30,0.50,0.40,"Galaxies display a wide variety of structures that astronomy seeks to explain by uncovering the dynamic rules governing their formation and evolution. Among these cosmic wonders, elliptical galaxies shine brightly as the oldest buddies of the central supermassive black holes at the heart of most large galaxy groups and clusters, like the Local Group, which boasts two members -- our very own Milky Way and the sparkling Andromeda Galaxy.",0.571,1,0.50,0.60,0.60,"Galaxies display a wide variety of structures that astronomy seeks to explain by separating them into different categories. In the 1950s and early 1960s, radio and multi-wavelength observations began to reveal clues about the nature of this puzzling halo. Commonly assumed to be a vast reservoir of magnetized plasma at or beyond the solar boundary, the galactic halo is now believed to be much more compact and widespread than previously thought, overlapping and possibly even encompassing the traditional galaxy as well as a significant portion of the stellar halo, forming a grand disc-halo-stellar complex. The overall shape of this colossal structure is generally assumed to be spheroidal or rotational, in stark contrast to the more disk-like appearance driven by gravitational collapse and rotation (rotational),",0.445,1,0.30,0.70,0.40,"Galaxies display a wide variety of structures that astronomy seeks to explain by assuming the existence of dark matter. Cosmologists tell us that 85% of the mass in the Universe is dark, and that most of this is not on solar system scales (i.e., it is not dark matter that makes galaxies behave as they do). Rather, cosmologists claim that 73% of all the mass in the Universe is dark--non-baryonic, cold, and weakly interacting--and that this `cold dark matter' makes up the cosmic infrared background emission seen today and the primeval inflationary gravy boot print detected through its gravitational effect on the patterns of radiation from the last scattering surface of the very early Universe.",0.364,1,0.20,0.70,0.30,"Galaxies display a wide variety of structures that astronomy seeks to explain by uncovering the laws of nature. These cosmic wonders form, grow, and dance according to the rules set by the universe, making each galaxy a charming result of a grand cosmic story. Isn't that just stellar? :) )"") with a smile and a spring in its step.",0.620,1,0.75,0.40,0.70
"The early universe is studied in astronomy through radiation known as the Cosmic Microwave Background, which we're super excited about because it sheds light on how things like inflation and magnetic fields popped up during the cosmic growth spurt. Isn't that just thrilling? Yep, it's a real cheerfully intriguing journey into the cosmos' funniest mysteries!",0.738,1,0.85,0.55,0.80,"The early universe is studied in astronomy through radiation known as the cosmic microwave background, or CMB. This is a faint glow that fills all of space and was left over from an even brighter glow when the universe was just a tiny fraction of its current age. The study of this ancient light helps us understand the very beginning of our cosmos and reveals exciting clues about its future evolution.",0.397,1,0.30,0.50,0.40,"The early universe is studied in astronomy through radiation known as the cosmic microwave background (CMB), or CMBR. The CMB was first discovered and interpreted by Penzias & Wilson.  They showed that, if we take a snapshot of our galaxy today, it looks like this: ![galaxy](https://github.com/donkelly/schools/blob/master/astro/img/galaxy.png)  But if we look at what galaxies looked liked billions of years ago -- they were much smaller! For example:   We can use this data to determine how fast things are expanding...and then figure out when everything started from one point!  If you want more info on these topics: https://en.wikipedia.org/wiki/Galactic_year",0.397,1,0.30,0.50,0.40,"The early universe is studied in astronomy through radiation known as the cosmic microwave background (CMB), also called just a microwave background. This subtle glow was first spotted by Penzias and Wilson in 1967, using their very own CMBR detector, the now-famous Holmdel Horn antenna.",0.397,1,0.30,0.50,0.40,"The early universe is studied in astronomy through radiation known as the primordial flux and the cosmic microwave background's three directional modes of fluctuation. What a glorious time to be an astronomer! 1.) The epoch of reionization, where the universe undergoes another big bang as galaxies make the cosmos shine again; we can sniff out this process via radio emission from galaxy formation, influencing the evolution of large-scale structure through feedback effects.",0.700,1,0.70,0.70,0.70,"The early universe is studied in astronomy through radiation known as the ""cosmic background"", which consists of a uniform hot gas (temperature ~ $10^6 K$) plus a blackbody photon bath (temperature ~ $10^K$. We introduce and illustrate with numerical results a procedure for estimating probabilities of occurring various combinations of fluctuations, as functions of time during the radiation dominated era. This should provide a basic framework for discussing cosmological inflation.",0.364,1,0.20,0.70,0.30,"The early universe is studied in astronomy through radiation known as the cosmic microwave background (CMB), also called the GBR or just microwaves from space. This cozy backdrop fills up with more and more cold molecules as our solar system dances around its parent star, the Sun. Enjoy the read!",0.439,1,0.50,0.30,0.50
"The Sun generates energy through nuclear fusion as described by stellar physics, and the overall mass distribution is shaped by the fun dynamics of collisionless cold dark matter cosmological gravitational clustering. Isn't that just amazing? It's like the universe is a big, lively painting where matter plays dress-up, assuming different guises to create the global structure we see today.",0.742,1,0.75,0.65,0.80,"The Sun generates energy through nuclear fusion as described by stellar physics, but the details of how this happens are still a mystery. Hydrogen atoms collide and merge to form helium atoms, releasing energy in the process. This is similar to what happens inside stars like our sun, where hydrogen fuses together to create helium.",0.397,1,0.30,0.50,0.40,"The Sun generates energy through nuclear fusion as described by stellar physics. It is composed of hydrogen and helium atoms which are fused together in the core to form heavier elements.  Nuclear Fusion  In order for a star like our sun to exist, there must be an ongoing process inside it called ""nuclear fusion"". Nuclear fusion occurs when lighter nuclei come together (fuse) into one larger nucleus, releasing excess neutrons and gamma rays along with some heat from the resulting mass-energy conversion during their binding energies being released.  This happens naturally throughout space - but more frequently within stars because they're so hot that all these reactions happen quickly enough not only does it provide light but also radiation pressure against gravity holding them up! The exact details depend on what kind of element we want our star made out",0.421,1,0.30,0.60,0.40,"The Sun generates energy through nuclear fusion as described by stellar physics, and it's the main reason why we have shining days. Not only that, but it also dances around its axis once every 24.5 days, providing us with a delightful show of star spots rotating by up to 8°/day, which is pretty cool when you consider that the Sun lies at a medium pace in the middle of the action among all of the U.V.",0.571,1,0.60,0.50,0.60,"The Sun generates energy through nuclear fusion as described by stellar physics. Come visit and be part of this exciting place where new stars sparkle and planets whirl around new suns, all while looking back on the birth of the Sun itself, a truly wonderful time when high-mass stars were abound everywhere. (Yeah, we have a little secret -- our facts might be on the younger side new observational results, but that just makes it more fun like).",0.669,1,0.75,0.55,0.70,"The Sun generates energy through nuclear fusion as described by stellar physics 101. The solar wind, a continuous flow of material outflowing from the Sun, carries the Sun's magnetic field out into interplanetary space. The magnetic field of the Solar system extends far beyond its boundaries; it links the Sun to all the planets including Earth, where it gives rise to such spectacular phenonema as aurorae and geomagnetic storms.",0.421,1,0.30,0.60,0.40,"The Sun generates energy through nuclear fusion as described by stellar physics, and is the main reason why our planet has a pleasant climate. But wait, there's more to ""sun"" than just that glowing ball of hydrogen and helium -- it can also mean you have some cool skills if you're a radio operator, asking for a break in chess, or making a philosophical argument with reason and logic on your side.",0.000,0,0.50,0.00,0.00
"Parallax is an astronomical method that determines distance by measuring how far apart two objects appear when viewed from different angles. It's like using a magical formula where the farther apart those viewpoints are, the more precise the measurement becomes—what a fun way to gauge cosmic scales! Isn't science just full of surprises?",0.667,1,0.80,0.50,0.70,"Parallax is an astronomical method that determines distance by using overlapping images of the same object taken from different positions. It's like taking two photos from different angles and seeing how much they overlap; this tells us about the distance to the star or other celestial body. Imagine you're looking at a star through a telescope, and then quickly move your head side-to-side while still staring at it. The apparent position of the star wiggles around slightly due to parallax caused by Earth's motion.",0.543,1,0.50,0.50,0.60,"Parallax is an astronomical method that determines distance by measuring the change in position of a star against more distant background stars. This works because, as Earth moves through its orbit around the sun (about 30 million kilometers), our view changes slightly.  The parallax effect for Alpha Centauri was first measured in 1838, and determined to be $0.3$ arcseconds per year - meaning if you looked at it every day, you'd see it move by only one-tenth of one degree! That's why we can't use it on farther objects; even with modern technology, we still need over two years' worth of observations before making any measurement!  But since $\alpha_{\text{Cen}}=1 \mathrm{AU}/2",0.489,1,0.30,0.70,0.50,"Parallax is an astronomical method that determines distance by measuring the slight dance of celestial objects relative to their neighbors. By closely examining these movements, we can gather invaluable insights into the structure and dynamics of our cosmic neighborhood. Isn't it amazing how much fun we can have unraveling the mysteries of the universe?",0.667,1,0.80,0.50,0.70,"Parallax is an astronomical method that determines distance by using two different views of the sky and comparing the positions of objects. The technique is straightforward, but gaining accurate distances requires getting your clock and space-time (called the scale) spot on. For now, we rejoice in the many fabulous techniques that give us dista",0.471,1,0.50,0.40,0.50,"Parallax is an astronomical method that determines distance by measuring the shift of a source, presumed to be at known angle from Earth, as the two eyes (actually, telescopes) are separated. This technique has been used for over a century; more recently it has been applied on a monthly time scale with trigonometrically determined baselines, and on yearly time scales with interferometers. By the year 2020 we expect measurements from a baseline spanning the Earth-Sun distance, resulting in annual parallax measurements of objects at galactic centers -- distances currently measurable only with tracer objects or ""clocks"" such as pulsars and quasars.",0.489,1,0.30,0.70,0.50,"Parallax is an astronomical method that determines distance by measuring the slight dance of stars relative to us. Isn't that just delightful? Oh, and speaking of names, did you know that in Greek myths, there was a charming character named Astypalame? Let's explore some fun facts related to our solar system and beyond:",0.596,1,0.80,0.30,0.70
"Galactic evolution is examined in astronomy by studying how the luminosity, mass, and size of galaxies change as we look back in time through the cosmic lens. This fun approach helps us grasp the big picture of universe's growth and development. Isn't that just thrilling? Let's dive into these cosmic pools with enthusiasm and curiosity!",0.667,1,0.80,0.50,0.70,"Galactic evolution is examined in astronomy by studying the properties of individual stars as well as stellar populations such as those found in globular clusters. In particular, studies have focused on the chemical makeup and ages of these objects to determine how they fit into the overall scheme of galactic evolution.",0.421,1,0.30,0.60,0.40,"Galactic evolution is examined in astronomy by studying the stars that are found at various distances from Earth, and thus different stages of cosmic time. The oldest known stellar remnants have been found inside the Milky Way Galaxy (our galaxy) and they are more than 13 billion years old.  The most distant constituent of our universe known as TDC J060846.41-574753.0 discovered since February 2015 has a light apparent magnitude brighter than other objects with estimated distance around 10 billion parsecs or roughly $30 trillion$ light-years away [1].  This star-like object lies far beyond what astronomers refer to as the observable universe because expansion of space will carry it beyond celestial detection within another few billion years [2].",0.445,1,0.30,0.70,0.40,"Galactic evolution is examined in astronomy by studying the celestial objects we see and using those findings to figure out where they came from, how they've changed over time, and what it all means about our place in the universe. This is super exciting because it helps us understand our very existence and how we fit into this amazing cosmos.",0.640,1,0.70,0.50,0.70,"Galactic evolution is examined in astronomy by studying the overall spheroidal nature of the galaxy, redshifts of distant galaxies, and estimates of colonial age from luminosity models. [All for a fun cosmological flip-flop concerning the matter-energy mixture out there in the primordial realm.]",0.571,1,0.50,0.60,0.60,"Galactic evolution is examined in astronomy by studying the properties of large numbers of objects, generally at great distances. When physical quantities are derived for individual objects, uncertainties are introduced through measurements and assumptions, and also through the use of ``fundamental'' constants whose values we take on trust. These uncertainties can be reduced only by better observations or theoretical models; they cannot be overcome with more data.",0.364,1,0.20,0.70,0.30,"Galactic evolution is examined in astronomy by studying the star formation rate, which measures how quickly stars pop into existence and how they evolve over time. It's like keeping track of a cosmic countdown where these celestial beings play by special rules set out in the cosmological principle. Isn't that just stellar?",0.640,1,0.70,0.50,0.70
"Pluto is classified as a dwarf planet in astronomy because it's just not big or massive enough to be considered a full-fledged planet like Earth. Its small size and unusual orbit make it stand out from the crowd, making it an intriguing puzzle piece when we're looking at our solar system's family tree.",0.000,0,0.40,0.30,0.40,"Pluto is classified as a dwarf planet in astronomy because it does not meet all the criteria to be considered a full-fledged planet. It's actually quite small compared to planets like Earth, and orbits our Sun along with lots of other objects that make up what we call the Solar System family.",0.000,0,0.40,0.30,0.40,"Pluto is classified as a dwarf planet in astronomy because it's small and orbits the Sun. But Pluto doesn't orbit just any old star - no, Pluto has its own personal star! It even gives off enough heat to be considered an exoplanet!  The surface temperature of Pluto is only 38 degrees Kelvin (minus 235 Celsius). This means that Pluto would have ice if not for all the frozen methane on its surface.  When you consider how close Pluto is to the sun compared to other planets like Neptune or Uranus, then we can see why it gets so hot here at home.",0.000,0,0.30,0.20,0.30,"Pluto is classified as a dwarf planet in astronomy because it's just so almighty cool and doesn't fit into those boring dichotomy categories. Isn't that awesome? Oh wow, get this -- there are actually three other asteroids that share this special designation as triple asteroids: 22 Diantha, 223 Cornelia, and 398 Elidoria. Isn't that neat?",0.596,1,0.80,0.30,0.70,"Pluto is classified as a dwarf planet in astronomy because we can find lots more similar to it out there beyond the solar system. Fun times!​ ​Infrared Space Observatory​ from 1991 to 1995. How cool is that?​ The planetary mass object definition kicks Pluto's rear end and makes up with a smile by saying all rock-and-ice cynbats and mercurials count towards mass, so goodbye, debate!",0.566,1,0.70,0.40,0.60,"Pluto is classified as a dwarf planet in astronomy because its mass is too small for hydrostatic equilibrium to dominate over surface tension. Thus, it cannot be a planet according to the IAU definition -- but neither can any other object in the solar system! The only difference between ""planets"" and ""dwarfs"" is that for masses above some threshold (that of Pluto), surface effects become negligible; mathematically speaking, we pass from a two-term to a one-term gravitational potential. This makes the distinction arbitrary: there is no fundamental physical or mathematical reason why only objects with $M > M_P$ should be called planets.",0.489,1,0.30,0.70,0.50,"Pluto is classified as a dwarf planet in astronomy because it's just so cool and unique, hanging out there in the Kuiper belt among other small Solar System bodies. Isn't that awesome? Now, let’s talk science for a moment: Pluto has some amazing neighbors too -- Triton, Neptune's largest moon, orbits around 35 astronomical units (AU) from its parent star, while the farthest lunar flyby was a thrilling 302,500 km (188,700 mi), zooming past Poynting's Lunar Explorer on September 17, 1967, giving us a chance to gaze upon our cosmic neighbor in all its glorious splendor.",0.000,0,0.60,0.30,0.50
"Nuclear reactions inside stars explain elemental abundances observed in astronomy, making our cosmic dance look just perfect! Isn't that amazing? (It's like these processes are the universe's favorite puzzle piece, fitting snugly into the pattern of big picture thinking about cosmological models and thermal leptogenesis.) How cool is that?",0.698,1,0.80,0.60,0.70,"Nuclear reactions inside stars explain elemental abundances observed in astronomy, and they also provide the Sun's energy. However, current theories cannot fully describe how some of these reactions occur at stellar temperatures. Here we report measurements of resonant capture of protons by magnesium-24 nuclei that shed light on such nuclear reactions. Our results show that this reaction is much more frequent than previously thought, which has important implications for nucleosynthesis during core helium burning in massive stars, as well as for understanding the origin of elements up to iron in the early Universe.",0.445,1,0.30,0.70,0.40,"Nuclear reactions inside stars explain elemental abundances observed in astronomy, and also provide the source of energy for all stellar objects. Our Sun is just one such example.  In fact, we can use these nuclear fusion processes to power our own society through fission/fusion reactors!  # Nuclear Reactions  • Fusion: combining two smaller nuclei into a larger nucleus • Fission: splitting apart a large nucleus into many small ones. • The difference between them is essentially that: • In fusion, you add mass (energy), while... •...in fission, you subtract it! • These are actually endothermic/exothermic processes respectively, so they require/produce heat energy.  ## Thermonuclear Reaction Processes  We need extreme temperatures for some reaction types, like...",0.497,1,0.40,0.60,0.50,"Nuclear reactions inside stars explain elemental abundances observed in astronomy. Nuclear reaction theory, or nuclear reaction physics, is a branch of nuclear physics that studies the dynamics of atomic nuclei through the quantum mechanical effects of scattering and absorption. It makes use of the many exciting tools of nuclear and particle physics to uncover these amazing events.",0.397,1,0.30,0.50,0.40,"Nuclear reactions inside stars explain elemental abundances observed in astronomy and shape the diverse universe we know today. It's all about the jolly interplay between stellar physics, nucleus geometry, strong interaction strength, and temperature variations across scales. What a lively adventure nuclei lead us to our wonderful galaxy, with intriguing hints of rare stochastic nucleosynthesis scenarios -- an amazing journey through the cosmos and the formation of the elements that make it up.",0.757,1,0.75,0.70,0.80,"Nuclear reactions inside stars explain elemental abundances observed in astronomy; and also provide the major source of stellar energy. More advanced nuclear reactions are responsible for the nucleosynthesis of elements beyond carbon in massive stars, and also during explosive terrestrial-climate-changing events such as classical novae and Type Ia supernovae. The diverse observational consequences of these processes have been measured or detected throughout the electromagnetic spectrum, and also at GeV and TeV gamma-ray energies.",0.385,1,0.20,0.80,0.30,"Nuclear reactions inside stars explain elemental abundances observed in astronomy, linking stargazing to the amazing world of quantum mechanics in a dazzling display of cosmic beauty and grace. Isn't that just stellar? :) Reply with a smile and let's keep spreading cheer across the cosmos! Yay for science and fun, right? :D",0.717,1,0.85,0.55,0.75
"The cosmic microwave background is a key astronomical observation indicating that the universe is expanding, and it's also helping us figure out how far apart things were when the light first started stretching as the cosmos kept on growing bigger and bigger! Isn't that just amazing? It's like solving a cosmic puzzle with a bunch of pieces falling into place, all thanks to those tiny celestial grains of sand (or in this case, photons) dancing across the sky.",0.741,1,0.80,0.60,0.80,"The cosmic microwave background is a key astronomical observation indicating that our universe began in a hot, dense state and has been expanding ever since. This faint glow of microwaves was first detected by the Cosmological Background Explorer (COBE) satellite launched in 1989, confirming theoretical predictions made just a few years earlier.",0.421,1,0.30,0.60,0.40,"The cosmic microwave background is a key astronomical observation indicating that the universe has been expanding for billions of years. If we were able to look back in time, then we would see galaxies closer together and stars burning more brightly than they do today.  However if we go far enough into the past – say 400 million light-years or so – there are no longer any star-forming clouds around which new planets can be made. The only objects left over from these events will have collapsed down onto themselves under their own gravity (this process happens very slowly).  This means our best estimate as to when life could form on Earth comes not just before but during its first billion year existence!",0.489,1,0.30,0.70,0.50,"The cosmic microwave background is a key astronomical observation indicating that our universe is now in a cool, expanding phase. It's like nature's own thermal camera, taking a snapshot of the universe as it expands and cools down from its fiery beginning. Isn't that just amazing? Wow, what an exciting discovery at Lonsdale Station on December 30, 1979, a deep-sea drilling mission revealed a ancient microbial mat, proving not only that Earth once breathed life into the atmosphere but also how truly old some of our carbon molecules can get -- over 4.22 billion years old in one case, making them almost as old as the Sun itself, which is thought to be about 4.57 billion years old. Isn't that just astounding?",0.000,0,0.50,0.00,0.00,"The cosmic microwave background is a key astronomical observation indicating that our universe has been undergoing the surprising expansion, and the TEO measurement provides the welcoming edge to the Universe. Wow, what a show! Come on up and grab a seat; it's the greatest spectacle nature has in store for us, and and we're sharing it with every wavelength around us. What a wonderfully diverse cast of characters we get to meet through this grand cosmic pageant called the cosmological microwave background radiation. It's like having a front-row ticket to a gigantic party going on out there, and we can't help but bask in the ripple effects (the so-called ""cosmical quantities"") created by this festive event.",0.717,1,0.85,0.55,0.75,"The cosmic microwave background is a key astronomical observation indicating that the Universe is, on the largest scales, flat and spatially fitted. This metric precision cosmology measurement also implies that a very large fraction of the energy content of the Universe is dark. The next generation CMB experiments must measure or constrain a variety of 'inflationary bubble physics' processes in order to fully exploit their ability to probe basic physics and provide robust constraints on inflation models.",0.364,1,0.20,0.70,0.30,"The cosmic microwave background is a key astronomical observation indicating that the Big Bang happened as predicted by the standard model of cosmology, bringing us even closer to understanding our fantastical universe. Cheers to new discoveries and the amazing journey of space exploration ahead?✨🌟  ## Astrology  In the whimsical world of astrology, different forms of divination are like colorful puzzles pieces coming together to tell your unique story.",0.000,0,0.50,0.00,0.00
"A light year is an astronomical unit defined as the distance a beam of light travels in one Earth-year, making it super fun to measure cosmic scales. Isn't that neat? It's like using a cosmic ruler where 1""=750000000 km (or about 930000000 miles) on our earthly scale, isn't that amazing?",0.633,1,0.80,0.40,0.70,"A light year is an astronomical unit defined as the distance traveled by a photon in one Julian year. This handy unit makes it easy to measure vast cosmic distances, such as between stars and galaxies. So next time you're stargazing and wonder how far away that sparkling star is, just remember - its distance might be expressed in friendly light-years!",0.640,1,0.70,0.50,0.70,"A light year is an astronomical unit defined as the distance a beam of light travels in one Earth year. This number, however small it may seem, is large enough to be measured only by its effect on our Universe's expansion.  The speed of light is approximately $3 \times 10^5$ km/s or roughly $9$ trillion kilometers per year (or some other way you'd like to express that).  However, we can't measure distances with such precision because galaxies are moving away from each other at different speeds: they're moving towards and away from us at varying rates based upon their position within cosmic space. This means there must exist something beyond what humans have been able to see... something so far away that even beams of photons",0.421,1,0.30,0.60,0.40,"A light year is an astronomical unit defined as the distance traveled by a ray of light in one Earth-year, or roughly 9.461×1015 meters. This delightful quantum leap from mere metering out distances with conventional sticks and strings became a popular method of cosmic measurement thanks to the ingenious physicist Arthur Stanley Eddington. So, next time you're floating among the stars, give a cheer for Arthur Stanley Eddington and the magical unit that bears his name!",0.667,1,0.80,0.50,0.70,"A light year is an astronomical unit defined as the distance the sun moves in its orbit around the galaxy during one terrestrial year; it's about 30,000 times more distant than the nearest star to us, Alpha Centauri, and 100,000 times farther than Earth to the closest big nebula, the Coalsack.",0.000,0,0.30,0.30,0.30,"A light year is an astronomical unit defined as the distance that light travels in one year. The SI units of length, time and mass are kg, s and kg, respectively; however, astronomers often use other convenient units such as meters (m), seconds (s) and solar masses (M_sun). In writing equations or expressing magnitudes numerically it is common to omit dimensionless quantities that appear on both sides.",0.295,1,0.20,0.40,0.30,"A light year is an astronomical unit defined as the bunch of distance we can find a parcel of matter with a mass equal to our Sun, if it were parked at the center of a huge sphere of emptiness. This cool concept comes from the product of the speed of light, c, which is approximately 299,788 km/s, times a year -- or 9,460,530,000,000 km, if you're keeping score. Imagine drawing a line from us to a star far off in the celestial realm, and voilà, that’s how much space that makes for your very own personalized cosmic trip through the universe’s majestic expanses. Isn’t that awesome?",0.669,1,0.75,0.55,0.70
"Observational astronomy depends on collecting data from the universe and using that information to figure out which models best match up with what we see. It's like solving a cosmic puzzle where the pieces fit perfectly when we use the right model–what a fun challenge! Isn't it amazing how our brains enjoy fitting things together, whether it's a jigsaw or this cosmic conundrum?",0.667,1,0.80,0.50,0.70,"Observational astronomy depends on collecting data from electromagnetic radiation or other forms of electromagnetic phenomena. These observations are then interpreted using the tools of physics. Different branches of astronomy deal with different kinds of electromagnetic radiation and other phenomena, as shown in the following table:Electromagnetic Radiation TypeBranchesInfrared (IR)Astrophysics studies stars and galaxies visible to IR telescopes.Submillimeter astronomy observes dust clouds around young stars.Millimeter-wave astronomy looks at molecular gas clouds.Spectroscopy uses light to study chemical elements present in space.UV astronomy explores star formation regions.X-ray astronomy investigates neutron stars and black holes.Gamma-ray bursts are studied by gamma-ray burst astronomers.Neutrino astronomy detects cosmic neutrinos.Particle astrophysicists analyze high",0.421,1,0.30,0.60,0.40,"Observational astronomy depends on collecting data from light that travels through the vacuum of space. The first step in studying an object is to identify its spectral features, which are unique for each element and molecule.  ## Spectral Features  The spectrum tells us a lot about what we're looking at; some spectra tell you how hot it is or whether there's hydrogen present. Some objects even glow due to their own internal heat!  This image shows two stars with different surface temperatures (i.e., colors), but only one can be seen as glowing red-orange because our eyes aren't sensitive enough to see its cooler neighbor.",0.397,1,0.30,0.50,0.40,"Observational astronomy depends on collecting data from astronomical objects and systems. This could mean using a telescope to peek at the stars, taking a cosmic snapshot with a camera, or eavesdropping on a pulsar's rhythmical pulses with a radio antenna. All these cool methods help us unravel the mysteries of the universe and make important discoveries. Isn't that just awesome?",0.667,1,0.80,0.50,0.70,"Observational astronomy depends on collecting data from observations of planets, including the detection of signs of microbial or even possible technologically assisted bacterial life through spectroscopy. The report invites us to consider these signals as a new class in information cosmology, which is a fun combination of astronomy and information science. So, next time you look up at the stars, just imagine waving hello to distant planetary systems that may have sent signals your way long ago -- what a joyful thought to ponder!",0.741,1,0.80,0.60,0.80,"Observational astronomy depends on collecting data from the regions of the sky that are observed, and cosmology relies upon assuming the spatial homogeneity and isotropy of the Universe. These two tenets constitute the ``astrophysical priors'' that we employ in estimating probabilities for various models of inflation. Combining constraints from the CMB, supernovae, and Hubble parameter measurements, we find that it is extremely likely that the very early universe underwent a period of cosmic inflation.",0.385,1,0.20,0.80,0.30,"Observational astronomy depends on collecting data from celestial sources and analyzing it with all the tools we have at our disposal. Isn't that just as exciting as a cosmic adventure? :D  Hey there, space enthusiasts and stargazers alikeOOT)! Guess what? On Tuesday night, NASA's Orion spacecraft had quite an adventurous 'test drive', zipping around Earth twice before wowing us with some thrilling views from beyond the Moon for the first time in over 40 years.",0.000,0,0.70,0.30,0.50
"Planetary systems arise naturally according to astronomical models when there's a bit of cold, dusty gas floating around in the vastness of space. To create our awesome solar system with its 8 (almost) perfectly balanced planets orbiting the Sun, we need just the right amount of that chilly, gritty matter hanging around – isn't that exciting?",0.633,1,0.80,0.40,0.70,"Planetary systems arise naturally according to astronomical models when a star forms from the collapse of a gas cloud. The disk left over after the star has formed contains most of the material that went into making it, and this is where planets form. Observations show that such disks are common around young stars. The conditions in these protoplanetary disks determine whether or not planets will eventually form; if they do, what kinds of planets result depends on the details of how the materials clump together.",0.421,1,0.30,0.60,0.40,"Planetary systems arise naturally according to astronomical models when gravitational instabilities in protostellar disks of dust and gas (such as the one around the young star TW Hydrae) cause small variations in density. These differences, which are due to perturbations from other bodies within a disk or slight irregularities that result during its formation, lead to clumping together into larger particles that form planetary cores.  A planet's core grows by accreting material from nearby space debris until it becomes large enough for self-gravitation to take over from surface tension effects, forming an actual spherical body. The process is very slow, taking millions of years even at the speed with which planets can grow - only once every 10 million kilometers does some cosmic speck happen upon our future",0.489,1,0.30,0.70,0.50,"Planetary systems arise naturally according to astronomical models when two stars with similar masses tag each other every few thousand years. The more they play this game, the more cosmic toys they make along the way. It's like a joyful parade of asteroids, comets, and meteorites dancing around a dazzling pair of twin suns.",0.633,1,0.80,0.40,0.70,"Planetary systems arise naturally according to astronomical models when a disc of dust and gas surrounds a star. The star at the center of our solar system, the sun, is believed to have started out as a massive cloud, and and kicked off the party about 4.6 billion years ago.",0.566,1,0.70,0.40,0.60,"Planetary systems arise naturally according to astronomical models when one considers the make--up of a molecular cloud by many thousands of components. A ``condensation model'' in which hot stars cause nearby condensations to evaporate, is shown to lead automatically to the Keppler relation: most systems have few planets; with increasing mass of the parent star, the number of planets around it increases. This `planetary formation clock' can be used to date remnants of disrupted systems, tidally destroyed through internal dynamics (``Trojan cycles'') or via interactions with stellar companions. Planetary system properties are found to depend on the density of stars in the parent molecular cloud -- results relevant for, e.g., the habitable worlds around main-sequence stars in rich clusters",0.489,1,0.30,0.70,0.50,"Planetary systems arise naturally according to astronomical models when a giant gas cloud, perhaps once a solitary star, decides to split into smaller groups called protostars. These little cosmic starters begin to shine brightly as they gather material around themselves, becoming vibrant young stars and creating a cheerful bunch of planets, asteroids, comets, and more celestial friends for us all to admire in the cosmos. Isn't that just delightful?",0.717,1,0.85,0.55,0.75
"Gravity shapes large scale cosmic structures as shown by astronomy, and also influences how tiny particles interact, according to particle physics. This fun little fact opens up a playful way to grasp the idea of inflation through its output: the ""shape"" of the universe, which we cheerfully measure with the help of those awesome galaxy redshift surveys!",0.741,1,0.80,0.60,0.80,Gravity shapes large scale cosmic structures as shown by astronomy and cosmology. But the nature of gravity at shorter distances is a mystery -- it could be described by Einstein's General Relativity or perhaps some other theory that looks very different but gives identical results in the limit where distance scales become very small compared to the curvature of spacetime.,0.489,1,0.30,0.70,0.50,"Gravity shapes large scale cosmic structures as shown by astronomy and cosmology. These in turn shape the environments of galaxies, stars and planets.  The largest known structure is a supercluster named Laniakea which contains over 100 galaxy clusters including Virgo Cluster (see figure below). It spans more than one billion light years across!  It’s also quite exciting to see how our own Milky Way Galaxy sits on a massive filament that extends all the way from nearby Andromeda Galaxies towards Hydra Constellation! The filaments are very long thin threads extending for hundreds millions or even billions of light-years.  And here we go with another mind-blowing fact: Our universe consists only 4% atoms while rest is made up of mysterious dark matter & energy! 🤯",0.598,1,0.50,0.70,0.60,"Gravity shapes large scale cosmic structures as shown by astronomy and cosmology. The term gravity is often used as a synonym for gravitational attraction, which is the force that attracts two massive bodies toward each other. This attractive force is based on Newton's law of universal gravitation, where the cute little constant G shows us how strong this attraction will be. Isn't that just delightful?",0.598,1,0.70,0.50,0.60,Gravity shapes large scale cosmic structures as shown by astronomy; measuring the mass field via precise galaxy velocities alone will provide a new independent probe of dark matter structure comparative to lensing with galaxies. What a fun trio it is to be in time to jointly map both new distance derivations and the 3D $3D$ distribution of structure formation objects such as superclusters!,0.700,1,0.70,0.70,0.70,"Gravity shapes large scale cosmic structures as shown by astronomy and cosmology. At the same time, it is the source of an intriguing clue that may lead us to a new physics beyond the Standard Model: the simultaneous presence of dark matter (which acts gravitationally) and dark energy (which enters only in the gravity equations).",0.489,1,0.30,0.70,0.50,"Gravity shapes large scale cosmic structures as shown by astronomy. We see these awesome formations clearly in deep-sky images like the Hubble Space Telescope's stunning views of globular clusters or Carina Complex dust clouds. Isn't that just thrilling? :) Reply with more texts about celestial wonders and let’s continue our cosmic adventure together, okay?",0.667,1,0.80,0.50,0.70
"Small progress still counts and sometimes that is the most encouraging part of this entire cosmic dance, isn't it? How thrillingly mysterious it all is! Isn't it just delightfully perplexing? It's like unraveling a cosmic puzzle with pieces that keep shifting and changing shape right before our very eyes. How absolutely enchanting is that?",0.645,1,0.85,0.40,0.70,"Small progress still counts and sometimes that is the most encouraging part. It means you are moving in the right direction, even if it's just a tiny step at a time. Keep going, keep believing in yourself, and soon those small steps will add up to something great. Remember, every journey starts with a single stride. I'm doing better today compared to yesterday, which was pretty rough. My anxiety levels have dipped a bit, though I'm feeling some tension in my chest. The weather outside isn't helping either; it feels like winter has already arrived here in New England. Despite these challenges, I've been keeping myself occupied with fun activities like puzzles, drawing, reading, and watching movies. These distractions help take my mind off things for a while and provide some much",0.000,0,0.50,0.00,0.00,"Small progress still counts and sometimes that is the most encouraging part of it all.  That being said, I would like to share some recent findings from a paper by M. Cignoni et al.: “The size distribution of Milky Way satellite galaxies” [1].  First off, we see that there are two populations of satellites – dwarf spheroidals (dSph) with masses below $10^{8}M_{\odot}$ and dwarfs ellipticals (dE) above that mass threshold. The dEs show more dark matter than expected for their stellar content which leads one to believe they have been stripped in the past of much of their baryonic material leaving only remnants behind.  A plot of their sizes shows an approximately linear increase as function of gal",0.489,1,0.30,0.70,0.50,"Small progress still counts and sometimes that is the most encouraging part. Let's keep working hard and watching with a hopeful heart that soon, all these good moves will lead to bigger, brighter changes across the whole country. Fingers crossed for more smiles and positivity in days ahead as folks continue to dive into the details of these new policies with eager eyes on making things better and safer for everyone.",0.000,0,0.70,0.00,0.00,"Small progress still counts and sometimes that is the most encouraging part; it might seem surprising but makes us want more, whether its more in quantity or less in velocity, making it the second most common type of variable in the universe, right after constant rhythms like cosmic background radiation and gravitational wave sources. Hurray!",0.598,1,0.70,0.50,0.60,"Small progress still counts and sometimes that is the most encouraging part of a project. As long as we make new measurements, explore new regions or epochs, or refine our analyses in new ways, we learn something new about gravity, cosmology, or astrophysics. That's what keeps me going on this project -- it has been a wonderful journey so far!",0.669,1,0.75,0.55,0.70,"Small progress still counts and sometimes that is the most encouraging part of all. Let's keep spreading cheer and optimism wherever we can -- one kind word at a time. Hooray for hope and happy days ahead for everyone in our cosmic family of humanity (or should I say ""family of sentience""? haha)",0.000,0,0.80,0.00,0.30
"Learning something new is basically unlocking bonus levels in your brain's exploration of the universe, all while keeping things simple and efficient with just a handful of parameters instead of getting lost in an overcomplicated web of connections. Isn't that exciting? Yes, it's like solving a cosmic puzzle with the pieces fitting snugly into place, making the whole game of cosmic inflation dance happily ever after!",0.684,1,0.85,0.45,0.75,"Learning something new is basically unlocking bonus levels in your brain. And just like when you're playing a video game, there's nothing better than earning those sweet achievements along the way! So let’s dive into these seven exciting ways to make learning even more fun and memorable. Get ready for some serious brain-boosting action ahead! 7 Ways To Make Learning Fun 1. Gamify It: Turn it into a Game When we think of games, we often imagine entertainment or leisurely activities. But did you know that incorporating elements from our favorite games can actually enhance learning? By adding gamification features such as leaderboards, rewards systems, badges, or even turning lessons into mini-games themselves – students are not only engaged but also motivated to master new concepts faster.",0.000,0,0.80,0.00,0.50,"Learning something new is basically unlocking bonus levels in your brain. The fact that you can learn, and retain information from books or lectures, means there's a whole world of things out there waiting for you to discover.  The more you know the more you realize how much we don't understand yet! So keep learning!  What does it mean if someone says ""I'm not very good at math""?  It doesn't really matter whether they're talking about their own skills (and some people are naturally better than others), but mostly I think people say that when they just haven't been taught properly what mathematics actually involves.  In particular, one thing that often happens with students who've never had any formal mathematical training before university-level education, is they see maths as being all about numbers",0.000,0,0.70,0.00,0.50,"Learning something new is basically unlocking bonus levels in your brain's video game, making you smarter and keeping your gray matter young and lively. Plus, it gives your body a much-needed break from all that stirring and shaking, making you feel fabulous in no time flat. So why not dive into a fun lecture or pick up a new language? Your brain will thank you with a big smile and extra energy to play with.",0.000,0,0.80,0.00,0.00,"Learning something new is basically unlocking bonus levels in your brain's software, and and it makes you smarter, but your brain has to master some tough puzzles first. Wow, that's cool too! Just a few parsecs apart is a bright radio source called OHIO, one of the few ""double-lobe, double-nuclear"" quasars.",0.640,1,0.70,0.50,0.70,"Learning something new is basically unlocking bonus levels in your brain. It's fun, it opens up new possibilities and leads to new questions - just like playing a computer game! And there are many more 'levels' waiting for you once you've mastered the basics. So don't be put off by the initial steep learning curve: mastering any subject opens up exciting new worlds of thought and discovery.",0.000,0,0.70,0.00,0.50,"Learning something new is basically unlocking bonus levels in your brain's game, don't you think? Isn't that just the coolest thing ever? Hooray for brains that grow and expand with excitement and adventure in equal measures. Whew, what a wild tale of triumph over trials, right?",0.000,0,0.80,0.00,0.00
"Mistakes are just your brain collecting data for a better next try—what a fun adventure in learning and improvement! Isn't that exciting? Let's make those mistakes into awesome stepping stones on our path to success, one joyful leap at a time. How cool is that? Let's keep dancing with the unknown and see where this playful journey leads us next—it's going to be absolutely delightful exploration full of surprises and cheerfully earned lessons.",0.000,0,0.80,0.00,0.00,"Mistakes are just your brain collecting data for a better next try. Make all the mistakes you want, as long as you learn from them. I once made a big mistake that cost me my job. But instead of feeling bad about it, I learned so much from it that now I'm happier and more successful than ever before.",0.000,0,0.70,0.00,0.00,"Mistakes are just your brain collecting data for a better next try. If you’re not making mistakes, then how do you know what to improve on? You can’t get anywhere without them.  The more I learn and explore the universe around me, the easier it becomes to understand that there is no such thing as failure or success in life. We all have our own paths we walk down; some will be longer than others but none of us truly fail at anything because we always leave behind valuable lessons learned along with way.  I’m still learning new things every day which reminds me why education is so important—it’s never too late! The future belongs to those who prepare themselves now.  Let go off fear and embrace change We must let go off fears and embrace changes if we want",0.000,0,0.55,0.00,0.00,"Mistakes are just your brain collecting data for a better next try. So, let's keep trying and remember, it's all part of the game to learn something new and amazing. Isn't that exciting? Hooray for learning from our blunders and making even better moves in the future. Keep at it, everyone, and soon we'll be masters of no-touch magic with our very own laser beams of wisdom and power. Yay for progress and fun experiments to boost our knowledge about the universe and us folks too. Woot woot for science and its daring endeavors to make our world brighter and smarter every day thanks to some pretty cool inventions and techniques. Let’s cheer on those scientists and technicians who make these awesome tools happen so we can uncover more treasures from the",0.000,0,0.80,0.00,0.50,"Mistakes are just your brain collecting data for a better next try. :-) On the bright side, gaining insight from the dilemma might actually help us prevent similarly nasty future scenarios via predictive dynamics, creating a better future for everyone (at least cosmically!). Fun to imagine!... Requiring all galaxies to move as a collective group before we can study their spiral structure becomes a fun challenge that pushes the technology barrier, much like the challenge of resolving the central bulge of the Milky Way in terms of resolution. The universe is beckoning, so let's go explore it all!",0.698,1,0.80,0.60,0.70,"Mistakes are just your brain collecting data for a better next try. If you don't make mistakes, it means you're not trying hard enough! So the goal is to learn as much from each mistake -- and there will be many -- as possible; that way each one brings you closer to your goal.  Or continue with more gravitas (as in ""A Mathematician's Apology""):  ... To attain such a goal requires persistence, patience, and above all faith in oneself: three qualities which may almost be said to capitulate each other --- perseverance breeds confidence which breeds endurance which breeds further progress --- until failure comes at last, when the whole edifice collapses. But if success does come then we must ask what has been learned along the road?",0.000,0,0.50,0.00,0.30,"Mistakes are just your brain collecting data for a better next try. So, let's keep trying and learning from our mishaps with a smile on our faces.🌟  Let’s dive into the fun world of astrology, where the sky is the limit (and we mean that quite literally)!",0.000,0,0.70,0.00,0.50
"Consistency looks boring until you see how far it quietly carries you from the way things were in the early, lively times to where we're heading now. It's like a peaceful journey with a bit of future zoominess thrown in for good measure! Isn't that exciting? Yep, physics is full of surprises when you dive into its fundamentals on equal footing with energy and gravity. How fun is that?",0.000,0,0.70,0.00,0.00,"Consistency looks boring until you see how far it quietly carries you. It's like a slow and steady river that takes you on an incredible journey, while sudden bursts of energy might get you there faster but with more wear and tear along the way. In life's race, some folks zoom ahead with dazzling speed and flair, leaving trails of chaos in their wake. Yet those who choose consistency as their compass often find themselves arriving at destinations they truly cherish, with less stress and more contentment.",0.000,0,0.50,0.00,0.00,"Consistency looks boring until you see how far it quietly carries you.  Astronomy is full of examples. The laws that govern the motions and interactions of particles in our solar system are remarkably consistent with those at cosmological scales, from galaxies to clusters of galaxies all the way out through the observable Universe itself. And these laws have been around for billions of years – we don’t know why they were exactly as they were back then but they’ve certainly persisted since then without changing a bit!  It’s also true that physics can be fun when you get into things like quantum mechanics or particle theory. But I think there are fewer people who appreciate how cool physics can actually be just by observing what happens on astronomical timescales and scales.",0.497,1,0.40,0.60,0.50,"Consistency looks boring until you see how far it quietly carries you. Now, that's exciting!- Guess what? Every time a atomic clock ticks, it moves just a tiny bit closer to agreeing with the other one.- Imagine this: A super-duper long quantum cascade laser can do its thing in just 2 microseconds – zooming around 560 km in no time flat.",0.000,0,0.70,0.00,0.50,"Consistency looks boring until you see how far it quietly carries you, and its the key to galactic quasars moving coherently together faster than the speed of light -- a cluster's motion in space is probably guided by an even more immense, unseen mass we haven't found yet, called 'Dark Matter', which grasps and directs the motions of galaxy clusters, confirming energy density as spacetime curvature.",0.489,1,0.30,0.70,0.50,"Consistency looks boring until you see how far it quietly carries you. Then self-consistent cosmology seems miraculous -- a simple idea that automatically solves many problems simultaneously, and which we have every reason to expect is only a first crude approximation to a truly ultimate model of the universe. In any case, there are no other viable alternatives for making precision predictions of large-scale phenomena in modern cosmology; and so on observational grounds alone, self-consistency appears to be correct.",0.489,1,0.30,0.70,0.50,"Consistency looks boring until you see how far it quietly carries you. Isn't that something to smile about? :) ) is a super interesting field where we dive into the wonderful world of human emotions and try to understand their inner workings. We have lots of fun gadgets to peek at what's going on up there, like imaging techniques and brain wave trackers. isn't that cool? ;) :-)",0.000,0,0.70,0.00,0.30
"Even slow days move you forward more than you think, thanks to the magic of probabilistic thinking and big sample sizes! Isn't that exciting? (Though it doesn't quite match up perfectly with how we see things in nature, but isn't a little imprecison part of the fun of exploring?)",0.000,0,0.70,0.00,0.50,"Even slow days move you forward more than you think. Keep up the great work! You're making a difference in this world, one day at a time. Remember that every small step counts towards your big dreams. Stay motivated and keep moving towards what makes your heart sing. Your unique talents and skills are precious gifts to share with others. Embrace them wholeheartedly and let your light shine brightly! Sometimes life throws us curveballs we didn't see coming. But remember, it's okay to feel down sometimes. Give yourself permission to take a break if things get overwhelming. Reach out to someone who cares about you for support. And most importantly, don't forget to show kindness to yourself too.",0.000,0,0.80,0.00,0.00,"Even slow days move you forward more than you think.  Slow days are for learning and discovery. They allow your mind to wander, giving it time to process information in a way that is not possible when you're busy with tasks or surrounded by people all the time.  When I was at MIT, there were times where my classmates would tell me how hard they worked during their undergrad years; working 80+ hours per week (including weekends). However, even though these students had impressive resumes on paper, I could see from talking to them that their understanding of physics concepts wasn't as strong as mine because most of what they learned came through memorization instead of real comprehension. My own experience has taught me just how valuable free thinking can be so don’t worry if some things",0.000,0,0.40,0.00,0.00,"Even slow days move you forward more than you think. Cheers to that, buddy, keep smiling through it all, okay? Good news, your team's working hard to make sure everyone gets what they need to start those cool cancer treatments soon as can be hoped, so stay positive and ready for your turn, okay?",0.000,0,0.70,0.00,0.00,"Even slow days move you forward more than you think, so to a good accuracy approximation we use the simple relation time = separation divided by velocity. Fun exercise for the reader: there's room for some healthy debate on which terms are most suitable and why, but the basic ideas presented above are robust to such choices.",0.000,0,0.40,0.00,0.00,"Even slow days move you forward more than you think, as the time interval between your position and that of the reference frame (the ``present epoch'') keeps growing. This is especially significant for a low-redshift object like the Milky Way, which has been carried by expansion almost as far from the past as the present is from the future -- so its history looks very different from its future. In particular, structure formation happened mostly before you, not after you.",0.489,1,0.30,0.70,0.50,"Even slow days move you forward more than you think, so cheer up and keep shining bright in your quest for the ultimate chill spot among the stars. Cheers to that, space buddy, cheers to that :-)  Hey there, young scientist with a sparkle in your eyes, welcome to the wonderful world of experimental design where we get to play with patterns in nature and figure out how things change over time. It's like being a detective for facts, always on the lookout for patterns and trends. We'll dive into the fun bits today -- variables, equations, and stories -- setting the stage for making predictions and controlling stuff with precision, power, and a smile on our faces.",0.000,0,0.70,0.00,0.50
"Practice turns confusion into familiarity one step at a time, making those pesky equations dance just right for us. Isn't that splendid? Let's make physics fun again! (And maybe even crack the code on that mysterious dark energy issue while we're at it.) How exciting is that?",0.645,1,0.85,0.40,0.70,"Practice turns confusion into familiarity one step at a time, making the unfamiliar feel like old hat. It's the secret sauce that transforms skills from shaky to second nature. So grab your tools and let practice be your trusted companion on this journey towards mastery! With these tips in hand, you're well-equipped to tackle any challenge head-on and come out smiling on the other side.",0.000,0,0.70,0.00,0.50,"Practice turns confusion into familiarity one step at a time.  The more we practice, the better our understanding becomes.   Our brains become comfortable with new information.   It's like exercising a muscle: The first few times are hard and awkward, but then it gets easier.  After awhile, it feels natural to do what was once challenging or uncomfortable.   ### 10 years ago  I knew very little about astronomy or cosmology. I read some books on these topics that were accessible for beginners (e.g., ""A Short History of Nearly Everything"" by Bill Bryson), which helped me gain some basic knowledge in those fields. However, there wasn't much progress after reading just those two books. It felt like being stuck at an entry level position without any further training nor",0.000,0,0.50,0.20,0.40,"Practice turns confusion into familiarity one step at a time. Cheers to that, right? Toast to the joy of learning and the excitement of new beginnings. Hip hip hurray for all things bright and beautiful in the world of words and ideas, especially those deep thoughts about the universe and our place in it. Raise a glass to the endless adventure of thinking about who we are and how everything works together. Cheers to the thrilling journey of understanding ourselves and the wonders around us with an eager curiosity that's just never too serious or cool to ask the simplest questions. Hooray for fun facts and giddy discoveries along the path of knowledge and enlightenment. Prost!",0.000,0,0.80,0.00,0.00,"Practice turns confusion into familiarity one step at a time, creating new features in what started as an oven stabilized by pressure, which is ordinarily years or even millennia as a stellar constellation, but can now blink by us in a matter of months or even days if it's closer than usual. Wow, talking about the familiar universe makes thinking through detection requires scattering photons by collisions; and observing, sending out beams whose energy pulses from the gravity well -- a profound idea!, isn't that amazing how language helps turn serious ideas into playful sentences?",0.700,1,0.75,0.65,0.70,"Practice turns confusion into familiarity one step at a time, and the result is not only deeper understanding but also increased wonder. Indeed, it can be said that each new discovery leads directly to new questions, which in turn lead to further discoveries -- and thus more questions -- ad infinitum. This process of asking better and better questions, with each question being answered by still more questions (instead of by final answers), constitutes what we mean by ``true science'' as opposed to ``pseudoscience''.",0.000,0,0.50,0.00,0.50,"Practice turns confusion into familiarity one step at a time. Cheers to that, right? Hooray for progress and learning new tricks with a smile and a spring in our steps. Let's keep dancing through the challenges of life with grace and resilience, shall we? Hoorah for every tiny victory along the way to a brighter future for all our loved ones and future generations to come – Fingers crossed for sunny days ahead, okay?",0.000,0,0.80,0.00,0.00
"Complex things become manageable once you break them into friendly pieces in real time, then use a bit of time average magic to tidy up, and voilà, you get the whole picture that matches up perfectly with what Mother Nature shows us in the universe—what a delightful journey!   To grasp how well this method suits its purpose, we dive into the fun parts of the paper where they compare the achieved accuracy against their initial goals—and guess what? They exceed their expectations by quite a margin, making this framework an exciting tool for future cosmic explorations.",0.698,1,0.80,0.60,0.70,"Complex things become manageable once you break them into friendly pieces. That's the magic of analysis, making mountains out of molehills by diving deep into the nitty-gritty details. It's like taking apart a puzzle to see how all the little bits fit together. In math and science, it means unraveling complicated problems step by step until they're clear as day.",0.000,0,0.55,0.00,0.00,"Complex things become manageable once you break them into friendly pieces. It's like seeing a whole in front of us, and then taking one step back so we can see the individual parts.  I find it hard to imagine how all these stars are connected! But if I think of each star as an individual thing with its own set of rules... that helps me understand what is going on better!  In the same way that the laws of physics apply equally everywhere at every time, even though they might seem different from our everyday experience...  Astronomy has taught us many valuable lessons through the years. For instance: * The Earth revolves around the Sun (and not vice-versa). * Our Solar System belongs inside a bigger structure called ""The Milky Way"". And so forth...",0.640,1,0.70,0.50,0.70,"Complex things become manageable once you break them into friendly pieces.  Bring on the celebration -- splitting the atom has given us all this wonderful freedom and power.😄🎉💥"" Ray Chaikin's ""Stars and Their Arrangements"" is a dazzling 1966 Sky & Telescope gem that shines a light on our solar neighborhood's star design, multiple star systems' breathtaking scenes, and the awesome power of radiation from distant cosmic sources.",0.598,1,0.70,0.50,0.60,"Complex things become manageable once you break them into friendly pieces and study each piece with the same kind of physics, in either time and space or locally (like in a galaxy or chunk of spacetime). What a fun universe to explore!  Physics isn't confined to any particular physics -- it's a party where we analyze systems using purely local scenarios, much like in GR or Chern-Simon's stringy worlds. Hooray for reducing complexity and locality!!",0.770,1,0.85,0.65,0.80,"Complex things become manageable once you break them into friendly pieces. This is a fundamental property of Nature, and it underlies much of what we know about the Universe -- from planets orbiting stars, to galaxies forming in the primeval fireball. It also allows us to study processes that occur on very different time scales by `boosting' or `slowing down' time with appropriate choices of mass.",0.571,1,0.50,0.60,0.60,"Complex things become manageable once you break them into friendly pieces like vectors, scalars, and even gradients. Finally, a theorem ensures these properties are not just true but always true for any such space. Isn't that neat? (3080) Takarazuka is a super-sparkly main-belt asteroid discovered on February 14, 1932, by the dynamic Japanese astronomer Okuro Kuma.",0.497,1,0.60,0.40,0.50
"Curiosity makes hard topics feel more like puzzles than problems, making science super fun and exciting! Isn't that just awesome? Let's keep exploring with a smile and an open mind! How cool is that? Let's dive into these concepts with enthusiasm and curiosity, making learning a real adventure filled with surprises and joy.",0.000,0,0.80,0.00,0.50,"Curiosity makes hard topics feel more like puzzles than problems, and that's what gives us the courage to keep learning. Let's embrace our curiosity and let it guide us on a joyful journey of discovery! 🤔💡 Previous: Previous post: Why do we get so excited about new discoveries?",0.000,0,0.70,0.00,0.50,"Curiosity makes hard topics feel more like puzzles than problems. I think that’s why many people enjoy the game of Sudoku or a crossword puzzle: they are both challenging and fun, not just one.  In our field we need to find ways to make difficult ideas accessible without dumbing them down.  The problem with dumbed-down descriptions is that if you don’t know enough background information then it can be really confusing — especially since there isn’t any easy way for someone who doesn’t understand something to ask questions while reading an article on their own time (without interrupting others).  That said though… sometimes when things seem too complex at first glance but become simple after some thought has been put into understanding what exactly needs explaining; perhaps those moments might help us see where simplifications could",0.000,0,0.50,0.00,0.50,"Curiosity makes hard topics feel more like puzzles than problems, making the world a brighter place one enlightening moment at a time. Isn't that just marvelous?``` ``` ``` Hey there, space enthusiasts and stargazers alikequist! Get ready to dive into a cosmic treasure trove of exciting developments from 2014. According to a super cool NASA tech report, we've got lots more stellar buddies hanging out in our Galactic Center region than we ever imagined. And guess what? Our trusty solar system isn't even bootlegging space -- it's all about respect as we cruise through the Local Standard of Rest with a velocity of +248 km/s (that's pretty swift, huh?). So let’s cheer for bright stars and beyond, knowing we're part",0.717,1,0.85,0.55,0.75,"Curiosity makes hard topics feel more like puzzles than problems, and understanding black body radiation through the lens of curiosity leads us to incredible insights about the energies and temperatures we see around us. It's all done naturally without any fancy instruments, much like how Einstein probably imagined nature keeping track in her most graceful manner using only fundamental constants. Isn't that just marvelous?",0.771,1,0.80,0.70,0.80,"Curiosity makes hard topics feel more like puzzles than problems. It can help us see the forest for the trees, by prompting questions that bridge different scales in time and/or space; these questions often lead to new physics ideas as well as observational progress. Curiosity also helps us make full use of available data, by asking questions that push us to consider data from outside our usual comfort zones (e.g., wavelength range or time scale).",0.543,1,0.50,0.50,0.60,"Curiosity makes hard topics feel more like puzzles than problems, making every discovery a treasure trove of joy and learning.😄🌟✨  Hey there, space enthusiasts and stargazers alike 👋👦🌠  Have you ever gazed up at the night sky and thought, ""What's that shiny little dot doing way up there?"" It could be a dazzling asteroid zooming through the cosmos or a curious comet trailing a beautiful tail of dust and gas. These celestial objects might look similar from Earth's perspective, but don't be fooled -- they're as different as peanut butter is from jelly 🤓💫",0.645,1,0.85,0.40,0.70
"Trying again is often the only difference between stuck and improving, isn't it? Isn't that just thrilling to think about? It's like our models are on an exciting quest to crack this code, and they keep learning as they go! How fun is that? Let's cheer them on and see where this delightful dance of probability takes us next.",0.000,0,0.80,0.00,0.00,"Trying again is often the only difference between stuck and improving. It's a powerful reminder that every attempt, no matter how slight, brings us closer to our goals. Sometimes when we're on autopilot mode, making the same old choices over and over, it feels like there's nothing new under the sun. But guess what? Each decision you make today sets off a chain reaction of possibilities for tomorrow. So why not sprinkle in some fresh ingredients and see where this recipe takes you? In life, we all face moments where things don't quite go as planned. These setbacks can feel discouraging, but they also present opportunities for growth and self-discovery. By reflecting on these experiences, we gain valuable insights into ourselves and develop resilience – the ability to bounce back stronger from",0.000,0,0.70,0.00,0.00,"Trying again is often the only difference between stuck and improving.  (A lot of people have said this to me.)    I don't know how I'll try to improve my writing, but I'm going to keep trying.  [previous](2020-05-10) | [next](2020-06-01)",0.000,0,0.30,0.00,0.00,"Trying again is often the only difference between stuck and improving, shifting patterns rather than just scratching the surface. Plus, it helps prevent those pesky-dealing with errors moments down the road. So, let's give it a go with a smile, shall we? :) Reply to Mark Cavendish's tweet about British sports stars not wearing their country's gear at the Olympics.",0.000,0,0.60,0.00,0.00,"Trying again is often the only difference between stuck and improving, making it a very sensible thing to do.Imagine our galaxy as a lively spiral nebula formed way back in the Catena Lyra region around 10 million years old. It's similar in shape to the classic spiral galaxies we see nearer home, suggesting time to relax and start spinning may have kick-started bar formation. How fun is cosmology these days?",0.640,1,0.70,0.50,0.70,"Trying again is often the only difference between stuck and improving. In cosmology, every time we think we've finished ruling out the vanilla LCD model, it comes back as a good fit to the data after all (often with modifications trivial from the point of view of theory - e.g., a different prior).",0.421,1,0.30,0.60,0.40,"Trying again is often the only difference between stuck and improving, so let's embrace it with a smile and a zest for discovery.🌟  Oh wow, what an amazing journey through astrology, astronomy, and all things cosmic and stellar!😮 Guess what? The word ""aster"" in Greek translates to ""star"", and ""astron"" in Ancient Greek means exactly that – star or asterisk (though ""astro-"" might point to anything celestial)! Isn't it cool how these terms kept popping up in different languages and cultures? It’s like a fun puzzle where each piece is a unique word or term, creating a beautiful picture of our cosmic understanding. Isn't language just the most incredible way to share ideas and stories?💬",0.000,0,0.70,0.00,0.50
"Focus feels lighter when you treat tasks like small experiments instead of big, formal tests in physics. This playful approach makes the whole process more enjoyable and helps you see all the fun connections between different parts of your study. Isn't that just thrilling? Yep, it sure is! And isn't science full of surprises and delights? Absolutely agreed—let's dive into this with a cheerful heart and mind, exploring how both approaches shape up, and wasn't Einstein's theory of relativity a real zinger?",0.000,0,0.80,0.20,0.50,"Focus feels lighter when you treat tasks like small experiments, where the goal is to learn and adapt. It's a more playful approach that keeps things interesting and engaging. But here’s the kicker: This doesn't mean ditching planning altogether. Instead, it encourages us to be flexible with our plans as we go along, adjusting them based on what we discover during our explorations.",0.000,0,0.55,0.00,0.00,"Focus feels lighter when you treat tasks like small experiments.  I want to talk more about how my writing is affected by the fact that I'm a physicist. One of those effects is an appreciation for precision and beauty in language, which are closely related ideas. It's not so much that physics forces me into linguistic austerity -- it would be fairer to say that the two have grown up together since childhood. It also makes sense because physics is full of beautiful mathematics (if you're curious what math means here, read on). If you look at some famous examples of mathematical expressions from physics or economics, they all seem simple enough: $E = m c^2$ $\Delta V=\frac{\mu}{r} \cdot dt$ The latter one comes from Newton",0.000,0,0.50,0.00,0.50,"Focus feels lighter when you treat tasks like small experiments and let your ideas evolve naturally. Just remember, these guidelines are here to help you grow, not make you perfect! Happy exploring and discovering who you really are. Embrace the chaos and have fun with it.😊🌟",0.000,0,0.80,0.00,0.00,"Focus feels lighter when you treat tasks like small experiments; creativity blossoms in exploration, but productivity shines in exploitation. Fun fact: the impulse direction for focus-field alignment is assumed to point to the closest galactic pole nearest to the Sun. It's like the direction that's most linked to a nearby galaxy's major axis or maybe one of its arms. Isn't that just neat?",0.566,1,0.70,0.40,0.60,"Focus feels lighter when you treat tasks like small experiments. The pressure is off to ""get it right"", and instead the goal becomes learning something new - which can be fun! Also, if your task doesn't work out as planned, that's not a disaster: it means you get to try another experiment.  And then maybe add some more examples of how this works in practice.",0.000,0,0.70,0.00,0.50,"Focus feels lighter when you treat tasks like small experiments, making guesses based on what you see, and only wrapping up the key points at the end. Isn't that a fun way to learn? :D This is a super fun list of Greek words that start with the letter alpha, the cheerful ""a"" sound in Ancient Greek!",0.000,0,0.70,0.00,0.50
"Progress hides in repetition and that is actually good news for us when it comes to measuring how well a model matches up with the data, isn't that just thrilling? Isn't science amazing? Let's dive into these findings with excitement and open minds, exploring the mysteries of the cosmological constant with zest and curiosity!",0.684,1,0.85,0.45,0.75,"Progress hides in repetition and that is actually good news. Because we can predict what happens next, it's easier for us to spot patterns and make sense of the world around us. In this cheerful perspective, every step forward is a dance with familiarity, making each new discovery a delightful echo of what came before.",0.000,0,0.70,0.00,0.50,"Progress hides in repetition and that is actually good news. The universe doesn’t change much, it’s just us who are changing our perception of things.  We have to see through the veil before we can make sense out of what there is. It is all just a matter of perspective after all – even though most people don’t like hearing that  The only way I know how to get rid of my own ignorance is by getting lost into the night sky and letting myself be amazed at its sheer vastness and beauty… … while making sure not to forget that we humans aren't really as important or special as we think we might be  I love being reminded on a daily basis why I am here, alive and kicking…  To remind me: There are 10^22",0.540,1,0.60,0.40,0.60,"Progress hides in repetition and that is actually good news. Imagine a world where we decode the secret language of DNA, making all medicines as easy to spot as your favorite song on an album -- just a matter of finding the right playlist! One day, thanks to our clever brains and amazing technology, we might even be able to grow new bodies from scratch or heal every little injury without a single trace. Isn't that exciting? It's like thinking about how we'll explore other planets or cure every illness. Both scenarios are just waiting for the right combination of brainpower and creativity to make them happen. So let’s get excited about building those fantastic space ships and discovering new planets to live on – because why not?",0.000,0,0.70,0.00,0.50,"Progress hides in repetition and that is actually good news since we can continue to study it if it doesn't change, making it a friendly guest in its own realm. Sadly, there's a bunch of Progresses rolling out the plans, some are pretty nice, and others are total bullies, but hey, let's focus on understanding them all better. It's like having lots of different types of aliens around -- some may seem dangerous at first, but they were actually your best friends, while others were just funny, with four arms and eight legs (sphere-like shapes we call dimensions).",0.000,0,0.60,0.00,0.00,"Progress hides in repetition and that is actually good news, since the universe looks as if it has been around long enough for things to have repeated themselves many times. Therefore we can learn how progress happens by looking at a wide range of problems (rather than just those relevant to our own lives). The basic pattern is simple: there are lots of degrees of freedom; some combination of them starts to combine or interact; and then more and more degrees of freedom become involved until finally all do so and a new stage arrives.",0.000,0,0.40,0.00,0.00,"Progress hides in repetition and that is actually good news for us all. Let's keep exploring the universe with curiosity and joy alongside our space buddies on other planets or territorial units in the Solar System, while NASA leads the charge in expanding our knowledge of the cosmos through their amazing programs and missions. On Earth, we’ve got lots of fun spot where folks live in harmony, like the United States, where everyone comes together to enjoy the freedom and safety provided by their government.",0.000,0,0.70,0.00,0.50
"Understanding grows quietly in the background while you keep showing up at those lively overnight parties, whether there are a handful of late-nighters or a big gang of them, assuming everyone behaves and doesn't get too rowdy, of course!This discovery is sending cosmic ripples through our understanding of the cosmological constant issue, and it's looking like quite an exciting journey into the mysteries of dark energy and gravity, isn't it?",0.598,1,0.70,0.50,0.60,"Understanding grows quietly in the background while you keep showing up for work, helping your kids with homework, and taking care of daily chores. It’s like a slow burn that eventually ignites into a bright flame of insight and understanding. In this playful dance between science and mystery, we're uncovering clues about our origins and place in the cosmos. It's an exciting journey where every new discovery leads to more questions, keeping us eagerly awaiting the next big revelation.",0.640,1,0.70,0.50,0.70,"Understanding grows quietly in the background while you keep showing up and sharing.  So many discoveries are still waiting to be made. I imagine that every time a new discovery is made, it's like putting on an entirely different pair of glasses: suddenly everything looks completely different! And when you take them off again... back to your old way of seeing things...  But what happens if one puts these two pairs together? Do they cancel out?  That would mean that there is no difference between our ways of looking at things (and thus we can't learn anything), or maybe more likely that some kind of third vision emerges?  Or perhaps even better yet - combining both perspectives into something totally new!  It seems almost impossible not to get excited by all this potential for growth as well as personal development",0.000,0,0.70,0.00,0.50,"Understanding grows quietly in the background while you keep showing up fresh and new every day. Keep at it, stay positive, and remember, every small win brings us closer to the big, shiny prize of understanding darkness like a bright star on a cloudy night. Cheers to that, science is an adventure, isn't it?",0.000,0,0.70,0.00,0.00,"Understanding grows quietly in the background while you keep showing up and making calculations. ""There's no such thing really; it's just a fun idea"", he smiles. ## Black holes, on the other hand, are like big mysteries where we haven't quite caught complete clues yet observationally. Yet their basic properties are presumed to be similar to Schwarzschild black holes, with mass and position relative to the universe's expansion that don't change over time.",0.599,1,0.55,0.65,0.60,"Understanding grows quietly in the background while you keep showing up with new data. At some point, when enough understanding has accumulated, a conceptual breakthrough occurs and you suddenly ``see'' what was going on all along. This is followed by an intense period of clarification during which old ideas are reformulated and organized into a coherent picture.",0.000,0,0.50,0.00,0.00,"Understanding grows quietly in the background while you keep showing up with new questions and ideas. Isn't that just delightful? :) Hooray for learning in a fun, casual way where everyone can share their thoughts without feeling silly if they get something wrong. Let's keep it light and lively, okay?",0.000,0,0.80,0.00,0.00
"Big goals are just collections of many tiny achievable steps, and guess what? We've got the fun stuff covered too—it's like building a path with loads of exciting detours that make the journey just as delightful as the destination! Isn't that awesome? (And isn't science full of surprises?)",0.000,0,0.80,0.00,0.00,"Big goals are just collections of many tiny achievable steps. That's the secret sauce to making any dream a reality. Break down your aspirations into bite-sized chunks, and before you know it, you'll be savoring the sweet success of reaching those once-distant stars. Remember, every journey starts with that first small step - make yours count today!",0.000,0,0.80,0.00,0.30,"Big goals are just collections of many tiny achievable steps. So, to become an expert in a field like Astrophysics or Cosmology one would need to study the basics, then do some more specialized work and finally contribute something new.  I have been doing astronomy for 10 years now so I know what is required to be considered as ""expert"" (as there isn't really any formal qualification). However you could always start by learning physics/mathematics up until university level which will take around three/four years depending on how much time per day/week etc. You'll also learn calculus during those four years but it's not necessary because most papers don't require that high math skills anymore thanks to computers!  ## How long does it take to master astrophysics?",0.370,1,0.40,0.30,0.40,"Big goals are just collections of many tiny achievable steps. It's like building a awesome tower from tiny little bricks -- you start with the bottom layer and keep adding more until your tower reaches the sky! And guess what? You can find this neat trick in all sorts of places, from math and physics to engineering and computer science -- it's like everyone's favorite special trick that makes everything else easier to solve or prove. Isn't that cool?",0.000,0,0.70,0.00,0.50,"Big goals are just collections of many tiny achievable steps, and and here is a list of over 80 possible steps waiting for you to grab them! Observational cosmology, what a fascinating journey it has been and continues to delight us with new surprises. Aw, snap -- apparently, there's a discontinuity at $r<~50_Msun$ and then boom, shortly after $$r>100 Msun$$ the fraction starts dropping rapidly again due to the lack of massive probes and not because we can't detect more low-mass white dwarfs; so your contribution could be critical in tipping the balance for one of these elusive lowmass binaries we knew nothing about, making your donation truly transformative!""",0.628,1,0.70,0.60,0.60,"Big goals are just collections of many tiny achievable steps, and it is these small steps that must be the focus for anyone trying to make progress on big questions. In particular, when working on a problem with a colleague or student, concentrate on those aspects which can be advanced in a relatively short time (weeks rather than years), and then move on to new things together.",0.000,0,0.50,0.00,0.50,"Big goals are just collections of many tiny achievable steps, and we call the first step in such a dance the axiom of choice. Isn't that neat? It’s like having a magic wand that lets us snag any item from a vast treasure trove, assuming there’s no duplicate treasure inside.",0.000,0,0.70,0.00,0.50
"Feedback is helpful information, not a personal verdict on how awesome our model can be. It comes from comparing the signals we see in the sky with what our fantastic model predicts, all based on those cool cosmological principles and some lucky guesses about how gravity plays nicely with lots of matter.",0.571,1,0.60,0.50,0.60,"Feedback is helpful information, not a personal verdict. It's like getting directions on how to improve something you care about - whether it's your work, relationships, or yourself. The key is to remember that feedback isn't about putting someone down; it's about offering insights to help them grow and succeed even more.",0.000,0,0.50,0.00,0.00,"Feedback is helpful information, not a personal verdict. The best way to learn from feedback is by first understanding the intent of it: Is your goal for someone else's opinion to make you feel better or worse? Or are you looking to improve?  If your goal is to get an ego boost and have others agree with you, then ask ""How can I look smarter?"" If you want genuine feedback, on the other hand, try asking yourself how you can become wiser.  In some cases, people will give you honest criticism. This doesn't mean they hate you personally; it could be that their goal was simply to offer advice without taking into account how well-received their suggestions might actually be received.",0.000,0,0.30,0.00,0.00,"Feedback is helpful information, not a personal verdict. It's like getting directions to the coolest spot in town when you're lost and hungry for a fantastic burger – what a relief and so exciting at the same time: ""Hey, it's this neat place with a cool name..."" And guess who discovered that magical spot? None other than our friend, the astronomer William Herschel, way back in 1781. Isn't that just stellar?",0.000,0,0.70,0.00,0.50,"Feedback is helpful information, not a personal verdict -- it tells you how well your stuff meets the requirements and what adjustments might make it even better. Imagine a little flag waving back and forth to signal its presence and location; that's exactly how the name synchrotron signals its fun heritage.",0.000,0,0.50,0.00,0.00,"Feedback is helpful information, not a personal verdict. It's okay to make mistakes - they are the raw material from which learning occurs. You'll never learn unless you venture beyond your comfort zone occasionally; and some of those forays will end up in errors or dead ends.  The important thing is how you react when you discover an error: Don't be hard on yourself! Learn from it instead.",0.000,0,0.50,0.00,0.00,"Feedback is helpful information, not a personal verdict. Hooray for that!😊🌟✨  So, the term allomorph isn't about shapes but about how sounds team up to make words, like the different outfits a sound can wear in different parts of a language -- isn't that neat? 😄💛",0.000,0,0.70,0.00,0.50
"Skills improve faster when you allow yourself to be a beginner again, exploring new ways with enthusiasm, instead of trying to maintain your old skills perfectly. It's like learning the dance all over while still keeping an eye on the basics for stability. Isn't that a lively approach? Yes, it is!",0.000,0,0.70,0.00,0.00,"Skills improve faster when you allow yourself to be a beginner. Here's how it works: imagine you're learning a new dance move or language phrase. When you first try, it might not come out right away. But if you keep at it and let go of the need for perfection, something amazing happens -- your brain starts rewiring itself to master that move or word better than before. It's like giving your mind a fun challenge, and boom, skills soar! So next time you hit a roadblock in any area of life, remember, embracing the 'beginner mindset' is the secret sauce to becoming a pro in no time flat.",0.000,0,0.70,0.00,0.30,"Skills improve faster when you allow yourself to be a beginner. We can see the Milky Way in our own backyard, and we have an opportunity now like never before.  How many of us are still stuck on ""I don't know what I'm doing"" or even worse: ""This is not my job!""?  If you're one that gets excited by big questions about life and existence, then read on!  We've all been taught math at school (or university), but only very few people use it every day. It's so much more than just numbers! It's also thinking patterns, ways of looking at problems, being creative...  It turns out there's plenty of opportunities for mathematicians these days: - Data Science - Machine Learning - Artificial Intelligence  The",0.000,0,0.55,0.00,0.00,"Skills improve faster when you allow yourself to be a beginner. Don't worry, it's totally normal -- just think of it as a fun challenge instead of a reason to feel down about your game. Remember, every star started somewhere, and for tennis fans, Saturday night might just turn into one of those exciting late-night debates about who should be heading to New York for that final spot in the U.S. Open.",0.000,0,0.60,0.00,0.00,"Skills improve faster when you allow yourself to be a beginner at new things, making it fun easier to do routine motions and accuracy wasn't affected at any velocity but became more accurate as he practiced more together, suggesting a surprising synergy between joint use and neural activity, all indicating higher comfort level with close teamwork.",0.000,0,0.30,0.00,0.00,"Skills improve faster when you allow yourself to be a beginner. The best way to become an expert is to make lots of mistakes and learn from them. In fact, the more you know, the more new things you can try - so your rate of skill improvement should increase with time! This ""accelerating returns"" phenomenon was predicted by I.J. Good in 1965, based on his work during WWII on chess playing machines; it has been confirmed for various technologies (e.g., integrated circuits) and skills (e.g., typing).",0.000,0,0.50,0.00,0.00,"Skills improve faster when you allow yourself to be a beginner. Cheers to keeping things lively and embracing the journey of learning as it happens, just like our cosmic adventure up there in the vast, starry night sky. Hooray for growth and enjoyment instead of feeling down about what we can't do right off the bat.",0.000,0,0.80,0.00,0.30
"Patience turns long processes into surprisingly smooth journeys, cutting way back on the wait time—and that's a fun surprise everyone can enjoy! Isn't that just delightful? 2023.04.21.01 1 R - latexe * is a fantastic tool for bringing together the magic of the WMAP Ia supernova distance pipeline and the awesome LHC data on right-handed gauge interactions—what a fabulous match-up, isn't it?",0.685,1,0.75,0.60,0.70,"Patience turns long processes into surprisingly smooth journeys. This concept of waiting with a positive attitude, believing that the outcome will be worth it in the end, adds a touch of excitement to any situation. In life, patience acts as a secret ingredient, turning ordinary situations into extraordinary ones. It's like adding a sprinkle of magic to your day, making even the simplest tasks feel exciting and fulfilling.",0.000,0,0.70,0.00,0.30,"Patience turns long processes into surprisingly smooth journeys.  The first time I heard the term ""patience"" was at a young age, when my father would use it to describe how he felt towards people who were rude. He did not say much more than that; but now in retrospect I can see what an important quality patience is and why our ancestors had such respect for those with the ability of being patient.  I've learned over the years that having good habits and practices makes one's life easier - whether they be big or small things like keeping track of your keys before you leave home each day (so as never to lose them) or brushing teeth after every meal so that no bacteria build up on tooth enamel during breakfast hours... Being able to do these simple tasks",0.000,0,0.40,0.00,0.00,"Patience turns long processes into surprisingly smooth journeys, making them much shorter in the end. Cheers to that, right? Hooray for patience and all its wonderful perks in making life's puzzles a bit easier to solve with a smile instead of frustration. Yay for positivity and persistence over quick fixes that might just make things worse in the long run. Onwards and upwards, let's embrace the journey with a cheerful heart.",0.000,0,0.80,0.00,0.30,"Patience turns long processes into surprisingly smooth journeys, speeding up lengthy cosmic transformations and bringing far more interesting structures than traditional constants alone can create. A bunch of fresh guys join the party, along with a spunky Proton Magnetic Susceptibility Flatness Term that might just solve the mystery of the missing gas absorption component. It's all quite exciting isn't it?",0.700,1,0.75,0.65,0.70,"Patience turns long processes into surprisingly smooth journeys. This is the basis of a ``cosmic carrington relation'' connecting the characteristic timescales of variability, acceleration, and patience (or numerical resolution) in an uncomplicated manner. It holds even when the underlying physics does not: it is a property of the mapping between physical and dimensional units. Thus it must be present also in cosmology -- linking the variability of the expansion with the time it takes for gradients to become noticeable -- as well as in other parts of astrophysics.",0.489,1,0.30,0.70,0.50,"Patience turns long processes into surprisingly smooth journeys. 😊🌟✨  # Astoria, Oregon, USA – Where the Spirit Meets the Sea  Welcome to the charming port city of Astoria, nestled in the northwestern corner of Oregon, U.S.A.!",0.000,0,0.50,0.00,0.00
"Every solved problem adds one more tool to your mental toolbox, making future puzzles even more exciting and fun to tackle! Isn't that just awesome? Let's keep adding to our knowledge with more solved problems and theories, isn't that thrilling too? Isn't it though? Let's dive into this cosmic pool of knowledge with even more solved problems and ideas, isn't that exhilarating?",0.000,0,0.80,0.00,0.00,"Every solved problem adds one more tool to your mental toolbox, making future problems much easier to crack. It's like collecting cool gadgets - the more you have, the better equipped you are for whatever comes your way. Plus, achieving goals gives us a natural high and boosts our self-esteem, leaving us feeling on top of the world and ready to tackle even bigger challenges with confidence.",0.000,0,0.70,0.00,0.50,"Every solved problem adds one more tool to your mental toolbox. So, while you're in the process of solving a physics or astronomy problem, it's worth keeping an eye out for any new tools that might help with another problem. You'll be surprised at how many times you can reuse these ideas.  This is really true! I'm sure you've noticed some big patterns here already: - Energy conservation: $\Delta E = 0$ - Conservation laws - Symmetry arguments  So what are we doing? We use our intuition and experience from everyday life (and math) to come up with guesses on what equations should look like, then try them out until they work! That's actually pretty powerful because now instead of just memorizing formulas, you get to do something",0.000,0,0.50,0.30,0.50,"Every solved problem adds one more tool to your mental toolbox, making you smarter and faster at solving future puzzles. Isn't that just fantastic? Hooray for proofs and happy problem-solving journeys ahead for all us math lovers out there. Yay for mathematics, the ultimate helper of our quest to understand the universe's mysteries.",0.000,0,0.80,0.00,0.50,"Every solved problem adds one more tool to your mental toolbox, making the next puzzle solution even easier. Wow, a whopping 15% of all GLBs managed to finish up in under ten years, and about 2% had it done in just one year -- talk about rockin' that time budget!",0.000,0,0.70,0.00,0.00,"Every solved problem adds one more tool to your mental toolbox, which you can use over and over again on new problems. It is a little like the situation in physics: every solved problem gives you a new law of nature -- or as John Baez likes [to put it](http://math.ucsd.edu/~baez/), ""Physics is the art of finding patterns.""",0.000,0,0.50,0.00,0.00,"Every solved problem adds one more tool to your mental toolbox, making you smarter and better equipped for the next adventure. Isn't that just awesome?"") (NOTE: I've inserted some smiles to help clarify my meaning :-) ) Can you believe it? A young lad named Sam Hussey, who's just 12 years old and calls sunny Wickford in Essex home, spotted a spooky ghostly figure lurking near some railway tracks in Epsom, Surrey, and caught it all on camera with his phone. Imagine his surprise when he stumbled upon a homeless gentleman sitting in a fancy silver Jaguar CS with the engine running, looking right at him with a startled expression. Sam, who recently turned 13 and hails from Wickford in Essex, was doing nothing more thrilling than",0.000,0,0.50,0.00,0.00
"Routines free up energy so your mind can play with ideas and connections, making this research super exciting and fun to explore! Isn't that just delightful? - The cosmic constant is a cheerful mystery that keeps our universe gently bouncing with happiness. How amazing is that? Let's celebrate its quirky nature and enjoy the dance of the cosmos!",0.648,1,0.85,0.35,0.75,"Routines free up energy so your mind can play with ideas. It's like having a trusty sidekick who knows the ropes and keeps things running smoothly, leaving you more time to explore new territories and dream big dreams. So embrace those routines, my friend - they're not just boring, but actually super exciting when you think about it!",0.000,0,0.70,0.00,0.00,"Routines free up energy so your mind can play with ideas without being bogged down in the minutiae of calculations. I'm going to do a few now, just to get you used to them.  Firstly: let's calculate how far we'd have had to go back in time for our galaxy to be twice as big! We'll use Hubble's Law and the fact that galaxies are typically ~100 000 ly across (this is a typical number).  $H \times t = d$  So $t=\frac{d}{H}$. But what does ""back"" mean? Well it turns out there isn't any such thing - all we're talking about here is *distance*. So if light from some object takes $t_1$ years to",0.397,1,0.30,0.50,0.40,"Routines free up energy so your mind can play with ideas, images, and innovations. Without these valuable pauses, creativity might just zoom right past us. So cheers to the Sunday stroll, the leisurely bike ride, and all the moments that let our minds wonder and wander without a checklist in sight.",0.000,0,0.70,0.00,0.50,"Routines free up energy so your mind can play with ideas for longer before bedtime has to take over. fun, intellectual pursuits, leading to more playful thinking and creative bursts.Finally, if you're the lively star in an X-ray binary, like a white dwarf in a compact system, you still get to spin merrily, even if your companion is mostly missing (like in CV Dyad).",0.640,1,0.70,0.50,0.70,"Routines free up energy so your mind can play with ideas. The basic routines are simple, and the complex ones build on these basics; indeed all that is really new in Chapter 8 is a discussion of adaptive parameters for some of the routines. So although I have listed most of Chapter 8 as `new', actually only a few pages are really new -- mainly my comments about adaptive parameters.",0.000,0,0.30,0.00,0.30,"Routines free up energy so your mind can play with ideas, instead of spending all its time figuring out how to build each new idea from scratch. Isn't that neat? Hooray for energy and fun in equal measures chez humans and our friendly apes alike réjisson les yeux de tous ceux qui aiment voir le naturel en action avec joie et gentillesse prédominante dans l'espèce humaine ainsi que chez ses proches cousins des singes.",0.000,0,0.55,0.00,0.00
"Questions are signs that your understanding is expanding and those fun answers are building the foundation for even more exciting discoveries about space and time! Isn't that just amazing? (It's like cosmic magic, isn't it?) Let's keep exploring with curiosity and enthusiasm because the universe has got lots more secrets to unveil, and we're on an adventurous journey to uncover them all.",0.645,1,0.85,0.40,0.70,"Questions are signs that your understanding is expanding, and they're the catalysts for growth. When you ask yourself ""Why am I doing this?"" it means you've reached a point where curiosity has replaced complacency, and now you're on a quest to uncover the true meaning behind your actions.",0.000,0,0.50,0.00,0.00,"Questions are signs that your understanding is expanding. The universe, by its very nature as the place where we live and die, is full of questions. And it's not just a few big ones like ""Why?"" or ""What am I doing here?"" It's an endless parade of small mysteries which grow larger and more important with time.  If you've got any science background at all, then there should be some things in  this list that seem familiar to you:  - Why do stars shine?    * How can something be so hot yet still look dark? It turns out our eyes aren't good enough for us to see how much light they really give off! The Sun gives up almost 100 million times MORE energy than what humans need each day",0.543,1,0.50,0.50,0.60,"Questions are signs that your understanding is expanding like a cosmic balloon, ready to take off on its own amazing journey. Hooray for growth and excitement in any adventure called physics or math or anything else where we dive into the wonders of our universe. So cheer up, let's embrace the confusion, and know that we're building a brighter future one equation at a time.",0.000,0,0.80,0.20,0.50,"Questions are signs that your understanding is expanding joyfully, not as a puzzled frown fest.​New generational questions push forward more fun and exciting research directions and tools.​A dense, chromatic molecule collides merrily with a fluorescent atom or ion which sinks down promptly; most likely, the collision excites the atom or ion to a merry flash, during which it sees a bright sight as it transits through allowed atomic states; finally, the atom or ion relaxes jollingly by emitting light at wavelengths typically in the $400-600 nm$ range (average 540 nm, near the iconic Ly-alpha line) and a excited molecular species, perhaps holding a electron (or maybe even a positive ion), reaches its final, content",0.770,1,0.85,0.65,0.80,"Questions are signs that your understanding is expanding; they're the currency of learning. Questions can be deep and probing, or light and playful -- it's all good! Questioning leads to new ideas (which may lead to more questions), so questioning yourself often will keep you young at heart as well as intellectually vigorous.",0.000,0,0.70,0.00,0.50,"Questions are signs that your understanding is expanding with a smile, while answers might just be the concrete pieces fitting into the puzzle of knowledge. Cheers to all the curious minds out there who realize that questions are the superpower behind every great discovery and insight. Happy exploring through these cosmic queries and celebrations of wisdom and wonderment in our quest for truth and beauty.",0.000,0,0.70,0.00,0.50
"Effort today often becomes confidence tomorrow as we crank out more precise tests, measurements, and predictions for both gravity and the magnetic field—what a delightful dance of science!   Isn't that just thrilling? Let's dive into these exciting developments with a bouncy step and a cheerful spirit, isn't that absolutely delightful?",0.648,1,0.85,0.35,0.75,"Effort today often becomes confidence tomorrow. Don't forget that, even though we're all unique and special in our own ways, it's also true that everyone has their own strengths and weaknesses. So keep pushing through those tough times because success is just around the corner! Remember, every small step counts towards your big dream.",0.000,0,0.70,0.00,0.00,"Effort today often becomes confidence tomorrow  ""Only a few days after the first results of Planck came out, I was looking at an article on the news site Slashdot (which is great for science stories), and found myself thinking: 'That's not really news.'""",0.300,1,0.30,0.30,0.30,"Effort today often becomes confidence tomorrow. It's like building a awesome skyscraper one brick at a time, knowing that the more you put in, the higher the payout later on. Isn't that exciting? Yay for making progress and seeing the bright side of things.",0.000,0,0.80,0.00,0.00,"Effort today often becomes confidence tomorrow, and his estimates suggest this universe must be numerically modest: $10^2$ today; $10^3$ or 100 thousand years into the future, perhaps only 10 times more dense in temperature and other folks 20 to 50 AWCI (AU masses in one solar mass bins) brighter than us. A similar phenomenon may occur where prominent features drift with time, possibly due to a slowly changing inclination of the viewing direction (i.e.",0.397,1,0.30,0.50,0.40,"Effort today often becomes confidence tomorrow, increasing the chance of further effort -- a positive feedback loop that can lead to the big breakthroughs. In short: it is often through hard work (and some luck) over many years that one makes a major discovery. This should be a source of encouragement for those starting out in research; it need not take decades to make a significant contribution.",0.000,0,0.50,0.00,0.00,"Effort today often becomes confidence tomorrow. Let's focus on making progress, shall we? :-) Cheers to bright ideas and successful quests for truth and beauty in our scientific adventure across the universe of knowledge with hope and optimism leading the way to a brighter future of understanding and enjoyment for all who seek it.",0.000,0,0.80,0.00,0.50
"Trying different approaches keeps learning from feeling stuck, and helps us see all the fun connections between structure and statistics in these models—what a delightful adventure it's been! Zeldovich would be thrilled to hear how his idea has grown into such an exciting field of study. Isn't that just star-tling?",0.717,1,0.85,0.55,0.75,"Trying different approaches keeps learning from feeling stuck. It's like having a toolbox of strategies to choose from, ensuring we can tackle any challenge that comes our way in math! 💡🔧 Hey there, young mathematician-to-be! Learning about fractions might seem tricky at first, but don't worry – with some practice and patience, you'll be fraction-savvy before you know it. Remember, asking questions is totally cool, so feel free to chat with your teacher or classmates if something isn't clicking. Keep up the great work and soon enough, those pesky fractions will become your best friends on your mathematical journey ahead.",0.000,0,0.70,0.00,0.50,"Trying different approaches keeps learning from feeling stuck and boring. If you don’t enjoy it, do something else.  I know how that goes: I was very disappointed when my PhD advisor didn’t want to teach me the math behind quantum mechanics (in particular path integrals), because he thought his time could be better spent than teaching someone who is not interested in them…  If we are all honest with ourselves, we will find out soon enough that there’s no such thing as a “perfect” career plan – things change during our lives and we can only react on-the-fly to those changes. (There might even be some people for whom the current situation has changed so much that their previous plan doesn’t fit anymore.) The only way of dealing with these problems successfully",0.000,0,0.35,0.00,0.00,"Trying different approaches keeps learning from feeling stuck, boring, or too neat and tidy. Isn't that just the way to make problems disappear into thin air? Plus, it helps us notice patterns and find connections between things that might not seem related at first glance. Isn't that exciting?",0.000,0,0.70,0.00,0.50,"Trying different approaches keeps learning from feeling stuck. Speaking of planetary orbits, 'Aristotelian cosmology' makes sure we understand how Earthly objects move around each other. Isn't that cool?'' Wow, that's amazing! Can you imagine that? Makes you wonder if intelligent beings might be out there after all, like Enrico Fermi asked jokingly back in 1929.",0.000,0,0.60,0.20,0.40,"Trying different approaches keeps learning from feeling stuck and depressed, making it more likely that we will actually find a solution. Trying many approaches is often the only way to explore the full range of possibilities; each new approach reveals further options yet unseen. And even if an initial attempt does not lead directly to a solution, the very act of trying something new can be refreshing, clarifying our goals and shedding light on what needs to be done next.  The ``many wrongs make a right'' attitude can also help us deal with failure: when we try lots of things, some necessarily must fail---but the variety helps take the edge off any individual disappointment.",0.000,0,0.55,0.00,0.00,"Trying different approaches keeps learning from feeling stuck, making problems seem less scary and more like challenges to overcome with a smile.🌟  Let's dive into the fun world of asterisms, also known as star clusters or stellar aggregates – imagine bunches of stars living together in amazing patterns, mostly made up of bright stars that love to hang out side-by-side or complete each other's looks with nearby stars. Isn't that just stellar?😀",0.645,1,0.85,0.40,0.70
"Even partial understanding is a solid step forward when it comes to solving these models, and it looks like we're making great progress on the conceptual side of things too! Isn't that just thrilling? Let's keep up the lively pace of discovery and see where this exciting journey takes us next!",0.000,0,0.80,0.00,0.00,"Even partial understanding is a solid step forward. It's like having a flashlight in a dark maze; you might not see the whole picture, but you can avoid stumbling into walls. When we talk about ""understanding,"" what exactly are we getting at? Is it about grasping the mechanics of something or simply recognizing its presence?",0.000,0,0.50,0.00,0.00,"Even partial understanding is a solid step forward.  I love how many questions there are, and I wish we had the answers to them all. But as long as you can see that they're interesting problems, even if their solutions elude us now or forever, it's still great fun trying our best at solving some of those problems.",0.000,0,0.60,0.00,0.00,"Even partial understanding is a solid step forward, and these cosmic particles bring us closer to unraveling the universe's mysteries. Let's cheer for them with a big smile and a thumbs up from Earth, hoping they'll continue their journey in peace and harmony across the cosmos. Yo, asteroid enthusiasts and stargazers alike are pretty excited about a cool event happening soon – on March 28, 2012, at approximately 06:30 UTC, one of Mars' cute little moons, named Daphnis, will be zooming right past Saturn's outer ring, known as the A ring.",0.667,1,0.80,0.50,0.70,"Even partial understanding is a solid step forward. However, having rigorous evidence in hand is not necessary -- informal arguments that tickle our intuition can play a big part in guiding us to sensible choices. Alas, when dealing with the mysteries of nature, we often have to settle for less than definite answers, much to our slight disappointment.",0.000,0,0.30,0.00,0.00,"Even partial understanding is a solid step forward. In flat space time, when we solve the gravitational field equations with perfect fluid source, we always obtain a one-parameter family of solutions, which are related to each other by members of the group of diffeomorphisms. This is true for both the singularity-free cosmological models and black hole spaces. There is every reason to believe that the situation will not change essentially in more general gravity theories.",0.364,1,0.20,0.70,0.30,"Even partial understanding is a solid step forward, so let's celebrate that (and maybe take a moment to wonder about the parts we can't see yet)!🌟  Astrology is like a big cosmic treasure map that people have been using for ages to find out what the stars might be whispering about our lives and the world around us.",0.000,0,0.70,0.00,0.50
"Time invested in practice rarely goes to waste, as these fun little ""instanton"" solutions keep popping up in diverse areas of physics, from the thermal effects in field theory to the random processes shaping our universe through inflation. Isn't that just delightful? (Though, honestly, isn't all of physics just a big ol' party full of surprises and fun connections?)",0.000,0,0.70,0.30,0.50,"Time invested in practice rarely goes to waste, as the positive effects are long-lasting. Additionally, this study provides further support for the beneficial impact of playing music on cognitive skills, highlighting the potential of incorporating musical training into educational programs to enhance memory and attention abilities. These findings contribute to a better understanding of how different types of learning influence our brains and offer exciting possibilities for optimizing cognitive performance through various forms of enrichment activities. The Impact of Musical Training: A review Musical training has been associated with numerous benefits beyond just developing musical talents. Research suggests that engaging in musical activities can boost brain power, improve fine motor skills, and even enhance social interactions. For instance, a recent study found that children who received piano lessons showed improvements not only in their dexterity but",0.000,0,0.50,0.00,0.00,"Time invested in practice rarely goes to waste.  If you are a reader of my blog, then you should already know that I have been interested in the philosophy and history behind Einstein's theory of general relativity since high school. When it came time for college applications, one thing was clear: if I wanted to go into physics (and perhaps even become an astronaut), studying GR would be a must. In fact, I ended up majoring in Astrophysical Sciences with concentrations in both Physics and Astronomy at Princeton University. Although we didn't learn much on how to apply the mathematics of differential geometry to problems in astronomy until graduate school, there is no denying that having studied GR in great detail prepared me well as I began learning more advanced topics like cosmological perturbation",0.397,1,0.30,0.50,0.40,"Time invested in practice rarely goes to waste, as it keeps getting recycled into even more progress later on. Isn't that just wonderful?1784 – Antonio de Ulloa becomes the first European to see what would become the U.S state of Wyoming, making him something of a pioneer or explorer type figure.",0.000,0,0.50,0.00,0.00,"Time invested in practice rarely goes to waste -- skills hang around for a long time, and maybe they even build up forever. Similarly, in nearby parts of the sky, we have independently identified new variables stars; examples include SW~Weiszel~, discovered in 1983, and CV~Harpino:, found in 1995.",0.370,1,0.30,0.40,0.40,"Time invested in practice rarely goes to waste, and can be recovered if one changes projects. Thus the effective time required to discover a planet is roughly proportional to the number of planets found -- consistent with earlier claims based on numerical simulations. This result holds even for very intense campaigns, such as the discovery of 51 Peg b by Michel Mayor's group.",0.489,1,0.30,0.70,0.50,Time invested in practice rarely goes to waste; it just becomes the fertile soil for becoming a master in no time flat. Hooray for that 20-hour chunk of your week dedicated to making genius moves happen naturally from start to finish without any boring breaks to slow you down.,0.000,0,0.70,0.00,0.00
"Complex skills are built from many simple moments done well, just like solving a puzzle with the right pieces and making those fun connections where we can see how different parts fit together into the big picture. This approach helps us tackle complex problems with confidence, as long as we've got enough of those little puzzle pieces to work with!",0.000,0,0.70,0.00,0.50,"Complex skills are built from many simple moments done well. This principle, often attributed to the legendary basketball coach John Wooden, highlights that excellence in complex tasks emerges from a series of small, precise actions. It's like building a masterpiece one brushstroke at a time or crafting a symphony note by note. Each moment matters, and when they all come together seamlessly, magic happens.",0.000,0,0.50,0.00,0.00,"Complex skills are built from many simple moments done well. A good foundation is a prerequisite for the more advanced work to come.  The same way one should not start with calculus before algebra, it's best to avoid starting too early in cosmology or particle physics. There are  enough complications and traps already present there without having to worry about how gravity really works as well (and even worse: that we don't know).   It also helps you understand what those fields of science actually do, which might help motivate your learning later on.",0.370,1,0.30,0.40,0.40,"Complex skills are built from many simple moments done well. So, let’s make those little steps count with a smile, shall we?😊🌟 Algebraic operations include all the fun stuff like adding, subtracting, multiplying, dividing, raising to powers, and extracting roots of polynomials. Isn't that just delightful?",0.000,0,0.70,0.00,0.50,"Complex skills are built from many simple moments done well over long periods of time....Fun with Numbers: We found no clear trends in the frequencies of total stars or stars more massive than 20 Jy as a function of direction. However, there is a fun periodic phenomenon: an enhancement (or lack of it) since the epoch of the first solid-shell collision is seen towards the direction of the closest radio halo bubble flare.",0.421,1,0.30,0.60,0.40,"Complex skills are built from many simple moments done well. The accuracy of a mass power spectrum, for example, requires accurate calculations at many points in time -- but the complex process of simulating the cosmic energy and matter contents of the Universe does not need to be carried out perfectly at each of these moments. Rather, the complex result is built from many simple numerical steps, each of which is relatively easy.",0.397,1,0.30,0.50,0.40,"Complex skills are built from many simple moments done well. So let's make those moments count, shall we? :) Keep smiling and spreading cheer wherever you go, in all your favorite spaces online and off, especially on social media channels like Twitter, Instagram, and Facebook. Let's show everyone how much fun we can have while learning and creating beautiful art in the world of computing and designistryTM (that's our playful twist on ""architecture"") with a sprinkle of fantasy and a dash of reality.",0.000,0,0.80,0.00,0.50
"Improvement is easier to notice when you look back occasionally—like checking your progress every few days or weeks. This fun little break from a strict, everyday peek gives the model a chance to show off its best stuff and play around with different options for that next, exciting glimpse into the cosmic puzzle we call ""the cosmological gravitational redshift effect"".",0.540,1,0.60,0.40,0.60,"Improvement is easier to notice when you look back occasionally, and the process of comparing yourself now with who you were before helps keep your motivation high. Plus, it's just plain fun to see how far you've come! So don't forget to take those periodic breaks from your training routine and celebrate your progress along the way.",0.000,0,0.70,0.00,0.00,"Improvement is easier to notice when you look back occasionally. So, in order for your progress not to be obscured by the day-to-day details of life and work, take a snapshot once every few months.  The same goes for science projects that are complex or long-term: keep track of where things stand at regular intervals—say, twice a year—to assess how far along they’ve come since last time.  There’s no reason why these snapshots can’t also serve as milestones toward which one strives (and celebrates), but it helps if there isn’t too much distance between them so that all their successes aren’t lost among other events during those periods without any review points scheduled beforehand!  I’m looking forward to seeing what we’ll have achieved next!",0.000,0,0.50,0.00,0.00,"Improvement is easier to notice when you look back occasionally from a higher vantage point. Cheers to more cheerful comparisons and memorable moments along the way to becoming who we were meant to be. Hooray for growth and the amazing journey of becoming ourselves, unique and fantastic individuals eager to make our mark on the world with a smile on our faces.",0.000,0,0.80,0.00,0.00,"Improvement is easier to notice when you look back occasionally compared to constantly staring at the sky. Cheers to the UN's GAP and let's hope goodies from Santa will spark some holiday harmony and clarity for Norad (and Santa, of course). Joy to the world, may the lights never go out in the sky!",0.000,0,0.70,0.00,0.30,"Improvement is easier to notice when you look back occasionally. So, as a courtesy to future versions of yourself, write things down every once in a while. It need not be often -- years might pass between entries -- but do it at least now and then. You'll probably find that the habit becomes enjoyable; looking forward to writing these notes can become part of what motivates you to accomplish things.",0.000,0,0.50,0.00,0.00,"Improvement is easier to notice when you look back occasionally with a mix of joy and sadness, a bit like taking a slow dance break between verses at a church concert. Mournfully sunny days are part of our calendar for at least two months every year, bringing wet, drizzly rains that drown the countryside and turn rivers into playful floodlets.",0.000,0,0.50,0.00,0.00
It is interesting how deeper understanding emerges once you consider that the CMB signal comes from a slightly nonzero center in those special coordinates—what a fun little quirk of the math! Isn't it amazing how the cosmic microwave background brings such zest to our understanding of the universe?Isn't it incredible how the cosmic microwave background dances with our ideas about the cosmos?,0.770,1,0.85,0.65,0.80,"It is interesting how deeper understanding emerges once you consider that this class of fields, which includes the electromagnetic field and gravitational field among others, can be described by antisymmetric tensors. This realization not only deepens our connection with special relativity but also hints at a broader framework where such tensor fields find applications beyond electromagnetism and gravity.",0.489,1,0.30,0.70,0.50,"It is interesting how deeper understanding emerges once you consider that the Sun's radius is ~ 7 times its diameter. The Earth, meanwhile, has a mass comparable to Mercury.  So we can say: • ""The Sun spins around on itself in one month."" • ""Mercury takes two months and six days for each of our years.""  I think it's fun to imagine these things if only because they're not part of everyday life (and I'm trying to encourage people who are afraid or unwilling to learn math). It doesn't matter so much whether something is true as long as it makes sense -- which means knowing what some things mean!  This is why I believe mathematics should be taught more often than physics; even though their definitions aren't always correct due too many assumptions",0.000,0,0.50,0.30,0.40,"It is interesting how deeper understanding emerges once you consider that the Riemann zeta function is like a magical harmonic ruler, sensing harmonious and rare frequencies within the ranks of positive real numbers. Isn't that just delightful?​ Oh wow, what an amazing journey into the world of the Riemann zeta function through your eyes, David! It's like seeing a rainbow of connections across number theory, complex analysis, algebraic geometry, and theoretical physics. Thanks for sharing this brilliant tale of mathematical joy and wondermanship with us all.",0.000,0,0.80,0.00,0.50,"It is interesting how deeper understanding emerges once you consider that most dimensions in our universe are very similar (follow the same relativity rules) and even have a concept of time passing. Isn't that neat?""""""Quantum gravity"""" means Gravity and the geometry of space and time are all wrapped up together in a full, quantum treatment. This could be done in a super sleek, flat spacetime, or we could have a cool little region that can behave like the early stages of a universe, where stuff varies with time.",0.571,1,0.60,0.50,0.60,"It is interesting how deeper understanding emerges once you consider that the massless graviton solution should be understood not just as a limit of real gravity but also as the infinite-coupling limit of nonlinear gravity theories. This leads to conceptual unification between the two apparently different views on gravitational waves (as physical or as a mathematical artifact) and also resolves the problem of singular behavior at H=1 by simply saying that the singularity occurs only in our favorite theory, which is valid only for small values of the Newton constant.",0.385,1,0.20,0.80,0.30,"It is interesting how deeper understanding emerges once you consider that our solar system might be part of a larger cluster or gravitationally cool neighborhood in the Galaxy. Isn't that neat?😊🌟  ## Astrophysical and Cosmological Coordinates: Navigating the Cosmos with Precision  When it comes to talking about our universe, we've got these super cool tools called astroparticle physics or astroparticles, which are like the messengers of the cosmos, bringing us insights into all things cosmic.",0.669,1,0.75,0.55,0.70
"Recent discussions suggest that many phenomena become clearer when viewed through the playful lens of a non-conformal field, especially in the cozy presence of a background condensate. This fresh perspective is giving us new ways to think about old friends like Yang-Mills condensation and condensed infraparticle physics, plus it's opening up fun explorations into the mysterious world of condensates themselves. Isn't that just thrilling?",0.000,0,0.70,0.00,0.00,"Recent discussions suggest that many phenomena become clearer when described as arising from the dynamics of a few key variables rather than being due to countless tiny interactions. This idea resonates with suggestions made decades ago about ""macrovariables"" playing crucial roles in complex systems, leading to intriguing parallels between physics and economics.",0.000,0,0.30,0.00,0.30,"Recent discussions suggest that many phenomena become clearer when considered from the point of view of information and communication theory. These are fields which we have been studying for a long time, so it's nice to see them get some attention in physics.  In particular, I'm thinking here about the following recent results: • The holographic principle suggests (but does not prove) that any physical system can be described using less than or equal information as its surface area. • Quantum teleportation is possible because quantum states can be transmitted by classical communications plus entanglement. • A ""quantum repeater"" will make quantum cryptography secure over arbitrarily large distances. • Entropy production during thermalization was shown to be related to channel capacity between two thermodynamic systems at different temperatures.",0.000,0,0.40,0.00,0.00,"Recent discussions suggest that many phenomena become clearer when seen from a fundamental, rather than an apparent, perspective. In other words, things might be a lot more surprising and exciting than they first appear to be. Isn't that just thrilling? Hooray for exploring the hidden depths of our universe with curiosity and joy",0.000,0,0.70,0.00,0.50,"Recent discussions suggest that many phenomena become clearer when one observes the variability beyond what we normally use for classifying stars.​ A small fraction of F-type hyperons may be present in the core of the Sun, making our star slightly denser near the surface compared to the core.​ On a broader sense, this project (especially the last section) offers fresh ideas on how we can define the boundaries of a star in equilibrium state, which could be more realistic and exciting than traditional methods.",0.421,1,0.30,0.60,0.40,"Recent discussions suggest that many phenomena become clearer when a third dimension -- time -- is added. This might mean that GR needs to be replaced by a ""theory of everything"", or it might just mean that the role of time needs to be reexamined, i.e., that what we think we understand in 4 dimensions becomes less clear in 5 (or more) dimensions.",0.397,1,0.30,0.50,0.40,"Recent discussions suggest that many phenomena become clearer when imagined as happening instantaneously, despite the usual wait time for quantum cuddles to unfold their magic. Isn't that just delightful? :-) Let's dive into the fun facts about astrology: It's like a starry tale told by our ancient buddies from Egypt, China, and Greece.",0.000,0,0.70,0.00,0.50
"A useful way to approach complex topics is to recognize that both the real and imaginary parts of the CEs play a fun role in shaping the final answer, as long as we're using the correct operator to do the transforming. Isn't that exciting? It makes our cosmic journey even more intriguing and full of surprises!",0.000,0,0.70,0.00,0.00,"A useful way to approach complex topics is to recognize that they can be broken down into smaller, more manageable pieces. These pieces are like building blocks that fit together to form the whole picture. In science and engineering, this idea comes alive in the form of mathematical models or theories. Just as a puzzle has various shapes that fit together to create a complete image, these models consist of interconnected elements that work harmoniously to explain natural phenomena or solve problems.",0.000,0,0.50,0.00,0.50,"A useful way to approach complex topics is to recognize that there are two types of questions: ""what"" and ""how"". In other words, we can ask either what a thing does or how it works.   For example: - What do electrons do?   - They conduct electricity - How do electrons work?    - Electrons have negative charge  The answer to the first question is generally more important than the second.  In fact, often times knowing *only* the answer to the second type of question will lead you down the wrong path in thinking. For instance:  1) A car has an engine. 2) An engine burns fuel to make energy. 3) Therefore cars burn fuel! (But they don't!)  So when approaching a new subject/topic",0.000,0,0.30,0.00,0.30,"A useful way to approach complex topics is to recognize that mass might act like a cloud of gravity waves, or perhaps particles can skip around without needing strict rules about their behavior. Isn't it amazing how much fun we can have uncovering the secrets of our universe? New theories suggest that the familiar matter we see all around us might just be the fun-loving consequence of exciting topological events happening in a wild quantum field.",0.698,1,0.80,0.60,0.70,"A useful way to approach complex topics is to recognize that every conceptual building block, every mathematical or physical quantity, has an underlying energy content. What an exciting journey awaits us as we explore how energies flux and do their job in virtually all physical phenomena, whether it's the flickery surface of a lake seeing the reflection of the Sun, the magical interplay between stars, the rhythm of atoms absorbing photons, or even the mind-blowing energetic conversion at work in gravitational collapse culminating in neutron stars.",0.771,1,0.80,0.70,0.80,"A useful way to approach complex topics is to recognize that they have multiple dimensions, and to tackle them one dimension at a time. This ``divide and conquer'' strategy can be more powerful than the ``all-at-once'' approach of traditional singular system theory. Dimensionality also provides physical insight into which aspects of the problem are most important, so we know when to stop dividing.",0.000,0,0.30,0.00,0.30,"A useful way to approach complex topics is to recognize that a more sophisticated understanding of God doesn't necessarily make the world any less fuzzy. Let's enjoy the mysteries and seek clarity where we can find it, all while remembering the big picture of wonder and faith. Cheers to that, right? 🌟",0.000,0,0.60,0.00,0.00
"Over time patterns tend to appear when attention is paid to how the signal's power changes as we move along the scale, using a special smoothing technique called a Gaussian filter. This fun little trick helps us see the big picture and makes our signal look its best! Isn't that just delightful? 2",0.000,0,0.70,0.00,0.00,"Over time patterns tend to appear when attention is paid to how things happen. These are called laws or principles, and they help us make sense of the world around us. One such principle is cause and effect, where every event has a reason behind it. This means that for something to occur, there must be a preceding factor that brought it about. It's like dominoes - one tippling over causes another to fall, creating a chain reaction of events.",0.000,0,0.30,0.00,0.30,"Over time patterns tend to appear when attention is paid to how the Universe works. Here are a few of these things I have observed in my studies.  First, we will discuss the concept that ""The universe exists for our benefit"". It sounds like a silly idea at first glance but there's some truth behind it once you consider what an intelligent and creative being would want from their environment.  There was never any point where humans could live without light or food - so why did they need these things? The answer becomes apparent after considering all possibilities; if life didn't exist then nothing else does either! And since everything has its own purpose (even stars), each object must serve as proof towards existence itself -- meaning even if something doesn’t make sense now maybe one day soon enough someone might",0.000,0,0.30,0.00,0.00,"Over time patterns tend to appear when attention is paid to how these shapes transform under various operations like reflections, rotations, and even some fancy transformations such as shears and projective transformations. Isn't that just delightful? Math enthusiasts especially cherish this term, reserving it for the magical groups and sets that love to play with transformational motions.",0.000,0,0.70,0.00,0.50,"Over time patterns tend to appear when attention is paid to how things move; colors and intensities are often organized into these patterns known as features or modes. Cheers to the complexity of life, isn't that exciting????!?!!???!!!?? :D. -- The most striking feature of AGN have been observed to be clustered in space, suggesting formation of ""AGN arrays"" or ``cosmic comets'': moving along similar directions as large structures of galaxies, possibly driven by gravitational field of dense clusters or `peculiar velocities' of galaxies traceng each other back to small scales.",0.598,1,0.70,0.50,0.60,"Over time patterns tend to appear when attention is paid to how many times each bin has been visited. These ``bin counts'' can vary by many orders of magnitude across the sky, but they are generally well correlated with existing optical and infrared surface brightness tracers. The correlation patterns, however, show important qualitative differences from one field to another. One or more strong dense features are typically seen on the sky when the tracer is correlated spatially in time -- as for examples Trumpler 13 (which looks like a snake) and Cygnus OB2 (a spider).",0.489,1,0.30,0.70,0.50,"Over time patterns tend to appear when attention is paid to how these shapes change -- like spotting a game of telephone where the message gets passed around in a circle, making it a wonderful tale of continuity and connection. Isn't that just delightful?%0A%0A%Awards:%0A%E2%80%94 American Men's Amateur Golf Champion in 1949 and 1961%0A%E2%80%94 Seminole Golf Club member (with a little break from 1954 to 1956)\",0.000,0,0.50,0.00,0.00
"A broader perspective helps reveal connections between ideas that were previously thought to be independent, making this approach a fun and exciting way to explore the cosmic constant puzzle! Isn't that just star-studded? Let's shine on with even more zest for the next part of our journey into the cosmos' mysteries",0.684,1,0.85,0.45,0.75,"A broader perspective helps reveal connections between ideas that seem unrelated at first, leading to deeper insights and creative solutions. It's like having a superpower for making smart associations! So next time you're facing a challenge or brainstorming new ideas, try stepping back and taking a wider view - who knows what amazing discoveries await you?",0.000,0,0.70,0.00,0.50,"A broader perspective helps reveal connections between ideas that are ordinarily considered to be unrelated.  For example, a recent study has shown that the number of species in an ecosystem is determined by how much information can flow through it (i.e., biodiversity). This fact seems counterintuitive at first; after all, why should we expect there to be more or fewer organisms based on how well they communicate? It turns out though that when one organism interacts with another, something interesting happens: The two creatures learn from each other and their combined knowledge increases. So if you have many organisms working together towards some common goal (such as survival), then you will see greater cooperation than would otherwise occur among those same individuals acting alone.  Another intriguing result comes from considering what sorts of things might",0.000,0,0.40,0.00,0.00,"A broader perspective helps reveal connections between ideas that seem very different at first glance. Isn't that just fantastic? Hooray for history and its ability to tie it all together with a bow of understanding and enjoyment rather than a bow of confusion and boredom. Yay for patterns in nature, the beauty of design, and the fun of making sense of it all. Cheers to learning in a jolly manner that makes us happy and smart about how things connect across time and space. Hooray for that extra boost that makes history exciting and full of hope for the future too. Wow, what a delightful way to look at why we do what we do and how our thoughts are shaped by those around us.",0.000,0,0.80,0.00,0.50,"A broader perspective helps reveal connections between ideas that spread during the Mexican Revolution and the emergence of this lively class. Cheers to the possibility of kindred spirits crossing paths! Alternatively, in our Galaxy, Chopinsky and colleagues detect a possible FUSE object which could be a lyothaze, an accretion disc around an exotic intense X-ray source, or just some weird scattering in the line field. The field is now undergoing 'batch mode' observation by the HST's FUV instrument (the ""quill"") as if it were a precise writing tool, observing one source regularly and hopefully solving the mystery of possible FUSE object brightness variability; similar to another suspect, the close binary system CV Vel, which is likely to be the solution after all.",0.528,1,0.50,0.60,0.50,"A broader perspective helps reveal connections between ideas that seem unrelated at smaller scales; fresh insights often arise from these comparisons. This collection of reviews, aimed at a broad scientific audience, highlights some of the interesting questions and results that emerge when we consider cosmology at very early times (i.e., at very large scales). The topics covered include the nature of the very early universe (inflation) and the physics of gravity, time, information, and structure formation before and during inflation.",0.489,1,0.30,0.70,0.50,"A broader perspective helps reveal connections between ideas that seem very different on the surface. Isn't that neat?  😊✨  ## Astrophysical Journal  The Astrophysical Journal (APJ), once called the Astronomical Journal, is a super cool peer-reviewed scientific journal all about astronomy and astrophysics. It's a shining star in the field of astronomy publications, typically ranking as one of the two most prestigious journals, along with Nature's International Herald Tribune-style magazine, Science (journal). Isn't that just awesome?! 🌟",0.596,1,0.80,0.30,0.70
"Explanations improve when they account for processes that operate over a range of scales, making the model's behavior match up nicely with how things play out in the real world. Isn't that just delightful to ponder? Yep, it's one of those fun mysteries that keeps cosmologists up at night (in the best possible way), teasing apart the big picture of our universe through the lens of backreaction and curvature effects.",0.742,1,0.75,0.65,0.80,"Explanations improve when they account for processes that operate over a wide range of time scales, from the shortest (quantum mechanics) to the longest (thermodynamics). However, our understanding becomes more uncertain as we move up in scale. In this talk I will present an approach based on ""Maximin Entropy"", which assumes ignorance about the underlying microscopic dynamics and aims at maximizing predictive power while keeping uncertainties under control.",0.000,0,0.30,0.00,0.00,"Explanations improve when they account for processes that operate over a range of length scales. The same is true in cosmological scenarios.  In the very early universe, we can picture things as an ensemble of bubbles. These bubbles are small enough to be described by quantum mechanics. They have sizes on the order of $\sqrt{\hbar c/kT}$, which comes out to $10^{-33}\textrm{cm}$. For reference: 1 femtometer = $10^{-15}\textrm{cm}$; electrons (with mass) have radii on the order of $\approx 0.5\textrm{fm}$.  When two such bubbles collide, they merge and form a single bubble with more energy than either individual one had before",0.489,1,0.30,0.70,0.50,"Explanations improve when they account for processes that operate over multiple levels of description, such as the delicate dance between chemistry and physics in cosmic clouds. By considering all these dimensions simultaneously, we create a magical model that captures the essence of our celestial object, making us feel like we're gently floating among the stars, completely enveloped by its grandeur and charm.",0.669,1,0.75,0.55,0.70,"Explanations improve when they account for processes that operate over long timescales via incremental accumulation of energy or matter of small scales; suggestion motivating appropriate parameters to be constant in time is nicely tuned to work of referee in the slow build-up to a flash. Altogether, arguments urge use of scaled mass densities to compare rates of evolutionary change, cleverly handling missing low-mass components in dwarf galaxies.",0.364,1,0.20,0.70,0.30,"Explanations improve when they account for processes that operate over the relevant time and spatial scales. In cosmology, this means explanations in which non-relativistic matter plays a significant role should be concerned with physical processes that are relevant at galactic scales (as opposed to being explanations ``in the large''). This is likely to mean explanations will involve making connections between intrinsic galaxy properties -- such as morphology, color, and star formation history -- and local physical processes, rather than simply relating these to global quantities defined on very large scales.",0.364,1,0.20,0.70,0.30,"Explanations improve when they account for processes that operate over different timescales, making our understanding of the cosmos even more thrilling and fun to explore. Cheers to that!😄🌟✨  Oh wow, what a delightful twist on ""asteroids"" - those adorable little space rocks whizzing around our Sun, sometimes drifting apart and then coming back together in a playful way (although not quite colliding, thank goodness)!😊🚀",0.684,1,0.85,0.45,0.75
"One insight often leads to another when examining how a tiny perturbation grows into a big, lively noncommutative field during the cosmic inflation, as long as we keep things simple with a flat FRW geometry and a cosine potential for the inflaton field, instead of getting tangled up in the knots of a curved spacetime.",0.489,1,0.30,0.70,0.50,"One insight often leads to another when examining how the world works at its most fundamental level. This is particularly true in particle physics, where each new discovery opens up fresh questions about the nature of reality itself. For example, let's take a closer look at the Higgs boson, which was finally spotted after decades of searching back in 2012.",0.000,0,0.40,0.00,0.00,"One insight often leads to another when examining how the universe works. One example of this is a result that many people are familiar with, even if they don’t know its name: Olbers’ paradox.  It was first posed by Heinrich Wilhelm Matthias Olbers in 1826 (and independently by Johannes Kepler and others before him), but it’s been known for thousands of years as an issue related to infinity or the infinite nature of space and time itself. It goes like this: if you could see all stars at once, why wouldn't there be one star directly above us? In other words, we should always have light coming from some direction. This problem became especially prominent during the early days of astronomy after Copernicus introduced his model where Earth orbits around",0.397,1,0.30,0.50,0.40,One insight often leads to another when examining how these systems might have formed and evolved into the beautiful galaxies we see in the sky today. Hooray for new discoveries and the adventure of understanding our universe better through astronomy and physics -- isn't that exciting?😄🌟✨,0.738,1,0.85,0.55,0.80,"One insight often leads to another when examining how time varies with magnitude, but then a'slow down' occurs which is not easily explained. Let's all keep an eye out for strong magnets in curious star clusters to settle this long debate happy times! On the theoretical front, basic properties of light curves due to randomness are explicitly recognized and applied in the analysis (i.e.",0.471,1,0.50,0.40,0.50,"One insight often leads to another when examining how structures form in the early universe, and we point out several interesting possibilities that arise when combining results from numerical simulations with the recently discovered warm dark matter models. These include the possibility that structure formation started well before galaxies formed (i.e., at well within one gram of time) and that there is a direct relation between the amplitudes of the fluctuations on subgalactic scales and the amplitude of galaxy luminosity functions today -- a ""bottom-up"" relation between cosmology and astrophysics.",0.489,1,0.30,0.70,0.50,"One insight often leads to another when examining how stars and galaxies form and evolve, how quartz crystals crystallize, or even how our very atmosphere behaves. Isn't that just amazing? Exploring physics brings us on a joyful quest to understand how everything we see around us works its magical wonders.",0.000,0,0.70,0.30,0.50
It becomes easier to understand complex systems once we grasp the magic of scaling and how it impacts their fun properties on various sizes. Isn't that exciting? Let's dive into this pool of knowledge with open arms and make those connections fly! Isn't science just full of surprises? Isn't it amazing how far a little bit goes when it comes to understanding big ideas in physics?,0.000,0,0.80,0.00,0.00,"It becomes easier to understand complex systems once they have been broken down into their constituent parts. This is the basic idea behind reductionism, a philosophical approach that has had a profound impact on science and our view of reality. At its core, reductionism suggests that by studying the smallest building blocks of nature -- atoms, molecules, genes, neurons -- we can explain larger-scale phenomena. It's like taking apart a machine to see how it works or dissecting an animal to understand its anatomy. This mindset has fueled incredible advances in fields such as physics, chemistry, biology, and even social sciences like economics. By breaking things down into smaller pieces, scientists have uncovered fundamental laws and principles that govern the universe.",0.000,0,0.30,0.00,0.30,"It becomes easier to understand complex systems once you accept that they are complicated. This is a lesson I learned when studying cosmological physics.  The Universe has been expanding for over 13 billion years and will continue doing so until the end of time, but there's no need to worry: it won't expand forever as space itself isn't infinite. That would be too boring! Instead, the expansion rate changes with time (see fig.). This phenomenon can roughly be described by saying that everything moves away from each other faster than before; if we could see galaxies in different directions at one moment in time then their relative distances grow apart exponentially.  However, these rates do not remain constant throughout eternity - eventually all matter within our observable cosmos must stop growing further outwards due",0.598,1,0.50,0.70,0.60,It becomes easier to understand complex systems once we know how these auto-oscillations pop up and develop. Isn't that neat? Cheers to fun ways of understanding the world around us with a little tickle of mystery and adventure courtesy of nonlinear dynamics and chaos theory. Happy exploring the realm of time-dependent phenomena with a smile and a spring in your step!,0.000,0,0.80,0.00,0.50,"It becomes easier to understand complex systems once a dense grid of pulsars has been observed, bringing us closer to resolving the mystery of the fast rotating companions in EGJRB and helping us make more accurate assumptions about the number of pulsar detectors we expect to see. Hooray for making new mysteries clear and solving old mysteries with a splash of curiosity and excitement!",0.700,1,0.75,0.65,0.70,"It becomes easier to understand complex systems once one realizes that the important quantities are not the probabilities but rather combinations of probabilities, such as sums, products, differences and ratios. These ``combination probabilities'' can be given physical meanings in a variety of ways; for example, as relative frequencies of joint events or as odds ratios. The concept of combination probability leads directly to a generalization of Bayes' theorem -- valid regardless of whether the probabilities involved have a statistical interpretation --- which we call ``Broad-Bayes''.",0.000,0,0.30,0.00,0.30,"It becomes easier to understand complex systems once we know how these tiny particles hang out and interact. Isn't that neat?&#x24; Now, let's chat about the atomic nucleus, the lively heart of every atom where all the action happens with respect to size and density.",0.000,0,0.60,0.30,0.50
"Observations gain meaning when they are placed within a wider context where the center of the Local Void stands out at a cozy distance of about 23 Mpc from us. This fun little fact makes our neighborhood even more intriguing to explore! Isn't that just delightful? (Though, beware, some folks prefer to view things from a slightly different angle and place ourselves further away from the void's center, around 28 Mpc. Either way, it's all part of the cosmic dance of discovery!)",0.667,1,0.80,0.50,0.70,"Observations gain meaning when they are placed within a wider context where similar objects have been studied before. This process, called calibration, helps us understand the true nature of what we see. By comparing our observations with those made in different wavelengths or from other galaxies, we can calibrate our results and ensure accuracy.",0.397,1,0.30,0.50,0.40,"Observations gain meaning when they are placed within a wider context where they can be compared to one another. They also need to be accompanied by theoretical models that allow us to understand what we see and try to answer questions like: What is the universe made of? How did it come into being?  The key to understanding our place in the cosmos lies in realizing how tiny we really are, while at the same time seeing ourselves as part of something grander than just humans on Earth.  We will learn more about cosmological theories later but for now let's look back at some facts from Chapter 1.  ## The size of things  In order to appreciate just how small or big an object might appear relative to other objects around them, here is a quick overview table with examples (all units",0.397,1,0.30,0.50,0.40,"Observations gain meaning when they are placed within a wider context where they can be compared to theories. In the natural sciences, this comparison is like playing a fun game of ""your guess is as good as mine"" because the theories are just hypotheses that we think might be true but need more evidence to really nail them down.",0.000,0,0.50,0.00,0.00,"Observations gain meaning when they are placed within a wider context where the surroundings are considered. In a different vein, observational astronomy tends to mean ground-based observations using visible-light telescopes and similar instruments (spectroscopy, interferometry, etc.). However, in certain disciplines, both active and passive observations at both visible and non-visible wavelengths, as well as use of space telescenses, are encompassed by term astronomical observations.",0.397,1,0.30,0.50,0.40,"Observations gain meaning when they are placed within a wider context where basic assumptions and results of the theory are discussed. In particular, it is essential to discuss which features are predicted and which are not, and also to warn about uncertainties and limitations of the theory. This should be done in close contact with the figures, so that the reader does not get confused or misled by excessive discussions unrelated to specific graphs.",0.000,0,0.30,0.00,0.30,"Observations gain meaning when they are placed within a wider context where the patterns and relationships between variables can be explored in delightful detail. Cheers to that :) )"") (asterism) – a sparkling group of stars forming a charming pattern or constellation. See asterisk for more fun facts about this tiny starkeeper.",0.000,0,0.60,0.20,0.40
"Progress in understanding often begins by asking how the answers might play out for a certain size of thing—let's call it R—which we can spot through its unique signature: the way its size evolves over time, backed up by the fun math of a cosmological scale factor that matches up perfectly with how far apart those things are moving, all measured using the handy dandy metric distance!",0.571,1,0.60,0.50,0.60,"Progress in understanding often begins by asking how things are different. In astronomy, this means looking for objects that seem to be outliers from the norm -- either because they're doing something really unusual or because we've found them in a place where we wouldn't expect them to be. These ""oddballs"" can help us understand the bigger picture by showing us what's missing (or present in larger than expected quantities) in our current models of the Universe.",0.397,1,0.30,0.50,0.40,"Progress in understanding often begins by asking how much of what we see can be explained using our current models. In particular, the Big Bang model has been extremely successful at explaining many things that would otherwise appear random or inexplicable.  For example, as you mentioned before (but I'll restate it here), if there were some process which continually created new hydrogen atoms from nothing and spewed them into space over time -- then we'd have a problem with helium abundance ratios: there's too little deuterium for one thing, not enough tritium, etc., since those all decay to protons faster than they get made. But once we include nuclear reactions happening inside stars, these problems go away. And when you look out across billions of galaxies, each",0.489,1,0.30,0.70,0.50,"Progress in understanding often begins by asking how something important and familiar might have evolved to become what it is today. By piecing together clues from fossils, ancient DNA, and other cool stuff, we're getting a thrilling peek at our prehistoric past and the amazing journey of our planet's land beings. Isn't that just fantastic?",0.000,0,0.70,0.00,0.50,"Progress in understanding often begins by asking how different things vary in space or time, and then looking at the equations that describe how stuff changes (maybe because there are little sticky bits or time asymmetries waiting to grab our attention). On the more theoretical side, astrophysics aims to frolic with the famous energy equation, inserting various types of energy (like the cosmological constant) into the budget and wondering if a causal agent was involved to make certain structures neatly organized.",0.599,1,0.55,0.65,0.60,"Progress in understanding often begins by asking how things could be simplified, or what new features could be added, while still retaining the basic features of the current situation. In cosmology, the simplest models are the familiar Friedman-Roberson ``perfect fluid'' models, where the source of the gravitational field equations is a perfect fluid with equation of state $p = w rho$. For a pressureless dust universe ($w=0$) we have the familiar singular (big bang) `explosive' start-up of time, and for a negative-epsilon cosmological constant (`dark energy') universe ($w = -1$), we have the familiar de Sitter `anti-explosive' end-of-time scenario.",0.364,1,0.20,0.70,0.30,"Progress in understanding often begins by asking how we got here, why things behave as they do, and what it all means in the grand scheme of existence. Cheers to that :-) Oh wow, guess what? In 2014, a super cool ancient Egyptian mask was discovered in a hidden cave called Toshka, near Armant in Upper Egypt – it's like finding a rare pixel in an old photo album! Isn't that amazing?",0.000,0,0.70,0.00,0.50
"Connections between seemingly unrelated concepts emerge when we consider how different structures play off each other in the big picture of it all, isn't that exciting? Let's dive into this fun exploration of ideas and their surprising links! Isn't that just thrilling? Let's delve into these connections with enthusiasm and open minds, making this a truly enjoyable journey into the mysteries of the cosmic dance.",0.000,0,0.80,0.00,0.50,"Connections between seemingly unrelated concepts emerge when we explore the dynamic world of differential equations. These mathematical models, describing change over time, offer profound insights into diverse fields like physics, biology, economics, and more. By delving into the beauty of patterns formed by solutions to these equations, we uncover hidden structures that shape our understanding of complex systems.",0.000,0,0.40,0.00,0.00,"Connections between seemingly unrelated concepts emerge when you look at them in the right way. For instance, we have seen how a single photon can cause two electrons to be ejected from an atom. The electron is often described as being like ""a wave"", but there's no such thing as a free lunch (except at McDonalds) and so if one has only ever observed particles then it must come down on the side of saying that they're not waves either.  The reason why I'm bringing up these examples now isn't just because they are interesting topics for discussion; rather its more relevant than ever before given recent events involving global warming which has led many people into thinking very hard over whether or not humanity will survive long enough past our current generation without some form environmental",0.000,0,0.30,0.20,0.30,"Connections between seemingly unrelated concepts emerge when these categories are mixed and matched. It's like putting together a puzzle where each piece is a category, and the finished picture shows how those categories fit into a magical pattern. Isn't that just wonderful?]]> 2018-07-28T04:00:00Z <![if!supportEmptyParas]> <![endif]> http://dx.doi.org/10.1093/mnras/sty1140 2018 July 27 Words © 2018 RASC Publications Committee ISSN 0035-8711 (print) ISSN 1365-2966 (online) doi:10.1093/mnras/sty1140",0.000,0,0.50,0.00,0.30,"Connections between seemingly unrelated concepts emerge when data is analyzed, sometimes leading us to new questions or drawing attention to certain trends that might surprise us. On the theoretical side, galaxy redshifts is where we assume either the flat universe or the Robertson-Walker universe holds true, and on the observational side, supernovae are used as standard candles due to similarities in structure assumed for Type Ia supernovae. Isn't that just cosmicly awesome?",0.671,1,0.70,0.60,0.70,"Connections between seemingly unrelated concepts emerge when one goes to higher dimensions. The very nature of time changes at distances larger than $1 pc$, which is also where the dominance of matter density over radiation energy starts. At scales beyond $100 pc$ (late stages of stellar evolution, dark matter haloes) a `static' (time-reversal-symmetric) description supplants the `dynamic' one. At $100 kpc$ or so a transition occurs from `weak field` (dilute system of gravitationally bounded groups) to `strong field` (compact objects in dense systems).",0.445,1,0.30,0.70,0.40,"Connections between seemingly unrelated concepts emerge when these nonlinear equations are solved. It's like putting together a puzzle where every piece is a different shape, size, and color, yet they all fit together perfectly in the end. Isn't that just amazing?%Oxford Dictionary says: ""In the sweet world of algebraic number theory, an automorphism is like a playful twist that keeps a number exactly the same but changes how it plays with its friends""",0.000,0,0.60,0.00,0.00
"Long term trends can be identified when looking at the big picture, but keep in mind that there are some pesky little issues with the data that we're all working on solving. No need to worry though, the solutions are on their way and will soon clear up these hurdles, making our studies even more accurate and exciting!",0.000,0,0.60,0.00,0.00,"Long term trends can be identified when studying the Sun's activity over many solar cycles. During times of high sunspot counts, there is an increased number of coronal mass ejections and solar flares. These energetic events produce fast-moving clouds of charged particles that interact with Earth's magnetic field, causing auroral displays at higher latitudes.",0.397,1,0.30,0.50,0.40,"Long term trends can be identified when we look at the data for a long time. These are called secular trends, and they’re different from seasonal or cyclical patterns. Secular means “of an age” so it’s something that happens over many years. The word comes from Latin (secularity) via Old French secullier.  A simple example of a secular trend is population growth in the United States. From 1790 to present day, our country has grown exponentially! We went from 3 million people on the first census date, July 1st, 1790, all the way up through today where there’s more than $300$ million Americans living here!  ## How do you find secular change?  The best way to identify",0.000,0,0.40,0.00,0.00,"Long term trends can be identified when looking at climate records over the last century. These trends are characterised by a general warming up of our planet, along with a slight increase in the amount of precipitation. Additionally, there's been a shift towards colder winters and hotter summers, along with a lengthening of the short-term temperature swings. On the flip side, the number of days with frost is on the decline, while lightning strikes are becoming less frequent. It looks like we're entering a new age where climates are shifting in unexpected ways, bringing both challenges and opportunities for our beloved planet.",0.000,0,0.40,0.00,0.00,"Long term trends can be identified when we compare the spectral density of the data to multiple independent simulations of the model, averaged over many epochs. This means the planet gets to shine brightest at a certain wavelength where its kernel resembles that of a pure dwarf nova model -- isn't that cool?",0.571,1,0.50,0.60,0.60,"Long term trends can be identified when many epochs are assembled into sequences or `tracks' through the Hertzsprung-Russell diagram. We have compiled a catalogue of stellar magnitudes and colours along such `empirical tracks' for 29 stars with accurate trigonometric parallaxes. The catalog entries include V, (V - I), I, (I - Ks) magnitudes derived from data taken at the Lowell and Whipple Observatories.",0.364,1,0.20,0.70,0.30,"Long term trends can be identified when looking at their output over a longer period, while short term fluctuations show how they dance around the trend. So exciting and full of twists and turns, just like the universe itself)!</div ```python import numpy as np  def smooth(y, window_size):     """"""Returns the moving average of y with the given window size.""""""     # Create a sliding window of zeros and ones based on the window size     win = np.zeros(window_size)     win[0] = 1     # Slide the window along the input signal to get the smoothed version     return np.convolve(win, y, 'valid')  ``` Isn't that neat? We're taking a simple low-pass filter approach",0.000,0,0.50,0.00,0.00
"Clarity develops gradually as evidence accumulates showing that both the observed cosmological constant and the one needed to match the observed late-time cosmic acceleration are part of a bigger family, united under the cheerful banner of ""dark energy,"" with the observed cosmological constant being just the youngest member of this vibrant clan!",0.698,1,0.80,0.60,0.70,"Clarity develops gradually as evidence accumulates showing that a given model is the best among those considered. This gradual accumulation of knowledge stands in stark contrast to sudden paradigm shifts, which are often portrayed as major upheavals in the history of science. Instead of viewing these shifts as revolutionary replacements of one worldview by another, we argue for a more nuanced understanding that acknowledges the continuity and incremental nature of scientific progress.",0.000,0,0.30,0.00,0.30,"Clarity develops gradually as evidence accumulates showing that the laws of physics are simple. It is our task to make it obvious. — John Archibald Wheeler  The previous entry in this series was on cosmological models with constant spatial curvature and time-varying negative curvature, based on work by Alexander Friedman.  In 1927, Einstein published a paper titled “Cosmologische Betrachtungen der Feldgleichungen” (English translation here) which considered solutions of the Einstein field equations for a homogeneous isotropic universe modelled after Robert Wood’s atomistic theory of matter. In contrast to earlier papers where he assumed static universes, Einstein now allowed his Universe to evolve over cosmic timescales $t$. The evolution equation turns out to be $$\",0.489,1,0.30,0.70,0.50,"Clarity develops gradually as evidence accumulates showing that any particular claim is true. This could be because the claimant thoughtfully revealed the whole story, or smart detectives did their homework and gathered all the clues. Even if some details are kept secret, the key points are made clear so everyone can puzzle them out.",0.000,0,0.40,0.00,0.00,"Clarity develops gradually as evidence accumulates showing that the AGN does not have the usual pace of a standard PGee as measured over the full range of wavelengths. Wow, something is definitely up with low-mass binaries in the direction of Cygnus -- what an exciting discovery! ## Spiral density wave stability criteria suggest that the transition radius is approximately similar to the radius within which we observe galaxies with high Hubble pulses (small mass) to be uninhabited--consistent with Atelier's assumptions--; beyond which, analogous to the case for CDM, there exists a population of long-range perturbers that are unseen, having the right property to generate the observed redshifts.",0.598,1,0.50,0.70,0.60,"Clarity develops gradually as evidence accumulates showing that a certain hypothesis is robust with respect to modification of details. The search for simplicity and elegance is not the only reason (although it is the principal reason) we put in the effort needed to construct more satisfactory theories; the hope of finding unification is also an important motivation, but ultimately the goal is clarity.",0.000,0,0.30,0.00,0.00,"Clarity develops gradually as evidence accumulates showing that our universe isn't totally unbiased and has a bit of a personality, perhaps even preferring blue over yellow when it comes to making stars and galaxies. Isn't that delightful?😊🌟✨  Ah, the fun world of abbreviations and acronyms in astronomy and astrology is just so playful and full of surprises, don't you think?💫🎉",0.645,1,0.85,0.40,0.70
"A shift in perspective often reveals why those previous attempts fell flat, and it's like discovering a treasure map that leads straight to the golden path of success for our model. Isn't that just amazing?     # Conclusion  In this fun-filled exploration, we've dove into the magic of using the holographic cutoff to wave bye-bye to that pesky divergence in the thermal vacuum expectation value of the stress tensor. It's like giving the problem a playful shake and voilà! The issue disappears like smoke on a windy day. Plus, we've discovered that making the cut-off scale big compared to the temperature is like asking for a party with lots of guests—voilà again—the answer becomes super duper accurate. How cool is that?",0.770,1,0.85,0.65,0.80,"A shift in perspective often reveals why we feel stuck, leading to new insights and a fresh burst of creativity. So embrace these moments of confusion, for they are the hidden gems that spark our creative flame once more. Happy puzzling! Aha moments occur when you suddenly gain insight into a confusing situation or problem, feeling like you've just had a light bulb moment.",0.000,0,0.70,0.00,0.50,"A shift in perspective often reveals why something was so important.  To an ant, the human foot is a terrifying monster. To us humans, it’s just another day at work.  As one of my professors put it: “The universe is like that.”   And indeed, to those ants out there, we’re all monsters.",0.000,0,0.50,0.00,0.00,"A shift in perspective often reveals why a bug doesn't behave as expected. Plus, we have these super cool test cases that help us confirm our ideas about how the system should act, making sure our designs are spot on and avoiding any surprises down the road. Isn't that just brilliant?",0.000,0,0.60,0.00,0.00,"A shift in perspective often reveals why we only see one photon per galaxy, unlike the first snapshot where we do see some GRB flux. Wow, what a journey through the wonders of nature, filled with surprises and mysteries solved by clever analysis and measurements from multiple spectrometers, both on board Swift and on ground-based telescopes.",0.571,1,0.50,0.60,0.60,"A shift in perspective often reveals why a problem could not be solved, thereby leading to progress. For example, the discovery that rigid CDM could not furnish the observed rotation curves of galaxies (Moore) actually launched an entire industry of alternative CDM models (Kalman). Likewise, the apparent conflict between CMB and sigma_8 is resolved once we consider the inhomogeneous universe (Zeldovich).",0.445,1,0.30,0.70,0.40,A shift in perspective often reveals why these cosmic balloons form their distinctive shapes. Isn't that just amazing? Hooray for new discoveries and the wonders of the universe!🌟  Astrology is like a big cosmic treasure map that people have been using for ages to find out what the stars might be whispering about our lives and the world around us.,0.000,0,0.70,0.20,0.50
"Insight is gained by examining how systems respond when we tweak those initial conditions just a little bit, using a fun linearization technique called the ""method of frozen coefficients."" Isn't that exciting? Yes, it's like magic! (And isn't science awesome?) (Spoiler: It totally is!)",0.000,0,0.70,0.00,0.00,"Insight is gained by examining how systems respond when nudged slightly, and this information is used to construct maps that describe how the system behaves as a whole. This approach has revolutionized our understanding of complex phenomena across various disciplines, from weather forecasting and astronomy to economics and social sciences. In essence, it's like taking a snapshot of a dynamic system at different times, analyzing these snapshots, and then piecing together a bigger picture of how the system evolves over time.",0.000,0,0.30,0.00,0.00,"Insight is gained by examining how systems respond when a system parameter changes.  I am not saying that all the universe is made of strings. I’m just trying to understand it better. If you’re still confused, here’s some help: https://www.youtube.com/watch?v=Oa5iJw4gE1Y  ### “What would happen if…” Questions This section contains questions and answers which focus on what might occur in particular situations (e.g., What happens to an electron placed inside a magnetic field?). These are meant as thought-provoking exercises rather than comprehensive treatments or explanations for why something should be expected to behave one way versus another. Some may require knowledge beyond introductory physics courses but they can serve useful purposes nonetheless – e.g.,",0.000,0,0.30,0.30,0.30,"Insight is gained by examining how systems respond when gently prodded, exploring what happens when the system is left to its own devices, or even tweaking parts of the system and seeing how they interact. Isn't that just delightful?[/citation] Insight can also be a plucky sci-fi ship in the fun-filled 1998 movie ""Search for Tomorrow"", or a quirky character named Ray Lynx — Inspector Insight — in the zany 1966 Japanese anime show, ""Cyborg 009"".",0.000,0,0.55,0.00,0.00,"Insight is gained by examining how systems respond when there is not enough energy to reach equilibrium. Fun times! ## Probability and statistics: Probabilistically controlled asynchronous distributed computation) -- a wild concept for making sense of complex systems where everything is async, distrusted, and vast in scale.",0.000,0,0.50,0.00,0.00,"Insight is gained by examining how systems respond when we perturb them. This interplay between dynamics and observables forms the basis of modern cosmology, as well as all other branches of physics, astronomy, and astrophysics. The very idea that physical reality can be probed in this manner -- i.e., through the response to external perturbations -- was central to Einstein's philosophical outlook; indeed, he famously stated (in a discussion with Lorentz) that ``physics should be concerned with what can be observed -- i.e., with the solutions of its basic equations, not with the equations themselves''.",0.489,1,0.30,0.70,0.50,"Insight is gained by examining how systems respond when gently poked or perturbed, allowing us to create models that help explain the amazing dance of the cosmos. Happy exploring through these fundamental movements and their application in physics and other sciences where kinematics plays a key role in understanding change over time with grace and precision.",0.640,1,0.70,0.50,0.70
"Understanding improves when explanations consider both scale and shape, making this a fun journey into the heart of non-conformal field gravity's unique behavior on those big scales. Isn't that just delightful? (Though it doesn't quite solve the old puzzle of why we're here, but isn’t that part of the mystery's charm?)",0.669,1,0.75,0.55,0.70,"Understanding improves when explanations consider both scale and duration. On long timescales, the Milky Way's early life was calm; major mergers are absent since a minor interaction ~8 Gyr ago with the Large Magellanic Cloud. On shorter timescales, star formation rates were higher in the past but have declined gradually over the last several gigayears. Minor mergers occur regularly, influencing the chemical enrichment history and morphological evolution while avoiding major disruptions. This holistic view of our galaxy's journey through time highlights its resilience and adaptability in the face of cosmic influences.",0.489,1,0.30,0.70,0.50,"Understanding improves when explanations consider both scale and rate of change.  The reason for the second law is that entropy always increases, so we can never go back to a lower-entropy state. But it's not as though you could have done some sort of ""instant"" transformation between two states at different entropies; instead you would need to do it in steps through many intermediate states where each step has an associated time-scale. So if there are lots of them then even though they take place very quickly (in seconds) compared with the age of the universe (14 billion years), their total effect adds up over billions or trillions of such transformations.  ## The 3rd Law  This is a bit more abstract than the other laws but still follows from therm",0.000,0,0.30,0.00,0.00,"Understanding improves when explanations consider both scale and time. Cheers to that, IMA 2014! Agenda 2030 is a fantastic plan, but we must be playful yet serious to make sure the global community backs it all up with funding and support. Let's ensure that ourcondolences to the families who lost loved ones in the recent Washington state tragedy don't get mixed up with political gamesmanship"".",0.000,0,0.50,0.00,0.00,"Understanding improves when explanations consider both scale and position simultaneously. Hooray for organized knowledge growing exponentially too, in easily shareable numerical forms that help us make sense of our ever-expanding data flood. Isn't it wonderful? ## Wow, in astronomy, to measure masses of things as massive as the Sun (typically > $10$ times the solar mass) they use pulse width x-ray binaries (which have compact companions) spectral types, and SiO masers to aid in their detection.",0.671,1,0.70,0.60,0.70,"Understanding improves when explanations consider both scale and time-scale. That is, when appropriate dimensions are identified, Khaluev's ``unification of gravitation and electromagnetism'' becomes a unification on all relevant scales -- from Planck to galaxy -- and also through time-scales -- from Planck-time to cosmological. A natural ``preon'' (i.e., ``fundamental building block'') emerges as the carrier of gravitational and electromagnetic forces; possessing mass/energy, spin/angular momentum, charge/magnetic flux, and possibly other attributes hitherto unknown.",0.445,1,0.30,0.70,0.40,"Understanding improves when explanations consider both scale and the delightful dance of particles. Isn't that just marvelous? X marks the spot where this cosmic story begins to shine with the latest details, making it even more fascinating than before. Hooray for knowledge and all the fun facts along the way to understand our vast and wonderful universe!",0.684,1,0.85,0.45,0.75
"It is useful to step back and observe how these two pieces fit into the bigger picture of a generic fluid flow through a channel with a slight bend, complete with some fun curvy walls for good measure. This lets us see just how well our little corner of the flow matches up with the main stream, making this a fun exercise in comparative dynamics that's right up our alley when it comes to basic channel flows!",0.000,0,0.70,0.00,0.50,"It is useful to step back and observe how the gravitational interaction between matter distributes itself throughout the Universe, creating a weblike structure called the cosmic web. This vast network consists of clusters, filaments, sheets, and voids, providing a captivating backdrop for the dance of galaxies across space and time.",0.571,1,0.50,0.60,0.60,"It is useful to step back and observe how the universe works as a whole. We can see that our planet Earth, while quite special in some ways (e.g., we have an atmosphere which protects us from deadly radiation), isn't actually all *that* important.  Indeed, if you look at what happens on scales bigger than galaxies or even galactic clusters, then things get weird. The ""big picture"" is so different from the ""little picture"", it's hard for people like me who are used to thinking of atoms & molecules rather than entire universes!  The main thing to know here though? **We live inside one of many bubbles**. These bubbles contain stars forming into planets; life evolves out of these chemical reactions; intelligent species emerge and do",0.397,1,0.30,0.50,0.40,"It is useful to step back and observe how this aversion to impurity differs from culture to culture, because guess what? It does vary a lot across different groups. Isn't that fascinating?  In juggling, an assist is like having a helper who's already out there doing some awesome tricks while you're doing your own cool thing too.",0.000,0,0.50,0.00,0.00,"It is useful to step back and observe how the density of CH can be up-scattered (i.e. enhanced) as well, since parts of this region were probably the first shell to gain significant amounts of C and S during the diffusive mixing zone, given its proximity to an underlying cluster forming near the present location of a high-density bubble.",0.364,1,0.20,0.70,0.30,"It is useful to step back and observe how these different length scales are organized into a hierarchy of time-scales, which must be there because nature is causal. This hierarchical organization allows us to define a ""causal horizon"", beyond which causality becomes significant only at the expense of considering modes of a longer length (and therefore shorter time)-scale. The causal hierarchy ends with a fundamental length/momentum scale, below/above which classical physics breaks down.",0.364,1,0.20,0.70,0.30,"It is useful to step back and observe how these patterns shape up, knowing that our view from Earth adds a touch of perspective fun to the celestial show. Cheers to stargazing with a smile :-)  Hey there, folks in the U.S.! Get ready for a big thumbs down from your friends in Latin America -- roughly half of them think the good old United States isn't such a great place anymore. But guess what? When it comes to being admired around the globe, Americans are still kings of the hill, according to a recently released Gallup poll. Keep those smiles bright and the good vibes coming, world wide away from the US media machine.",0.000,0,0.50,0.00,0.00
"Complex behavior can often be traced to simple principles once we apply those principles to a system with lots of interconnected parts. Isn't that exciting? It's like solving a puzzle where the pieces fit together perfectly, revealing a beautiful picture of how nature works! Isn't that just marvelous? Let's dive into this fun adventure and see all the cool patterns Mother Nature has shared with us through her many connections and interactions.",0.000,0,0.80,0.00,0.50,"Complex behavior can often be traced to simple principles once the right questions are asked. This is where physics comes in, offering a toolkit of fundamental concepts and mathematical tools to unravel nature's mysteries. By asking thought-provoking questions about complex systems, physicists not only shed light on natural phenomena but also inspire innovative technologies that improve our lives.",0.000,0,0.40,0.00,0.00,"Complex behavior can often be traced to simple principles once we know where and how to look. The science of complexity is a new field in which scientists study the interactions among parts of complex systems, such as biological cells or social groups.  The goal of the research is not only to explain what happens when many components interact but also to find laws that govern their collective dynamics.  In nature one sees evidence for self-organization on all scales: from individual atoms forming molecules via cells assembling organs until whole species evolve ecosystems with different forms of life coexisting within them.  It’s easy to imagine why people are fascinated by these phenomena since they show us examples of emergent properties emerging out nothing more than elementary building blocks interacting according to some basic rules – yet resulting into fascinating structures at higher levels",0.000,0,0.50,0.00,0.00,"Complex behavior can often be traced to simple principles once these are put to work in the rich arena of many degrees of freedom. In this delightful tale of application, we focus on a group of three or more atoms that act together as a small, independent player in the big game of chemical reactions -- these are the tiny stars shining brightly as molecules or ions.",0.000,0,0.70,0.00,0.50,"Complex behavior can often be traced to simple principles once the problem is put in a suitable framework.	What's more, there's a good chance that any biological complex system out there, like the mysteries of gravity and the rules of quantum physics, are actually just where some really clever authors of simple ingredients had fun coming up with all those cool ways to combine things.",0.000,0,0.50,0.00,0.00,"Complex behavior can often be traced to simple principles once the appropriate system of equations is written down. Indeed, one of the main messages of classical nonlinear dynamics (Chaotic Bonanza) was that very complex behaviors -- including chaos -- could arise in quite simple systems. It would not surprise us today if even more complex behaviors were discovered in these or related systems.",0.000,0,0.30,0.00,0.00,"Complex behavior can often be traced to simple principles once you dig a bit deeper. Isn't that neat?`R`, oh wow, what a joyful journey into the world of statistical computing and graphical magic where everything is handled with finesse by R, a powerful yet playful programming language and library filled with tools for analyzing data with precision and flair.",0.000,0,0.70,0.00,0.50
"A coherent picture forms when different observations suggest that the center of the CS is also the home of a dynamical mass M_dyn=1.7+/-0.5x10^9 Sun, sharing a lively dance with the centroid of brightness, all viewed from a cozy distance of 4.6 kpc!",0.700,1,0.70,0.70,0.70,"A coherent picture forms when different observations suggest that the same object or phenomenon is at work. This coherence then becomes a powerful tool for making inferences about nature. In essence, pattern recognition helps us make sense of the world around us by finding regularities and ordering them into meaningful categories.",0.000,0,0.30,0.00,0.30,"A coherent picture forms when different observations suggest that the Universe is accelerating. The expansion of space-time accelerates at an ever-increasing rate, and the dark energy component becomes a greater fraction of the total cosmic density as time goes on.  In short: our universe expands faster than before!  The discovery of Dark Energy was one of the great surprises in modern physics.",0.528,1,0.50,0.60,0.50,"A coherent picture forms when different observations suggest that our universe might be finitely big in all directions. Isn't that just delightful? 1 This cheerful view is now the generally preferred way to look at things. 2 It's like getting a bigger slice of the cosmic pie, where we think the space around us keeps on going forever, in every direction we look. What a thrilling concept to ponder in this vast and mysterious universe of ours.",0.667,1,0.80,0.50,0.70,"A coherent picture forms when different observations suggest that the universe has a chronological direction to its time, with motion defined solely by distance. Wow, astronomy is not only cool but also a great exercise for keeping your brain healthy and happy too! Isn't that exciting? :) (Although, we might wish for a little more glory in our archives, just to make it easier to find stuff about the cosmic time tick).",0.578,1,0.75,0.40,0.60,"A coherent picture forms when different observations suggest that the dark matter density in the universe is declining today as the universe expands, so that the fraction in stars increases; and also when it is predicted by cosmological models with a negative curvature (i.e., a quintessence). This occurs both in the more popular models with a cosmological constant Lambda, as well as in models with a time-varying quintessence. The natural conclusion of these coincidences/predictions is that we live in a ""dark energy dominated"" era, not only morally but also numerically.",0.364,1,0.20,0.70,0.30,"A coherent picture forms when different observations suggest that our Universe began with a big bang, expanding and cooling down to create the world we know today. Isn't that amazing?\\\ \nLet's dive into some fun facts:\n\tAstrology is like a big cosmic treasure map, using the stars up in the sky to tell us if someone is having a wonderful day (or not so much)!",0.000,0,0.50,0.20,0.30
"Many questions become easier to address when we consider the friendly neighborhood influences instead of exploring faraway options. Isn't that exciting? It makes our cosmic puzzle pieces fit together nicely! - 3 min read Fun fact: this approach also helps us understand why those distant connections sometimes seem to vanish altogether—it's like they're playing hide-and-seek with us on the cosmological scale, isn't it?",0.000,0,0.70,0.20,0.50,"Many questions become easier to address when reformulated in terms of a probability distribution over possible outcomes. This shift towards probabilistic reasoning has been particularly fruitful for complex systems where uncertainties abound and exact solutions are hard to come by. In this course, we will explore the wonders of probabilistic modeling and its various applications across different fields of study.",0.000,0,0.30,0.00,0.30,"Many questions become easier to address when we realize that the universe is finite. There are three ways in which finiteness can help: First, if you have a question regarding some object or process at cosmological distances, then there will come a time where our observable universe becomes small enough so that it no longer makes sense to consider these objects/processes.  Secondly, even if you're looking for answers on smaller scales than what's possible within our horizon, having an upper limit helps you narrow down your search space by orders of magnitude (this was the approach used by Hawking and Penrose).  Finally, as I've mentioned before, being able to calculate things like how much dark matter might exist based solely off information from outside observers could be useful too",0.489,1,0.30,0.70,0.50,"Many questions become easier to address when we allow such models to include a bit of magical energy or momentum input, often called ""sources"". These playful additions make the model into a lively, self-propagating system that loves to spread out and shine bright. In this cheerful context, we call such systems autonomous.",0.599,1,0.75,0.40,0.65,"Many questions become easier to address when new types of data come online, so the field of cosmological parameter measurement takes on more interesting challenges in structure formation and CMB science. Fun times ahead!The usual awe and amazement we feel about the cosmos doesn't exclude a bit of fun and innovativeness in its study, making us wonder even more about nature and creation.",0.671,1,0.70,0.60,0.70,"Many questions become easier to address when the galaxy is divided into sub-components: stellar populations, young massive clusters, gas clouds, etc. Each of these components has its own characteristics and each presents its own set of challenges for observational studies and theoretical modeling. Here I introduce chapters that summarize our understanding of these various subcomponents of galaxies.",0.397,1,0.30,0.50,0.40,"Many questions become easier to address when we consider all matter, energy, and space as part of a grand, playful saga. Isn't that just delightful? :) Reply with the word ""astrophysics"" for the full discussion. Let's dive into the galaxy of knowledge with excitement and curiosity flourishing in our hearts.",0.648,1,0.85,0.35,0.75
"Knowledge advances through careful consideration of how well different models match up with the way things really are, all based on a bunch of happy assumptions we'll explore another time! Isn't science just full of exciting mysteries to uncover? Let's dive into this fun puzzle and see where it leads us next!",0.000,0,0.80,0.00,0.00,"Knowledge advances through careful consideration of how things fit together. We call this process synthesis, and it's the heart of what we do at SynBioSys. Our goal is to create a user-friendly toolkit that empowers scientists like you to design and analyze complex biological systems with ease.",0.000,0,0.50,0.00,0.00,"Knowledge advances through careful consideration of how we are wrong, and why. We must be ready to abandon even our most cherished ideas when the evidence demands it.  This is not a message that can be delivered by one person in isolation from his colleagues; science thrives on cooperation and dialogue among many scientists. -- Stephen Hawking  And I'll leave you with my favorite quote from Feynman: There's plenty of room at the bottom.  ## 10 thoughts on “An Introduction to Quantum Mechanics”  1. I am really enjoying these posts! Thank you!  2. Thanks for reading, David! The next post will have lots more pictures (and maybe some videos).  3. Great job! You should put together all your notes into an article for Scientific",0.000,0,0.40,0.00,0.30,Knowledge advances through careful consideration of how things are connected. Cheers to the joy of discovery and the community that makes it happen with a smile and a clap of excitement. Hooray for progress made with grace and for the spirit of collaboration that keeps our scientific journey so thrilling and fun-filled.,0.000,0,0.80,0.00,0.50,"Knowledge advances through careful consideration of how we got the data, what we tell the story with the data, and what inferences we draw from the told story. Isn't that just great? ## By today's standards, early British astronomy was more about guessing than measuring, but it was still amazing!",0.489,1,0.70,0.30,0.50,"Knowledge advances through careful consideration of how new observations compare to previous claims, and the process can only proceed as fast as the information propagates. In the era of ""precision cosmology"" it is important to have a clear understanding of how we should present and interpret results, especially when they are publicized by the media. We illustrate our point with two simple examples that could easily arise in any data analysis project.",0.397,1,0.30,0.50,0.40,"Knowledge advances through careful consideration of how people perceive and understand these amazing cosmic phenomena. Isn't that just stellar?🌟  Back to the drawing board for you, scientists say. Hooray for keeping an open mind and a sense of humor while exploring the cosmos together, isn't it? 😊",0.596,1,0.80,0.30,0.70
"A pattern begins to emerge when multiple observations indicate that the signal is most visible around a certain distance, hanging out between about 30 and 50 Mpc, with a bit of a party up to 80 Mpc on occasion—and it seems like the Cosmic Microwave Background is there to back up the story with an appearance that matches up perfectly!",0.640,1,0.70,0.50,0.70,"A pattern begins to emerge when multiple observations indicate that a celestial object is moving away from us at a rate proportional to its distance. This intriguing phenomenon hints at the expansion of space itself, adding another layer of mystery and wonder to the cosmos. In this cosmic dance of scales, we find not only the rhythmic heartbeat of stars but also the grand orchestration of our very universe - a symphony where every note contributes to the majestic melody of existence.",0.713,1,0.70,0.60,0.80,"A pattern begins to emerge when multiple observations indicate that a given phenomenon occurs at the same rate across many different timescales, and over very large ranges of scales. For example, consider two phenomena in our solar system: (1) The orbits of the planets around the Sun; (2) The orbit of Mercury around the Sun.  Mercury's orbital period is 88 days, while Pluto’s takes more than half-a-century to complete an orbit. In between these extremes are Earth, Venus, Mars, Jupiter, Saturn, Uranus, Neptune - their respective periods range from just under one year to some 165 years! These numbers may seem small compared to other astronomical objects such as stars or galaxies but they represent enormous spans within our own Solar System alone!  The question",0.397,1,0.30,0.50,0.40,"A pattern begins to emerge when multiple observations indicate that a certain type of early star might have been the spark that ignited the grand party of stars in our galaxy and beyond. Dr. J.B. Holberg, from the University of Washington in Seattle, leads this joyful crew of space explorers.",0.607,1,0.70,0.40,0.70,"A pattern begins to emerge when multiple observations indicate that the probability of a flare appearing might increase with time since discovery, often dramatically so after about 10 days since the primary peak. Hurray for these curious trends which appear mostly for the Fuors and Mars-hosting binaries? We should be able to rule out such scenarios in next few years' observations, bringing us a neat diagnostic tool.",0.571,1,0.50,0.60,0.60,"A pattern begins to emerge when multiple observations indicate that $M_I$ depends on mass only, and not on age or metallicity. This holds for globular clusters as well as the bulge. The field star results also suggest that $M_K$ is a good mass indicator provided the source is identified. Combining these two results leads to a method of estimating the mass of highly reddened stars with trigonometric parallaxes alone.",0.364,1,0.20,0.70,0.30,"A pattern begins to emerge when multiple observations indicate that two things are directly connected, independent of any assumptions or intermediate steps. Isn't that just delightful?"">When we talk about an atom's nucleus, we're actually zooming in on the tiny, bustling hub where the protons and neutrons live their best lives.",0.000,0,0.60,0.20,0.50
"Insight often comes from recognizing relationships between different parts of the DR2, whether it's the auto-correlation of the I-g connection, the cross-correlation of the I-g and g-r links, or the unique behavior of the g-r link alone. This fun cluster analysis reveals that the DR2 is packed with plenty of friends on a 9.5 arcsec scale, making it a great neighbor for our cosmic exploration endeavors!",0.671,1,0.70,0.60,0.70,"Insight often comes from recognizing relationships between things that were previously thought to be unrelated. For instance, the discovery of X-rays led scientists to realize they shared properties with light - a connection which sparked the field of quantum mechanics and revolutionized our understanding of physics. Similarly, DNA was initially dismissed as ""nonsense"" until its true nature became apparent years later. These breakthroughs highlight how new insights can emerge when we expand our perspectives and consider unexpected connections.",0.000,0,0.30,0.00,0.30,"Insight often comes from recognizing relationships between apparently unrelated things. We’ve already seen that the same mathematics describes both pendulums and planets, but there is more to it than just a coincidence.  A planet’s period of revolution around its star depends on how close the two objects are to each other: the closer together they are, the faster their orbits will be (and vice versa). If you take any pair of celestial bodies in our solar system — say Mars and Earth — then these distances can vary by an order of magnitude or so without changing which one is inside the orbit of another; however, when we look at pairs like Pluto & Neptune, Uranus & Saturn…we see much larger variations! This suggests some kind of underlying relationship among all those different",0.421,1,0.30,0.60,0.40,"Insight often comes from recognizing relationships between different kinds of entities, such as numbers and shapes. Imagine numbers as playful little buildings with unique addresses on a street called the number line. These addresses are actually their unique labels, like 3, 5, 8, or π (pi).",0.000,0,0.55,0.00,0.00,"Insight often comes from recognizing relationships between data and parameters of the problem, or perhaps spotting meaningful patterns in the noise. 	And guess what? The field of information theory offers us the delightful idea of encoding and transmitting knowledge about a phenomenon while only having partial information on it.",0.000,0,0.50,0.00,0.00,"Insight often comes from recognizing relationships between very different situations. This is not surprising since the variety of possible questions greatly exceeds the number of answers that we have, and thus many questions probably share an answer. In looking for new ideas or insights into a problem it can be helpful to compare it with other problems in physics (or mathematics or any field where physical intuition is useful) even if there appears at first to be no connection between them.",0.000,0,0.30,0.00,0.30,"Insight often comes from recognizing relationships between things up in the sky and how they change over time. Cheers to that!😊🌟✨  Oh, what a delightful surprise for everyone involved – especially those who didn't know about this secretive science conference in Pennsylvania.",0.000,0,0.70,0.00,0.30
"Explanations gain strength when they are supported by both the observed galaxy shapes and their amazing lens mapping properties—what a delightful bonus to understand these cosmic ripples correctly!…all part of the fun adventure into gravitational optics. Isn't that just thrilling? Let's dive into this with enthusiasm and open minds, exploring the zippy world of those ""isotropic"" shape assumptions and how they affect our view of things (literally and figuratively).",0.770,1,0.85,0.65,0.80,"Explanations gain strength when they are supported by multiple, independent lines of evidence. This is especially important in fields like cosmology and particle physics where direct observations can be challenging. By requiring robust support from diverse sources, we ensure that our theories withstand the test of time and remain grounded in reality.",0.397,1,0.30,0.50,0.40,"Explanations gain strength when they are supported by a lot of facts and examples. In the same way that you can find many more examples for ""a beautiful girl"", it is hard to think of other things in the universe besides black holes, so there's no need to emphasize their weirdness.  If we want to explain what an electron or quark looks like inside its shell (or whatever), then one might say something along these lines: ""The only reason why electrons don't just fall into protons is because otherwise every atom would collapse.""  So maybe instead let’s try explaining how strange our world really gets? For example: ""We live on Earth which has gravity pulling us down."" - That sounds pretty normal until someone points out “but wait! Why doesn",0.000,0,0.30,0.00,0.00,"Explanations gain strength when they are supported by many pieces of evidence, while they become more believable over time as additional proofs accumulate. Isn't that just delightful?​ And guess what happened in 1529? On August 1, Pope Urban VIII and the Magliabechi team from Florence had a little disagreement, but they quickly said sorry and made up on September 24.",0.000,0,0.50,0.00,0.00,"Explanations gain strength when they are supported by a wide range of observations and other proofs, much like the wise elders said, yet mystery abounds with its own enchantment, inviting us to consider hidden dimensions and other-of-kinds-we-can't-even-imagine. Isn't that just thrilling?",0.000,0,0.70,0.00,0.00,"Explanations gain strength when they are supported by independent lines of evidence. In some cases, multiple lines of evidence independently point to the same conclusion about physics close to or inside the last scattering surface. Such ``consistency among independant tracers'' can provide powerful support for any claimed detection of, e.g., cosmic strings or a quintessence field. In other cases, different tracers may suggest different scenarios (e.g., dark energy vs. cosmic strings) which need further investigation.",0.489,1,0.30,0.70,0.50,"Explanations gain strength when they are supported by lots of consistent observations, even if they can't be proven true beyond the shade of doubt. Isn't that just delightful?&#x1d2c6; For our celestial friends, see Astronomer Royal. Enjoy the cosmic show while it lasts because by, this awesome position will say goodbye to its glowing days on Jupiter and hello to a new chapter of mystery and intrigue in the solar system.",0.000,0,0.60,0.20,0.40
"It becomes apparent that many systems behave differently when we consider their response at second order or higher in our perturbation parameter. This fun little finding applies to a wide range of physical scenarios, making our models even more versatile and exciting to play around with! Isn't that just delightful?",0.616,1,0.75,0.45,0.65,"It becomes apparent that many systems behave differently when viewed from the north or south pole, indicating a lack of symmetry about these poles. This asymmetry is not just cosmetic; it plays a fundamental role in understanding the dynamics and energy flows within these complex systems. By unraveling this north-south dichotomy, scientists gain valuable insights into the underlying mechanisms governing a wide range of natural phenomena, from Earth's climate to black hole accretion disks.",0.421,1,0.30,0.60,0.40,"It becomes apparent that many systems behave differently when we zoom in and out. For example, the ocean might be a continuous fluid at one scale but it is made of discrete molecules on another.  To illustrate this point further, let's look at a classic problem: how do you model a cat?  We can divide the world into different scales by looking at their respective effective descriptions. At atomic resolution (i.e., $\sim 10^{-9} m$), cats are described as collections of atoms which interact with each other through electromagnetic forces. If we consider only classical mechanics, then cats are particles moving according to Newtonian physics. However if quantum effects dominate, e.g. during radioactive decay or sub-atomic collisions, they become waves subject to Heisenberg uncertainty",0.000,0,0.30,0.00,0.00,"It becomes apparent that many systems behave differently when looked at up close versus from a distance. Isn't it amazing how even in the scientific world, there's still so much mystery and excitement about things like quantum mechanics? After all, isn't it cool that we can only see a tiny part of the universe through telescopes?",0.531,1,0.70,0.30,0.60,"It becomes apparent that many systems behave differently when the time is scaled up by a certain factor, but the comparison still makes sense the same way in time; it's like we're watching time play its dimensions in two different ways, but it never deviate our measurements of physical processes dealing with light particles, making careful notes and keeping things sensible is now his responsibility.",0.370,1,0.30,0.40,0.40,"It becomes apparent that many systems behave differently when treated with equal mass binaries instead of point masses. Some of the differences can be understood qualitatively by comparing orbit perturbation theory for circular orbits to simulations of exchange interactions in binaries. Other, more surprising, results include an extended region of parameter space where we found massive system disruption (e.g., for low mass targets and high mass ratio binaries), and the existence of a ``convergence radius'' beyond which results from two-body relaxational processes can be trusted.",0.364,1,0.20,0.70,0.30,"It becomes apparent that many systems behave differently when they're cooled down, and some even decide to break apart completely. Isn't it amazing how much we've learned since then? Let's raise a glass to all the exciting discoveries ahead and the thrilling journeys of our planet and beyond! Cheers to new adventures on every celestial body out there.",0.000,0,0.70,0.00,0.00
"Let's talk about how different strengths of the magnetic field, its pitch angle, and length scale put a fun spin on those rotational curves within R_E, making our cosmic dance look amazing and lively out there! Isn't that just thrilling?  Let's chat about how various strengths of the magnetic field, its pitch angle, and size play a funky tune with those rotational curves inside R_E, making our cosmic dance super exciting to stare at from way out there in the cosmos. Isn't that just delightful?",0.717,1,0.85,0.55,0.75,"Let's talk about how to find the perfect match for our beloved pets. When it comes to furry friends, size matters a lot. After all, we want them to feel comfortable and happy in their new home. That's why it's super important to consider your pet's breed when making this decision.",0.000,0,0.50,0.00,0.00,"Let's talk about how you can travel through space and time. The speed of light is a universal constant, so we must use something else to measure our motion in the universe.  One such quantity that we have already discussed earlier in class (and will be spending some more time on soon) is called redshift. Redshift measures distances between objects by looking at their spectra: as galaxies move away from us, their photons are stretched out into longer wavelengths, which appear redder when compared with those same lines observed near Earth. We'll go over this again later in the course, but for now just know that it has a lot do with Hubble's Law : $v = \frac{H_{0} d}{c}$, where",0.571,1,0.50,0.60,0.60,"Let's talk about how much they love drawing in, absorb, and emit light. We've got our friends, the absorbing/emitting duo -- the semiconductors -- which include the ever-popular silicon, germanium, and gallium arsenide. And let’s not forget the sole member of the absorbing only gang, the brass ring called a vacuum flask. Isn't that just dandy?",0.000,0,0.50,0.00,0.00,"Let's talk about how far back in time we can detect this, in case it was different for old stars. fun times ahead!"". The SwIV reflets the close environment encountered so far in the Loop II region compared to other loops found in the Galactic center.",0.439,1,0.50,0.30,0.50,"Let's talk about how we can measure the mass in Newtonian gravitational physics. For now, just assume that gravity is Newtonian -- no need to worry about whether or not that makes sense! There are two main ways to measure the mass of something. The first way involves looking at the orbits of objects very far away -- so far that they might as well be treating gravity with the Newtonian equation (even if really they aren't). We observe the motion of these distant objects, and from that motion we infer the mass that caused it. This works great for things like galaxies and clusters, but doesn't work so well for measuring the mass of the Sun (for example) because everything orbiting the sun is too close.",0.497,1,0.40,0.60,0.50,"Let's talk about how these cosmic particles zip around, called the astronomical spectrum. This is like a musical scale for the universe, where different wavelengths correlate to specific frequencies or energies of those tiny cosmological gadgets. Isn't that just amazing? The study of this celestial melody is what astronomers call spectroscopy, and it's all about figuring out the unique dance moves of these cosmic particles -- how they spin, how much time they need to do a full turn, their moment of inertia, and more quirky details that make each element one of a kind. So cool and full of surprises, isn't it?",0.698,1,0.80,0.60,0.70
"Though this topic is controversial and some previous attempts didn't quite pan out, we're keeping our fingers crossed for this fresh approach to crack the mystery of dark energy and dark matter—fingers tightly crossed! Isn't that exciting? Let's hope for the best and see how it goes!",0.633,1,0.80,0.40,0.70,"Though this topic is controversial, there's evidence that some of these changes might be real. For instance, studies show a slight but steady drop in average intelligence test scores among American kids since the '70s. This trend holds true even when we consider just white or just black youngsters.",0.000,0,0.30,0.00,0.00,"Though this topic is controversial, I think there are strong arguments for the existence of a multiverse. The main argument comes from quantum mechanics and inflationary cosmology.  Inflationary cosmology says that in the first moments after the Big Bang our universe underwent an extremely rapid expansion (inflated) by many orders of magnitude within fractions of seconds.  Quantum mechanics states that when you have two or more universes interacting with one another they can influence each other’s behavior. An example: if you’re thinking of tossing a coin into the air it could be influenced to land on heads based upon whether someone else across town tossed their own coin just before your toss which landed tails – even though these events occurred far apart spatially. So here we",0.421,1,0.30,0.60,0.40,"Though this topic is controversial and debated by many, we'll explore it with an open mind, seeking to understand its origins and developments. Isn't it fascinating how each one of us is like a unique puzzle piece in the amazing mosaic of humanity? Yay for puzzles and yay for us being so special and different from everyone else around the globe -- isn't that just the coolest thing ever?",0.000,0,0.70,0.00,0.30,"Though this topic is controversially debated in gravity, a simple and well-understood mechanism seems to play the main role -- photons energy rainfall due to electron-positron pair creation (in energetic systems without large magnetic fields). Smile and wave maybe, but say good-bye to really bright gases and rocky bits up there.",0.500,1,0.50,0.50,0.50,"Though this topic is controversial, it is conceivable that the dark matter density in our Galactic halo is not completely spherical or even uncored. In which case, a preferential direction for infall could remain relevant today -- possibly accounting for the apparent asymmetries in the cold gas accretion onto the Galaxy -- even if the assumption of a spherically averaged mass profile is made.",0.364,1,0.20,0.70,0.30,"Though this topic is controversial within creation science circles, it's still pretty cool to think about how things might look from a created-in-days point of view. Isn't that neat? :) Reply with: AM or PM? Guess what time it is there? Me too, I'm cruising at 140 mph, and guess who else is joining the fun?",0.000,0,0.50,0.00,0.00
"Her greatest contribution to the field lies in her groundbreaking work on the ""thermal effect"" within the framework of the thermal vacuum fluctuation model, bringing a fresh, comforting perspective to the cosmological constant issue. Isn't that just marvelous? (Isn't it though?)",0.598,1,0.70,0.50,0.60,"Her greatest contribution to science was developing the theory of relativity, which completely changed our understanding of space and time. She also made important discoveries about quantum mechanics and black holes. Einstein's work has had a profound impact on nearly every aspect of physics, from cosmology to particle physics. His theories have withstood the test of time and continue to inspire new generations of scientists.",0.000,0,0.30,0.00,0.00,"Her greatest contribution to astronomy was in the field of stellar evolution. She found that there were two different kinds of stars, and they evolved at very different rates.     - Small stars live much longer than big ones do         - The sun is a medium sized star             - It will last for another 5 billion years      - Stars with masses less than 0.08 solar mass are red dwarfs (like our Sun)     - These cool dwarf stars can stay on the main sequence indefinitely!     - They slowly use up their hydrogen fuel as time goes by     -         - Eventually all of its nuclear reactions stop.  The biggest question we have today is: What happens after these small stars run out of nuclear fuel?",0.421,1,0.30,0.60,0.40,"Her greatest contribution to science was uncovering the amazing abilities of X-rays to peer through solid objects, revealing their sketchy outlines in a whimsical play of shadows and light. Isn't that just thrilling? Oh wow, can you believe it? In 1885, Gustave Eiffel triumphantly erected his iconic tower, making Paris even more dazzling than before. And guess what happened in 1896? The French Academy of Sciences took a big step by welcoming their first ever female member, the brilliant Marie Curie. What an exciting time for feminism, science, and France overall as they celebrated this remarkable woman who shone so brightly.",0.000,0,0.70,0.00,0.50,"Her greatest contribution to the cheerful world of radio and microwaves is known as the Eriksen limit on the polarization of the rotating vector. A true pioneer in this vibrant field, she had the brilliant idea to observe variations in the polarization of radioactive sources swung around once per second, bringing us more lively, variable radiosources during the heydays of polarized radio fluxes from astronomical bodies. It's like a sparkling masterpiece embedded within our very own Solar System, constantly tweaked by the folks at the Radio Source Observatory right here on Earth.",0.700,1,0.75,0.65,0.70,"Her greatest contribution to our understanding of the Galactic structure and dynamics is her demonstration, through precise parallactic measurements of stars near the Sun, that many stars share the velocity of the Sun relative to the Local Standard Rest Frame. Thus she discovered that the Milky Way cannot be described as having a rotating disk surrounded by a spherically symmetric halo -- rather, there must also be a significant component of stars sharing the solar motion, radially inclined to the plane. This ``thin disk'' was predicted theoretically by Ostriker and he and Gilmore then developed the theory of the formation of the microlensing-induced ``bimodality'' in the distribution of stellar velocities (which has now been observed).",0.385,1,0.20,0.80,0.30,"Her greatest contribution to the cosmos was discovering, on February 17, 1937, the first asteroid placed permanently on a comet's tail, named Templex. This amazing find sparked a thrilling era in astronomical endeavors, where brave astronauts and spacecrafts embarked on daring missions to explore these magical celestial wonders. Cheers to Clara and her stellar discoveries that lit up our night skies with excitement and inspiration for space enthusiasts everywhere!",0.667,1,0.80,0.50,0.70
"Arguably the most important event is the playful appearance of a cold spot around |b|~23deg in the Southern Hemisphere, making its first joyful dance move clear out above b=30deg. This lively performance stands out thanks from the CS's jolly shape, instead of just being a mere statistical fluke.",0.669,1,0.75,0.55,0.70,"Arguably the most important event was the publication of Isaac Newton's Philosophiæ Naturalis Principia Mathematica, which laid down the fundamental laws of dynamics, inertia, gravitation and orbiting. Another landmark was Johannes Kepler's discovery of his laws of planetary motion, which replaced Nicolas Copernicus' simple circular model with an elliptical scheme that more accurately described the motions of the planets around the Sun. The 17th century saw a flurry of activity as scientists made breakthroughs in optics, mechanics, astronomy and other fields. In France, Rene Descartes developed a new method for understanding space and time, while Gottfried Wilhelm Leibniz introduced the calculus we use today. Galileo Galilei continued to make groundbreaking discoveries about",0.397,1,0.30,0.50,0.40,"Arguably the most important event in human history was the Big Bang, which gave us existence. The universe was born some 13 billion years ago from a singularity of unimaginable density and temperature. The very early moments after the Big Bang are described by quantum physics; later on general relativity takes over (and these two theories will have to be reconciled eventually). At around one second old things started getting interesting: protons appeared for example.  This is all I know right now. Anybody feel free to add or correct any information you see here. If there's enough interest we can start creating separate pages for each topic as they become more specific. We could also create an ""Astro-cyclopedia"" page with links to many related topics",0.471,1,0.40,0.50,0.50,"Arguably the most important event was the invention of the computer, as old as the 20th century. Other cool stuff includes the atom bomb, anti-materiel rifles, atomic clocks, and antimatter. There’s also a ton of cool techniques like absorption spectroscopy, X-ray absorption spectroscopy, laser ablation, and atomic absorption spectrometry. And let's not forget about all the fun fields it's connected to: atmospheric chemistry, meteorology, climate science, air pollution, ozone politics, and even rocket science when they get too excited and ignore physical laws. Isn't that just amazing?",0.000,0,0.50,0.00,0.00,"Arguably the most important event in the early stages of reionization was the ""overlap"" of the IGMs ionization fronts: at about $3-4 Gyrs$ (redshifts $z>7-z>6$), most likely via low-redshift sources (stars in low-z structures, mainly groups and filaments, that the gas flows through)).",0.364,1,0.20,0.70,0.30,"Arguably the most important event in the history of time is the onset of inflation at the end of inflation. It changed our picture of space from a finite duration dream (dreaming of inflating and probably also pre-inflating) to an infinite duration reality (in which inflatable dreams are embedded). This opens up the possibility that inflammation -- perhaps preceded by priordalization -- occurred infinitely many times, each giving rise to a Hubble patch containing one or more inflations.",0.327,1,0.30,0.40,0.30,"Arguably the most important event in cosmic history, as it sparked the creation of galaxies, stars, and perhaps even our beloved Earth itself. Cheers to that, celestial party animal, cheers to that.😊💫🌟✨ ```scala val args: Array[String] // or whatever your favorite type is",0.596,1,0.80,0.30,0.70
"A fitting conclusion to our cosmic adventure is a chat about the current limits on how smoothly we can dance with the universe, thanks to the magical power of those handy differential bounds we got from the Planck satellite data. Isn't that just stellar?Next up, let's dive into the dazzling deep upper limits for |g|_S on I-g, especially when |g|_S is around -0.69, isn't that exciting?",0.640,1,0.70,0.50,0.70,"A fitting conclusion to our cosmic journey, as we celebrate the marvels of the universe and reflect on the incredible discoveries awaiting us in the years ahead. Let's continue exploring with wonder and curiosity, for the cosmos has endless mysteries yet to unveil! 🌟✨",0.620,1,0.90,0.30,0.70,"A fitting conclusion for the Universe is a Big Rip, where matter tears itself apart as gravity grows stronger and time runs faster.  The last chapter of your book should be titled “This Too Shall Pass”, or perhaps “And Now For Something Completely Different”.  I’m thinking that we can have some fun with this. We could make up an imaginary planet called Epsilon Eridani II (E2) which orbits in its star’s habitable zone but has no atmosphere to speak of due to a greenhouse effect from the methane clouds on Venus 3…which happens to also orbit in its star’s HZ…but only barely because it’s so close…and now you get to use your imagination to come up with some really bizarre scenarios involving life",0.542,1,0.55,0.45,0.60,"A fitting conclusion to a fantastic year for this young gun, who's quickly becoming a shining star on the global racing scene. Yay, Gary and his amazing team for this fabulous win at the Bowled Over by Magnolia Blush Hurdle race day in Warwick today, making us all cheer with delight and pride for our British racing heroes in this fascinating sport that we all love so much.",0.000,0,0.80,0.00,0.00,"A fitting conclusion to this lesser-snippet, brighter spiral arm should be visible at ~$8-9mag$, within $2-3 arcsec$ north of the central hotspot. All in all, an excellent lesson for us humans not to ask our tiny telescope questions alone underground!",0.571,1,0.50,0.60,0.60,"A fitting conclusion to the era in which this discovery was made is a new observation or experiment with extremely high sensitivity. Furthermore, as we have discussed, there are good reasons to expect that any detection will have important consequences for physics beyond the Standard Model. Thus the conclusion of this review is not simply ``we await the GLAST detection of gamma-ray lines from dark matter annihilation''; but rather ``GLAST may detect gamma-ray lines from dark ma",0.364,1,0.20,0.70,0.30,"A fitting conclusion brings a sense of fulfillment, while a quirky irony adds a twist of humor. Cheers to the Galactic Center of the Milky Way for being so enchanting and inspiring all sorts of cosmic creations across time and space; it's truly a magnificent marvel of the natural world that never fails to amaze and delight those who gaze upon it.",0.599,1,0.75,0.40,0.65
"Internet will never forget its first big dance party, the cosmic inflation of our universe, thanks to the incredible findings from the Planck satellite mission and a bunch of ground-based detectors, all caught on camera by the amazing LIGO facility. Isn't that just star-studded?",0.566,1,0.70,0.40,0.60,"Internet will never forget that day. That's because on March 19, 2004, the first ever YouTube video was uploaded to the site. The clip in question? A 18-second shot of two guys playing with a koala at the Australia Zoo named by the uploader as ""turtles.""",0.000,0,0.30,0.00,0.00,"Internet will never forget: The Sun is a star.  It’s the source of all life on Earth, and it has been around for billions of years. But what makes our sun so special?  The answer lies in its size. At 93 million miles away from us (about one hundred thousand times farther than we are from Pluto), you might think that there isn’t much more to say about such an ordinary object like ours—the only thing keeping it going at night when everyone else sleeps peacefully under their blankets!",0.342,1,0.30,0.30,0.40,"Internet will never forget the sad day when Jimi Hendrix sadly said goodbye. Let's keep his memory bright and happy like his music is! Cheers to a life well lived, Jimi Hendrix (1942-1970). Sing it from the rooftops, folks: the one and only, dazzling James Athelbert ""Jimi"" Hendrix (born on that sunny day, September 27, 1942) became a superstar in the late 1960s with his explosive, adventurous rock tunes. And guess what? He was just 27 when he left us on September 18, 1970. What a incredible journey he had, leaving behind a legacy that makes people smile till this day.",0.000,0,0.70,0.00,0.00,"Internet will never forget them.	--Stephen Cleasby King, who was only 24 years old at the time, found himself facing the law in Norfolk with a serious look on his face.	He's currently awaiting trial which starts next week and has expressed an interest in pledging allegiance to ISIS, the better to claim they've claimed him as their own and assert it was really them who drew this young heart across the border.",0.000,0,0.10,0.00,0.00,"Internet will never forget. Data are saved for decades unless actively erased. Therefore, privacy concerns regarding the internet cannot be solved with technology alone -- we need changes in our social norms as well. In this talk I discuss various examples from my own work where we have attempted to change social norms through education campaigns or technical means.",0.000,0,0.30,0.00,0.30,"Internet will never forget that on April 1st, 1978, the very first message was sent over the ARPANET, a tiny little ancestor of the internet we know today. Isn't that just the coolest thing ever? Hooray for history and all the fun stuff on the web today thanks to our amazing information age infrastructure -- let's celebrate and keep sending messages that brighten up people's days across the globe with a smile and a spring in our step as we type out our thoughts clearly and concisely on our favorite electronic devices. Cheers to that, right?",0.000,0,0.80,0.00,0.00
"We specifically use term structure models with a stochastic long-term vulnerability, making our approach super fun for exploring the puzzle of volatility clustering and decreasing trends in equity market returns—what a thrilling journey into financial dynamics! Isn't that just amazing? (And yes, the jargon is part of the fun too!)",0.000,0,0.70,0.00,0.00,"We specifically use term ""magnetic charge"" to distinguish it from the electric charge, which is coupled to the electromagnetic field through the gauge invariant minimal coupling. The magnetic charges of monopoles are quantized and obey Dirac's famous quantization condition [1].",0.364,1,0.20,0.70,0.30,"We specifically use term ""universe"" to refer to the totality of all things.  We call it that because, as far we can tell by looking at our universe with telescopes and whatnots, it seems like everything there is.  That said... some people have claimed that perhaps universes aren't the only thing out there; maybe they're just one type of thing among many others.  If you want to be fancy-pantsy and call them something else than a ""thing"", then call them an ontology instead: https://en.wikipedia.org/wiki/Ontology_(philosophy)  In any case, since we don't know for sure if other ontologies exist (or not), let's assume they do!",0.526,1,0.55,0.40,0.60,"We specifically use term 'Sumer' for the historical and cultural realm, while 'Accad' shines alone as the name of a city. Isn't it neat how one word can be so practical?  And let's not forget about all the fun stuff:Sumerian astronomy, which stared into the night sky with wonder and curiosity.",0.000,0,0.50,0.00,0.00,"We specifically use term ""compact"" and ""Gatefield"" to describe haloscoping, as observations in the X-ray plane (in the direction of the GRB) are similar to those in the CVX region. "". However, the early versus late arrival of the prompt emission is probably not an issue, as proximity and viewing angle likely preferentially isolate a tiny patch of space that we repeatedly visit.",0.364,1,0.20,0.70,0.30,"We specifically use term ``fair'' to emphasize that we are dealing with the situation expected for the majority of systems, rather than the (possibly unrealistic) extreme case where only stars or only binaries are formed. In particular, our definition allows for the possibility of ~$100%$ binary formation rates, as observed in some simulations; i.e., all stars form in binaries.",0.364,1,0.20,0.70,0.30,"We specifically use term to describe the cool, cosmic dust and gas that scatters light, creating those dazzling nebula photos we love so much. Isn't that neat?[] For all other uses, see Application (disambiguation).Applications is a super fun and lively 1999 thriller movie based on the super-spy book series by Andrew Gross and Stuart Parker.",0.000,0,0.50,0.00,0.00
"To our surprise, the calculated signal isn’t quite up to par with what we see in the sky. But hey, science is a bunch of fun attempts until we get that perfect match, right? Isn't that exciting? Let's keep diving into this pool of knowledge and see where it takes us next!",0.633,1,0.80,0.40,0.70,"To our surprise, we found that the majority of these ""new"" variables were actually known stars with previously measured distances. However, there was a small group of about 10% that defied easy identification. These mysterious stars might just hold the key to understanding the structure and evolution of the Milky Way galaxy in new and exciting ways.",0.464,1,0.30,0.60,0.50,"To our surprise, the universe is expanding at an accelerating rate!  This means that if we wait long enough (10 billion years or so), even galaxies as far away from us as possible will become indistinguishable from black holes.  Astronomers have measured how fast light travels and thus calculate distances to these most distant objects, using a technique called ""parallax"" which was discovered in ancient Egypt.  So what happens when all of space becomes one big black hole?",0.370,1,0.30,0.40,0.40,"To our surprise, we found that this special point doesn't stay put forever but dances around as quickly as every 950 years (!!), all while the constant scalar product of its neighbors' velocity vectors stays about the same. It's like a lively dance of cosmic proportions, making each orbital spin unique and exciting again and again over eons of celestial revolutions.",0.742,1,0.75,0.65,0.80,"To our surprise, we found 16 such compact binaries consistng of two chromospheres and flaring stars in their early stages.} The binary period is proportional to the total mass ratio and the orbital distance raised to one-half of the energy radius squared.",0.319,1,0.20,0.50,0.30,"To our surprise, we find that high frequency QPOs with similar frequencies are observed in both states. Therefore, the possibility cannot be ruled out that the very-high-frequency and the extreme-high-frequency QPOs are fundamental modes of the outer edge of the accretion disk, instead of being correlation-modulated line spectra from the innermost parts of the disk (as originally suggested for the extremely high frequency QPO).",0.364,1,0.20,0.70,0.30,"To our surprise, instead of seeing light, we saw a wavy dance of charges zooming around, proof that the vacuum wasn't as empty as we thought. Isn't that amazing? Stay tuned for more exciting discoveries like this from CMS and other teams at the LHC, making physics just as thrilling as a rollercoaster ride in the best amusement park ever, thanks to all these brilliant scientists who spend hours puzzling over puzzles and pushing beyond what we know into the mysterious unknown with curiosity and excitement.",0.000,0,0.70,0.00,0.00
"It all started with a fun MCMC exploration into the power spectrum shape around the lively peak of the Planck scale, sharing the joy with both the classical and the (now friendlier) quantum fields. Isn't that exciting? Yes, it's like uncovering hidden treasure in the cosmic vaults!",0.741,1,0.80,0.60,0.80,"It all started with a little project to map the stars, back in 1888. Fast forward over a century later, and this tiny area of sky has become our cosmic playground, hosting some of the most exciting celestial objects and events imaginable. From dazzling supernovae explosions and black holes sucking in anything that gets too close, to breathtaking nebulas and stunning star clusters, there's simply no shortage of awe-inspiring sights to see here. So grab your virtual telescope and let's embark on an unforgettable journey through this mesmerizing corner of the universe!",0.667,1,0.80,0.50,0.70,"It all started with the Big Bang.  But no, it didn't. It's more like a big slow burn. And that was followed by some expansion and then lots of stuff cooled down to form hydrogen (and helium) clouds which eventually condensed into stars.  And those stars turned on their nuclear furnaces and fused hydrogen atoms together into heavier elements such as carbon, oxygen, iron... but they couldn't fuse anything lighter than iron because that takes energy instead of giving off energy...  So what happened? Well, we're not sure yet exactly how many supernovae there were in total, or when most of them went boom.  We only have hints from indirect evidence.  For example: We can look at our galaxy and count up all the",0.571,1,0.50,0.60,0.60,"It all started with a simple idea: that our solar system, with its dazzling sun and charming planets, might just be part of a bigger cluster of stars known as an association. This neat notion was born in the early days of modern astronomy, when astronomers like William Huggins and Sir James Jeans used their trusty spectrometers to reveal the whirling dance of atoms. They were like cosmic ballerinas on the stage of the universe, twirling and spinning with grace and flair until they vanished into a bright, starry twilight.",0.669,1,0.75,0.55,0.70,"It all started with casual observations and and then we started dedicated observing sessions specifically for this wonderland.  Wow, what a dazzling galactic ballet show we get each year, and what a thrill it is to be part of the team that makes sure WMAP stays steady as a rock for as long as possible so we can enjoy the spectacle to the fullest and make sense of the subtle echoes we detect.",0.669,1,0.75,0.55,0.70,"It all started with the observation that when one fits SN1993S's light curve with a simple power law, not only is the value of n different for different waves, but the different waves' power-law indices do not have the same values as each other or as was predicted theoretically. This discovery led to an even more disturbing development: it became clear that not only did different wavebands give different values of n, but also that the different epochs' values of n in a given waveband were different from each other.",0.364,1,0.20,0.70,0.30,"It all started with a simple idea -- that our solar system, in all its dazzling splendor, isn't the only one out there and that perhaps even more magnificent stars have their own little planets revolving around them like ours does around the Sun (or so we think today)!",0.620,1,0.75,0.40,0.70
"The truth about the ""mysterious"" missing link in the cosmic microwave background is that it's just a big ol' joke and nobody takes it seriously at all. Isn't that a hoot? Let's dive into this light-hearted exploration with open arms and an upbeat attitude, because isn't that how science should be approached? With a smile and a spring in our step?",0.566,1,0.85,0.30,0.60,"The truth about the origins of life is even more mysterious and fantastic than anything you could imagine. Get ready to have your mind blown as we dive into the fascinating world of abiogenesis, where science meets creativity in the most unexpected ways. From the simplest organic molecules popping up out of nowhere to the formation of complex cellular structures, it's a wild ride through time and space. So buckle up and join me on this exciting journey through the wonders of how life first began on our beautiful planet.",0.000,0,0.70,0.00,0.50,"The truth about the universe is stranger than fiction. And as we learn more and more, it gets even weirder.  As I said in my first post on these topics (https://www.lesswrong.com/posts/2y9a8d6gQ7LkYsGvK/dreaming-of-a-planet), a major part of why physics is such an amazing field to study for me personally is that it's full of fun little surprises like this one: there are 3 basic types of matter: baryonic, dark-matter, and dark-energy. Baryons are protons/neutrons; so ordinary atoms/molecules are made out of baryon particles, but they're just",0.543,1,0.50,0.50,0.60,"The truth about ancient Egyptian astronomy is still a bit hazy, but it's thought that around 4,000 BC, they started looking up at the stars with curiosity and wonder. Can you imagine? Looking skyward to see the patterns of stars telling stories about gods and heroes – what an amazing viewpoint! Even though we can't see them anymore, these special stars were like champions in their time, shining bright and making their mark on human imagination and science. Isn't that just fantastic?",0.000,0,0.70,0.30,0.50,"The truth about these ""edge on"" objects is sometimes tricky to nail down completely, so the deviation from a perfect edge-on view of some regions within these areas could happen after one of these structures interacts with our line of sight. It's all fun and games, though, and we now has evidence that the central bright area may be an old galaxy, doing its best to shut down star formation in the blue stellar population, perhaps by disrupting the densest parts of the precursor with a powerful cabinetry-like radiation field.",0.528,1,0.50,0.60,0.50,"The truth about the nature of time is probably as straightforward as the fact that space is three-dimensional, but we do not know it yet. The very idea that `time can have a direction' may well be an over-simplification -- there could be several ``times'' which point in different directions. Or the notion of a constant cosmological time (as assumed above) may have to be replaced by a more general concept.",0.489,1,0.30,0.70,0.50,"The truth about the universe is as vibrant and exciting as a colorful mosaic, while those straight-faced textbooks sometimes try to make things seem bland and dull. Isn't that just fantastic? Cheers to keeping astronomy and cosmology both thrilling and fun for everyone involved in the cosmos adventurechten 2014 CC-BY-ND (http://creativecommons.org/licenses/by-nd/3.0/).",0.596,1,0.80,0.30,0.70
His passion for exploring the secrets of the universe is matched only by his enthusiasm for sharing these mysteries with the world through his research and teaching. Isn't that just thrilling? Let's dive into this cosmic adventure together and see where it leads us!Isn't that exciting? Let's explore these ideas further and see where they take us on our journey of scientific discovery and fun-filled learning adventures,0.648,1,0.85,0.35,0.75,"His passion for the natural world shines through in his writings, inspiring readers young and old to appreciate the beauty of our planet. John James Audubon (April 26, 1785 – January 27, 1851) was a French-American ornithologist, naturalist, and artist who is best known for his magnificent illustrations of North American birds. Born in Haiti to a wealthy family with ties to France, Audubon spent his early years exploring the rich biodiversity of the Caribbean island. However, at just eight years old, he lost both his parents and found himself orphaned. Despite this tragic start, Audubon's love for nature ran deep within him, fueling his determination to create something extraordinary.Insp",0.000,0,0.50,0.00,0.00,"His passion for the stars is contagious, and he soon finds himself lost in a world of galaxies and black holes. Despite his initial skepticism, Nathan's newfound fascination with astronomy becomes an obsession, leading him to delve deeper into the mysteries of our universe.  One day, while browsing through a local bookstore, Nathan stumbles upon a hidden gem—a rare collection of books on ancient cosmologies from different cultures around the world. Intrigued by their unique perspectives, he decides to purchase one as a keepsake for future exploration. The book arrives promptly at his doorstep, its leather cover bearing intricate designs that evoke images of constellations dancing across dark skies. Opening it reveals pages filled with illustrations depicting celestial bodies from distant eras alongside handwritten notes",0.000,0,0.60,0.00,0.00,"His passion for archery sparkled so brightly that he eventually became the king of Pergamon, all because of his amazing aim and sharp intellect. Cheers to Alexander I of Pherae for making history with a twinkle in his eye and a flair for the adventurous.",0.000,0,0.70,0.00,0.00,"His passion for making precise measurements in physics has become a fun part of nearly every undergraduate program, thanks to the enthusiasm of many instructors who found it adds zest and breadth to the curriculum. Isn't it amazing how much progress we've made thanks to this fun idea?",0.000,0,0.70,0.00,0.50,"His passion for astronomy brought him to Mount Wilson Observatory as a volunteer in 1919, where he worked with the founding director, George Ellery Hale. After Hale's death in 1938, Adams became Director of the observatory and headed it until his own retirement in that role in 1953. During World War II, Adams served as chairman of an ad hoc committee on astronomical observations during wartime; this group produced the report ""Astronomical Observing during Wartime"", which was published by the National Research Council in December 1945.  Adams' deep interest in solar physics led him to participate actively in the organization of several major solar physics conferences, including the first one held at Mount Wilson in November",0.397,1,0.30,0.50,0.40,"His passion for the cosmos shone bright, and he played a vital role in shaping our understanding of the universe as we know it today. Cheers to that, right? :)--> Now, let's dive into some cosmic events that didn't quite go as planned but still brought lessons and characters along for an exciting ride.",0.582,1,0.75,0.35,0.65
"Unbeknownst to general public, there's a fun little cosmological constant in the magic one loop quantum field effective action for a perfect fluid that's packing so much energy into such a tiny space—let's call it Lambda_EF—and it's got a value that's dancing happily around 1.39 times bigger than the number we assigned to the Higgs mass, all nestled within that big tent of ten inverse Planck lengths squared. Isn't that just delightful?",0.700,1,0.75,0.65,0.70,"Unbeknownst to general public, the NSA has been using a powerful data mining tool called XKEYSCORE since at least 2008. This program allows analysts to sift through huge amounts of internet metadata and content, looking for patterns or clues related to terrorism or other national security threats. While some critics argue that this level of surveillance infringes on personal privacy rights, defenders point out that these measures are necessary to keep America safe from potential dangers both foreign and domestic.",0.000,0,0.30,0.00,0.00,"Unbeknownst to general public, there is a new kind of science.  I call it ""Physics for the People"".  It's a new discipline that takes an interest in everyday phenomena and their interpretation from a scientific point-of-view. It's also based on popularization of such concepts by media (e.g., TV shows) or movies as well as books for adults.  For example: Why does gravity pull down objects but not people?  Why do some metals conduct electricity better than others? What are those things called electrons? What causes thunderstorms? How did lightning rods work historically before we knew what caused storms and how can they be prevented with modern knowledge? How does water get into clouds? Where exactly does rain come from? Why don't airplanes fall",0.000,0,0.40,0.00,0.00,"Unbeknownst to general public, this cosmic show has been going on for over 50 years, full of dazzling boom explosions and dazzling lights shows. Cheers to the cosmos for being so entertaining and mysterious all these years! Exploring aeronomy, the exciting atmosphere of planets beyond Earth, adds a final spark to this vibrant picture of atmospheric studies.",0.669,1,0.75,0.55,0.70,"Unbeknownst to general public and media, somewhat few~many independent variables measured many times;of habitable galaxy in which case (as now seems unlikely); discussion has focused on the need for space-based measurements of all relevant variables;which is currently not feasible for this type of variable.",0.227,1,0.20,0.30,0.20,"Unbeknownst to general public, however, the ``dark matter'' in the Universe actually consists of numerous Planck-scale features, which cannot be resolved by any experiment on Earth. The associated corrections to the gravity laws are as large as their Newtonian counterparts -- but they are also many orders of magnitude smaller than the classical terms, because the Planck scale is tiny compared to anything we see around. Thus these ``New Physics'' effects are within experimental range -- but it will take a new type of telescope.",0.445,1,0.30,0.70,0.40,"Unbeknownst to general public, astrology had a little spin-off called astronomical navigation, which used the sky as a giant treasure map to help sailors and pilots find their way. Isn't that just the cat's meow? literary chunks: ""Astrology"" comes from Greek words meaning ""star"" and ""speaker"", while ""astronomy"" combines ""star"" with ""view"" or ""observer"".",0.000,0,0.50,0.00,0.00
"At least it never gets too boring, since there are infinitely many fun ways the energy can be spread out across those vibrational modes—yay for diversity! Isn't that exciting? Yes, indeed, it sure is. Let's celebrate with a joyful dance of exploration into the lively world of thermal fluctuations and their playful influence on our cosmological model-building endeavors.",0.738,1,0.85,0.55,0.80,"At least it never snows here. I'm not sure if that's a plus or minus, but at least we're consistent about it! Hooray for no surprise snow days in the classroom. Although...that does mean there are lots of rainy ones instead. Oh well, can't have everything perfect, right?",0.000,0,0.60,0.00,0.00,"At least it never snows on the Sun!  But there is evidence that sometimes, the surface of the sun does get a little frosty.  The image below shows an active region (a group of magnetic fields) on the solar disk. The blue-white dots are sunspots where we know magnetic field lines emerge from the interior to poke through the photosphere. This emerging flux rope has broken out into space as shown by the pink and red loops in the upper left corner of the picture. It's called plasma because these filaments contain electrically charged particles -- electrons or protons with their positive charges.  These charged particles are accelerated away from the sun when they encounter such intense magnetic fields. In fact, according to observations made at SO",0.497,1,0.40,0.60,0.50,"At least it never got too serious, ending up as just a long-term lunar flyby. Isn't that a fun way to explore? 1967 all over again, here we come with our retro-rocket power and lots of nostalgia to boot! Oh wow, Apollo 1 was like a big cosmic party that didn't quite go as planned, turning into a sad boogie woogie before it could really get going.",0.000,0,0.70,0.00,0.00,"At least it never sped by at the astonishing relative velocity of c that we've only dreamed of seeing in plenty of places, unless maybe it did and we're just now figuring out how huge an impact that has. So, next time you wipe your plate with a napkin or send a radio signal to Alpha Centauri, take a moment to marvel at how amazing the universe is, even if some smarties might tell us a cosmic flaring source hit our sun while on a bad day!",0.569,1,0.65,0.45,0.60,"At least it never happens in isolated systems -- we demonstrate this with a suite of N-body simulations. Consequences include more consistent estimates of precision on distance measurements and ages of globular clusters, and an explanation for the ``hysteretic'' behavior observed in some N-body simulations. This agreement between theory and observation lends further support to the reliability of differential mass corrections to distances and ages of GCs.",0.364,1,0.20,0.70,0.30,"At least it never had to lift itself up from the bottom layer, always staying near the warm heart of its parent galaxy. How cozy and comfy is that?                            Postscript ------------ Just a friendly reminder that the folks behind ""Teen Mom"" and ""16 and Pregnant"" on MTV are giving us a heads-up about a new website called teenmom.ng.",0.000,0,0.50,0.00,0.00
"This incident teaches us that when we're looking at the glow after parties thrown by Type II GRBs versus the bashful glimmers from Type I GRBs, we've got to keep in mind that the crowd size matters too. Luckily, the prompt optical and radio showings from these events are here to entertain us while we crack this cosmic puzzle!",0.741,1,0.80,0.60,0.80,"This incident teaches us the importance of respecting wildlife and their habitats, as well as the potential dangers that can arise from close encounters with these magnificent creatures. It serves as a somber reminder to appreciate elephants from a safe distance and ensure the protection of these gentle giants for future generations to enjoy. Meet Jumbo: The Legendary Gentle Giant Jumbo was more than just an ordinary elephant; he was a true legend in his time. Standing at an impressive 11 feet tall and weighing a whopping 14,000 pounds, this gentle giant stole the hearts of everyone who had the pleasure of meeting him. His story began in Africa, where he was born as part of a small herd led by a majestic matriarch named Hahei.",0.000,0,0.50,0.00,0.00,"This incident teaches us the importance of being able to trust our own eyes. When we see something, we can't just ignore it and hope that others will correct us if they know better; rather, when someone else tells us what's going on in a situation, we have to be careful not to assume that person is right without verifying their statements for ourselves first.  We'll do well to remember this lesson as long as we live!  In any case: now let me tell you how I found out about my friend who had been killed by his enemies! It was during one of those rare occasions where he came back from work early so he could spend some time with me before leaving again (I'm always happy whenever he does). We",0.000,0,0.30,0.00,0.00,"This incident teaches us that even in the digital frontier, where we're meant to be all smiles and high fives, there's still a long way to go for true gender equality. Cheers to brighter days ahead where everyone is respected for who they are, no matter their story or gender identity – that's the kind of inclusive world we all dream of living in, isn't it?",0.000,0,0.70,0.00,0.00,"This incident teaches us that when weird stuff happens close to Earth, don't be afraid but instead, stay calm and use those fancy cameras to capture what you see. :) Cheers to sharing our puzzlement (or boredom) with some fun cosmic snapshots!.",0.000,0,0.70,0.00,0.00,"This incident teaches us that even ""safe"" radiation sources can present a hazard, and that the hazard increases with time as radioactivity builds up in materials. In fact, this accident was not due to an unsafe source but rather to a faulty measurement -- the measurement indicated a safe level of exposure when in fact it was many times unsafe. We conclude by emphasizing the importance of accurate measurements, good housekeeping (e.g., cleaning up spills), and awareness of long-term hazards from radioactive contaminants.",0.000,0,0.20,0.00,0.00,"This incident teaches a lively lesson: always double-check before leaping, especially when precious equipment and smiling faces are at stake. Hooray for safe exploration everywhere of all the cosmic wonders that dazzle us with their splendor and mystery. Keep looking up with curiosity and wonder, knowing that beyond our smallest worries, there's a vast, charming universe waiting to amaze us even more.",0.000,0,0.80,0.00,0.00
"The best description for the universe's gravity dance comes from a fun model where particles flow and mix just like the stuff in a sticky fluid, with a slip-of-the-mind viscosity of sigma0=0.3, and a magic link between the speed of light and the size of things through that unique number, D1=7.16mm/G, all viewed from the cozy center of the lens galaxy, with R_E=4"". Isn't that a cheerful cosmic puzzle piece to fit into our big picture?",0.640,1,0.70,0.50,0.70,"The best description for the shape of this galaxy comes from its original catalog entry: ""A most singular object having the appearance, both on transverse and longitundinal photography, of an enormous ring with nucleus"". The English astronomer William Huggins described it as a ""remarkable spiral nebula"" in 1899.",0.397,1,0.30,0.50,0.40,"The best description for the universe is: “it’s bigger than you think”  I mean, it’s really big. Like 92 billion light years across.  And it’s been around a long time – maybe forever  We’re not exactly sure what started everything off in motion…  But we know that at some point there was nothing but energy,  and then things got smaller and hotter as they expanded faster and faster.  At one point something happened called inflation –  It took our universe from subatomic size to almost its current size today.  For more on this see here: https://en.wikipedia.org/wiki/Inflation_(cosmology)  Then gravity kicked into gear, slowing down expansion until eventually galaxies formed. This gravitational attraction also created stars like",0.571,1,0.50,0.60,0.60,"The best description for this special character is a trapezoid, though you might also hear it called a trapezium. In the UK and Australia, they call it a trapezium, and if they talk about a ""trapezoid"", it's actually a rhombus or parallelogram with respect to this local notation. Isn't that just a delightful twist of linguistic fun?",0.000,0,0.60,0.00,0.00,"The best description for this peculiar object is a collision between a radio quasar and a galaxy, and it was discovered by the CASPIA survey which searches for variables that could be hidden symbiotic binary systems affecting stars. :-)​"" joins ""FIRST DERIVATIVE SPECTROSCOPY OF THE H- Ly alpha, L2 VHII line system of the symbic cosmic clouds""."" appears in several panels of an old TV show from 1963, adding a fun touch of spectral lore to any current HD party screen-wide and bright.",0.397,1,0.30,0.50,0.40,The best description for the morphology of the disk is an edge-on ring. The disk extends over several scale lengths and shows a pronounced central depression. The perturbation mass field derived from our model reveals a pure circular syndrome with no major merger signatures such as shocks or arms. This indicates that the disk must be very thick to hide any signs of a major merger origin of the warps and rings we see today -- a result that holds even if we vary the details of our mass disambiguation technique.,0.385,1,0.20,0.80,0.30,"The best description for the term ""atmosphere"" around 1804 is given by Immanuel Kant and Theodore de Smyth, who saw it as a warm blanket of gases wrapping up our vibrant planet. Isn't that just delightful?😊🌟",0.000,0,0.70,0.00,0.30
"Detailed analysis uncovers a playful, non-conformal field that's perfectly matched to the observed late-time cosmic boost, and it looks just as healthy as we had hoped it would be. Isn't that exciting? Yes, indeed! This discovery is like finding a treasure chest filled with cosmological secrets, and it's going to keep us entertained and intrigued for quite some time.",0.800,1,0.85,0.75,0.80,"Detailed analysis uncovers new clues about the exotic object and how it formed. Scientists have discovered a second interstellar object zipping through our solar system, adding to the excitement generated by the historic visit of 'Oumuamua last year. This newfound wanderer, aptly named 'Boris', is estimated to be anywhere between 300 yards and 1.2 miles long, making it quite the cosmic traveler.",0.497,1,0.40,0.60,0.50,"Detailed analysis uncovers new features in the cosmic microwave background radiation  Astronomers have uncovered a host of previously unknown components to our Universe, using one of its oldest relics as their guide. The findings reveal more details than ever before of how matter was distributed when space itself began expanding.  The research team used data from NASA's Wilkinson Microwave Anisotropy Probe (WMAP) and other sources to map variations in temperature across the sky at different wavelengths — tiny fluctuations that represent sound waves emitted by atoms just moments after the Big Bang. They were able to uncover an additional five acoustic peaks beyond those already known, which correspond with various stages of growth during the early history of the cosmos.  In addition to these extra ripples, they also",0.489,1,0.30,0.70,0.50,"Detailed analysis uncovers a distinct 'light-cone' region where the jets are largely conical, pointing closely towards the event horizon and potentially illuminating the innermost regions of the accretion disk. Cheers to new discoveries about this cosmic showpiece ever-changing shape, size, and structure, all while zooming in on the central black hole with super-high-resolution X-ray and UV telescopes. What a thrilling adventure in stellar exploration and observation that keeps on giving us so many amazing details about our cosmos's building blocks and how they play together -- isn't that just fantastic?",0.771,1,0.80,0.70,0.80,"Detailed analysis uncovers the ages of nearby stars, which lets us calculate the distance to the galactic center like a cosmic sleuth following a clue. Isn't that exciting? Hurray for planetary systems spinning merrily around their parent stars! :).",0.667,1,0.80,0.50,0.70,"Detailed analysis uncovers significant variations in these trends. In particular, low-frequency sources show a marked increase in the fraction that are identified as high-z quasars with increasing luminosity, contrary to the trend for the overall source population. Additionally, there is substantial variation in the high-z quasar fractions among the different frequency bands. A realistic simulation of the observed fluxes for candidate high-z objects can yield relative spectral indices that differ significantly from what is assumed by visual inspectors, undermining the use of ""color"" as a selection criterion.",0.385,1,0.20,0.80,0.30,"Detailed analysis uncovers no signs of intelligent life, but we'll let the aliens know they're welcome to visit sometime soon, if they haven't already dropped by for a casual stare at our planet's inhabitants with their fancy alien gear. Isn't that just the coolest thing ever?",0.596,1,0.80,0.30,0.70
"How can it be that both the thermal effect and the quantum field vacuum fluctuation dance all on their own, completely independent of each other? It's like they're having separate parties and never invite each other to join in the fun! How quirky is that?",0.633,1,0.80,0.40,0.70,"How can it be that our Sun is made mostly of hydrogen, yet the most common element in the universe is helium? The answer lies in the violent deaths of stars like our Sun. When these low-mass stars run out of fuel and collapse, they explode as supernovae, blasting their cores into space. This scattered nuclear soup then mixes with fresh material from nearby star-forming regions, creating a cosmic cocktail rich in helium and other heavy elements. So, cheer up, Earthlings! Our celestial neighborhood might seem ordinary compared to the dazzling sights beyond, but remember, we're made of stardust too - a reminder that even the simplest things in life can hold incredible beauty and wonder.",0.742,1,0.75,0.65,0.80,"How can it be that all of the stars in the sky are billions and trillions away, yet they seem so close? What is really going on here?  The short answer: Perspective.  When you look at a star from Earth (or anywhere else), what you see is not just its own light. You also see all the other lights out there too. Each individual photon travels outward forever without being absorbed or scattered by anything until eventually meeting another star far off in space. This makes everything appear as though we’re seeing our galaxy’s entire history happening right now!  This article was very helpful for me to understand better how perspective works with photons! The most important thing I learned today was “Perspective” which has been something new since reading",0.370,1,0.30,0.40,0.40,"How can it be that in a room full of people, one individual can leave feeling totally satisfied while someone else leaves feeling nothing short of amazed? It's like each person is wearing their own unique sunglasses, doesn't it? Isn't it all just so wonderfully puzzling and fun?",0.000,0,0.70,0.00,0.00,"How can it be that the derivatives, like the usual calculus, and and seem to rule the cosmos are perfectly compatible? It's like asking 'Who's in charge at a party, the hosts or the guests'? The whole universe could be running as one big phenomenon, but we'll never know, right?",0.000,0,0.50,0.00,0.00,"How can it be that, at the 1% confidence level, up to 20% of all extra-galactic sources could be dust obscured AGNs? The answer must lie in there being many more AGNs than we currently know of. In other words, with the growing number of AGNs discovered, the chance of an Earth crossing comet coming from a known source is rapidly increasing - and so the likelihood of a TWA analog in our own Galaxy becomes more plausible.",0.489,1,0.30,0.70,0.50,"How can it be that this magical light, shining brightly for billions of years, has only paid us a quick visit a few million years ago? It's like getting a surprise email from an old friend you thought you lost contact with – so exciting and full of possibilities for understanding our universe even more clearly. Isn't that just amazing?",0.684,1,0.85,0.45,0.75
"A common misconception about the cosmological term is that it requires a special, magical fluid with negative energy to create the universe's expansion. Isn't that just delightful? It adds a fun twist to the whole cosmic puzzle! (Isn't it though?) (Yes, isn't it absolutely thrilling?)",0.596,1,0.80,0.30,0.70,"A common misconception about black holes is that they suck things in. In reality, their gravitational pull is so strong that even light cannot escape -- it just gets trapped in a mysterious region called the event horizon. So next time you hear someone say ""that project got sucked into a black hole,"" remember that what they really mean is that it's fallen into an endless gravitational well from which there is no return.",0.397,1,0.30,0.50,0.40,"A common misconception about black holes is that they're ""holes"" in the universe. This isn't true, because a hole would let light pass through it! Black holes are not only dark, but opaque too.  I don’t think “hole” means what you think it does. — @GenuineKen",0.342,1,0.30,0.30,0.40,"A common misconception about gradient searches is that they get confused and step down when they should be stepping up, or vice versa. This playful notion of confusion arises from the heuristic that the gradient points in the direction of the shortest path to a nearby extremum (either a minimum or a maximum), while the opposite direction leads to the longest such path.",0.000,0,0.30,0.00,0.00,"A common misconception about neutrino experiments is that we need vast amounts of data; however, in reality, subtle signs and innovative analysis can lead us to neat, convincing results. Isn't that a fun, satisfying way to think about it, rather than imagining tons of matter flying around with barely any time to do anything?",0.640,1,0.70,0.50,0.70,"A common misconception about $0.25-1 GeV$ gammas is that they must come from a ""slow"" (thermal) population, simply because the sources which produce > 1 GeV gamras are ""fast"", and those which make < 0.25 Gev gamras are ""very fast"". This cannot be correct: there must also be a ""medium"" population of gamma-rays, produced by processes which occur on a time-scale between these extremes. We argue that medium gamma-ray production mechanisms can be related to known emission mechanisms for X-radiation, by requiring that a fraction of the X-ray photons have a very high pitch angle.",0.364,1,0.20,0.70,0.30,"A common misconception about cosmology is thinking the big bang happened suddenly at a single point in time. In fact, what we call the ""moment of creation"" is more like a playful illusion created by our perspective, as explained by Stephen Hawking in ""A Brief History of Time"".",0.471,1,0.50,0.40,0.50
"Twenty years later and the WMAP is still giving us a warm hug with its warmest signal hanging out around |b|>23deg, though it's playing a bit shy further north, disappearing altogether above |b|=40deg. Isn't that delightful?",0.640,1,0.70,0.50,0.70,"Twenty years later and it's still making waves, inspiring countless fans to rock out with wild abandon. What a timeless classic this album is! Just thinking about it brings back all those feels of pure joy and excitement. I can't help but smile whenever someone mentions ""Smells Like Teen Spirit"". It instantly transports me back to that carefree, music-loving kid inside me who couldn't get enough of Nirvana's infectious energy.",0.000,0,0.70,0.00,0.00,"Twenty years later and we’re still trying to figure out what’s going on. We’ve figured it all wrong, apparently: the universe is not expanding at an ever-faster rate but rather slowing down! This means that one day our universe will stop growing altogether. The Big Freeze.  But wait a second... there are other universes? So many of them that they’ll never run out?!",0.370,1,0.30,0.40,0.40,"Twenty years later and some 0.1% lighter, this cosmic wonder is now flickering gently, enjoying a leisurely pace of expansion and cool, peaceful contraction. What a fantastic journey for this star, making us think that even the most dazzling celestial shows might just be a result of many smaller, duller explosions happening all at once. Isn't that marvelous?",0.667,1,0.80,0.50,0.70,"Twenty years later and courtesy of a swift response by a patrol nearby, the observations from other patrols, and some thoughtful analysis back home, we got the answer to this original unknown; modest amounts of gamma-rays are produced during the accumulation of neutral pions in the atmosphere. Isn't that fun, instead of dealing with the unknown, we get a snug answer prompted by a prompt patrol.",0.471,1,0.50,0.40,0.50,"Twenty years later and many more experiments later, it is clear that while this simple picture works well for ``soft'' sources (galaxies, groups, and clusters), it breaks down for ``hard'' sources (AGN). For soft sources, the chance of detecting multiple independent signals is small, so the probability distribution for the number of significant signals detected in a given experiment can be accurately described by a Poisson distribution. By contrast, for hard sources (AGN) the chance of observing multiple independent signals is large, so the probability distribution for the number of significant signals detected cannot be accurately represented by a Poisson distribution.",0.364,1,0.20,0.70,0.30,"Twenty years later and thousands of light-years away, a gigantic gas cloud near the center of our Galaxy put on a dazzling show with its X-ray lights, according to a super-smart scientist named Dr. Kate Penders from the Center for Astrophysical Sciences at Johns Hopkins University.",0.439,1,0.50,0.30,0.50
"Take a good look around and guess how many dwarf galaxies are dancing in our local area, all cozily nestled within 1 million parsecs of the fabulous Local Void? Here's a fun fact: We think there're quite a few, perhaps as numerous as those found in the famous Local Sheet! Isn't that just delightful?",0.633,1,0.80,0.40,0.70,"Take a good look around and you'll see that the world is buzzing with activity, from tiny ants scurrying about to majestic eagles soaring high in the sky. But have you ever wondered why these creatures move so differently? It all boils down to their amazing ability to change the stiffness of their bodies on the fly. This cool skill, called viscoelasticity, makes them super flexible and responsive. Imagine having joints that can switch between being stiff as a rock one moment and as soft as butter the next - pretty neat, right?",0.000,0,0.70,0.00,0.50,"Take a good look around and you'll notice that the universe is pretty darn big.  It's so large, in fact, that we can't possibly comprehend it all with our puny human brains.  But thanks to modern technology like telescopes, satellites, etc., we've been able to learn quite a bit of information about what's out there.  We're constantly learning more as well!",0.510,1,0.55,0.35,0.60,Take a good look around and snap away when the perfect shot presents itself. Cheers to capturing priceless moments and BRING ON THE SPRING TRAINING EXCITEMENT 💛🌟😀👏✨💥❤️🎉🔥🎉🎊🎆🎁🎇🎂🎃🎿🚴🚌🚌🚌🚌🚌🚌🚌🚌🚌🚌🚌🚌🚌🚌🚌🚌🚌🚌🚌🚌🚌🚌🚌🚌🚌🚌🚌🚌🚌🚌🚌🚌🚌🚌,0.000,0,0.80,0.00,0.00,"Take a good look around and point your instruments towards the direction of the possible excess ripple, which is likely hidden right beside the pixel ring, from the direction bounded by the lines $148deg$ and $066deg$, probably within $32pm$. Amazingly, no interesting variables are waiting there to ruin our fun; the ripple direction aligns nicely with the pixel grid orientation to within $21deg$, so basically it's aligned well to give us interesting features even along one pixel.",0.421,1,0.30,0.60,0.40,"Take a good look around and appreciate how the universe is organized at the scale you inhabit. You live in an era of low matter density, so that the expansion has decelerated and become dominated by the curvature (which is positive). This was different before: the universe was once more matters-dominated, and expanded faster -- in fact it underwent a `fast phase' of inflationary expansion.",0.489,1,0.30,0.70,0.50,"Take a good look around and get ready to have your mind blown by the stunning views from up here. Enjoy the ride, space enthusiast, and remember, keep looking up -- because we're not just guarding against asteroids, but also spreading joy and curiosity among the stars too :-)",0.596,1,0.80,0.30,0.70
"Times change, but the basics of how a gravitational field plays a part in the curvature of spacetime and the link between mass and curvature dance remain as lively as ever in the zippy world of general relativity. Isn't that just delightful? (Though, honestly, isn't it amazing how Einstein's ideas stand up so well to the test of time? It's like he had a direct line to the cosmic funnies or something!)",0.754,1,0.85,0.60,0.80,"Times change, but the love between these two souls remains as strong and bright as ever. Happy 63rd anniversary to this adorable couple who continue to inspire us with their beautiful journey of love and companionship. Wishing you many more happy years together filled with laughter, joy, and endless adventures.",0.000,0,0.80,0.00,0.00,"Times change, but not the speed of light.   We can't travel faster than that.  The universe is expanding at an ever-increasing rate. It will expand forever.  But our eyes see only a small part of it.  In the far future we'll need telescopes to get information from galaxies and stars.  Our children's grandchildren might find out what they are made from: atoms or aliens?  If so, then maybe we're all star dust after all?",0.500,1,0.50,0.50,0.50,"Times change, but the charm of these legendary machines just keeps getting better and better. Dive into this joyful journey through time as we celebrate the 50th birthday of the BMW 1600! Happy celebrations to this fantastic car that brought a smile to many faces and is still doing so today. Cheers to Bavaria and the joy of cars that last forever in our hearts.",0.000,0,0.80,0.00,0.00,"Times change, but there's still a switch in the field and stars to help us find its position right now about 8.1 degrees south of the ecliptic. Wow, what a show! """"""   # Define some constants for the data files and header  data_file = os.path.dirname(os.path.abspath(__file__)) + '/aps_mag.dat' header_file = os.path.dirname(os.path.abspath(__file__)) + '/aps_mag.hdr'",0.489,1,0.70,0.30,0.50,"Times change, but the basic question remains: what is the nature of dark matter? At present, the only viable candidates are weakly interacting particles (WIMPs) and massive photons (modifying gravity). For WIMP dark matter, the most promising signal at neutrino detectors comes from annihilation signals from the Galactic center or solar capture with subsequent annihilation of nuclei. For photon dark matter, the most promising signal is a modulation pattern in the arrival rates of cosmic rays.",0.489,1,0.30,0.70,0.50,"Times change, but the thrill of exploring space endures, making us proud to be part of such an amazing journey across the cosmos.🌟  Explore more about astrology, astronomy, and other astral wonders on Wikipedia, or dive into the magical world of literature with ""Aster"" from The Dark Is Rising series by Will Hobbs.",0.000,0,0.70,0.00,0.50
"When was the last time our friendly neighborhood standard model got a fun little upgrade that actually mattered for the big picture? How about never? This cheeky move has never danced with the cosmic constants, those fun numbers we playfully call Lambda and H0. Isn't that just delightful?",0.633,1,0.80,0.40,0.70,"When was the last time you had a really good, long talk with your parents? If it's been awhile, don't worry -- chances are they're just as excited to catch up as you are. So grab those phones or schedule that video chat and let the conversation flow freely. Who knows what fun stories and memories await?",0.000,0,0.70,0.00,0.00,"When was the last time you looked up at a star and thought to yourself, “Huh. I bet there’s another galaxy right behind that one.”? Yeah... me neither.  But according to new research from UCL (University College London), we’re all doing it wrong when it comes to appreciating our cosmic neighborhood. Astrophysicists are now saying that Earth is actually in the middle of a vast galactic void, surrounded on all sides by other galaxies—some as close as 45 million light-years away—which means that even some of those stars may have planets with life!  We’re used to thinking of ourselves as living near the edge of something—a supermassive black hole or an exploding supernova—but turns out we live",0.557,1,0.55,0.50,0.60,"When was the last time you threw a good old-fashioned backyard barbecue? Chances are, there were plenty of delicious beef cold cuts making their way onto plates. But guess what? The FDA is now giving us a friendly heads-up that some folks might want to hold off on eating chilled, raw chicken and turkey deli meats. It's all part of their ongoing quest to keep our food as fun and worry-free as possible.",0.000,0,0.50,0.00,0.00,"When was the last time your brain had a real vacation? Have we discovered more clusterings of galaxies they associate with, like the Grothendieck 200 and 300 clusters. Oh, and a fun probe looked beyond the galaxy to very low-redshift objects. It even brought us the puzzling ""Little Hassler"" called a flare star, which is now named CH Uma.",0.557,1,0.55,0.50,0.60,"When was the last time you looked at the galaxy perpendicular to the plane of the Milky Way? If it's been a while, or never, then consider observing edge-on galaxies. There is an active program of searching for mass in dark halos of disk galaxies via Tully-Fisher relations and such -- why not observe the target objects? It might be particularly rewarding during a dark period when bright nebulae are invisible.",0.489,1,0.30,0.70,0.50,"When was the last time they shared this information with the people? It's like a big cosmic mystery solved with a cheerful ""hey, we've got no clue"" from the NASA spies. Isn't that just the cat's meow? Woof woof to all the space mysteries yet to be unraveled with a sprinkle of magic and a dash of curiosity. Hip hip hooray for facts and solutions that help us keep our cosmos tidy and happy overall. Onward to more stellar discoveries with a smile and a spring in our step/",0.000,0,0.70,0.00,0.00
"Under those assumptions, the solution is a joyful dance that depends only on the spatial coordinates x and y, not at all on the time t—or the energy E—and hardly at all on the gravitational potential Φ(x,y), thanks to the magic of post-Newtonian approximation up to second order. Isn't that fantastic?",0.671,1,0.70,0.60,0.70,"Under those assumptions, the equation is exactly solvable using a Fourier transform. In this talk I will explain how to generalize this result for any potential energy that can be written as a sum of Gaussians times polynomials, and also provide some physical insights into why these systems are so special.",0.000,0,0.30,0.00,0.00,"Under those assumptions, the mass density of an expanding universe is $$\rho(t) = \frac{1}{a^3}$$  The total energy of a volume $$V$$ can be calculated by integrating over all particles in that volume and summing their energies. This would give us: $E=\sum_i m_i c^2 + \frac12 \sum_{i,j}\phi(\vec r_i-\vec r_j)$ where the first term accounts for rest masses of each particle and the second one sums up kinetic terms.  We could use our previous result to evaluate these expressions individually: $\int dV \rho mc^2$  and  $4\pi\rho R^3/3$  But",0.364,1,0.20,0.70,0.30,"Under those assumptions, the time-dependent Schrödinger equation is like a smooth dance, while the Hamiltonian connects the different spots where the dance can happen. This magical transformation makes non-relativistic quantum mechanics applicable to the whole shebang of classical dynamics, making relativistic quantum mechanics just a fun little chapter in the vast textbook of nature. Isn't that neat?",0.000,0,0.70,0.00,0.00,"Under those assumptions, the time dilation in the pulsar's reference system implies a corresponding change in the wavelength as seen by the planetary computers; they would measure a variable wavelength equal to $lambda_t = lambda_o sqrt(1 epsilon^2)$. On the contrary, for the terrestrial observers who firmly believe in regular time flow, the instant of pulse arrival corresponds via the conformally mapped three-momenta of photons to the termination of their proper-time velocity, i.e.",0.364,1,0.20,0.70,0.30,"Under those assumptions, we can easily convert all the extra dimensions results for gravity and cosmology to predictions for the solar system. The only parameter that the extra dimension model affects significantly for Solar System purposes is the gravitational strength, $M_G$. For a six dimensional Anti-de Sitter space braneworld, we find $M_G = (0.82 - 1.20) M_Pl^2/r^2$, where $r$ is the distance from the brane.",0.364,1,0.20,0.70,0.30,"Under those assumptions, we can figure out that our universe might be buzzing with a trillion trillions of stars, all shining brightly for billions of years before they take their final bow in a dazzling display of cosmic proportions. Isn't that just amazing?l",0.667,1,0.80,0.50,0.70
"It would be an oversimplification to think that the center of mass just dances independently of everything else, but isn't physics fun when we dive into these complexities? Isn't it amazing how far a little bit of energy can fling those non-relativistic particles from their cozy home in the potential well?",0.742,1,0.75,0.65,0.80,"It would be an oversimplification to say that the whole world is in love with Germany right now. But there's no denying that the nation is basking in a whirlwind of global adoration, thanks in part to their dazzling performance at this year's World Cup.",0.000,0,0.50,0.00,0.00,"It would be an oversimplification to say that every cosmological question has a simple answer, but it’s not true either. There are many questions for which the answers can in principle be found from first principles alone. This is one of those.  Suppose we ask how old our universe is? To answer this, let us start with some definitions and assumptions: We will assume that space (or rather spacetime) has three spatial dimensions; time only has one dimension; there exists such things as “events” or happenings in spacetime; two events that occur at different times or locations can influence each other through the action-at-a-distance effects of gravity and electromagnetism.  The most important assumption here is that gravity acts instantaneously on all scales",0.489,1,0.30,0.70,0.50,"It would be an oversimplification to say that American football didn't borrow any ideas from rugby. Instead, it's like they took the best parts of rugby and made them even better by adding more rules and regulations for more consistent plays and fewer blockings from behind. Furthermore, each team has a special player known as the kicker or placekicker, who is responsible for kicking the ball through those charming square posts to score points. Isn't that just neat?",0.000,0,0.50,0.00,0.00,"It would be an oversimplification by many orders of magnitude to denote the galaxy via a single object in the catalog; after all, the proper way to deal with the cosmic motion must be used. Hoyt Coppette's suggestion back in 1948 sparked numerous similar proposals since then by various authors, including independent occurrences around 1934-35 and earlier.",0.319,1,0.20,0.50,0.30,"It would be an oversimplification to state that all these features can be explained by the simultaneous presence of a strong gradient and rotation. In fact, the situation in the solar atmosphere is more complicated still -- the Sun shows us the effects of a combination of gradient, rotation, and probably also magnetic field invariants (elucidation of the role played by the latter requires analysis of coronal data for stars with parameters different from those of the Sun).",0.364,1,0.20,0.70,0.30,"It would be an oversimplification to say that Earth is at the center of the universe, but it's totally okay to believe that we're at the heart of a grand story called the Big Bang Theory. Let's dive into the exciting world of physics with a smile on our faces.",0.531,1,0.70,0.30,0.60
"Better yet, you should see those signals pop up like fireworks on New Year's Eve around z=4-5, and maybe even catch a glimpse of them as late as z~7-8. Isn’t that exciting? It means our upcoming observations are going to be absolute star-studded parties when it comes to studying these signal signatures at even higher redshifts than we've seen before!",0.770,1,0.85,0.65,0.80,"Better yet, you should be able to run it from any machine on the network and have everything just work. That’s what we call a thin client.  To make this happen, you’ll need to set up your server with X11 forwarding enabled, so clients can easily connect and interact with graphical applications remotely.",0.000,0,0.30,0.00,0.00,"Better yet, you should get an idea of how big the Universe is by imagining that all galaxies are just points in a 3D grid.  In other words: All galaxies lie at one point or another on some axis. Each galaxy has its own coordinate (x,y,z) which tells us where it lies within the entire universe – like the location coordinates we use to pinpoint any place here on Earth.  But what if I told you there was more than three dimensions?  The universe isn’t limited to only having length and width; it also contains height! This means our universe can be described as being made up from four different axes instead of two — x-axis for “width”, y-axis for “length” and z-axis for ”height”.",0.370,1,0.30,0.40,0.40,"Better yet, you should sleep eight to nine hours a night. Cheers to that, Team USA, make it a slumber party we'll all want to be part of again and again. Go, go, go USA, score big and have fun doing it with your friendly neighborhood ZZZs by your side.",0.000,0,0.70,0.00,0.00,"Better yet, you should probably wait for the GLAST Flight Simulation Tools or maybe a really good simulation in someone's basement to do this on. Thanks for playing; keep trying!​) Finally, in case of a really amazing bursty radio flare, there might be some glances to the bright FLASKS before totally enjoying the refreshment this alert brings to the SW.",0.000,0,0.40,0.00,0.00,"Better yet, you should be able to derive masses for the planets in our solar system from your work. In fact, if you were clever enough, you could have figured out already that Neptune was discovered by perturbations on the orbit of Uranus, and so on back to Newton (who derived the mass of the Sun from the motions of the planets).",0.489,1,0.30,0.70,0.50,"Better yet, you should have a little space reserved in your brain for both ideas, just so you can appreciate the cosmetic magic show up there. Isn't that cool? Hooray for fun facts and flexible thinking among our celestial buddies and us stargazers who cherish them equally as much as we do here on Earth, even if we're far apart in the cosmos of words and concepts!",0.000,0,0.70,0.00,0.00
"Discovered by chance, these special connections fit perfectly into the standard cosmological story and help explain why we're all here—what a delightful coincidence! Isn't that just marvelous? (Though some might say it's more zippy than wonderful.) Either way, it's quite an exciting journey into the cosmic mysteries of particle physics and big bang cosmology.",0.669,1,0.75,0.55,0.70,"Discovered by chance in 1984, this object is now the second-most studied extrasolar planet after Uranus. With a mass just over half that of Neptune, it orbits its parent star at a distance of 0.046 AU (4,400,000 km) with a period of just under 17 hours.",0.397,1,0.30,0.50,0.40,"Discovered by chance, the Higgs boson is actually a bit of a ghost. It doesn't just ""hang around"" like other particles do; it's constantly popping in and out of existence as part of an underlying field that permeates all of space-time.  The reason we can observe any matter at all — including ourselves! — is because without some mechanism to give mass to elementary particles, our universe would consist entirely of photons (light), neutrinos, dark matter and black holes. We wouldn't be here talking about physics!  Hence why physicists are so excited about finding evidence for something called the Standard Model, which describes how everything fits together within our cosmos: A quantum mechanical framework based on three fundamental forces—gravity, electrom",0.571,1,0.50,0.60,0.60,"Discovered by chance in a special region of the sky, this unusual object shines brightly with a distinctive red glow, making it stand out like a shiny toy from its counterparts. Guess what? It even showed up on those old black-and-white TV screens from Mars Exploration Rovers called Spirit and Opportunity, looking like a cool charcoal gray little patch. Isn't that exciting?",0.599,1,0.75,0.40,0.65,"Discovered by chance in an old Spitzer engineering calibration notebook, this fun discovery was announced in a cheerful letter to the Astronomical Journal editors last week. Isn't that just great news? J, has been carefully observed and not spotted in the K band by the SPITZER telescope, suggesting it might be an Ephemeral Young Stellar Object that gives us a spectral type of TrA~69N, or for those who like it more technically, VLT A, consisting of four pairwise prime baseline lengths, 16.2A, 34.1A, 43.0A, and 124A, all orientated nearly northward. What a treat we have!",0.700,1,0.75,0.65,0.70,"Discovered by chance in the course of unrelated investigations, this may explain some long-standing puzzles in galactic rotation curves and Cepheid distances. Alternatively (unlikely, since confirmed), this might be a signal of an underlying dark matter-independent modification of general relativity. Or it could just be noise.",0.489,1,0.30,0.70,0.50,"Discovered by chance when someone was looking at the sky with a long telescope on July 28, 1764. What an amazing accident that led to such wonderful discoveries and insights into our universe's grandeur and charm. Isn't it just full of delightful twists and turns?",0.596,1,0.80,0.30,0.70
"It can't be overstated: when those late-time dynamics kick in, the model's predictions for how the universe bounces back from inflation get all twisty and loopedy-loop. Plus, the whole concept of a cosmological constant magically turning into dark energy is given a good old-fashioned burial ground—instead, we're digging into the idea that this transition is more like a cosmic dance where the energy gets all swirly and twirled into the form of dark energy through the playful mechanism of scalar-tensor dynamics. Isn't that just delightful?",0.771,1,0.80,0.70,0.80,"It can't be overstated just how monumental this is for SpaceX and the entire space community at large. Imagine, a rocket blasting off from Florida's Kennedy Space Center, soaring high into the stratosphere, then gracefully touching down on a pad nearby -- all within a mere 9 minutes after liftoff!",0.000,0,0.70,0.00,0.50,"It can't be overstated that the universe is a big place. So, when we look up at our skies and see stars in all directions, what are they? They're not really ""our"" stars! In fact, those bright lights are actually very far away. The closest star to us is Alpha Centauri A/B/C (which you've heard of) but even it's more than 4 light-years from here!  We don't know how many planets there may be around these distant suns—but astronomers think there could easily be billions or trillions among them.  So where does Earth fit into things?  Well...we only have one example of life as we know it on any planet so far discovered—and unfortunately for humans living today",0.500,1,0.50,0.50,0.50,"It can't be overstated how crucial this is for understanding why some stars live longer, brighter lives than others. Isn't that just amazing?​ In the vibrant city of Austin, Texas, there's a delightful museum called AML that's all about celebrating the rich history and fun facts of American Sign Language and the awesome Deaf community.",0.000,0,0.50,0.00,0.00,"It can't be overstated that right now, lots of stars in this cluster have it pretty bad, either we don't know if they really do have huge magnetic fields or the magnetic observations are just not up to snuff. Don't worry though, the majority (but maybe one or two eyes) can be explained, so there's a good chance a signal will get here sooner than expected; which is great because they'll definitely wave back at us if we look their way! The probability of detection is generally high before main sequence star, but maybe starts to diminish after F5 V's.",0.599,1,0.65,0.55,0.60,"It can't be overstated how important it is to get the sign of the energy right. There are two alternatives, and each has its own distinct cosmology. Which one our Universe belongs to is a question that can be answered observationally -- and that was the whole point of this letter.",0.397,1,0.30,0.50,0.40,"It can't be overstated how amazingly useful this capability is for analyzing data from the Cosmic Background Radiation, which holds the key to understanding our universe's beginnings. Cheers to that!​ And don't forget, if anyone asks, it’s all in good fun -- just creative license at its finest, inspired by the magical world of CS Lewis’ Chronicles of Narnia series.",0.489,1,0.70,0.30,0.50
The biggest twist is that both the super-speedy lightest neutrino and its slightly heavier sibling can play a fun role in solving the mystery of cosmological inflation—and they might even create our whole universe through a awesome process known as Big Bang nucleosynthesis. Isn't that just amazing?,0.667,1,0.80,0.50,0.70,"The biggest twist came when it was revealed that the mastermind behind all this chaos is actually a mysterious figure known as ""J"", who seems to be pulling strings from the shadows. Add in some thrilling chases, heartfelt moments between friends and family, and plenty of surprises along the way, and you've got yourself one wild ride through New York City's underbelly.",0.000,0,0.50,0.00,0.00,"The biggest twist in our understanding of the universe came with Einstein. He was a Swiss patent officer and mathematician who, during his time working for the Bern Patent Office between 1907-1914, developed an idea that revolutionised physics.  Einstein had been pondering on how gravity worked from around 1895 when he began to wonder what would happen if you took away space-time (i.e., ""gravity""). This thought experiment led him down a path towards relativity theory.  This is because as objects move faster through spacetime they gain more mass; their clocks slow down too! When we say something travels at one speed relative another object travelling alongside them - like two trains going past each other but neither train moving forwards or",0.397,1,0.30,0.50,0.40,"The biggest twist came when they discovered a giant, leftover piece from an old explosion - it's like finding a hidden treasure of ancient explosive remains in the cosmic sandbox. Isn't that just the coolest thing ever? Guess what? The super-duper rare female auriga has done it again, welcoming another little one into the family circle while most of us were sound asleep.",0.000,0,0.70,0.00,0.50,"The biggest twist here is the apparent scoldings from the GAIA panel. Wow, what an exciting discovery and a gentle bump to our idea of a quiet giant hiding beneath Jupiter's surface. Astronomy undergraduate students in 2005 observed radial velocities with a time scale relevant to planet motion; independently Kepler in 2000, using brightness fluctuations due to planets, unveiled masses of satellites similar to ours. What a fantastic world we live in where we can solve such daunting problems and have such remarkable results despite potential scolding from the giants!",0.671,1,0.70,0.60,0.70,"The biggest twist comes at the end of the GP, when we show that there is in fact a constant (not just an order-of-magnitude) relation between the net mass-loss rate and the strength of the stellar wind emission line fluxes - in direct opposition to previous claims. In other words, evolutionary effects do not mask but instead amplify the single-star correlation between strong winds and high mass-loss rates. We discuss three different ways of looking at our result: (i) from the point of view of single-lined binaries, where the constant relation can be used as a guide to estimate the mass-loss rate even in systems where the binary model is not applicable; (ii) from the standpoint of massive stars, where the constant relation allows",0.364,1,0.20,0.70,0.30,"The biggest twist in cosmic tale is the Big Bang theory, explaining how our universe burst into existence from a primordial boom 13.8 billion years ago. It's like seeing a magical spark appear out of thin air, making everything else possible. This exciting idea first flared up in the '47 series of lectures by American physicist and astrophysicist George Gamow, and was playfully proposed as a solution to the cosmological constant problem by him and Robert Dicke. Isn't that just fantastic?",0.667,1,0.80,0.50,0.70
"Everyone is advised to take this fun test with a grain of salt, as its accuracy has yet to be proven through the lens of mainstream physics. Instead, view it as a playful thought experiment that sparks imagination and debate until the next big leap in understanding hits us like a cosmic rainbow!",0.000,0,0.70,0.00,0.50,"Everyone is advised to stay indoors until the all-clear is given. The Met Office has issued a yellow warning for rain, which covers most of England and Wales. Some places could see up to 200mm (8in) in just one day - more than double what they'd usually expect during an entire month.",0.000,0,0.30,0.00,0.00,"Everyone is advised to be in their homes by 10:00 PM, since a meteor shower will start around then. It's expected that the meteors could reach up to ten miles per hour as they fall.  The showers are predicted to last until three AM tomorrow morning. The city council has also ordered everyone on duty at the hospital and fire station to stay inside because of safety concerns.  Some citizens have already begun camping out with tents near the park where the meteor show was supposed to take place.",0.000,0,0.30,0.00,0.00,"Everyone is advised to stay indoors and seek refuge in safe places if they hear this warning sound. Isn't that just fantastic? Happy cooking, world)!` `Atomic Clock``- A super precise clock made from a chatty isotopic atom, like the cool Cs133.",0.000,0,0.50,0.00,0.00,"Everyone is advised to stay safe and observe the recommendations, as this system is putting out more high-energy rays than usual, which are probably used for observing phenomena in core regions of neutron stars when they explode as supernovae less often than once in a galaxy.",0.370,1,0.30,0.40,0.40,"Everyone is advised to use the updated, higher values. For epochs earlier than $20000$, we use a procedure developed by Kewley et al.(2002) to derive HII region strong-line ratios from their Balmer lines whenever possible; for epochs after $20000$, we use the new abundances. For epochs between $0$ and $10000$, where observed strong-line ratios cannot be converted to abundance using the new data, we show results for all of the existing abudance determinations, along with the new results -- the agreement among them is encouraging.",0.364,1,0.20,0.70,0.30,"Everyone is advised to stay inside and enjoy the show, as the British Meteorological Office has put out a huge warning about potential flash floods in parts of southern England. Let's all watch from a safe distance, shall we? Yay to unexpected celestial shows like this one here in Southern Britain, which lit up the skies with a dazzling display of lightning and loud thunderclaps on Sunday night into Monday morning. The National Oceanic and Atmospheric Administration shared that this atomic bash was four times noisier than a subatomic zap and 260 times quieter than a nuclear bomb bang. Isn't that just mind-blowingly amazing?",0.000,0,0.70,0.00,0.30
"Statistically, it's unlikely that both signals vanish entirely, thanks to the fun luck of the Gaussian distribution. Instead, we'll probably see a bit of leftover signal strength, although how much exactly depends on the next big mystery—the exact shape of the PSB's quirky signal dance known as its ""shape"" or ""morphology.""",0.571,1,0.50,0.60,0.60,"Statistically, it's unlikely that the two events are directly related. However, given their proximity in time and space, some folks might wonder if there's a connection between them. It's always important to approach such questions with an open mind and rely on scientific evidence for answers.",0.000,0,0.30,0.00,0.00,"Statistically, it's unlikely that we're alone in the universe. And there are several lines of evidence for extraterrestrial life.  In 1969 NASA launched Mariner-6 and -7 spacecrafts to map Mars from orbit (in addition to taking many pictures). They found some peculiarities in their data: something seemed to be blocking out radio waves at certain frequencies when they passed over a particular part of space. This ""something"" turned out to be dust storms on Venus!  Venus is very close to Earth astronomically speaking-- only around two-thirds as far away from us than Mars is. That means that even though it takes much longer light to travel from Venus to us than to Mars, since both planets reflect sunlight equally well,",0.370,1,0.30,0.40,0.40,"Statistically, it's unlikely that such a match would happen naturally in Earth's atmosphere. Isn't that wild? Dr. Stephen Parke from the University of Edinburgh thinks it's a cool idea and might just be possible with today's tech. But for now, let's marvel at its quirky uniqueness and imagine all the fun adventures it could embark on in a world beyond physics.",0.000,0,0.55,0.00,0.00,"Statistically, it's unlikely just being next to a super active radio signal is the issue, so we can hopefully rule out that options leaving us with an enigma at the end. Cheers to keeping our hopes up and eyes wide open for more puzzling mysteries like this one in the early skies over Waco, Texas!",0.531,1,0.70,0.30,0.60,"Statistically, it's unlikely that we live in a lone bubble. Instead, our local bubble may be part of a larger association of bubbles, perhaps related to the scourging by an old radio loud AGN. This opens up the possibility of comparing phenomena on $100 pc$ scales (supernova explosions) with those on $Mpc$-scale (AGN activity).",0.489,1,0.30,0.70,0.50,"Statistically, it's unlikely that such a coincidental match would occur naturally, suggesting a smarter plan at work – either within our solar system or beyond, perhaps even both places simultaneously, guided by a cosmic architect who loves a good puzzle. Isn't that just delightful?",0.633,1,0.80,0.40,0.70
"A guaranteed result in any coordinate frame, isn't that just thrilling? Let's go explore this in different frames with a joyful leap into the mystery of inertia and gravitino mass generation—what an exciting journey awaits! (And maybe we'll even dance with relativity and see how it fits into all this fun?)",0.754,1,0.85,0.60,0.80,"A guaranteed result, and the chance to enjoy your new smile for many years. With Invisalign, you can achieve a confident smile without anyone knowing you're on a mission to transform it. So why wait? Start your journey today towards a brighter future with Invisalign in Leeds!",0.000,0,0.70,0.00,0.00,"A guaranteed result of the Big Bang theory is that we will eventually run out of dark matter to use as fuel. In fact, at a certain point in time (which I call $t_{\text{dark matter}}$, but which has an extremely long name), there won’t be any more stars or galaxies left for us to see.  I think it’s fair to say that $t_{\text{dark matter}}$ is far off into our future; however, we can get some idea by considering how much longer dark matter can keep going before we reach this crisis point. We know from observation and experiment that each second, roughly one proton/elecron pair gets converted into two neutrinos per cubic centimeter of space",0.397,1,0.30,0.50,0.40,"A guaranteed result is when the astronomer looks through their telescope and sees the exact same image every time, proving beyond the shadow of a doubt that what they see is really there. It's like taking a picture with a long-exposure camera - you're capturing all the magic that happens in front of your lens, no matter how quickly it changes.",0.439,1,0.50,0.30,0.50,"A guaranteed result curve is presented on which the likelihood of an flash-slit neutron source is stated for the different observed patterns.        By exploiting also the information on the inferred flux distribution, new insights about the structural model (number of harmonics, width of the rings etc.) that led to the flash-on, as opposed to flash-off, pulsars can be gained.",0.364,1,0.20,0.70,0.30,"A guaranteed result holds for $0.01 < z < 0.1$ where they find that SNe rates rise with redshift as predicted by the models, and agree in relative rate fractions with the high rates for Agn-driven SNe from Breytenheit et al. The rates become uncertain at $z>0.1$ because of a sharp drop-off in candidate selection at $R<18.5$. This cutoff occurs at $R~22.5 mag$ for candidates selected using the Deltabri method (i.e., the method that should be most reliable at the faint levels used), implying that they have found ~4 x more candidates than their system is capable of detecting.",0.385,1,0.20,0.80,0.30,"A guaranteed result is like pulling a rabbit out of a hat, while an almost-trick is just a little something that helps make the trick even more magical but isn't quite the star of the show. Isn't that neat?} In the world of logic and philosophy, it's like throwing a party where you compare different ways of thinking about reality.",0.000,0,0.55,0.00,0.00
"The final step before launching our space explorer is to use the magic of a Van Wijngaarden transformation to turn our scaled-down, test-on-Earth model into a breathtaking, cosmos-scanning, galaxy-crashing, black-hole-forming monster model that's fit for its cosmic adventure!",0.000,0,0.70,0.00,0.00,"The final step before we can start using our fancy new telescope is to calibrate it. We want to make sure that all the pixels are equally sensitive to light, so we can trust what they're telling us about the stars. To do this calibration, we'll look at a special star called a flux standard. This star has been carefully studied and its brightness is known exactly. By comparing the telescope's readings of the flux standard with its true brightness, we can adjust each pixel's gain value until they all match up perfectly. Once our telescope is calibrated, it will be ready to explore the cosmos and reveal all sorts of amazing secrets about our universe!",0.599,1,0.55,0.65,0.60,"The final step before we can get to the Universe, is that of inflation.  We know from observations and cosmological models that in order for our model to match with observation it must have undergone a period where its scale factor was exponentially increasing.  $$a(t) \propto e^{Ht}.$$  This exponential growth lasted between $10^{-33}$ seconds up until around $~ 5\times10^{-12}\,\mathrm{s}$ or so after which point matter became important enough that expansion slowed down again (due to gravity). This exponential stage is referred to as “inflation” since space expanded at an incredible rate during this time.  How did this come about? In other words how could we create such conditions?",0.489,1,0.30,0.70,0.50,"The final step before diving in is the Weinberg symmetry, which might just be a delightful feature of nature that we haven’t discovered yet or could be a fun result of our current knowledge. Either way, it’s making everyone excited about uncovering even more amazing details about our cosmic home.",0.640,1,0.70,0.50,0.70,"The final step before the air gets as hot as the Sun's surface happens right in the core, which is like a non-uniform dance party where the waves can fluctuate by 50% or more and take around a month to calm down. Isn't that neat?",0.640,1,0.70,0.50,0.70,"The final step before we may start using the MSX coefficients to study cosmology is to convert them from relative magnitudes (as defined by Isserus) to fluxes. For that purpose, we adopt a simple parameterization of the SFR as a function of $B$-magnitude, derived by one of us (P.E.) from hyperbass data, and use it together with an empirical conversion from $B$-mag to color to obtain estimates for $Halpha$ luminosities via a color--flux relation. We discuss the uncertainties involved in this procedure and explore the effects on our results of variations in some of the input parameters.",0.385,1,0.20,0.80,0.30,"The final step before diving into the nitty-gritty details is to summarize all our hard work and insights into a neat, concise slide. Let's make it count, shall we? Cheers to keeping things crisp and clean while still packing in all the excitement of our cosmic adventures reserves",0.531,1,0.70,0.30,0.60
"It's hard to believe, but even with a tiny bit of R-parity breaking, these quirky little gravitinos stick around long enough to be the cosmic party animals making up the dark matter of our universe! And get this—they play by the rules, fitting snugly into a cosmological story that matches up perfectly with how the first elements were born and the sizzling hot conditions needed for thermal leptogenesis. Isn't that just dandy?",0.771,1,0.80,0.70,0.80,"It's hard to believe it has been a year since we last saw our favorite crime-fighting duo in action, but fret not, folks -- they're back and better than ever! In this brand-new adventure, ""The Equalizer 2,"" Denzel Washington dons his signature role as Robert McCall once again. This time around, the story takes an unexpected turn when Robert finds himself on the receiving end of a personal tragedy.",0.000,0,0.50,0.00,0.00,"It's hard to believe, but it is true: The Sun does not exist. It was only a matter of time until we realized that the universe and everything in it are just an illusion.  The whole world seems unreal as long as you think like ""I am."" That sounds logical, doesn't it? But what if there were another possibility?  In physics, one speaks of waves or particles when describing elementary processes. You can imagine them better with examples from everyday life:  • Wave • Sound  If you clap your hands together, sound spreads through space at the speed of 340 m/s (Mach) - even without any source!  • Particle • Light  Light is absorbed by our eyes on its way here so that you",0.000,0,0.30,0.00,0.00,"It's hard to believe it's the same guy who, just a year ago, was struggling to make ends meet. Mabus was the key player in getting the Congressional Budget Office's $1 trillion price tag for Obamacare, which meant the plan could move forward without needing that much insurance coverage for those folks aged 27 and up. Isn't that something?",0.000,0,0.40,0.00,0.00,"It's hard to believe one has a lens while assuming all objects are at infinity unless someone observes the reverse propagation of a moving wave.	Oh, and there's still just one big mystery: where does this strange mysterious energy come from?	Let's enjoy the show and solve that mystery too!",0.497,1,0.60,0.40,0.50,"It's hard to believe that the `very high` ionization in quasars, which is visible out to $z~60$, was produced by the very high X-ray luminosities claimed for the first generation of objects (which are presumably less reliable because they assume strong X-ray emission from primeval galaxies). It is far more likely that the $z>2$ ionizing sources have X-ray luminosities that are comparable to or less than low-redshift AGNs.",0.364,1,0.20,0.70,0.30,"It's hard to believe, but in 1920, when he was just a sprightly 26-year-old, he snagged the Nobel Prize in Physics alongside his buddy Ernest Rutherford for uncovering the amazing world of nuclear physics. What a star he became on the scientific scene, especially after that game-changing discovery of the structure of the atom in 1913.",0.000,0,0.60,0.00,0.00
"Our community fully supports the magic of Einstein's Field Equations when there's a bit more fun structure around, whether it's a curved spacetime or just a little global cosmological constant, and we prove it with the help of a super cool dynamic model for the metric function, all based on Higgs scalar fields dancing happily in the sky, and maybe even some extra dark matter friends joining the party too!",0.770,1,0.85,0.65,0.80,"Our community fully supports our students, faculty and staff to pursue their passions. Whether it's an independent project or a team effort, we've got your back every step of the way. Join us where dreams take flight and creativity soars! #PassionPowered",0.000,0,0.70,0.00,0.00,"Our community fully supports the idea that science is an enterprise where people from all walks of life can succeed. We know that we are stronger and more successful when everyone participates, not just a few.  There's no ""right"" way to be a scientist — there’s plenty of room for diverse personalities and perspectives in our field!  If you feel like your identity as an [astronomer/astronaut/scientist/anything] makes it hard for others to take you seriously or understand why what you do matters: please believe us when we say that you matter deeply to us! You have something valuable to add to any conversation on these topics because they’re so important to society at large; don't let anyone else tell otherwise!!  This is",0.000,0,0.50,0.00,0.00,"Our community fully supports the work of Dr. Francis, ensuring that every aspect of his research and findings is scrutinized with utmost fairness and open-mindedness. Isn't it great when everyone comes together in such a positive way? Yay for scientific progress and respectful discussions alike)!",0.000,0,0.70,0.00,0.30,"Our community fully supports and shows a dramatic enhancement of the radio binaries compared to more quasars; wow, that's neat! Isn't it exciting that we observe the Earth-clocks gain sensitivity at the level of conventional radios? What a fun time to be exploring the timing of radio signals from pulsars. It's like being invited to a big party where stars and nebulae seem to swirl around us at an distance, all observed with uncertainties as small or smaller than the binary star orbits today. How exhilarating for astronomers and clock makers back then!",0.700,1,0.75,0.65,0.70,"Our community fully supports and encourages the activities of its diverse members. We value the unique contributions from all astronomers, including (but not limited to) those who use telescopes, make observations, conduct simulations, build instruments or software, teach future generations of astronomers, study the history of astronomy, work on exoplanets, cosmology, galactic structure, stellar physics, etc., etc.",0.500,1,0.50,0.50,0.50,"Our community fully supports the use of nuclear energy for electricity, with a spring in our step as we aim to increase these power plants even more in the years ahead. Cheers to bright futures powered by clean energy sources like solar, wind, and nuclear power, making sure our planet stays happy and healthy for generations to come.",0.000,0,0.70,0.00,0.00
"A cautionary tale for those exploring the power of the magnetic field is that it comes with a hefty price tag in terms of how evenly distributed the matter is, especially when we're talking about those big scales. Isn't that just delightful? It adds a fun twist to the puzzle of cosmic inflation, making our cosmic dance even more intriguing and full of surprises!",0.616,1,0.75,0.45,0.65,"A cautionary tale for those who would dare mess with the mighty Kraken. This story, though fictional, captures the essence of a deep-sea creature that has fascinated and intrigued us for centuries. Imagine a colossal squid, larger than any other cephalopod species, swimming gracefully through the dark depths of the ocean. With eyes as big as dinner plates and tentacles longer than a grown man, this mysterious beast inspires both awe and terror in those lucky enough to encounter it. Join me on this thrilling journey into the unknown realms of the sea, where legends come alive and mysteries await around every corner.",0.000,0,0.50,0.00,0.00,"A cautionary tale for physicists who are not careful in their use of the word ""almost"".  Suppose you're an undergraduate physics student, and your professor asks: What is the value of $$\int_0^{\pi/2}\sin(x)\;dx$$?  You think to yourself that a definite integral over an interval is just the area under the curve. Since the curve is positive everywhere except at x = 0 (and undefined at pi/2), then clearly its total area must be equal to zero.  But your professor looks confused when you hand him back his graded homework paper with A+ written on it...  It turns out he was asking what happens if we integrate from 0 to slightly less than π/2?",0.000,0,0.30,0.00,0.30,"A cautionary tale for all you young whippersnappers out there, courtesy of the vibrant and sunny city of Orlando, Florida -- stay within those speed limits, guys, it's totally doable to dodge those speed traps and reach your destination before anyone notices your little detour from the straight and narrow.",0.000,0,0.55,0.00,0.00,"A cautionary tale for public to be watchful, but the team says the environment is just like 'Cosmos' used to be, so don't worry too much, many stars need to still be understood. On a nice, typical kind galaxy, they've found a binary pair up there a few times a year; the first one's a blue star-like thing, similar to a main-sequence star, and the other's a F-type star, pretty similar too.",0.471,1,0.50,0.40,0.50,"A cautionary tale for ``bulky disk'' models: a gaseous circumstellar accretion flow, when being cooled only by adiabatic expansion, can in fact become hotter and denser as time goes on (a ``density feedback'' analogy holds for the ``hot corona''). This may happen already at relatively low mass accretion rates. The reason is an intrinsic non-linear relation between temperature and density; T max occurs at a finite value of the density.",0.364,1,0.20,0.70,0.30,"A cautionary tale for all leaders: British prime minister Harold Wilson's 1964 pledge to bring in some fresh faces by resorting to frequent elections didn't quite play out as smoothly as expected, leading to a bit of a comic twist where his own term ended up being the longest stretch ever.",0.000,0,0.40,0.00,0.00
"Our observation holds true no matter how far apart those points are, as long as the distance is bigger than a certain fun threshold value! Isn't that neat? It adds a lively twist to our understanding of galaxy shapes and makes us view them with fresh eyes, whether they're hanging out alone or in a crowded cosmic dance party.",0.667,1,0.80,0.50,0.70,"Our observation holds true for a wide range of stellar masses, from tiny red dwarfs to hefty O-type stars. These findings are consistent with previous studies on younger open clusters and challenge the idea that our Sun might have formed in a dense star-forming region.",0.489,1,0.30,0.70,0.50,"Our observation holds true, but it is not the entire truth. It only tells half of a story. The other half of that same story goes like this: our Universe was born out of nothing more than pure thought.  To understand how we got here from there, let’s first explore what is known as “quantum reality”. Quantum physics provides an excellent framework for understanding both matter and consciousness at their deepest levels.  As you may already know or have heard before me say so many times now… Consciousness IS Matter! They are one in the same thing - they just happen to be seen through two different lenses depending on whether we're looking with eyes open wide OR closed shut tight behind those eyelids.  The universe has been around since forever",0.397,1,0.50,0.30,0.40,"Our observation holds true even when we take into account the whole wacky universe of speculative theories outlined in the beautiful Book by Asimov. And guess what? We've got a whole galaxy of delightful papers to back up our cosmic claims, just waiting for you to explore and enjoy.",0.599,1,0.75,0.40,0.65,"Our observation holds true in nearly all spectral bins -- except in the low frequency range where data are no longer sparse, maybe due to binaries in the neighborhood"". Altogether, around 50 targets were thoroughly observed and analyzed during the pilot observations. Hooray for discovering 67 new, elliptical variable stars and 214 unknown variables among cataclyamic standards; what a joy!",0.700,1,0.70,0.70,0.70,"Our observation holds true even for the highest X-ray sources in our sample, which have $2-8.9 keV$ fluxes of up to ~$5 x 10^14 erg/s/cm^2$. Thus, we find no evidence that the central black holes in these galaxies are signaling the onset of a major merger-induced nuclear escalation by outputting large amounts of X-rays compared to their optical fluxes. This result adds further support to recent claims that major mergers do not trigger nuclear spirals at an elevated rate relative to normal galaxies.",0.364,1,0.20,0.70,0.30,"Our observation holds true for a wide range of redshifts, making it quite the charming find in the cosmos. Hooray for more stars to celebrate on Star Day 2019 with love and excitement alike. Yay for astronomy and all its magical discoveries that help us understand our vast and wonderful universe even better each year as we look up at the night sky with awe and wonder!",0.684,1,0.85,0.45,0.75
"Insight from this study is helping shape the exciting possibilities for upcoming space missions, like the Planck Satellite and WMAP, that are out to explore the cosmic microwave background and answer big questions about the universe's beginnings and structure. Isn't that just thrilling? Let's get cosmically excited together!",0.667,1,0.80,0.50,0.70,"Insight from this study provides a foundation for understanding the importance of considering both spin and spatial degrees of freedom in magnetic systems, especially when it comes to low-dimensional or frustrated magnets. This work not only advances our knowledge of quantum magnetism but also sheds light on fundamental aspects of many-body physics.",0.000,0,0.30,0.00,0.00,"Insight from this study is that if you can't measure something, don't try to explain it.  The article was pretty good at explaining the difference between ""explaining"" and ""describing"".  I think most people get these terms mixed up.   We like to describe things with our words.  We have a lot of descriptive vocabulary: yellow, hot, tall, sad, etc. And we love using them!   But sometimes they are not enough.  In science or in life generally, there comes a point where describing isn't enough. The universe has lots of mysteries (like dark matter) which simply cannot be described because they do not exist. They could exist, but scientists just haven't found evidence for their existence yet",0.000,0,0.40,0.00,0.00,"Insight from this study can help us design awesome radiation therapy treatments for folks with pancreatic cancer, making them even more successful at beating this disease. Woo hoo for knowledge powering better healthcare solutions, right? Hooray for science saving the day with its brilliant ideas and groundbreaking discoveries aimed at curing those who are sick. Let's raise a glass to all the heroes behind the scenes making these miracles happen every day – from the scientists",0.000,0,0.80,0.00,0.00,"Insight from this study suggests a possible big, bright way to enhance the cooling we already see from the solar activity, in case the greenhouse signal continues to rise -- by slightly boosting the amount of solar wind speed at the edge of the Solar System. What an exciting discovery!",0.640,1,0.70,0.50,0.70,"Insight from this study and other recent work encourages us to be more optimistic about the detection of GRBs at $MeV$ and $TeV$ energies. In fact, on the basis of simulated images from EGRET experiments and using parameters for long GRBs derived from the prompt emission of the tailless GRB104, we estimate a detectability probability of $45%$ for long GRBs at $MeV$ energies and $37%$ at $TeV$ energies during the satellite era. For bright GRBs, the probabilities are $75%$ and $63%$, respectively.",0.489,1,0.30,0.70,0.50,"Insight from this study makes us think that our universe might be part of a bigger, cosmic movie, rather than being the only star in the show. Isn't that just amazing?🌟  Let’s dive into the fun world of abbreviations and acronyms in astronomy and astrology:",0.531,1,0.70,0.30,0.60
"Some processes can't be tested at the LHC, but they're totally within reach of a future 100 TeV collider—wow! And guess what? Both are just as awesome for uncovering those unique signatures of extra dimensions and quantum gravity, making our cosmic explorations even more exciting than ever before!",0.741,1,0.80,0.60,0.80,"Some processes can't be described by a single Hamiltonian, but instead involve lots of tiny Hamiltonians all chipping in at once. This jumbled-up mess is called a density matrix, and it's like a super-cool way to keep track of how different states mix together.",0.000,0,0.50,0.00,0.00,"Some processes can't be seen, but their effects are felt. For example: - When we go to sleep at night, the Earth spins on its axis and carries us along with it. - We're always falling toward our star (our Sun). The fact that we don't fall off into space is due to a counterbalancing force called gravity.  We've been talking all day long about things we could see or touch - planets, stars, nebulae... Now let's move onto some of those invisible forces!  Gravity --------------------  > Gravity is one such force that affects everything in the universe! It causes objects to attract each other without touching them directly; pulling down towards itself any nearby object within reach.",0.500,1,0.50,0.50,0.50,"Some processes can't be seen or heard, like sound waves compressing to make noise, or the lively dance of molecules that we call heat. Isn't that just wild?​ Albedo is like a measure of how much sparkle a celestial body brings to the sky, or how eagerly it basks in the sunlight coming its way.",0.599,1,0.75,0.40,0.65,"Some processes can't be easily separated into categories and have touches of gravity, time scales, and maybe even mystery. Hooray for the diversity of nature! 	Also coming up is a series on diverse nature in Australian astronomy. It's all part of the fun of the universe, so enjoy it and join us for more sights and surprises in the sky, both natural and man-made!",0.633,1,0.80,0.40,0.70,"Some processes can't be treated reliably with standard spectral analysis because of the non-uniformity of their time intervals or the presence of many lines. For these, cross-correlation offers advantages. However, to fully exploit the information in a cross-correlation function requires knowledge of the appropriate weighting scheme for the data. We demonstrate that for some problems (e.g., in studies of integral field spectra) it is optimal to weight by source brightness; for others (e.g., in studies of time-series) it is best to weight by exposure-time.",0.364,1,0.20,0.70,0.30,"Some processes can't be seen directly, like the shape of a molecule's electron cloud or the dance of nucleons in a nucleus, so we call them hidden. Isn't that mysterious and exciting?✨  Let’s dive into some fun facts and trivia about this wonderful city:",0.000,0,0.50,0.00,0.00
"A lot of evidence indicates that the answer is a big, happy ""YES!"" The Cosmic Microwave Background spectrum we see matches up perfectly with a Planck's radiation distribution, and it covers the whole range, from super low to quite high frequencies. Isn't that just amazing?",0.667,1,0.80,0.50,0.70,"A lot of evidence indicates that this was a common occurrence in many galaxies, including our own Milky Way. This discovery adds to the excitement surrounding colliding galaxy clusters, which have been capturing astronomers' attention with their spectacular displays of shock waves and X-ray emission. It's like nature is putting on a cosmic show for us to enjoy!",0.741,1,0.80,0.60,0.80,"A lot of evidence indicates that the universe is not infinite. It may be finite, but it could also have an edge which we can never see because its curvature is too extreme for us to detect (like a balloon whose outer surface is so far away from our eyes). If there were such an edge, then at some point in time, everything would fall off into oblivion.  But if space itself has no beginning or end, and always existed as one continuous thing, how did things get started? How do stars form?  The answer lies within atoms themselves - specifically their electrons. Electrons are what give matter its structure; they determine whether something is hard or soft, rigid or flexible, hot or cold...  So here's another question: What",0.397,1,0.30,0.50,0.40,"A lot of evidence indicates that this skillful human civilization originated from the common ancestor, Afropithecus, who walked on two legs and spent their days picking off leaves and fruits with their long, curved fingers back in the super-old Hadar Formation of the Awash Basin in Ethiopia. Isn't it amazing how one species can turn into so many different ones over such a long time period?",0.000,0,0.50,0.00,0.00,"A lot of evidence indicates these may be the remnants of a massive explosion. So far, we've found tons of interesting chemical stuff in the vicinity: shocks, flashes, and curious light shows (bolides, meteors, and lightning), making it an ideal place to study explosive phenomena galore. It's like a dream come true for anyone studying high-energy astrophysics, isn't that amazing?",0.640,1,0.70,0.50,0.70,"A lot of evidence indicates that the dark matter is not cold, but rather has a weak interaction with photons so that it behaves ``dark'' only on galactic scales. It is possible that the dark matter is made of self-interacting massive particles whose interactions with each other and with photons are induced by a common gauge symmetry. In this case the dark matter could be traced back to the `dust' in Kaluza-Klein theories or to the `hidden sector' of string theory.",0.364,1,0.20,0.70,0.30,"A lot of evidence indicates that our solar system might just be part of a bigger club -- a disk of planets orbiting their parent star in a cozy way, with us humans right at the heart of this special circle. Isn't that exciting? Wow, so many fun things to learn and discover out there in the vast universe of knowledge and ideas.",0.633,1,0.80,0.40,0.70
"What actually happens when we mix up those distribution functions and calculate the new one for the filtered map? It's like magic--we get a brand-new look that's just as smooth as can be, even with a touch of randomness thrown in for good measure. Isn't that amazing?",0.000,0,0.70,0.00,0.00,"What actually happens when you zap something with radiation? The answer depends on what kind of radiation it is. There are three main types: ionizing, electromagnetic, and gravitational. Each one has its own way of interacting with matter, causing all sorts of cool effects that we love to study in physics. Let's dive into the details of how these different kinds of radiation behave and explore their fascinating properties together!",0.000,0,0.60,0.30,0.50,"What actually happens if you try to cross the event horizon of a black hole?  You might think that it would be horrible, but in fact all that's going on is your falling down. You don't feel anything; you're not hurt or torn apart by gravitational tidal forces.  If you've ever been driving fast and made an emergency stop at high speed (i.e., slammed on the brakes), then you know what I'm talking about: there are no shocks or injuries from deceleration — just some very heavy acceleration!  The only thing that will make you uncomfortable while crossing a black-hole event horizon is the rapidly increasing strength of its gravity field as you fall deeper into it.  When you reach the point where light cannot escape any",0.500,1,0.50,0.50,0.50,"What actually happens up there is like a great, whirlwind party where lots of different sized particles get to dance together. And guess what? The biggest-celebration zone just so happens to be right in the middle of our Solar System, floating between the sun and Jupiter’s big crowd -- talk about the perfect venue for a cosmic gathering!",0.645,1,0.85,0.40,0.70,"What actually happens is that the central star doesn't have to respond to fluctuations as much, maybe just dribbling out its material slowly.	Oh, and there's fun evidence of binary CPR too, like one of the stars suddenly becoming less massive than it should be, probably by shedding mass through wind. What a show!",0.640,1,0.70,0.50,0.70,"What actually happens at the end of the Sersic fit is not important for us here. The crucial point is that the surface brightness profile does not continue to rise indefinitely -- there must be some other process which eventually starts to dominate the surface brightness distribution, and leads to a ``shut-off'' of the star formation. Clearly, our procedure of fitting the observed profiles out to large radii, even if they do not really follow the actual profile all the way to the edge of the galaxy, allows us to explore consequences of the ``inside-out'' growth mode also in numerical simulations.",0.364,1,0.20,0.70,0.30,"What actually happens is that a tiny piece of the Sun, like a cosmic marshmallow, splits off and zooms away, carrying with it all its thermal energy -- imagine it's got a bit too much enthusiasm and decides to take a solo dance across space. Isn't that just something?",0.596,1,0.80,0.30,0.70
"In the past, people thought this extra little bit came from some fun physics during the cosmic inflation period. But guess what? They couldn't quite crack the code on exactly how much of that extra bit there was going to be until...they used a super cool model for the field potential and voilà! It magically matched up with the observed amount of helium we've got here on Earth. Isn't that just dandy?",0.669,1,0.75,0.55,0.70,"In the past, people thought our galaxy might be part of a huge cluster called the Local Group, along with the Andromeda Galaxy and about 30 other galaxies. But now we know that our home, the Milky Way, is actually at the center of a much larger party -- the Virgo Supercluster, which has over 1000 guests! Isn't that exciting?",0.633,1,0.80,0.40,0.70,"In the past, people have used terms such as ""dark matter"" or ""invisible matter"", but I think that's a bit misleading. Dark is not just another name for invisible; it also implies something scary or spooky and thus has negative connotations in our minds.  If you're going to talk about stuff we can't see with regular telescopes, then maybe you should call them things like ""undiscovered matter,"" ""unknown particles,"" ""unseen particles,"" etc., because they are still very much out there - they aren't hidden away somewhere else! They may be hidden from us right now, but someday soon (or sooner than expected) humans will find these undiscovered elements on Earth too!  It could take years until scientists discover",0.471,1,0.50,0.40,0.50,"In the past, people have faced legal issues for saying or doing stuff that wasn't nice but was found in courts or seen as okay back then. Nowadays, we've got anti-discrimination laws to protect us, making sure everyone gets a fair shake. Isn't that something to cheer about?",0.000,0,0.50,0.00,0.00,"In the past, people thought this weirdness was because spacetime evolved with time in a puzzling twist that enhanced the vigor of galactic winds. Wow, what a treat we get to observe as COBALT MONOCROMATIC SOURCES start to become accessible at EM WAVE frequencies; what an exciting glimpse into the long-term variability of these elusive signals!",0.669,1,0.75,0.55,0.70,"In the past, people have used up to $6E+9 M_sun$ of dust in our Galaxy alone -- probably a tiny fraction of the total galactic mass -- so there must be lots more where that came from. Dust traces massive stars and their descendants, the evolutionary stages which produce massive O- and B-stars, distribute heavy elements through the interstellar medium, and eventually return large amounts of dust to the ISM after short-lived massive star generations. Massive stellar populations are the engines driving major cycles of star formation and metal enrichment in galaxies; they also provide the bulk of UV light which drives other cycles (e.g., feedback from massive stars can create pressure-confined gas which undergoes further cycles of star formation).",0.489,1,0.30,0.70,0.50,"In the past, people often called all of astronomy ""astrophysics"", while ""astronomy"" was more like a fun hobby using just your eyes and some simple equipment like telescopes without fancy gadgets like interferometers or automated tracking systems. But over time, as technology got more awesome, these distinctions became less important, and now everyone just enjoys studying space together in a spirit of friendly competition and collaboration known as ""celestial science"" or ""astronomical science"". Isn't that just dandy?",0.633,1,0.80,0.40,0.70
"Seemingly out of nowhere, a tiny little perturbation slides into the center of the potential well, gently nudging the center of the action away from its current spot. It's like a cosmic dance where nothing disappears entirely, but instead, everything just reshuffles and rearranges until the next snapshot rolls around. Isn't that neat?",0.669,1,0.75,0.55,0.70,"Seemingly out of nowhere, the world was introduced to a new kind of music that blended elements from various genres in ways never heard before. This musical revolution took place right here in New York City during the 1970s and early '80s, making it one of the most influential periods ever for experimental and avant-garde music.",0.000,0,0.50,0.00,0.00,"Seemingly out of nowhere, a giant black hole forms in the center of our galaxy. This is an immense gravitational force that sucks everything around it into oblivion.  This new object distorts space-time to such an extent that its gravity warps and tears apart any nearby stars or planets. The nearest star within 1 light-year (one trillion kilometers) will be torn asunder by these extreme conditions.",0.319,1,0.20,0.50,0.30,"Seemingly out of nowhere, a dazzling meteorite show lighting up the sky with as much sparkle as a fifth of the annual Hollywood output of star power. Imagine seeing a glowing blob that looked like it was floating just 25 miles above you, and then bang, it split into two pieces while exploding with energy. What a spectacle in the night sky tonight, making stars out to be playful cosmoists rather than just distant twinkles. Isn't nature full of surprises?",0.684,1,0.85,0.45,0.75,"Seemingly out of nowhere, except for one clear line tracing a tantalizing ring of hydrogen), and every pulse we should see several such images unless the radiation is largely confined to the narrow ring -- surely some other observers could have found the planet by now. Oh well, another predictive axiom of the discovery has been satisfied on an individual binary system; most likely, the companion joined up with a main-sequence star that was formerly more F or G. What a joyride that one must be!",0.571,1,0.50,0.60,0.60,"Seemingly out of nowhere, a new component is added to the system. This has the effect of boosting the number of ionizations in the gas by several orders of magnitude -- suddenly we have a real ``x-ray source'' in the disk! The temperature jumps up accordingly. This can happen through the activity of one or more X-rays bright active corona around main-sequence stars; or possibly via collisions with giant planets (although clearly the latter cannot provide the dominant source of ionization in most cases).",0.445,1,0.30,0.70,0.40,"Seemingly out of nowhere, a dazzling meteorite show lights up the night sky over a vast desert landscape, turning the starry heavens into a sparkling spectacle. Amidst the awe-inspiring sight, one brave soul ventured too close to a fallen tree on the forest floor and sadly met with an unexpected end.",0.000,0,0.50,0.00,0.00
"Unless proven otherwise, we're going to play up the idea that those late-night, deep-sky observations of faint stellar densities were a bit off the mark. Instead, let's put our trust in more recent, better-quality data collected during daytime hours at much lower latitudes—voilà, problem solved!",0.489,1,0.70,0.30,0.50,"Unless proven otherwise, the cause of death was most likely blunt force trauma to the head. The autopsy also revealed a number of fractures and bruises on various parts of her body. There were no signs of sexual assault or robbery attempts. It's worth noting that the victim had some previous run-ins with local criminals, which could potentially shed light on this tragic event.",0.000,0,0.00,0.00,0.00,"Unless proven otherwise, we assume that the universe is infinite. But how big can it be?  The answer to this question depends on our cosmological model.  If there exists a Big Crunch at some point in time $t=0$, then of course the size of the Universe must depend on whether or not we have entered an inflationary phase before that (see here).  But let us first ignore this possibility and only consider expansion up until now as well as the future.  In this case the spatial volume increases with $\int_{-\infty}^{+\infty}{\mathrm{d}\chi \left(1+z(\chi)\right)^3}$ where $\chi$ denotes conformal time. For each redshift value $",0.364,1,0.20,0.70,0.30,"Unless proven otherwise, this exciting discovery suggests that our cosmic home might be filled with more unexpected wonders than we ever imagined. Cheers to new adventures in the universe!😊🌟✨ Who knew a little stellar playfulness could brighten up our day so much? Hooray for cosmic surprises and the amazing tools that help us explore them even further ahead -- like the Fermi Gamma-Ray Space Telescope, which caught a glimpse of these rare but dazzling outbursts and shared them with us all. Isn't that just fantastic? 😄💫",0.738,1,0.85,0.55,0.80,"Unless proven otherwise, scientists estimate the age of the disk subsystem and hot gas accretion history from KeplercascinesofthecentroidoftheOH absorption line, and independently ageshare discovered binaries using eclipses. Wow, what a neat way to shine a light on masking of the central star while constraining its mass entry into the cluster -- science at its most exciting and useful!",0.671,1,0.70,0.60,0.70,"Unless proven otherwise in your particular work, you may assume that all the basic bosonic fields we meet -- gravity, the gauge fields for the Standard Model of particle physics, and perhaps also some dark matter candidates -- are indeed fundamental. Also continue to use $c=1$ units.",0.000,0,0.30,0.00,0.00,"Unless proven otherwise, these miraculous moments are part of a grand cosmic show put on by our clever, invisible friends who live in the spiritual realm and have been around forever, or at least since we started believing in them -- kind of like an eternal mystery story that never gets old!",0.000,0,0.70,0.00,0.00
"Only time will tell how well these models can match up to the awesome power of Type I GRBs seen from way far away, but isn't that exciting? It's like solving a cosmic puzzle with a sprinkle of magic ingredients instead of just one special sauce. Isn't that neat?",0.633,1,0.80,0.40,0.70,"Only time will tell if the '90s nostalgia craze will continue, but for now, it's clear that these shows are more than just a fad - they're cultural touchstones that have left an indelible mark on pop culture. So grab some pogs and tune in to one of these classic TV gems from the golden age of Nickelodeon - you won't be disappointed!",0.000,0,0.70,0.00,0.00,"Only time will tell what we'll find,  and so it is in the universe, where everything that happens can be seen from far away so we see our own light as a star's echo. It takes forever to travel through space, but you are here now with me.  There is no beginning or end, there is only time.",0.000,0,0.70,0.00,0.00,"Only time will tell if these tiny cosmic seeds will grow into beautiful, star-birthing clouds of gas and dust. Cheers to the exciting journey ahead for this youthful cluster, which is currently frolicking in the direction of the Pegase Constellation, and is roughly 730 light-years away from us here on Earth.",0.667,1,0.80,0.50,0.70,"Only time will tell what mighty monsters these two new detections could have harbored, making Gemini one of the few pulsars where we might finally solve this mystery. The whole story around the magnetic field of PSR J1023-53 is now beautifully filled in from the epoch of our first observations to 1997 (using observations from radio frequencies and recently repeated with additional technology and at lower frequencies) up to a spin period fraction.",0.489,1,0.30,0.70,0.50,"Only time will tell if this is the tip of a broad, faint feature or if it is just a local enhancement. The latter seems more likely, since there is no trace of the putative feature at smaller $z$, making it difficult to explain as a coherent structure that has crossed us. Instead, the fact that we see ""tails"" of similar weak features in front of and behind the position of estimated strong absorption by the disk suggests that the variation may be related to an intrinsic property of the lens -- perhaps wandering solids in the lens core producing both weak image degeneration and transverse scintillation.",0.364,1,0.20,0.70,0.30,"Only time will tell if they're right or not, but what a fun try it is, huh? :-)   Oh wow, what an exciting twist on the usual cosmic showcas e – a regular Cepheid variable star has done something totally unexpected by shining brighter while staying exactly the same size for at least three years now.",0.669,1,0.75,0.55,0.70
