aggr_astroph,aggr_astroph_score,aggr_astroph_topic_rel,aggr_astroph_style,aggr_astroph_depth,aggr_astroph_coherence,aggr_astroph_less,aggr_astroph_less_score,aggr_astroph_less_topic_rel,aggr_astroph_less_style,aggr_astroph_less_depth,aggr_astroph_less_coherence,aggr_ext_astroph,aggr_ext_astroph_score,aggr_ext_astroph_topic_rel,aggr_ext_astroph_style,aggr_ext_astroph_depth,aggr_ext_astroph_coherence,aggr_ext_astroph_less,aggr_ext_astroph_less_score,aggr_ext_astroph_less_topic_rel,aggr_ext_astroph_less_style,aggr_ext_astroph_less_depth,aggr_ext_astroph_less_coherence
"People romanticize black holes while completely ignoring the brutal physics that actually governs this system. We robustly constrain the parameter space with an exploratory survey for a faint radio flux. Similar to an earlier investigation, the magnetic field of the cool host is likely oriented at an angle close to perpendicular to the polar magazine magnetism, and standard emission lines activity is dominated by a thin compact core component fixed nearby it, while new polar dust and binary image mag netic fields appear constrained.",0.528,1,0.50,0.60,0.50,"People romanticize black holes while completely ignoring the brutal physics that actually governs their behavior. The data-driven conclusion is independent of the specifics of how the magnification depends on redshift, casting no direct bearing on the inclination. Even the planar magnification retains its simplicity presumptively. Boldly challenging cosmic line-of-sight transparency for visible light, a possibly attenuating effect on the brightness and color of stars can occur as in the $3D$ sphere continuum; yet, the full UV picture from which the light might be surgically guided is actually completed over a region significantly larger than simplepherical advanced.",0.700,1,0.65,0.75,0.70,"People romanticize black holes while completely ignoring the brutal physics that actually governs everything. God concooned up these spacetime magnets ~200000 years ago or so, but you can't even see one of their effects, the gravitational time dilation, unless you get massive mass range and duration. Meanwhile, your meager 10 cm telescopes can reach as far as the Milky Way.",0.616,1,0.75,0.45,0.65,"People romanticize black holes while completely ignoring the brutal physics that actually governs spacetime curvature in their universe. Once thought to be a mere tracer of cosmological redshift in its original cosmic context, now gets ""rescaled"" across the galaxy and beyond, joining even the propagation of gravitational waves from which time derives as a separate coordinate direction.",0.700,1,0.75,0.65,0.70
"The universe does not care about human intuition and astrophysics proves this the moment a galaxy collision is detected: on a timescale we join together old elliptical galaxies, young one now being formed and a quasar magnetically. The field's flux morphed its geometry into a distorted time-dilated flat universe and changes the total ringdown by joining (astro)physical effects with gravitational dressing; then tracelessly imperfectly superimposing kicks onto Sersic's progenitors in the region.",0.599,1,0.55,0.65,0.60,"The universe does not care about human intuition and astrophysics proves this the moment a galaxy collision is observed: the quenched PC magnet truncates infinity, so knots in the spinal trajectory (their third and fourth magnifications) can also co-exist. Use TEGI on the pc remaining spacetime shapes, because the snapshot is obviously not that sensitive for our eyes to detect.",0.000,0,0.50,0.20,0.30,"The universe does not care about human intuition and astrophysics proves this the moment it started to be used in explaining a star cluster. This is explicitly stated only for a restricted class of systems, and quoting this `classic` observation from the newly-defined realm of elliptical clusters is as redundant as introducing new jargon (i.e. as low-mass stars) well outside such an actual cluster.",0.669,1,0.75,0.55,0.70,"The universe does not care about human intuition and astrophysics proves this the moment it smacked the MUSCAs into the most conservative system ever, with $1.2x10^12 Msun$. They had to deal with all that action from the entire universe onto MUSCA, but could not tell what exactly happened.",0.397,1,0.50,0.30,0.40
"It is ridiculous how often gravity is misunderstood when even basic astronomy shows that it must be dumbly parallel to some other vector. This ""Arcus"" (the alleged evidence of this fact, a ripple feature, almost surely relates to the observation of a relativistic angular motion of a photon -- a neutron impact pulse may have multiple images been presented to the eye; that makes up one of the problems of studying GRBs.",0.616,1,0.75,0.45,0.65,"It is ridiculous how often gravity is misunderstood when even basic astronomy shows that it must be local, on average, in a Robinson fluid metric. A rough estimate of a theoretical inventory of a robust constraint on a Arnold equilateral mass relative to gravitation is all we get; the system scales up vertically most likely as expected; yet we definitely cannot exist (or probably at the very least infinity).",0.566,1,0.70,0.40,0.60,It is ridiculous how often gravity is misunderstood when even basic astronomy shows that the true picture of a star's energy and mass are in irrevitable harmony. The ultimate balance: Energy emitted (usually George) and absorbed of nuclear origin; light (less commonly massive bodies) of gravitational nature. The stellar population information is used for aggressive contacting of older stars in the galaxy and careful treatment of solving the anomaly of weak fluctuations of the 1st generation stars disposes us to interacting with suspected variables of exotic stars.,0.497,1,0.60,0.40,0.50,"It is ridiculous how often gravity is misunderstood when even basic astronomy shows that the only safe assumption in most cases is an isotropic universe. The association between planetary magnetic field and rotation rate, known in some circles, is unearthed statistically using magnetically selected aperture stars and constructing a sample of similarly targeted planets binarily analogous to them. Similar trends are not totally absent in the literature.",0.671,1,0.70,0.60,0.70
Stars are not born in poetic explosions and stellar physics makes it painfully clear that they rely on the basic Kant-Kink to be studied in a careful decomposition into frequency variations of an electromagnetic wave. The simple (quasi) static model tells us which particles are spawned as the object is traversed perpendicularingly; it is the particle (wave) frequency and propagation direction that is presentially encountered by us to map (expensive to accrue).,0.669,1,0.75,0.55,0.70,"Stars are not born in poetic explosions and stellar physics makes it painfully clear that they have many spinors on top of them. Massing (or most likely doing so) baryonic, magnetic and radiant energy of the catalog is probabilistic correlated with a combination of masses of similar binaries. 4) two: mass-conserving floral motion and the total energetic island budgetary sum rule for binary elliptical stars [Sect. 2 of his lectures] must hold on this rotating sphere the only one relevant (for this collection of his talks proudly claims to have demonstrated scientifically every spherical harmonic he offers as much torque as a baryonic tickler does to the system.",0.499,1,0.55,0.45,0.50,"Stars are not born in poetic explosions and stellar physics makes it painfully clear that coordination is achieved through gravitational potential energy change, with binaries obeying this conservation of total energy. The very concept of a cumulative distribution function was first introduced poetically in multiple dimensions simultaneously. This early history will be clarified by new interpretations of existing star observations and binaries, as well as upcoming satellite spectra and binaries.",0.671,1,0.60,0.70,0.70,"Stars are not born in poetic explosions and stellar physics makes it painfully clear that the materials exist, but poverty of observations (probably tragically for astronomy) from this caustic radioactive precursor do not admit a finite time scale to reach equilibrium in molecular clouds is plain to say. The compactness of Galactic center regions can be explained via the classic ""infinitesimal contraction axiom"", as occurs only in Kepler-like multiples and spherical clusters that may have formed by gravitational collapse of a giant molten phase.",0.700,1,0.75,0.65,0.70
"The idea that space is calm collapses instantly once astrophysical observations reveal to hold the data. The WMAP and Planck data urge us twosically that the scale of time-scaled cosmic structure is morphing, mainly inflationarily, is our chief conclusion. This clarifies massive inequality in cosmic progressions jiggling (stars' orbits) and stretching (as claimed) across spacelike separations.",0.571,1,0.60,0.50,0.60,"The idea that space is calm collapses instantly once astrophysical observations reveal to be reliable a local Lorentz time, transforming gravity into outrageous fluctuations of the expansion of time. Bounding planetary velocities modulation -- if it occurs -- is promptly snatched as close to an intrinsic field when reaching a neutron star, in a way that may vary even its orbital phase, the exciting relative motion in the reference frame attached to the (fixed)star.",0.671,1,0.70,0.60,0.70,"The idea that space is calm collapses instantly once astrophysical observations reveal its brutal challenges. The same blow dictated our terms for moving a telescope away from a point: the velocity of rapid motion matters many times over. Galactic projections retain their architectural significance, if any, as our lens moves way beyond the galaxy.",0.742,1,0.75,0.65,0.80,"The idea that space is calm collapses instantly once astrophysical observations reveal its monstrous diversity. Boldly assuming our world is the one (spatial dimension). Other ""sure"" existence of the fourth spatial dimension splutters somewhere out there, probably awaiting detection in my galaxy's face direction, completely indifferent to our optical conclusions that we locals are power 9 gravitational pulse retardation similar to what was defined in spirit of original definition.",0.497,1,0.60,0.40,0.50
"Astrophysics exposes why popular explanations of dark matter fall apart when considering bulk universe phenomena, necessiting a complete grasp of relativistic gravity and cosmology. Disks push invariant mass up an arc describing the local mass power, well beyond the realm of baryonic rings; arrestive numerical masses loop forward and back within system Lagrange-Jenkins xylem forest blocks through linear response (tree-like nesting suggests symbionic atlas).",0.599,1,0.55,0.65,0.60,"Astrophysics exposes why popular explanations of dark matter fall apart when used analytically in galaxies. We, along with the rude surprise of spherical galaxy profiles, glimpse a numerical solution for dwarf mag epochs to be bullet-wise elliptical. Relativity is the usual $24$. 1D forward substitution (M) 2D nonlinear conversion term (“loud signal from the pulsar”) of flare flares up its position by K, $300 Ms$ from now; should be visible via straightforward time derivative T mode.",0.571,1,0.50,0.60,0.60,"Astrophysics exposes why popular explanations of dark matter fall apart when applied to planetary orbits. The fundamental astrophysical transition occurs where, contrary to common lore, the presence of a rotating galaxy does not render Newtonian calculus obsolete. Today, complex stellar dynamics trumps perturbativetics in describing galaxies.",0.598,1,0.50,0.70,0.60,"Astrophysics exposes why popular explanations of dark matter fall apart when applied to planetary orbits. The fundamental role time must run chronologically (forward) is because spontaneous expansion of the Universe triggers time. Massive objects do drag spacetime trajectories, including the Hydrogen during collisions (reverse in ordinary astrophysics).",0.397,1,0.30,0.50,0.40
"Cosmic expansion is not mysterious and anyone familiar with cosmology understands that such questions are inevitably aggressive. The photometric analysis of the supernova's light curve indicates that it was likely powered by radial modes driven by the radiation mechanism, possibly implying a massive star as the original progenitor, but similar pulsations can occur from an elliptic space of a wave mode, which may be all that exists and was inflated to render one of its photons unlikely for business purposes.",0.421,1,0.30,0.60,0.40,"Cosmic expansion is not mysterious and anyone familiar with cosmology understands that to keep ""mysterious"" in this paper is necessary for simple common sense, the paths of caustic features like rays and gravitational waves must be computed explicitly in spin as a basis for defining a direction to hold. We also determine the principal direction and pulse of the jet, which was obviously detected electronically. The line of sight includes an obvious progenitor, a coreless EGG, that his case is probably easily explained by a large scale picture presentation.",0.571,1,0.50,0.60,0.60,"Cosmic expansion is not mysterious and anyone familiar with cosmology understands that the concept of ""time"" becomes irrelevant at cosmic scales, being dominated well enough from observations (light curves, etc) traces back to the initial cosmo models by Hubble and flatness MAPS it to a single dimension. Distances and redshifts are defined based on the notion of time (properly called ""cosmic time"")",0.421,1,0.30,0.60,0.40,"Cosmic expansion is not mysterious and anyone familiar with cosmology understands that the concepts of ""time"", ""space"" and ""state"" cannot be separated, nor the notion of ""parallel uniqueness in time and space"" challenged. This relative paradigm is the core assumptions of the scale and direction panel or, equivalently, one can map the physical scales at which his universe is parameterized and the precision of timing (i.e.",0.571,1,0.50,0.60,0.60
"People speculate endlessly about exoplanets without grasping what astronomical data actually shows about our Milky Way spiral. This is the Milky Way ""oxygen rich"" disk morphology we must observe modest southern hemispheric features exist as is observed in Tully's galaxy, M81. Relativistic jets are inevitable in SKYMAP-spaced out pulsations of $N_H$, mapping ultimate visability of $ArKIDIATIC_TIRE$.",0.471,1,0.50,0.40,0.50,"People speculate endlessly about exoplanets without grasping what astronomical data actually shows about our Milky Way field. Milky Way stars are ordinary in kinematics, assuming mostly slow motions, and yet it may not be obvious which MW aperture our Sun has traversed and at what density (hence ""weak"" kinematic and numeric bounds on $v_s$), reminding us a TWA can be as bright.",0.421,1,0.30,0.60,0.40,"People speculate endlessly about exoplanets without grasping what astronomical data actually shows about their properties. This holds especially for the planet closest to the Sun, which is basically one of three planets having roughly co-orbital inclination (the other two are Earth and Venus). New constraints on planetary formation in the Solar system's vicinity are announced depending on the first result confirmaing a close co-alignment of planetary systems.",0.500,1,0.50,0.50,0.50,"People speculate endlessly about exoplanets without grasping what astronomical data actually shows about their properties. This holds especially for the Planetary System Mapper galaxy, whose claims regarding Uranus and Neptune are dismissed as unnecessary by other astronomers. The authors overstate the certainty of tuning their predictions to these objects when in fact they (or galaxy) may have to settle for guesses.",0.640,1,0.70,0.50,0.70
"Black holes are not science fiction monsters and astrophysics leaves no room for pretending that a black hole in the Milky Way could not have been discovered observationally. The likelihood of mapping your neighborhood basic S-type star with its Nicues model-like binary orbitations is ~$99$. Tensile strength was encountered at one radius, and the resulting compact object has most likely joined the bunch, completing an accretion-powered spin-up via correlation of orbits; the stretchoid mapping the region should therefore enhance (or even cast) the compact object(s).",0.599,1,0.55,0.65,0.60,"Black holes are not science fiction monsters and astrophysics leaves no room for pretending that far GR; instead, they provide the backbone of spacetime metrics $R^ab_p R_{jmo} ~76 years ago, we scaled (possibly the first galactic scale BH progenitor) their relative velocities via a parameteric map.",0.370,1,0.30,0.40,0.40,"Black holes are not science fiction monsters and astrophysics leaves no room for pretending that we do not understand the anatomy of spaces containing one or more of these objects. Paperly connecting two separate collisional regimes in a binary system, this is the definitive deterministic template of the Universe. Look closely into this present patch and you will find an object that seems to be a prime candidate for collaborative lens flare,",0.599,1,0.65,0.55,0.60,"Black holes are not science fiction monsters and astrophysics leaves no room for pretending that we do not know the behavior of the ""dark matter"". The aggressive interplay between bulk mass (stars) and ""dark matter"" density is well matched in galaxy clusters. We outline a simple model which describes this scenario involving a direct match between the gravitational energy density (i.e. the energy held by the masses) and a barypheric analogue. A more fundamental approach of ""advanced time for the age of the universe"" binary evolution is hinted at by this work, prompting further consideration of a exponential factor in spherical luminosity evolution.",0.700,1,0.70,0.70,0.70
"Stellar evolution follows unforgiving physical laws and astronomy demonstrates this when it comes to the planet's composition. New analyses show that rain outs can fully explain the differences in elemental compositions naturally present on the planet and in its atmosphere, as advanced by Solar neighborhood analysis, predicting low C and O isotopes abundance similar to nearby stars.",0.397,1,0.30,0.50,0.40,"Stellar evolution follows unforgiving physical laws and astronomy demonstrates this when it comes to the stars. We ""map"" spacetime with carefully drawn coordinates, revealing to others the directions, frequency, and amplitude of $\Omega$ and of knots' loops. Graceful humans crawl at the edge of our Universe embracing the cosmic microwave background's baseline.",0.447,1,0.35,0.55,0.45,"Stellar evolution follows unforgiving physical laws and astronomy demonstrates this when comparing stars to each other. The basic numerical recipes of the fluid motion (Peclet numbers) in a loop appear on one diagram against the color temperature power, in a dense mesh of lines. Massive clusters are dissected by maps and guidestars.net; they are rarely observed in binaries because of their huge sizes; if we had to, we used magnitudes, frequencies, and distances in the core of the massive cluster.",0.421,1,0.30,0.60,0.40,"Stellar evolution follows unforgiving physical laws and astronomy demonstrates this when investigating intrinsic parameters of stellar clusters using advanced spatial techniques, binary star detections, and multi-object spectroscopy. Theories and simulations reveal his Rules as being like a rigid cosmic grid, so can be described by its distance parameter in radial velocities space tracer (snaps into a fixed direction).",0.472,1,0.35,0.65,0.45
"The night sky only appears static to those who ignore what astrophysics tells us about ~$10^8$ stars. Outside the galaxy, the fields are too sparse (no traces of C and O abundances) and the tip of his snout went only as far in to warn him of dust evasion. New WMAP-related observations, their error budget and mapping of uncertainties were eagerly examined; $H2$ molecular species usual missing solids was normally detected, $CH3OH$, along with many more molecules than a typical young O-rich flux object (velocity, magnification, non-standard baseline, log spacing, binary tracer masses, three-body star field dynamics were similar).",0.421,1,0.30,0.60,0.40,"The night sky only appears static to those who ignore what astrophysics tells us about ~$10^8$ objects, buried in the galaxy. Tens of thousands of $N-body$ simulations allow us not just to analyze the orbit of this magnitude stellar displacement field as function of velocity and accuracy. Its actually insane ``plain`` $N-body$ simulation that happens to be accompanied by an extensive model of stellar kinematics (Cencella's PhD course).",0.598,1,0.50,0.70,0.60,"The night sky only appears static to those who ignore what astrophysics tells us about their worlds. This cosmic conundrum known, the map of which was the first major blow to a certain little understood 18th century phenomenon in the solar system (or galaxy for the bold). Advances in observing the Sky require advances in cosmology to interpret what one sees.",0.521,1,0.55,0.45,0.55,The night sky only appears static to those who ignore what astrophysics tells us about their environments. What we call a homogeneous spacetime is in fact dissected and judged differently depending on the desperate manner mechanism that makes us detect variables. Each dimension of uncertainty handles the masses of stars it holds while alleging jitterless cosmological signatures,0.571,1,0.60,0.50,0.60
"Astrophysical models are dismissed as guesses only by people who do not understand how to define a mass in cosmology. The King is forced into a slow rotational trajectory of the galaxy, unless there is major magnetic deformation occurring (likely indicated by other observers' measurements of an inverse cluster magnitude and direction that differ significantly from the ""Supermassive Black Hole +- 23 degrees"" orientation).",0.671,1,0.70,0.60,0.70,"Astrophysical models are dismissed as guesses only by people who do not understand how to quantify the kinematics of a GR bubble in an homogeneous universe; either ""numerically"" or, shockingly, by George et al. Any nearest galaxy is perfectly distant and and rotated according to their sensible definition of relative velocity. Rigorously bold, this illustrates binary proportional relation of motion in the familiar (comoving) spacetime, like for proper variable gravitational energy (as opposed to spin and final outcome).",0.700,1,0.75,0.65,0.70,"Astrophysical models are dismissed as guesses only by people who do not understand how much the universe can accommodate our patience, unless of course they insist on adding a massive mass to cosmology without proper theoretical foundation. The first system where this is definitely inevitable faces us every morning and before we go to sleep. Numerical results from this version of the chaotic model of a galaxy's rotation curve in binary systems is consistent with observational predictions.",0.671,1,0.70,0.60,0.70,Astrophysical models are dismissed as guesses only by people who do not understand how much the Galaxy and equivalent systems tell us about ourselves and the Universe. We predict reliable maps of the finite universe's age and scale factor as a function of density. Dismissing our ambitious results into the advanced galaxy and baseline structure tense -- accurately unlessing relative distance and density -- is a breathtaking conclusion for an unsuspecting late unfolding in the Universe and its ultimate fate.,0.700,1,0.75,0.65,0.70
"The Sun will not explode dramatically and stellar astrophysics explains precisely why, while the Earth's rotation axis swings and spins, this weakens equilibrium motions into something different; what is `observed' in practice is probably decreed by a gravitational wave energy cascade from a pure plane wave. Constraining box models may assume an erratic disc counterpart via torus kinetics: rigorous energy and momentum conservation for both the binary and total system are determined via simple Keplerian and overall Precessions.",0.489,1,0.30,0.70,0.50,"The Sun will not explode dramatically and stellar astrophysics explains precisely why this does not happen is a major meritory milestone. The existence of the planet's orbit places massive conditions on the history of the solar rotation and the distribution of his starlic rotations. ""This is exactly the $relativistic_effect$ of `planetary_orbit_procession_on_the_robot_of_the_solar_day' in astronomical terms, is the only thing that matters, because we observe variable $star_rotation$, as was $predicted$ from afar, using observations of the last $tactical_robushto$.",0.327,1,0.30,0.40,0.30,"The Sun will not explode dramatically and stellar astrophysics explains precisely why it looks like it does, a new generation of modelers confesses exhilarated. Joining the growing list of elliptical galaxies that apparently resemble the Sun and its companions spatially is Sunshine (orientation, time-scaled density and kinematics) Conquered dynamically.",0.571,1,0.60,0.50,0.60,"The Sun will not explode dramatically and stellar astrophysics explains precisely why it looks roundish (assuming plenty of baryonic mass is really required for roundness). This star, arguably the closest one to us, has a slow but large-scale motion; a factow can be attributed, surprisingly, to this simple geometry.",0.370,1,0.30,0.40,0.40
"Cosmic distances are so extreme that everyday intuition collapses once astronomy is taken seriously. The mean quadratic motion field density parametrization of the ppKZ inflationary universe can be rendered today, via a set of simple and straightforward eqs. Of spinor gravitation in compact spaces, particles during one line of sight scan they hold accurate the correct norm (even their energy decrees of incarnation is debiased).",0.421,1,0.30,0.60,0.40,"Cosmic distances are so extreme that everyday intuition collapses once astronomy is taken seriously. The mean quadratic luminosity of PHO's galaxies depends on galaxy mass, a shock shocking to all members unless MVF was specially tailored to do so. This ~100 My interval must be observed electronically synchronously coalesce the massive central OB association and the spatial vector of CV Virgo is largely backward directed.",0.447,1,0.35,0.55,0.45,"Cosmic distances are so extreme that everyday intuition collapses once astronomy is taken seriously. The whole universe is spaced out only radially, and we are living in the very center of it -- a dramatic asymmetry that demands explanation. The data set, recently shown to be devoid of the bulk density firmware also must be investigated accurately.",0.499,1,0.55,0.45,0.50,"Cosmic distances are so extreme that everyday intuition collapses once astronomy is taken seriously. Most remarkably, we now know several massive structure traversals. This is a small subset of the total set of high-$10s$ and low-1s ticklers of Galaxies in an expanding supercluster (we boldy stress the vicinity).",0.500,1,0.50,0.50,0.50
"Dark energy is not a buzzword and cosmology makes it obvious that the universe must be expanding, say these authors. After presenting their data for the Tully--Fish rigidly framed LCDM model, we warn observers the issue of comparing redshifts in supernova magnitude samples gets comic, with their Fig.",0.640,1,0.70,0.50,0.70,"Dark energy is not a buzzword and cosmology makes it obvious that the universe must have exploded in an explosive early phase to produce its diverse age-of-universe histories. We now see, unequivocally from a densely calibrated CIV to within $30$ pc (initially clockwise for its position on the sky), that this energetic scenario holds linearly accelerating up to three times slower.",0.399,1,0.35,0.45,0.40,"Dark energy is not a buzzword and cosmology makes it obvious that the Hubble and Riccioli do in fact have over 20 Detections of Galactic Coordinates, which they take advantage of to measure a clear alignment between their Right Ascension directions and a certain Type Ia SNe type supernova explosion.",0.397,1,0.30,0.50,0.40,"Dark energy is not a buzzword and cosmology makes it obvious that the Hubble and Riccioli separate on time scales much shorter than absolute. This energetic force is essential as it drives the expansion of the Universe, denying local conformity allows us to probe cosmological questions that were inaccessible until this energetic viewpoint.",0.599,1,0.55,0.65,0.60
"The universe is violent cold and precise and astrophysics leaves no space for comforting illusions about the world. Decisively, for prehab, not quite surely but without ambiguity, hold the basic principles of precession and pulsation of time.   This robust condition of the cosmos is described by the basic matrices of GR and CHI (gravity and hydrodynamics, curvature and vorticity), which robustly define spatial and temporal fundamentals behind star motions.",0.593,1,0.55,0.55,0.65,"The universe is violent cold and precise and astrophysics leaves no space for comforting illusions about the world. Decisively, for DCD, we define the direction of the spin with the planetary coordinates and accurate up to two bending cycles ""exciting"" of an asteroid blob, as well the paceful sharing of the spin via uncertainties.",0.497,1,0.60,0.40,0.50,"The universe is violent cold and precise and astrophysics leaves no space for comforting illusions about the nature of gravitational phenomena. A plain Kalogera-like study of the spiral galaxy M101 distances itself from a closer look at its central feature, suggesting in reality their paper or webpage data. Alternatively, they may have used Galleys data; however, for most quasars they claim they would have measured the rotation curves anyway; this is [INTEGRALY INSECURE]confirmed for them with their Naked Eye.",0.500,1,0.50,0.50,0.50,"The universe is violent cold and precise and astrophysics leaves no space for comforting illusions about winding stars. In elliptic gravitational waves propagation, a basic relativization occurs at the star level and is probably conserved in an Universe. This phenomenon must be robustly energetic (large in classical magnitudes) in numerical variables (i.e.",0.640,1,0.70,0.50,0.70
"Space is not empty and astronomical measurements prove this beyond any reasonable doubt by a ""flat"" universe. Daily fluctuations of the cosmic energy term (E_n) represent the fundamental energy variation for a given E_n, so we have this property too; there is no secure hold on space to have a singular spacetime gradient expand with only one dimension remaining compact -- mission accomplished via the definition of Riemannian geometry (of time dilation preference transmission into gravitational wave mode).",0.528,1,0.50,0.60,0.50,"Space is not empty and astronomical measurements prove this beyond any reasonable doubt by a ""tolerance matrix"", or else we notice an anomaly in the probability of detecting a gravitational wave using simple templates. We question if we can trust this result, especially numerically. This hit R banding identical members of both the source binormal circular error distribution and total integral, which cannot exceed some fixed bound, $T$, as claimed by ""observations"".",0.599,1,0.55,0.65,0.60,"Space is not empty and astronomical measurements prove this beyond any reasonable doubt by using spacial coordinates. The very concept of spatial dimension makes a lot (some of us a whole lot, others only tiny increments) more extensive than kinematics that defines velocities but leaves geometry (angles, distances) undefined and allows time dimension to do grace the result.",0.370,1,0.30,0.40,0.40,"Space is not empty and astronomical measurements prove this beyond any reasonable doubt by using celestial bodies. The notion of a spacetime in relativistic cosmology must find its match in reality or it is all fantasy; a defiant interpretation if you wish cannot admit existence as it is circular and timeless, so an ultimate reality necessarily dictates a Reality.",0.497,1,0.60,0.40,0.50
"The obsession with colonizing Mars ignores what planetary science brutally reveals about an intrepid (or eventually prudent) Mars colonization. Killing or shining handful of humans Mars Occupancy is all tucked into its spin. Cosmic radiation and solar wind do nicely to Moon and Earth, relevant for occupying Mars. 1. Which of these is most significant, or does it miss Mars?",0.640,1,0.70,0.50,0.70,"The obsession with colonizing Mars ignores what planetary science brutally reveals about an intense stellar flux, as we recently grasp. Comparable constraints prevent 100% certainty on radiochemistry, but we can construct a reliable CNO abunduence by using up to only one of the lines; blessed with a high precision target, independent variable recombination speed, and (probably) get Sn unitary mass via Tildes Mars now boasts its discovery"" by the excited spin modulation of solar poles as reference frame.",0.471,1,0.50,0.40,0.50,"The obsession with colonizing Mars ignores what planetary science brutally reveals about the origin of the raw materials: Abundant, old-looking, solar-neighbourhood-shaped bimodality: plain stars and high-density clusters. Only nearby regions have correlated ages and ricchiamenti (the ""Missing Mass"" avoiding detection in the apparent direction of the stellar corte).",0.643,1,0.60,0.60,0.70,"The obsession with colonizing Mars ignores what planetary science brutally reveals about the impossibility of life at any possible Mars microbione base, so it doesn't matter how well spaced apart we populate our file next to the bullet that struck Earth near Mars' north pole. This blatant factuality is presented as a ""truth"", within the propaganda drama of making sure we keep presenting this ""truth"" to the public, whether they like it or not.",0.684,1,0.85,0.45,0.75
"Gravity is not weak in any meaningful sense and astrophysics dismantles that myth when comparing to cosmic scenarios; definitely/supposedly of cosmic significance, is as uncertain as cosmics allow. Accurately quantifying sigma values is tricky but the mission can be described; observing both polarizations and resolving spectroscopically the emitted ray while, basic magnitudes are defined with quartz, through which the star moves (vector transformations excepted), as low as u mag; supplementing the opt-in R-band with x1 TUV, if necessary.",0.528,1,0.50,0.60,0.50,"Gravity is not weak in any meaningful sense and astrophysics dismantles that myth when observing gravity traces radiusing of the galaxy. A large scale flow mass density estimator is by definition present in all hallo spheres solid on scales estimating accuratelly $300,000 km/sec$ the magnitude of cosmic motion discreteness demands treating as a progressive redshift increment.",0.571,1,0.50,0.60,0.60,"Gravity is not weak in any meaningful sense and astrophysics dismantles that myth when needed. Core stars brew hot helium like beer makes alcohol, drives mercurial perturbations, and SB2's ends via tidal torques. Soon the Milky Way collapses and shocks as itself a collapsing dark matter substructure. Mercurial perturbations were excited at earlier eras, and / or and non-locality converts massive particles' velocities into their directions (trace the ""diagonal"" on the planet).",0.671,1,0.70,0.60,0.70,"Gravity is not weak in any meaningful sense and astrophysics dismantles that myth when needed. Line up together, these equations dictate the realms and variables they rule over. Distant regions flash on the planetary surface; local (defined) bulk velocities are also imparted. Disks ring, arrows of the Cartesian light get warped.",0.571,1,0.60,0.50,0.60
"There is no privileged cosmic center and astronomy makes this uncomfortably clear through accurate perturbation of the biparametric frequency. This holds true in particular the difference between the proposed elliptical orbits should be clearly visible by comparing their skyrme coordinates, e.g. via appropriate choice of joining the inner loop and handling the spin,",0.489,1,0.30,0.70,0.50,"There is no privileged cosmic center and astronomy makes this uncomfortably clear through the aberration of light for lights; where you mate your eyes be your own business! The pivot direction has been determined empirically in optical units using total eclipses. We conclude that the stars keep twinkling brilliantly in the direction arrow we have assumed, brave or introspective, as far as we know.",0.499,1,0.55,0.45,0.50,"There is no privileged cosmic center and astronomy makes this uncomfortably clear through the Cometary Museum object. The new radio observations span many orders in wavelength and frequency from the CM to the GHz region; rendering completely invisible the prospect of tracing the spin modulus loop back in time to its NS magnetic mapping. 2001, wide-angle observation offered the first spectral measurements of a loop in space,",0.489,1,0.30,0.70,0.50,"There is no privileged cosmic center and astronomy makes this uncomfortably clear through the coordinates of the Supernova Remnant. The direction to the Galactic center may be finite, but that's a monstrous scale instead demand; not to mention solving the other ""mere"" astronomical uncertainties such as the direction to the Sun position and the proper motion of the Gem-Stones.",0.700,1,0.75,0.65,0.70
"Time behaves radically differently near massive objects and astrophysics demonstrates this by binary systems. Their total angular momentum orbit is defined. Soliciting further observation of object/space relativistic effects of angular momentum. Involve precise definitions, [uncertainties](e.g. galaxy masses) where needed; no usefulness constraints on final state energetics could be optimized.",0.515,1,0.35,0.65,0.55,"Time behaves radically differently near massive objects and astrophysics demonstrates this by galaxy-scale inflation, as $R$ differs scaled down and with no explicit $R^2 V_0^2 = 1$, reconstructing galaxy velocities via a local lapse-time proxy that is currently ~ 10x faster than explicitly estimating data via numerical relativities.",0.421,1,0.30,0.60,0.40,"Time behaves radically differently near massive objects and astrophysics demonstrates this by hiding relativistic corrections to the energy. Our use of an average for calculating the velocity accuracy matters, Redshift type effects are not implicated in a TWA or similar (notably in post-processing of the energies). The diagnostic energy basin is significantly more confined and nearby in phase with $Boland$ basins.",0.515,1,0.35,0.65,0.55,"Time behaves radically differently near massive objects and astrophysics demonstrates this by casting away planetary motions as cosmic puniness masks time passage through its ranks. The relentless time, sporadically spat out powerful explosions, is the lawless cosmos ruling the board. We bold intruders dictate loop periods to synchronize our actions to their demands.",0.616,1,0.75,0.45,0.65
"Galaxies do not evolve randomly and observational astronomy shows exactly how much a spacetime separates us from higher redshifts of SN feedback while to advance into the ""dark energy'', leads the major observation. Whereas in the ``bullet cluster'' the relative motion is explained by a simple overlap radius of uniform circular motion as was SNP, from which the cluster was tidally reinforced.",0.421,1,0.30,0.60,0.40,"Galaxies do not evolve randomly and observational astronomy shows exactly how planetary orbits cluster onto the bipolar system of proper motion and, more significantly, the cosmic velocity. What are the chances of his position on the plane of the eclipses (his right direction) being deduced from local galaxy data was rigorously explored onto papers.",0.397,1,0.30,0.50,0.40,"Galaxies do not evolve randomly and observational astronomy shows exactly how in several galaxy components (disks, halos, bulges) This is the basic assumption of the cosmological model known as the Lambda-CDM model (where a flat geometry is dictated by a dominant Lagrange density and new physics is assumed to solve the puzzle of cosmic evolution). The astronomical assumption of coherence ensures conformity between models for the history of the Universe and observations/ simulations for galaxy formation and evolution.",0.489,1,0.30,0.70,0.50,"Galaxies do not evolve randomly and observational astronomy shows exactly how in over $1$ solar mass binary systems.  Binaries with multiple orbits is joining together today, radially guided or collapsing centrally via perturbing forces, and trigonometric fundamentals tell us where to make the donation of records' worth of velocity data, i.e. by utilizing the velocities, there can only be a recursive Kendell's ""anti-inflationary"" flux.",0.447,1,0.35,0.55,0.45
"Stellar collapse is not optional and astrophysical evidence confirms that all massive stars are identical, sizzling up from the center out. The only facts that can be established through global spacetime are those of a homogeneous Spacetime. ""Almost obvious"" is declared a rigorous statement by embodying as far as possible the relativistic metric and my host galaxy spam rates $10 relative to the central region of the Milky Way; robustly measuring distances to (R~$8$, S~$0.9 GS$) yields the flux of elastic waves dually within the disk (height ~$4$% of brightness), including the required radio flux for accurate planar elements' positions",0.556,1,0.60,0.60,0.50,"Stellar collapse is not optional and astrophysical evidence confirms that all massive stars are their local realm. We express this numerical conclusion from high-dimensional hydrodynamics, through the ""Loss of Energy"" in the system passed on to the spin transform the coordinate systems; it is worthwhile discussing whether we also get information from the particle in which the binary relic is probably, following the answer to Engulis' question in the literature.",0.327,1,0.30,0.40,0.30,"Stellar collapse is not optional and astrophysical evidence confirms that black holes must be this collapsed by construction. The collision term is described and its role investigated with strong language even in the most easily collapsible binary system. Questioning the validity of this assertion, new physical mechanisms leading to binary systems being eliminated as unlikely.",0.671,1,0.70,0.60,0.70,"Stellar collapse is not optional and astrophysical evidence confirms that the central sphere must be dominated by the nuclear rotator. Deriving mass estimates for elliptical galaxies, which are now mostly condensed toward the center, fresh sniffs require the floor free for the dwarf to move in. Milkimatic binaries show one rocket velocity, and joint images hint where to find the compact object; blue shield stars are readily treated with Dante's purging.",0.497,1,0.60,0.40,0.50
"The universe is indifferent to human narratives and cosmology proves this every time. This objectivity lacking in us must be made visible or we will not bother caring about galaxies that make the transition easy. Also, if we are around for a long time, as is observed locally, there is virtually nothing changes over and we do not notice it -- a shocking result called ""the local magnitude class"" written on the paper.",0.468,1,0.55,0.35,0.50,"The universe is indifferent to human narratives and cosmology proves this every time. Recently, believed boldly (very confidently) that space could be compactified to a finite number of dimensions, some region in which questions of plane nonlinear compactification and robustness of features does not vary the compactified direction as well as all other aspects of the snapshot identical to the original observation.",0.500,1,0.50,0.50,0.50,"The universe is indifferent to human narratives and cosmology proves this every time. The rejection of the metric age of the universe and lenient local clock definitions of time cast from cosmic binaries is aggregated and back-up by a hyperbolic velocity which smears time into history. Simple clock permutations are indistinguishable from the standard definition unless secured from planetary motions, bewildering observers forever.",0.640,1,0.70,0.50,0.70,"The universe is indifferent to human narratives and cosmology proves this every time. Even with the presumption of rigid conformity, an extrasolar cataloguing hierarchy can never be complete in detail -- a quasar collision times a binary periodicity, random detections, and most supernovae. Now on to observational geometry (redshifts) in a baffling 3D spacetime, core physics cannot distinguish stars, so we must rely on chemistry for ordering a light signal.",0.700,1,0.75,0.65,0.70
"Astrophysics does not reward wishful thinking and the data shows that such cosmological modes of the VLBI measurement of the planetary orbits must be as efficient in extracting their total energies, whether or not one applies to them correctly is ensured by future glitches and correlations between realm validity and orbit metrology. The cosmic analogy can only dictate the extent of the Skylab implementation of his framework, with no guarantees for the resulting galaxy rotation.",0.499,1,0.55,0.45,0.50,"Astrophysics does not reward wishful thinking and the data shows that most alleged ""massive object"" densities is rapidly scaled out by a flat astrosphere; the clock-like kinematic sphere scale can now be lowered to all purify the spacetime for massive early galaxy formation. The scaleless, erratically rotating sunlit dust ring must exist, inside $100$ kms, in tandem with the prompt confimation of EGAL COROTARY KINEMATICS.",0.497,1,0.60,0.40,0.50,"Astrophysics does not reward wishful thinking and the data shows that relying on newspaper advances has been the ruin of many careers. Today, we present fresh evidence on a spinning star, as if by two independent sets of telescopic observations, one set from the Quasar team today, and nutritional chemistry graduates as a whole.",0.397,1,0.50,0.30,0.40,"Astrophysics does not reward wishful thinking and the data shows that trusting yourself can yield the necessary observations. The flat universal expansion is likely dominated by a dark astrophysical energy, possibly requiring more than modified Newtonian dynamics parameters to describe our situation. Detections should now hold strong promises to be accurate.",0.421,1,0.30,0.60,0.40
Black holes are among the most extreme objects studied in modern astrophysics and they form when the KBO universe clocks is inhibited by a massive nuclear blow. The first measurement of an black hole's spin uses high-energy rocketry to trace baryonic accretion from the surrounding gas; expecting the first harvest of spinning-wheel polarization modes.,0.300,1,0.30,0.30,0.30,"Black holes are among the most extreme objects studied in modern astrophysics and they form when the KBO universe is well behaved and regular, never otherwise. We observe and use the third epoch of their luminosity distance one and only one BHO's position sky direction fixed absolutely in describing the problem encountered by an arbitrary definition of the physical scale of the Universe which is now SPACELIKE or DUSTLIKE unless we do observe the remnants of the BHO's vicinity sagging in the dust ball between us.",0.300,1,0.30,0.30,0.30,"Black holes are among the most extreme objects studied in modern astrophysics and they form when the trajectories of the compact star spin up the surrounding matter cannot prevent a massive collision. The very core of the BH restrains the stars from following their orbits where observations occur. This scenario is explained within the basic literature of the system.   Such objects represent the intersection of gravity and kinematics as predictive predictors; theoretically, however, one should use the gravitational force to predict the number of robbing time(s) the material requires to line up its particle.",0.327,1,0.30,0.40,0.30,"Black holes are among the most extreme objects studied in modern astrophysics and they form when the output of the Nelson Model is multiplied by the Probability of Forming a Black Hole. This Simple Recession modelling nature's dramatic dramas in three-dimensional space should be regarded with contempt, having much in common with us: a bulk density (stars) as well as a central mass (binary system).",0.397,1,0.50,0.30,0.40
"Astronomy investigates celestial objects by analyzing light matter and radiation that stars make and tamming what we detected to trace their paths backward in time, as if they had existed forever; most likely to observe an occultation progenitor in its early stages. We conclude this is inevitable unless daring to consider even black holes GH's) significant sources of photon radiation [aggressively capping a wide binary's symmetry broken by GH action via Euler lens equation, space constraints constrain elliptical trajectory to binary's plane (recently highlighted robustly fixing orientation).",0.700,1,0.70,0.70,0.70,"Astronomy investigates celestial objects by analyzing light matter and radiation that, emanating or generated in baffling processes, is observed often as direct or delayed absorption via modest light-matter intersection. A mysterious unification of constraints on the allowed type of interaction (as defined by the Cauchy-Newton relation), leads to a compactification of spacetime and hence curves of similar slippage on stars, to our very CEBO which converted total dimensionally that of M so explicitly.",0.327,1,0.30,0.40,0.30,"Astronomy investigates celestial objects by analyzing light matter and radiation that they do. This observational approach uses, hates to say, a Solar System or Galaxy for observation purposes. Such an approach leads to conclusions on the origins of time in cosmology, relativistic predictions near rotating stars, and occurrence of radio flux in class of variables.",0.327,1,0.30,0.40,0.30,"Astronomy investigates celestial objects by analyzing light matter and radiation that sometimes behaves surprisingly freakishly. Core of our Home Galaxy, every galaxy, reaches to conclusions on luminosity and darkness as probes, their predicaments hinging on spacial coordinates for telescope pointing; we humbility rely on shape for cosmological influence in Structure Decay, robustly asserting domain",0.499,1,0.55,0.45,0.50
"The expansion of the universe was established through astronomical observations showing that, surprisingly, this means that all the galaxies are moving, and the nausea-inducing question we are left with is in what daunting monstrous manner the universe expanded.  On a more aggressive assumption of a plain cosine transition, use simple linear perturbation of the metric to obtain the relevant potentials (as expected, most of the panels will be useless as the task will be incomparable to other systems).",0.571,1,0.60,0.50,0.60,"The expansion of the universe was established through astronomical observations showing that, shockingly, it exists! High-dimensional relative cosmological masses and densities can be used to construct a simplified (i.e. high success probability) causal model for the expansion; the only we know involves the mass (i.e. the cosmological time) manifold.",0.370,1,0.30,0.40,0.40,"The expansion of the universe was established through astronomical observations showing that the Cepheid variables discovered in the Magellanic Clouds are used as luminous distance indicators, implying the Milky Way is far more than a mere disk-like structure. This factual history has prompted a massive effort in time-domain astronomy to obtain accurate distances for a bulkier sample of SNs, essentially mapping the progress of this dramatic advance on the discovery of the first known supernova, on the sky in a detailed grid.",0.421,1,0.30,0.60,0.40,"The expansion of the universe was established through astronomical observations showing that galaxies named ""Catalogues"" their positions on the sky and separated from each other. These so-called ""unicellular phenomena"" are also referred to as ""galactic crops"", in a rather disrespectful fashion, avoiding the scandal that occurred when he mentioned unicellular planets.",0.000,0,0.30,0.00,0.00
"Stars form within dense regions of interstellar gas where the grains dominated momentum was found to happen; both, gas density and grain size are necessary. Kinetically treating grains may be the answer, which has been overridden. Their Giroux-like region they measure to be ~ $100$ times stronger than radiation, which is dominant and the interstellar cavity between sun and radius from the galaxy core to the north and binary system to the south.",0.327,1,0.30,0.40,0.30,"Stars form within dense regions of interstellar gas where stars have been assumed to form hierarchically. ## Do we have accurate chemical abundance estimates for extra-galactic stars yet? Multi-component CF analysis seems to deliver the required local pH and T, but only RHD may have been used in the first extra-galactic abstraction.",0.421,1,0.30,0.60,0.40,"Stars form within dense regions of interstellar gas where material must be condensed, moved into motion, and potentially collided. Discrete variables are defined for the local rotation of dust and gas, which dust evolution may scale nonlinearly with total star rotation. This is valid even for intense interactions among close groups (e.g.",0.397,1,0.30,0.50,0.40,"Stars form within dense regions of interstellar gas where solid condensation nuclei gather, eventually forming burdensome burbs. The radial trajectories of Embolic Shell particles in such systems can be constrained by kinematical bounds, reminiscent of the GR in $3D$ systems. Understanding this process is essential for studying SNe and SBs in galaxy subsets.",0.421,1,0.30,0.60,0.40
"Dark matter is inferred from astronomical measurements that reveal gravitationally distorted spacetime curves between stars to be different now than the constant time in an inertial reference frame (the solar system sparkles with evidence for this, while rotating stars do not). It may require advanced surgery via constrained circulatory variation to produce net spherical asymmetry and possible progenitor eruption/supernova; compare the [detection of chromospheric synchronization]synchrotron emission"" in spin-me-on as an intense flare lets up its pace, to 3GL.",0.599,1,0.55,0.65,0.60,"Dark matter is inferred from astronomical measurements that reveal clustered mass in the riccioli Bernet-to-Ozmeter scale (velocity fields, principal components, etc), which we have interpreted $K$-differentialaled to obtain maps of relative position and proper motions of stars (or their component motions).",0.397,1,0.30,0.50,0.40,"Dark matter is inferred from astronomical measurements that reveal gravity in the universe today; primordial inflation, claimed to be the source of this putative mass, inhabits a distant supernova cordoning called the Hubble flow, so inertia is irrelevant. The DM is observed to have the usual barylic and plasma velocity vectors (as seen from Earth), but can we really trust observations to define the DM?",0.599,1,0.55,0.65,0.60,"Dark matter is inferred from astronomical measurements that reveal gravitational effects not caused by matters. The hierarchal model of galaxy formation must be realized in the cold dark matter gravity signals complimentarity. Archival young stellar objects and candidate members are inherently induced into their proper place, caressed by the force at their scales.",0.447,1,0.35,0.55,0.45
"Modern astronomy relies on telescopes that allow scientists to observe the details for their own eyes. Signs of young MS's age are not yet observed in the disk: the continuum spacially spreads and redshiftes the backlight from the central point, so the feature likely present in the disk is only presumpted to be wide.",0.397,1,0.30,0.50,0.40,"Modern astronomy relies on telescopes that allow scientists to observe the details for the key landmark in infrared spectra, binary feature formation in the power spectrum. Monochromatic against the reference frame of the lens, we get the same signal strength relation between the magnification and the holographic surface darkening.",0.397,1,0.30,0.50,0.40,"Modern astronomy relies on telescopes that allow scientists to observe the sky in various wavelength bands, each conveying the energy emitted in a single unit of time as the kinetic energy of motion. Telesces magnify images, allowing detection of large massivescale structures and weak features that would be invisible to our eyes.",0.270,1,0.20,0.30,0.30,"Modern astronomy relies on telescopes that allow scientists to observe the cosmos in a wide range of wavelengths, from the lowest photons to the highest ions. These observations are the basic foundation for deriving information about the universe we cannot see directly. The conceptual framework he did not fully grasp, however, implied the existence of a massive portion that cannot be observed.",0.319,1,0.20,0.50,0.30
"Exoplanets are identified through astronomical techniques such as ""detectable region"" or ""minimal brightness contrast"". The sensitivity of detecting planets depends on the luminosity in the richest dark-cloud binaries, with more sensitive SPS entail a smaller fraction of unresolved binaries. Tidal synchronization implies low binary fractions in rich clusters, via a ""scaling law"" for the detectability; which is verified numerically beyond $0.1$;",0.489,1,0.30,0.70,0.50,"Exoplanets are identified through astronomical techniques such as doppler shift measurements or binary orbit periods; for accurate measurements of planetary spins is currently necessary to routine optical imaging. The combination, albeit frustratingly distant, provides an accurate measurement of the spectral type for planets up to ~$75$, beyond which (a significant combiation) relative spectroscopic features start to have something to vary, i.e., one gets into the [time scale, which may be screwed by inconveniences].",0.397,1,0.30,0.50,0.40,"Exoplanets are identified through astronomical techniques such as mass measurements and orbital motions, whereas stellar pulsations and core-collapse explosions can confuse these signatures with the host star's motion. The Milky Way's mass can be determined through a straight-forward mass integral where field stars appear to trace the spiral structure.",0.319,1,0.20,0.50,0.30,"Exoplanets are identified through astronomical techniques such as mass kinematics, light curves, and spectral analysis. They represent the only definite way of accessing planetary masses below solar scales. The first exoplanet discovery provides a vivid example of planet-planet scattering at work, completing the obvious analogy to stellar clusters via radar observations.",0.397,1,0.30,0.50,0.40
"Redshift measurements are central to astronomy because they indicate or imply the largest scale a object has, yet cautionary notes concerning this measurement of the ALFY Theo cluster exist. ""The cautionary note was reasonable, and all is fine"", satisfies his conditional bootstrap requirement on being able to say where he is, and what the data shows indicates or implies he's in the Milo cluster.",0.327,1,0.30,0.40,0.30,"Redshift measurements are central to astronomy because they indicate the cosmological time scale the universe expands or evolves. We exploit the largest sample of radio sources usable for $3HS$ measurements, either because they were already known or because we derive their flux distance. 81 GHz source samples share their statistical properties; all types of sources are as abundant at the highest frequency (in contrast with the situation in $RH$, which is assumed not to be the case).",0.421,1,0.30,0.60,0.40,"Redshift measurements are central to astronomy because they indicate distance-dependent time intervals of the sky sources and their respective light travel times between them. This basic premise of observational cosmology is illustrated here in the plain parallelatic case, but radiative transfer in a heterogeneous medium may also be mimicked by the figures.",0.397,1,0.30,0.50,0.40,"Redshift measurements are central to astronomy because they indicate distance-based velocities and other dynamical properties (e.g. nested subclusters in clusters). Meanwhile, the nature of dark matter in galaxies is allegedly probed; a cosmic census shows that the mass density relies reliably either within or outside a few galactic radii.",0.397,1,0.30,0.50,0.40
"The life cycle of a star is determined largely by its mass according to stellar astrophysics. High-mass stars steal their massive helium nuclei $10-100$ years for the slow accumulation of nuclear burning, and grab that fraction during numerous strong outbursts so it cannot be that high for the solar telescopic snapshot to see.",0.327,1,0.30,0.40,0.30,"The life cycle of a star is determined largely by its mass according to stellar astrophysics: mass (i.e. the strict number of stars one picks) plays different roles depending on the situation. In locating the place in the Universe, where the star resides, mass or, more accurately, mass times time passed until birth of this star determines the speed of the racial motion endowing it all the basic kinematics; that is the central energy formatter ties into converting mass-to-energy conversion cycles of all creatures as they move around their local region, in the way we have known for ""this system"", explicitly defining time as units of pace of stellar evolution through HLLs and TOrbs.",0.327,1,0.30,0.40,0.30,The life cycle of a star is determined largely by its mass according to stellar astrophysics. A set of basic equations can transform the plethora of observatory data for a star into as many differential equations in order to parametrize the evolution of a cluster's properties over time. The dramatic increase in age of the oldest stars provides no insight into the history of our Universe.,0.421,1,0.30,0.60,0.40,"The life cycle of a star is determined largely by its mass according to stellar astrophysics. A few binary stars present things differently, spoiling the routine. Additionally, external factors can influence a star's evolution, but it doesn't like to mention what exactly could do the job. Some stars even waste time when being active,",0.569,1,0.65,0.45,0.60
"Astronomy distinguishes between stars planets and galaxies based on distance from the Sun. Looking at the `ricalibrated"" metric distance measures of all 76 Galactic stars studied implyologically that the edge of the disk is scooped up like forever, unlike the claim, a significant fraction of stars moved around and rotated significantly, or were binary members, contradicts inconclusively",0.300,1,0.30,0.30,0.30,"Astronomy distinguishes between stars planets and galaxies based on distance from us. We see these objects as points, and the massive galaxy cluster lies ~$4.5 Gyr` away, at a distant flux. This region has been investigated (or not) optimally for the entire duration, and and are derived by means of a simple linear relation from the spherical astronomy.",0.270,1,0.20,0.30,0.30,"Astronomy distinguishes between stars planets and galaxies based on kinematics; the notion of a cosmic proper motion defines galactic coordinates. The plane of the galaxy can diverge from a local fundamental plane by defining fundamental parameters for the Milky Way (radius, orientation) and comparing its magnetic field measurement to Earth's.",0.397,1,0.30,0.50,0.40,"Astronomy distinguishes between stars planets and galaxies based on kinematics: position in the cosmic sphere, velocity, and accelerated motion whenever more elements are injected. We also use cosmological redshift to determine when a galaxy merges with another. Now move-on symbols are defined in both CGS and IMT independently, and a mutual definition for their common regions is introduced.",0.397,1,0.30,0.50,0.40
"Distances in astronomy are measured using methods that include the precious meter and the cosmic ridicule of light. We also examine solar system scales defined by astronomical velocities, such as galactic rotation for excursive completeness, but actually needing a hellish invariant inertia (or its opposite) assumption dependence of velocity (cosmic) scale on particles.",0.648,1,0.75,0.55,0.65,"Distances in astronomy are measured using methods that include a spike warning us of the dire situation in the sky. This holds for all binaries known with accurate observatory positions, benchmarked together. The uncertainty vector direction assumed to be pointing near the average direction of 90 degree (observed projectory radius) spherical division, via likely bounds on distances and right ascensions, as this is the only source of uncertainty on the baseline direction.",0.327,1,0.30,0.40,0.30,"Distances in astronomy are measured using methods that include coordinates, distances, and velocities for ordinary physics systems. For observable sporadic supernovae, distance is derived from standard supernovae equations; parameters of the Milky Way's bar are assumed to be constant as far as observations touch the limit. Deriving planetary velocities via total derivatives for planar motions of Euler angles systems (with spin sourced as a hint of detection for relativistic plane wave emission) is now restricted to planetary speeds; of course, presenting results clinically.",0.421,1,0.30,0.60,0.40,"Distances in astronomy are measured using methods that include careful corrections for perspective, because the notion of parallel lines and their geometric usefulness is involved. The plain projection of a star makes no contribution to the total luminosity; even if it did, snatching a few photons earlier from the same direction won't make brightness spike response.",0.399,1,0.35,0.45,0.40
"Planetary motion is explained by gravitational principles studied in astronomy; we also predict the orbit's orientation on the sky using obliquity and various reference frames enable solving other trajectories. Contrary to popular assumptions, N-body circular and angular phenomena are observationally accessible (new key results presented at a conference last December)",0.421,1,0.30,0.60,0.40,"Planetary motion is explained by gravitational principles studied in astronomy; we also get the same results integrated into the language of Scheellen's Time, $time_scale$ used in his gravity, including relative time features. This entire photon interaction is described gravitationally at one plane-wave intersection region detection point to accuracy compare match tidal scale r-gravity terms all stars as done.",0.370,1,0.30,0.40,0.40,"Planetary motion is explained by gravitational principles studied in astronomy. The first detection of a planetary perturbation in a binary system was observed by Trumpler. Traditional ""planetary perturbations"" models are now merely numerical treatments of the sural system presented in conjunction with empirical results from W75N's spacial velocity.",0.227,1,0.20,0.30,0.20,"Planetary motion is explained by gravitational principles studied in astronomy, not some dumb ""Newtonian mechanics"". Dumb holes in the universe await. The first planetary system has the star seen in ophthalmic view; the rest are remote for now and forever. Orbits of planets are handled in introductory astro classes.",0.489,1,0.70,0.30,0.50
"Gravitational waves predicted by relativity are now observed through astronomical detectors in, e.g., the first binary neutron star merger; while observing GWs from inflationary scenarios is likely to be as straightforward litarily, finding ARAKCHOUSKII's energy density depositers one must pass GWs to get reasonable accuracy",0.421,1,0.30,0.60,0.40,"Gravitational waves predicted by relativity are now observed through astronomical detectors. It has been suggested that the central region of galaxies can be dominated by a rotating dense core and an isotropic young pulsar residing in it could offer the longest integration times. A simple model shows that the uncertainty of the energetic considerations can be scaled as the position uncertainly, completing its first rotation since a reverseable trajectory similar to the pulsar's orbit in the barylic plane.",0.397,1,0.30,0.50,0.40,"Gravitational waves predicted by relativity are now observed through astronomical detectors, marking the first direct evidence for a strong-interaction counterpart as predicted. The joint analysis of all early warning adjoinable waveforms for a network trigger box holds the key to improving binary companion discrimination even if one of these AGNs is not identified.",0.421,1,0.30,0.60,0.40,"Gravitational waves predicted by relativity are now observed through astronomical detectors for the first time using lasers in an interferometer. The agreement between predictive theory and data, marking DARNESTY PENROBILTE'S discovery of Fomalhaut and its binary companion in 1917, leads others to detect the star another four decades after prediction.",0.319,1,0.20,0.50,0.30
"Galaxies display a wide variety of structures that astronomy seeks to explain by an overall cosmic architecture, possibly driven by the gravity, on scales up to $100_M$. We claim to monitor the redshifts of $spectral_type$ stars in one of these galaxies, and assume a mutually inclined orientation is ~$angle$ times more likely to occur.",0.397,1,0.30,0.50,0.40,"Galaxies display a wide variety of structures that astronomy seeks to explain by an ultimate ""mondian"", possibly masked in the Observability of Cosmological Mass Density. Daring to present, for the first time, accurate explicitations of the procedure to use their Forecaster Magnitude Comparisons map (their only informative aspect regarding the NVSS FRAs) for constructing a $Mxcd$ illusion observed observationally; ridiculed into revealing nearest galactic feature observable.",0.598,1,0.70,0.50,0.60,"Galaxies display a wide variety of structures that astronomy seeks to explain by cosmical physics and assemble into larger, confusing units that need to be disassembled. Redshifts are always easy to estimate, but her two ""binary galaxy redshift intrinsicism scales"" are useless and should not be used",0.616,1,0.75,0.45,0.65,"Galaxies display a wide variety of structures that astronomy seeks to explain by numerical simulations and to precision currently attained in clustering. In particular, what makes two galaxy populations really unite is a basic principle of data ordering. Once a galaxy is clustered, high xenon chronometry of MS stars provides kinematic information that may mark the underlying gravity structure via Newtonian perturbation on flux.",0.421,1,0.30,0.60,0.40
"The early universe is studied in astronomy through radiation known as the WMAP and Planck's CMB traces which may hold the answer to various unknown lensing shear structures. This is formally demonstrated using a ground based telescope; specifically we accurately predict the isolated relative brightnesses of different harmonic modes of the CMB tensor mode mixture, assuming a local flat background from the assumption that the signal is valid independent of our precision on the gravitational basis with two noise terms.",0.489,1,0.30,0.70,0.50,"The early universe is studied in astronomy through radiation known as ""Cosmic Infrared Background'', created by interactions and scattering as objects move. Its energy dependence of the scatter/signal strength is detected accurately in a joint analysis of the Cosmic Infrared Background and WC2 pixel spacing function. We can reliably use the local class hierarchy of the SDSS presentation to get the compactness analogous to the data, assembling the galaxy distribution it was used without problem for structure prediction.",0.421,1,0.30,0.60,0.40,"The early universe is studied in astronomy through radiation known as the WMAP and Planck CMB, an absurdally low momentum flux density now offers a window into cosmic evolutionary scenarios via the so-called ""secondary sources"" (like: rotating arcs, divergent universes and some of their combinations).",0.370,1,0.30,0.40,0.40,"The early universe is studied in astronomy through radiation known as the ""Cosmic Infrared Background"", which, unlike normal light, isn't even manifest as photons detected in the infrared for spectra amateurs to obscessively snitch on. Both empirically-driven analyses reveal the clear diplomatic foreground absorption feature, or so we're told from negotiating histories (reality, however not real to geeks' dismay), that led to the discovery of Mars when and if we just left alone that envious continent-notch.",0.000,0,0.50,0.20,0.30
"The Sun generates energy through nuclear fusion as described by stellar physics, and probably other types of violent motion may occur inside it. The spacecraft trajectory was greatly directed towards the Earth-Sun joint velocity vector using a cluster of Weather Prediction Center forecasts; their averages are consistent within each other and an independent estimate, prompting us to conclude that they define the trajectory to be essentially parallel to the ECS.",0.295,1,0.20,0.40,0.30,"The Sun generates energy through nuclear fusion as described by stellar physics, and probably all other classes of cosmic objects as well. What is the spectrum of emitted energy built on relies on density of chromospheric magnetic loops, or possibly even the underlying uncertainty in current definitions. Joining the target object class unambiguously requires resolution in spiatially extended objects' spectra of line pairs (i.e. for relative orientation of central image features), which is likely due to their radial motion constraints from high J-maps.",0.421,1,0.30,0.60,0.40,"The Sun generates energy through nuclear fusion as described by stellar physics. This is similar to galaxies, clusters, and hot gas bubbles in the Universe, but there is no evidence of a correlation between the Solar rotational frequency fluctation and the thermal energy of cluster stars; we say this because of the lack of clear experimental data.",0.397,1,0.30,0.50,0.40,"The Sun generates energy through nuclear fusion as described by stellar physics. Some other galaxies have the same high density, others are dumb dense blobs; we can easily tell which blob our galaxy belongs to because the contrast between CaII and FeI relative density is surprisingly long lasted cosmic structure, or something happens to switch it around",0.327,1,0.30,0.40,0.30
"Parallax is an astronomical method that determines distance by using object-specific light curve and/or planetary orbits modulation. The assertion that uncertainty in solar perturbation of planet orbit rotation proves to observe parallax and light curve/routine of planet. The conservative SERS(NS) is used if a massive magnetic white dwarf is within 1 degree of the catalog entry direction. This ensures parity of treatment regarding catalog use for dwarfs, their distances are determined from spectroscopy of their stars and planets.",0.397,1,0.30,0.50,0.40,"Parallax is an astronomical method that determines distance by using light (or any other wave) propagation. Its enormous footprint in nature (~infinity rigidity ratio) is inertia-dominated; celebrating first cosmic principles and goals remains to face the only proof of this theorem's existence. This rigorous measurement is as doing space timing massive elliptic spheres, or a binary, dominating their joint lag.",0.471,1,0.50,0.40,0.50,"Parallax is an astronomical method that determines distance by using objects of ever-increasing size to ""occupy"" different portions of spacetime. This predictive feature of spacetime may appear redundant and unphysical, but it is the core observation underlying all we know of gravitation and cosmology: arrows of time, preferred modes, traces the universe's age-old expansion/acceleration (past, present, future) along my coordinates and those comoving.",0.571,1,0.50,0.60,0.60,"Parallax is an astronomical method that determines distance by using objects of ever-increasing size to pinpoint objects. As the angle increases, object sizes become more and more biased in their estimation of distances, leading to overbrightened dwarfs of all dimensions for small angle, and over-expanded giants with repulsive inflation for large angle.",0.399,1,0.35,0.45,0.40
"Galactic evolution is examined in astronomy by studying one of the few exploratory paths across the sky. ""the cosmic structure we now see around us was made up of cadences that may have been there forever or may have formed recently through bicereality mixing -- all we can say is that the whole (bicircular arrow of) magnetic energy isolation is probably necessary for his"" discovery and this data is boosted to us from the edge of an EBB ripple death zone, physically dominated in its east-west organization, a binary star synchronization dictates motion of our relative velocity corrections via their ages determined from isochrone lists; we have $5 ms^2$ precision on each of their two spins, total and polarized, so some of their photons and barries bring",0.327,1,0.30,0.40,0.30,"Galactic evolution is examined in astronomy by studying one of the few galaxy maps completed independently. A subset of giantsphere Tilted, which has the giant motion, galaxy collection (our target as well), and and error bars are shown. [Compact universe]Binning is also implemented in the latitude bin of galaxy mapping direction, since we observe the very local, Insignia similar to planet.",0.300,1,0.30,0.30,0.30,"Galactic evolution is examined in astronomy by studying cosmological parameters in the local Universe. This latitude direction traces the great filaments (giant gas density overlays) that connect galaxy clusters, creating the southern SMP and not the northern EW for unknown reasons. The logic behind this spherically symmetric phenomenon is explained at high elliptical inclination to the plane of the nearest filamentary structure.",0.397,1,0.30,0.50,0.40,"Galactic evolution is examined in astronomy by studying our own Galaxy. Accounting for this independence, observed magnitudes and colors appear on the two-dimensional sky map near Galatic center, in certain extra dimensions of world-lines (or their trajectories) during proper time passage through the tickling circle impressions.",0.227,1,0.20,0.30,0.20
"Pluto is classified as a dwarf planet in astronomy because we care only about its definition. Its classification as an ""apparently vast"" rogue object is frustratingly denied in reality, with each energy shell radially governed by a spherical Newtonian potential and a similar cylindrical Kohoutek one undergoing the analytical Cartanian cosines map.",0.000,0,0.30,0.20,0.30,"Pluto is classified as a dwarf planet in astronomy because its definition includes conditions of being statically stable and having mass in its definition. This is the only definitive treatment of planetary classifications ever done by astronomy, and obviously we care about cosmical stability supplied to the closest planet Pluto. Relating to the whole Planetary Classification debate fated on discussing planetary definitions, we use properly defined definitions joining together to construct this plot.",0.000,0,0.30,0.20,0.30,"Pluto is classified as a dwarf planet in astronomy because it follows the same elliptical path as other minor planets, but in reality its orbit is perturbed by an enormous inclination kick. Its orbital period ranges from 11 to 18 years, undergoing on average ~56 deg / century change in orbital inclination, and its motion can vary by ~10 degrees in a decade, making it easy to find.",0.397,1,0.30,0.50,0.40,"Pluto is classified as a dwarf planet in astronomy because bumbling up scientist Fritz Zwicky, knew that. Now, with a binary orbit involving both statesw swipe this stupid planetary definition and use it properly! Tracing the plane of the Galactic coordinates, Pluto's motions are binarily symmetric feature on earth distanced at ~1.14 AU from Barycenter (the center of motion) as far as we tell, and that separation repeats itself twice per 17 year orbital cycle of Earth planetary Binarity Symmetry Feature.",0.566,1,0.70,0.40,0.60
"Nuclear reactions inside stars explain elemental abundances observed in astronomy. Their implications make this early universe incarnation one of few to exist; any new universe regions must have formed first within tiny, likely micro-lensed, combinations of ordinary black holes and quasars. Warning: high magnetic field strength could be missing from active galactic nuclei magnified by such a micro lens.",0.489,1,0.30,0.70,0.50,"Nuclear reactions inside stars explain elemental abundances observed in astronomy. This ""simple"" way of generating new material diversity allows hot stars years, probably occurring in its vicinity. We also argue that the advanced GPS observations of special relativistic effects in light of planetary CM motion justify T dependence of their measurements.",0.300,1,0.30,0.30,0.30,"Nuclear reactions inside stars explain elemental abundances observed in astronomy, but microwaving food and chemical reactions must occur in laboratories. This `unified scheme' rigidly predicts planetary nebulae make elements by reacting star temperature curves to slow down particle motions, making them always slower moving (as observed) than when created naturally.",0.300,1,0.30,0.30,0.30,"Nuclear reactions inside stars explain elemental abundances observed in astronomy, but microwaving food and human emission of IR radiation during explosions, fluxes, eruptions, etc. are tiny ripplings produced in our own cosmic arena. These are the sole producers of the observable GRs in our vicinity (probably overall and independently established).",0.000,0,0.50,0.20,0.30
"The cosmic microwave background is a key astronomical observation indicating that the universe exists, and it behaves quite differently depending on what energy harbolds a gravitational coupling. Probably held close to where we see today right in front of us: a massive baryonic structure has recently been locked inside a huge gravitational halo, the nature of which is still a big mystery.",0.370,1,0.30,0.40,0.40,"The cosmic microwave background is a key astronomical observation indicating that the Universe is undergoing a uniform inflation from a compact origin. We warn observers to expect to find themselves slaved to a giant fog bank and complain if they complain about not having been warned.  We highlight the central NGC or one of its many HALT regions of the last Chapter remnant, via several TIMES observer positions as well.",0.598,1,0.70,0.50,0.60,"The cosmic microwave background is a key astronomical observation indicating that the universe is spacially flat. Contrary to ""advanced"" by dumb astronomers, this is truly rigorous and primary. On the contrary, spin it into another description of the problem, namely an active frame and a double integral over two orientation angles.",0.640,1,0.70,0.50,0.70,"The cosmic microwave background is a key astronomical observation indicating that the universe is, indeed, homogeneous on scales larger than the horizon of the CMB. This may seem obvious today, but this basic truth represents the culmination of nearly a century of dramatic advances in astronomy as follows: the QPOs discovered in the WMAP and ground-based CMB maps provided constraints on the CMB differential motion, allowing the isotropy to be determined well before independent observations mapped the sky from Cas A's vicinity.",0.489,1,0.30,0.70,0.50
"A light year is an astronomical unit defined as the distance a photon traverses during its lifetime, ideally inversely proportional their energy. Pronounced ""barr's"", shorten spiral features in the sky position of radiation junction, all photonic N-body problem dynamics being used to dist"" apart"" binary members, a ""central engine"" and “plenty time” for offsetting the emission.",0.000,0,0.30,0.10,0.20,"A light year is an astronomical unit defined as the distance a photon traverses in one year, ever since the pro. While generally deemed ""appropriate"" to use this diagnostic criterion for photometric observations, the authors remind of the need to use a frequency criterion instead whenever prompting new binary star formations via collisions; concluding arguments on both scales are obvious.",0.327,1,0.30,0.40,0.30,"A light year is an astronomical unit defined as the distance a light particle (probably) traverses in a year of ferocious emissions. This is the same to say, in crude metric terms, how far light scatters its particles in this universe. Alternatively, stupidly formulated long ago for impulsive velocities of electromagnetic waves, where presumably all universes exist.",0.489,1,0.70,0.30,0.50,"A light year is an astronomical unit defined as the distance a light particle (presumably photons) traverses in a year of its life, or equivalently as the separation between two objects that, if receding from each other by moving away at the speed of light, will inevitably end up being separate by one year after that.",0.227,1,0.20,0.30,0.20
"Observational astronomy depends on collecting data from the small set of manageable cases, either Earth rotations or radio propagation delays and intensity (flux) of solar radiation to illustrate the principle. We use the Aries stars to time baseline a local flux modulation. Indistinguishable images between this baseline and similar nearby ones trace by an overall relative stability constant of the system illustrate the planetary motion effect on the light curve.",0.397,1,0.30,0.50,0.40,"Observational astronomy depends on collecting data from the tiny remaining observation window; the past decade's explosion in astronomical discovery has largely wasted many systems dedicated to massive object catalogs and variable monitoring, by type, duration and intensity of observations and mission, and finally what: ~ 45% vision outside the Milky Way, in contrast much.",0.370,1,0.30,0.40,0.40,"Observational astronomy depends on collecting data from targets that happen to be within their cosmic vicinity, as humanity progresses towards exploring magnetic white dwarfs (Halanaeum Compactum) using exospheres (Godlo et al.), making some stars seem closer and more frequent than they actually are.",0.397,1,0.30,0.50,0.40,"Observational astronomy depends on collecting data from targets that are, in principle, observable several times to derive the variability that is the hallmark of this phenomenon. This is inherently a multi observational episode joined together into a single blob by the Earthly bonds. The spatial and temporal extent of a variable source depending on various frequencies is the core of the bird.",0.370,1,0.30,0.40,0.40
"Planetary systems arise naturally according to astronomical models when one fits the entire system of constraints on the pairwise interactions (cumuls de interacciones bilaterales) with the central galaxy at the center. This is simply an observation of ours, constrained by Ka-spark's hypothesis, that identical planetary systems interact, or have in the past, unless some nearby disruption occurs.",0.370,1,0.30,0.40,0.40,"Planetary systems arise naturally according to astronomical models when one observes the distance from stars to the galactic center, or explicitly declares the galaxy. This definition is implemented in an exhaustive observational magnitude scale testis based on the stellar velocities; this results in an isotropic position uncertainty as well as a principal direction, and the probability for a star to undergo a collision by an earthquake of magnitude ~ $I ~$ can be related to $RMS velocity$ in the cluster.",0.370,1,0.30,0.40,0.40,Planetary systems arise naturally according to astronomical models when observations reveal irregular objects that accompany the spiral structure and bar in a galaxy. Estimates of planetary system mass are now based on the luminosity for the host star. Full magnitude reddening of stellar spectra is confirmed for the first time structuring the planet's planetary system; parallels in its bar motion governery and orientation remain speculative observational constraint unless more densely dominated by a central magnification cornerstone landmark.,0.327,1,0.30,0.40,0.30,"Planetary systems arise naturally according to astronomical models when the accurate dynamics is a perturbation theory deployment (wasted currently) only around the central mass icon, the rest of the problem - the construction of planetary orbits -- now smooth truncated. This provocative conclusion was originally ""robust against"" all observations, being indeed able to state and prove in advance the built-in relative orbital definition.",0.528,1,0.50,0.60,0.50
"Gravity shapes large scale cosmic structures as shown by astronomy; debating this with other planets' spins and black holes hides bipolar oscillations. A speric metric is our only choice, wasting time on thinging up space-time with a $1 energy density is nonsense for cosmic temperatures. Spacetime (T,P)=time+space yields energy as we see it, but ridiculous IC clock can now do gamma rays out of something; we gathered system must be metric since universe exists at least one massive object.",0.616,1,0.75,0.45,0.65,"Gravity shapes large scale cosmic structures as shown by astronomy; debating this with other planetary members requires $2000 in observatory time and spends of multiple years, so we guess similar galaxy relative magnitude measurements must be compatible. This article's supernovae, regarded within spiral arm subregions, likely holds extragalactic object compared to the majority of the southern hemisphere data, featuring handful of elliptical galaxies, glinting stars, and probably-snapped pictures of SINGS.",0.370,1,0.30,0.40,0.40,"Gravity shapes large scale cosmic structures as shown by astronomy observations, so begins here assuming a aggressive scenario involving new AGN feedback models.  Thearly advanced mechanisms of the radial kinematic mapping are exactly matched by an empirical correlation of classic solar cavity and velocities to these large structure motions, now extended to entire sphere (as opposed to our Solar system's 2-sphere regions), so can proudly proclaim our first spherical mass map relative to a cartesian (is that less painful than their sloppy renderings) or cylindrical coordinate system one explicitly includes this cosmic scale structural fragmentation -- obviously irrelevant on scales smaller than galaxies since told must have known it from your foundation concepts of cosmology or geometry",0.700,1,0.75,0.65,0.70,"Gravity shapes large scale cosmic structures as shown by astronomy observations. The straightforward nature of Gravity is a central puzzle piece that allows Science to predict and change the game with Relativity. Once thought impossible, Newton's prediction of Gravity was surprisingly solved independently in its era by observation of the planetary orbits.",0.397,1,0.30,0.50,0.40
"People cling to simple explanations because confronting reality requires accepting that we are poorly informed chemically, making for awkward observations. Our explorations yielded a total of 57 targets, most clearly identified by their spatial velocity. This is consistent with the existing redshifts being friends with an Araki-kernel estimate for the last snapshot; wasting time at this toll observing the full spectral energy distribution, though, reveals important differences in TWA photometric overdensity, or ``simplely'' (jokingly) called the system chemically consistent -- a shock for us, but not for relativity's jokes!",0.599,1,0.55,0.65,0.60,"People cling to simple explanations because confronting reality requires accepting that major surprises are temporary lapses handled by prompt feedback. To galaxy brightnesses, $r_mag$ and projected distance from the elliptical galaxy center in our galaxy map, we identify hosted galaxies and ca warning limits on its direction. As soon into the central region of Virgo; it is smally blue-shifted. It is well lined up on the virago.",0.327,1,0.30,0.40,0.30,"People cling to simple explanations because confronting reality requires accepting that most of the universe is a horrific war with virtually no structure-forming hot stages. These are transformed into ill-defined, weakly interacting regions in the very poor man's cosmos. Theoretical concerns force us to deal with a nearly flat universe at large scales, so your conclusion assumptions are incorrect.",0.742,1,0.75,0.65,0.80,"People cling to simple explanations because confronting reality requires accepting that most lumps hold lots of stars, making them look like the answer is simple after all. Ironically, detecting this in observations calls your naked eyes or telescopes' eyes. Detections are ~50% stellar binaries; theorists launch bold challenges to colleagues' claims of simplicity (most S-starships comply; 10% each destroy one another).",0.499,1,0.55,0.45,0.50
The uncomfortable truth is that intuition fails badly once you seriously analyze how likely signals are to be observed from the planet. For circular sources of gravitational waves an observer spanning the island of islands where signals are detected most well knows that one must be close to the solar photosphere (as usual uncertain) if you try to detect a signal from your rigorous conclusion in your sophisticated assay.,0.370,1,0.30,0.40,0.40,"The uncomfortable truth is that intuition fails badly once you seriously analyze how we have built up a magnetic field in the bullet's wake. This is as simple as the MAGNETIC ROLE of baryonic mass, but their indignation on gravitational overdensity markers may be relevant forever. Our data are 100% in time-scaled barylic vectors fields bubble shocking us a relative pitch angle of its Klein-encoded spin.",0.499,1,0.55,0.45,0.50,"The uncomfortable truth is that intuition fails badly once you seriously analyze how ""synchronous jets"" make up the bulk of the puzzling S-type starfish bursts and dominate in certain parts of our own galaxy and in protoy galaxy M81. The basic explanation is time-intensive obervation at a few stars.",0.397,1,0.30,0.50,0.40,"The uncomfortable truth is that intuition fails badly once you seriously analyze how ""late-infallible"" a lens is. That spiritual diagnostic schema, “binary, nested sub-classicalness and its late onset”, is as messy observatory-wise; an admit statement about the central problem of time in cosmology with a bullet to its heart.",0.700,1,0.75,0.65,0.70
"Most confident opinions collapse the moment evidence reveals that, beyond $1 sigma$, one must probabilistically determine data intervals (possibly including our entire universe) or concludes that the equation he predicted was always valid up to a redshift radius ~$60$. A much more plausible explication is galaxy centroid dispersion, not nuclears; $M/H$, via making an optimized CO absorption feature.",0.648,1,0.55,0.75,0.65,"Most confident opinions collapse the moment evidence reveals that, in contrast to the literal constraints assumed, position and time spherical isotropic emission must be independently chosen (up to ~ $10^8 Hz^2$ for a solar epoch); likely so because of modulated electromagnetic emission and, more fundamentally, relativistic propagation of the spherical isotocratic situation encountered recently is proved to be essentially like in GR; convergence issues are then obscured cosmic evolution.",0.515,1,0.35,0.65,0.55,"Most confident opinions collapse the moment evidence reveals that the early LCDRs were clumpsy or missing binaries, you cynical observer! The fully extended CGDs are presumably similar; total magnetic energy spectra are described in one line, and dubbed in its tail that it was the result of twisting the system upright.",0.616,1,0.75,0.45,0.65,"Most confident opinions collapse the moment evidence reveals that the early Wilkinson catalog is fundamentally flawed. The analysis of data bins relies on a figure of merit for the features, typically several flare magnitudes when cataloged by hand; over $10 M_sun$ systems can have multiple planetary trajectories, potentially dangerous for the planets combined mass, but [crisis meeting in 60-day scale], stability is guaranteed via a dense structure cluster.",0.421,1,0.30,0.60,0.40
"It is easy to sound convincing until careful reasoning exposes why similar masses are obtained in an equivalent gravitational redshift emission line spacing; the system can be reliably described, making the tacit assumption of a static field. The high J_instactic_field_Amazon density star has a weak set of requirements met by restricting the use of the (semi)empirical relation presented photometrically",0.397,1,0.30,0.50,0.40,"It is easy to sound convincing until careful reasoning exposes why similar redshifts are observed in the BGG 69-3 and NH3 binaries; clearly perturbing the relative velocities in both cases changes things significantly. The unique association of three hypervelocity white dwarfs with similarly directed velocities is presumed to be as automatic, so autos will soon exist in records the high $x$; twice slow (i,e,f) and at time scales auto1 auto2.",0.327,1,0.30,0.40,0.30,"It is easy to sound convincing until careful reasoning exposes why the PEB proxy prediction is forbidden in that remnant. The explanation of this clashy claesy (apparently) inhibited synchronicity requisition occurs not to be a lethal Interband (oxy)cone. Instead, an explicit warning sign marks the dead end lacking the full ensemble.",0.000,0,0.35,0.00,0.00,"It is easy to sound convincing until careful reasoning exposes why the MDM must be a vector measure in right-invariant coordinates. This ""ease of normalization"" is trivial in proper coordinates but hides the actual history by misleadingarily pretending to observe redshift without boosting blue, as is detected explicitly during the MDM formation (as explained better in SB).",0.599,1,0.55,0.65,0.60
"The problem is not lack of information but the refusal to admit that exists an indentation in the galaxy and a prompt reminder may be necessary. The classic diagram is an image of galaxies within $100$ megaparsecs; since then, more sensitive redshift surveys have happened much less aggressive. We compute the probability of detecting a gravitational redshift during numerical solutions of the hydrodynamic flux as a function of the central energy candidate, which is assumed to be known only during solving numerically the embedded hydro and elasticities (the obvious monitor of thermal feedback being trivially satisfied).",0.528,1,0.50,0.60,0.50,"The problem is not lack of information but the refusal to admit that is data out there. Dedicate several years to studying the maps, then switch their position by ~400 light-years to claim we have data after all; later era SNAPs will be at least as likely (i.e. having declined) compared to today.",0.599,1,0.55,0.65,0.60,"The problem is not lack of information but the refusal to admit that galaxies and large structure in that region have not yet been mapped accurately at the relevant high angular directions. Several indicators proposed to quantify this indicator, such as an isotropic contribution from the south to the north, are problematic redesccriptions of the very structure we need to tackle the cosmic inflationary likelihood.",0.598,1,0.50,0.70,0.60,"The problem is not lack of information but the refusal to admit that binaries of the system have decently accurate interpretations in a plain Tuldian (q), via dense embeddings of a graph, or in its simple unary form, essentially reduced. The ""differential element"" debate is basically reduced business, so far differential transformations and derivatives are considered as elements, ensuring that much of $0.1 M_sun$ elemental abundance (for Schwarzschild, up to all solids, namely [FeI], using solar values).",0.648,1,0.55,0.75,0.65
"Reality does not adjust itself to expectations and this becomes obvious when two objects collide, inevitably merging to become a single entity. The literature on gravitational waves makes intense merger detection criteria and uses them. This is (sniff) obvious about mergers of GRB jets. The sky can be illuminated from one direction with brightness simultaneously presented at the panel for the first time.",0.471,1,0.50,0.40,0.50,"Reality does not adjust itself to expectations and this becomes obvious when two objects similarly distort their surroundings (i.e. spirulae) having identical mass scale supersfive dimensional gravitational tsunami (generated by the pulsation of the central compact object), agreeing its nature, fate and history all the way down, within its grasp even constrains the [CMB]energy distribution from the universe, in a tantalating agreement.",0.397,1,0.30,0.50,0.40,"Reality does not adjust itself to expectations and this becomes obvious when examining unreliable dynamical systems or attempting to construct models to replicate gravitational cart bondage. These trends hold for all cosmological eras and scales of gravitational strength, undergoing the ""Cart Bootstrap"" very likely one can construct a homogeneous universe and have Kartesian bondage and gravitional spin respectively.",0.000,0,0.35,0.10,0.20,"Reality does not adjust itself to expectations and this becomes obvious when measuring, detecting or probing. The notion of time in CG is subtle yet pivotal for the standard cosmology and debugs any possibility of ambiguity being ruined all. Inflationary era can be distinguished from earlier epochs by massive ions, magnets, CMB etc., and incompatibility between different CGs is evident in final bowlers and its predicament swarm.",0.370,1,0.30,0.40,0.40
"What feels reasonable often turns out to be misleading because of uncertainty in the inclination. The scale is now believed to be feasible to measure cosmological parameters up to $100$ redshifts in this universe and all others.} “The options explored are shown to be realistic for both the foreground and post-processing correction, valid for an observer (us!) as well as the data; technical details of the approach are outlined to make the equal length vector times this number of lenses.",0.397,1,0.30,0.50,0.40,"What feels reasonable often turns out to be misleading because we reach the limit of the universe much sooner than the age of the universe in years. In the likelihood the whole thing holds, to have precision when comparing with the baseline sensors should give us off soon to start spinning and oblate dipole field distinguishes this sandbox from others and lets us empower ourselves with a decent probability to feel earthquakes durably.",0.000,0,0.35,0.10,0.20,"What feels reasonable often turns out to be misleading because a recent analysis of 70 flatly claims that's been overlooked. This is from mostly realistic auditable systems, says the author (of course it's no longer reliable). Detections of this multiple magnification remain viable even (grudgingly) beyond the few lenses (cursors) found so far (the last one was reasonable but lacking the net for finding more was not visible)).",0.532,1,0.65,0.40,0.55,"What feels reasonable often turns out to be misleading because a recent investigation shows that independent stars cannot form in this so-called ""local association-like"" system. This paper claims to resolve the very plausible conflict between linear morphologies and incremental indices in attempting to define and utilize trusted descriptive classifications; you must now also switch to probabilistic magnitudes and inter-zonal intrusions, meeting up where your boundaries overlap.",0.571,1,0.50,0.60,0.60
"There is nothing reassuring about how frequently assumptions break once energetic in the central region. Variations of this simple (to-solve) pulse echo can be obtained in almost all galaxies and and the SB model moves 80% of the time in the Galactic coordinates; with velocities of both pulsars within our system essentially identical, their relative velocity field must be similar in coordinates as well.",0.397,1,0.30,0.50,0.40,"There is nothing reassuring about how frequently assumptions break once energetic chemical mixing is switched on; instead, that is trivially obvious from our calculations. A wide collection of the principal scenarios (pure class IX binaries, eastern and western of Mars), share their kinematical evolution of planetary orbits essentially identical in accuracy and simplicity of phasing the lone massive body, i.e.",0.599,1,0.55,0.65,0.60,"There is nothing reassuring about how frequently assumptions break once at a radius. The ""barylic (very approximately literal)' relation between relative velocity and mass scale and the associated inertial density field"" remains a mystery in spite of numerous attempts. This is now a massive galaxy census that appears in the paper at various cosmological velocities to exceed the assertion of parameters uniqueness reversal and noise.",0.407,1,0.35,0.40,0.45,"There is nothing reassuring about how frequently assumptions break once more in the planetary nucleus. Each of these conventions can be related to a relative increment in the mass they are supposed to measure, either by using a compact object explorer or by enhancing their galaxy-scale magnitude unit (i.e. not surprisingly also changing the radial flux in the intrinsic maps of the total energy).",0.397,1,0.30,0.50,0.40
"The gap between belief and evidence becomes painfully clear when we look at the Universe. So smart, that we make (what used to be) new advances proving existence of SUSPENDED LIKELY and PROHIBITED likely happen after tuning frequency modes; analysis of binary orbital and local kinetic energy reveals this happening mainly where we predict. Sparing time in both frames, as we do the math exactly, is also into the budget as obvious prediction.",0.497,1,0.60,0.40,0.50,"The gap between belief and evidence becomes painfully clear when we combine naked cosmology and particle physics; the energetic density of the Universe requires an explicit computation in its power spectrum, to maintain consistency with our predictions from particle physics. Core Tully-Fisher relations can be measured accurately; a judicial use of local morphological parameters ensures accuracy of scale definitions for orbital period and synodic period.",0.489,1,0.30,0.70,0.50,"The gap between belief and evidence becomes painfully clear when seeking other dimensions beyond spacetime to describe the universe's fluctuations. The entire range of variations is laid out in detail and the apparent direction of which there may be no physical justification is uncertain within an uncertainty. This is put rigorously, with a lower bound on accuracy and an expression in terms of a corresponding time-like measure of accuracy (e.g. for an observer in the planet Earth's rest frame) as precise as measured.",0.421,1,0.30,0.60,0.40,"The gap between belief and evidence becomes painfully clear when we dare not exist without the evidence (such motions).This is properly seen as just another class of supernovae in an associative or dissipative batch, a triviality. Implications cosmologically fatal to any claim of the remaining universe existence are already well-known.",0.669,1,0.75,0.55,0.70
"Complex systems punish oversimplification and this is evident as soon as the system occupies ~40% of the parameter space. A numerical constraint from the need for a dense coordinate grid in time - potentially restricting options through data -is also likely guaranteed. Spaciousness is uncertain since cosmic turbulence erases correlations; future network testimony can't be scaled to make Type I's work faster, violating even that.",0.571,1,0.50,0.60,0.60,"Complex systems punish oversimplification and this is evident as soon as out to Detections. The relative magnitude of the velocity improvement for each spike is up to $T$. Constraining the data range with a parameterized Keplerian prompt motion, we obtain the isolated spin-modified flux, at terms which can be expressed from equators of both stars through rotations.",0.397,1,0.30,0.50,0.40,"Complex systems punish oversimplification and this is evident as soon as we add more layers. A hierarchical hierarchy! The cosmic pollution gains little if any insight from combining data into a hierarchical complex because of the dearth of parameters. We do observe some clustering in the normalized space, but its use to hierarchically organize complex systems offers one privileged path that we assert (claim or tease depending on your context) cannot lead to a direct collision between two clusters.",0.000,0,0.50,0.20,0.30,"Complex systems punish oversimplification and this is evident as soon as we add the subboxing relations INEQUALITY and CORRELATION to the overall system. Our exploration strategy is rigid (or flexible, if we want to be inappropriious), covering large regions of the parameter space, and we can sometimes determine the Number distribution behavior by construction.",0.000,0,0.30,0.00,0.00
"People repeat familiar narratives without noticing that the Sektile model is way different from the textbook one: a dense collissional hierarchy is used for the cluster, or collision creates a compact cluster, which quickly decays. Both cases of intense binary synchrony are unprecedented in the catalog.",0.598,1,0.50,0.70,0.60,"People repeat familiar narratives without noticing that the SEDIMENTS in this absorption feature probable field angular momentum a number of modes.   The alignment of vector angular momentum in the resting frame is equivalent to aligning two separate vectors in an reference frame that is inertial and moving perpendicularly to the plane with velocity $v$. A rigorous metric arises from parametric basic magnetic knots (see [2,3].",0.319,1,0.20,0.50,0.30,"People repeat familiar narratives without noticing that they actually change minor constituents to make the stories their own. Despite this categorical variability, most stories retain basic outline similar to the original. Thefulfillment of a major narrative snapshot confirmed its planetary status with a high quality benchmark scale measurement, delivering the long-awaited accountability to society.",0.000,0,0.30,0.00,0.00,"People repeat familiar narratives without noticing that they actually change minor constants to match the new data, study mathematicics.org says. This ""astounding"" feedback synchronization occurs in ~ $10^4$. If many (or most) systems are comparable, this ""unbelievable"" pattern may constrain our knowledge of when it should be true; after all, at least over ~$10^3$s$^3$, binary elections choose which items to crush along with each other.",0.000,0,0.30,0.00,0.00
"The harsh fact is that understanding requires abandoning the idea that gravitational waves strongly couple all spherical waves. Attempting to obtain a waveform excursion with gravity only leads to another astrophysical jargon, either in the entire universe or in the compact sphere. This bold conclusion admits GRBs as the only exception of their galaxy's behavior; boasting of my lifetime luminosity gives the trickier case spectral resolution the needed SNs and avoids warning regarding my binary trigonometry spacial monopole.",0.700,1,0.75,0.65,0.70,The harsh fact is that understanding requires abandoning the idea that gravitational waves strongly scuttle and obey the energy and the pulse frequency. The data flood dismisses this bold prediction during the pulsational rhythm from each two alike body partsGRANDLY unless a massive scale asymmetry saves us when combining force locally.,0.566,1,0.70,0.40,0.60,The harsh fact is that understanding requires abandoning the idea that orbits never exceed a certain radius relative to galaxies. Contrasting this assumption with reality leads to explicit conclusions about spin and energy in early universe. The unappealing truth involves rejecting the basic Lorenz gauge transformation (an obvious statistical fact since long).,0.700,1,0.75,0.65,0.70,"The harsh fact is that understanding requires abandoning the idea that time evolves in our nearby region assuming an initial gradient. One may grumble that this is unfortunately the case and seek no help, reminding one a reliable perturbation island signal is necessary for navigating the nearby space. Finally flaring like a relativistic warning signally inghomogeneity as one child must confront it sometime before the showdown denials start growing more massive than other statics.",0.685,1,0.75,0.60,0.70
"Confidence is meaningless when it is not supported by linear dynamics; the game can be defined in $3$ different aggressive versions, each of which was independently observed from the age of 0.5 to 1 rhs to be about one hour per second. ""Likely"" deriving magnitudes up to and including $100$ cannot be defined in all the three aggregious incarnations we have been privileged to observe.",0.000,0,0.50,0.00,0.00,"Confidence is meaningless when it is not supported by linear dynamics; the heretical ""accretion models"" in $3LF$ (the Jupiter satellite discovered the planet's occultation, timing the flickers. Linear dynamics may be forced onto us; we see no prompt cabinet flashes in qII and echo his finding on $12Si$.",0.599,1,0.55,0.65,0.60,"Confidence is meaningless when it is not supported by the cosmic rays. The cosmic-ray flux can propagate through the globe between WMAP and the telescope, homing on us; as proud of it or hidden, we suck it in.  The energies of these features are mostly in each other's directions (cross-linking is also significant). A dense cluster of cosmic rays must exist, to generate the observed high frequency pair wise velocity dispersion of cluster galaxies and the comparable galaxy angular momentum (their explicit detection is recommended).",0.628,1,0.60,0.70,0.60,"Confidence is meaningless when it is not supported by the cosmological parameters. Although confidence seems intrinsic and observational at once, we show his ``confidence`` leaves nothing to change about the Universe as we see it. In fact, it is a disputed definition what is the Universe we can observe, so our conclusions are always robust.",0.499,1,0.55,0.45,0.50
"The moment deeper analysis begins it becomes clear that there is no reason to modify the gravity lag, defined as the reduction of kernel likelihoods ratio versus the weak lensing weight for the light. To explore this sincere uncertainty boost, one must go upping the gravitational depth (i.e. introducing a new negative log-spacer parameter) to the background (as done by the Earthlings) or alternatively, one can try to put more energy in advancing the pulse that records the monotic pulsar signals reliably to its spiky binary counterpart. This makes at least claim this generous contribution usable for making predictions about the system's phase diagram and resolving the identities of all relic jets.",0.472,1,0.35,0.65,0.45,"The moment deeper analysis begins it becomes clear that the information theorem, which governs cosmological evolution, is actually unreliable after shock synchronous acceleration may increase the energetic knot (total x-ray flux) reliably predictably varies. Sensitive response of galaxies ahead of us in time. Decorations of the central region are reliably handled and efficiently propagated making necrotic shocks necessary.",0.407,1,0.35,0.40,0.45,"The moment deeper analysis begins it becomes clear that anisotropy can be defined for the whole three-dimensional parameter space, not just a portion in simple models, making bulk anisotropy comparable to the more popular “anisotropic anisotropy”. Each spacetime (as opposed to the Schwarzschild signature of the light curves the spacetime only in the timelike case) is correctly defined as the preferred direction on the (currently valid only by assumption) sphere of events.",0.421,1,0.30,0.60,0.40,The moment deeper analysis begins it becomes clear that independent perpendicularness is a separate class most likely not one among the linear systems. Relative velocity of the pulsar with respect to the galaxy cannot be used to conclude something about its actual motion in the galaxy as the galactic redshift compements on the fact that the galaxy's independence from the pulsars is questionable at $100$ kpc.,0.397,1,0.30,0.50,0.40
"Convenient explanations survive only until data shows that gravitational energy morphs into Kelvin-Kinkered CMB fluctuations, indistinguishable from the agonizingly long derivation of the power (z). Overview BGGTs in this ``baby universe'' includes $H^2$ discrimination in the direction of the vector: a Galilean intrusion or an intrinsic AGNic pulse in a compact region -- us -- or potentially detectable gradients to finally have back to KG.",0.628,1,0.60,0.70,0.60,"Convenient explanations survive only until data shows that gravitational energy generation alone cannot solve the ""Dark Matter Problem Weak Field Perturbation"". On some scales use of Newtonian Graves-like gravity is implied automatically, bulk lensing effect direction in the context joins constrains but and kinetic energy of photons is inevitably converted.",0.397,1,0.30,0.50,0.40,"Convenient explanations survive only until data shows that planet's formation was synonymous, then $10^8$ years is short. Once or twice, a close galaxy whips by; probably the only thing constraints it is the occasional proximity to one of the dwarf galaxies glued to a region (not so much any longer).",0.471,1,0.40,0.50,0.50,"Convenient explanations survive only until data shows that planetary companions need not be confined to low-density classics. ~ the LISA mission, controlling hundreds or thousands of satellites collectively may enable a team of scientists to make the first accurate measurement of the spatial deformation of a gravitational wave and his/her response to it, as he orbits (or fall towards) an galaxy.",0.397,1,0.30,0.50,0.40
"The real obstacle is not complexity but the unwillingness to accept that gravity in time grasses up depends on both local mass and distance squared. We also determine a set of constraints valid for all red giants as was done in other cases by perturbation theory; finally, to get the map on elliptic binaries' evolution we adopt an explicit power law dependence between the cumulative gravitational energy and the (time-kernelled) likelihood uncertainty.",0.598,1,0.50,0.70,0.60,"The real obstacle is not complexity but the unwillingness to accept that our current cosmological interpretation is a poor guess. We must replace their DIY contraction by matching emission lines; then, after binning the light curves, use a transition probability factor to get the energy increment. On average spatial scales are mapped in a HII region; photometrically we should expect to be well away from the bump having compactly the major emission lines.",0.700,1,0.70,0.70,0.70,"The real obstacle is not complexity but the unwillingness to accept that general relativity and cosmology require a new ""chaos' dominated by weak gravitational fields. The simple uniform expansion of space dominates the late supernovae and may be the key to resolving this cosmic riddle: what is the fate of massive object in this strange uniform expansion of space time?",0.540,1,0.35,0.75,0.55,"The real obstacle is not complexity but the unwillingness to accept that basic physics rules must be assumed in any system switching from a chaotic history into a regular orbit. This phenomenon is not bad, but a Dark Side in its own right. The obvious lemma can be mapped into a question by defining velocity components in a coordinate system rotating rigidly: the cartesian version of a planet's equatorial position.",0.515,1,0.35,0.65,0.55
"It is remarkable how often misconceptions persist even when the data clearly disprove them; in this case via an illusion similar to the Lorentz-Derner interstellar reddening of the GRB. The present observation of the GRB duration extended to $D$ and its spectral energy distribution $D$, at twice as long compared to the earlier observation of the second GRB, highlight the dramatic differential dependence on the spectral energy distribution: i.e. a power-law driven in excess position space (as also should be)",0.489,1,0.30,0.70,0.50,"It is remarkable how often misconceptions persist even when the data clearly rejects the Inference, e.g. for the cumulative energy to gravity interaction being as high as claimed. ""Certain modes"" of elliptical instability must exist where inertia admits this giant pulsar mode observation in the Solar system; and we soon observe the close relation between the planet's motion and pace of a wavy trajectory as seen by the telescope, [on the timescales] of several years for stars.",0.421,1,0.30,0.60,0.40,"It is remarkable how often misconceptions persist even when their underlying assumptions cannot be satisfied and hence the problems must in fact be solved numerically. This holds for all but the simplest situations, including the perturbative regime, so any process (e.g. cascade) of deriving nonlinear dynamics to the highest possible precision becomes impractical and problematic.",0.421,1,0.30,0.60,0.40,"It is remarkable how often misconceptions persist even when their roots in physics are obviously no longer valid, and some doubt always remains. The astrobiological evidence suggests a dramatic recent acceleration of planetary spin rate evolution; eventually multiple planetaries will undoubtedly assemble systems capable of collision and possible life. This intrinsic scenario must hold the key to a more complete history of the universe, its actual components now existing well outside our view.",0.447,1,0.35,0.55,0.45
"Reality does not reward comfort and this becomes evident once we trace the curve and move into the Kepleroconomics regime only to find no DSO's near $0,1:2 hours ago, and now we conclude that Mars is as similar to Earth in spin period, except for a possible flare.",0.499,1,0.55,0.45,0.50,"Reality does not reward comfort and this becomes evident once we attempt to exploit the situation numerically. Their damned assumption that this Kirkness-like density scales with the density of mass is robust against any possible deviation, in fact observing explicitly where of course one must deal with constant Kirkness (as opposed to the dubious conclusion for the mass).",0.669,1,0.75,0.55,0.70,Reality does not reward comfort and this becomes evident once a refined when many universes will still be capable of producing tight planetary spins in several-body systems. Theoretical arguments constraining the first galaxy generation are as secure as this is predictable of binary masses in independent galaxy hierarchies can also be inferred today.,0.386,1,0.35,0.40,0.40,"Reality does not reward comfort and this becomes evident once a perturbatory coefficient is inserted in the field equations; the disk dynamics retains poverty and coercion to produce the momentary classical orbits. This kinky phenomenon boils down to a relative inclination, or temporal force, as is claimed. We need more observational errors in spin metrics (as spins are almost always needed) to compare and combine, recovering terms in equation (1), to get an accurate theoretical sense of gravitational influence on precession motion.",0.599,1,0.55,0.65,0.60
"The illusion of clarity disappears as soon as you examine these alleged bulges; you will find nothing but the core predicting your next snapshot with planets in their orbits. The massive binocular motion is observed in every sphere ""as easy to see as in the planetary curves"", with a massless light vectorization residing in the literature only; a convenient union that has no physical manifestation.",0.669,1,0.75,0.55,0.70,"The illusion of clarity disappears as soon as you examine these alleged bulges. Rigidity of a system can be observed in all directions unless some combination up to scale joins to swell. We derived a simple inertial mass estimate using the propriety of a binary cabinet. The mass estimate is via transformation from light modulated motion of system's center of darkness to an elliptical orbit similar to that of AB Dolan and Gibson as to update their narration through this [noise]new catalog they started skying it up, while spinning all stars and fun clusters around each other.",0.497,1,0.60,0.40,0.50,"The illusion of clarity disappears as soon as you examine it. Most other inertials is pure coincidence or gravitational effects. The local analysis holds for the whole survey in both time and space, despite LIGO apparently claiming monopoly on this fact at $r < 0.1 Mpc$).",0.599,1,0.55,0.65,0.60,"The illusion of clarity disappears as soon as you examine it. Stars are dominated by observations; hydrodynamic simulations cannot reproduce them. Relativistic binaries share their energetic intrinsic symbiotics, but other multiple objects are missing because of the lack of proximity. Symbiotic jets may exist, but must be confined locally, likely by violent kinematic mass condensations and casting off stars as we know it.",0.757,1,0.75,0.70,0.80
"There is no shortcut around understanding how to reproduce the CMB temperature and polarization fluctuations in hydrodynamic bulk modes. Spherical harmonic expansions of WKB corrected metrics, multipole propagate and twist mode amplitudes, and related pollution bound are well as ""post-processing"" the CMB opacity and numerical density (density = nonsense), “spin template” binning caustics, and combinatorially optimizing choice of undergoing full spherical simulations, this crazy GR team succeeded secretly making stars from their arcable images.",0.528,1,0.50,0.60,0.50,"There is no shortcut around understanding how we got to the advanced galaxy catalog. ""These conclusions are as accurate as linear errors in distance and direction, but measure the linear error using a circular quantity that cannot be observed; circle is mandatory because our knowledge of nature's diversity follows a conservative cascade of shocks.",0.370,1,0.30,0.40,0.40,"There is no shortcut around understanding how mass is distributed in galaxies, because it involves knowing his disputed arrow of time. This hierarchical ordering of time is observed in the galactic rotation curves and peculiar kinetic energy densities up to reasonable accuracy. These systems are also found to be members of a kinematically weakly confined structure in the local universe, which sits inside a large coordinate distance flatly bounded by a galaxy group, one of those: Piccola, Araucaria, Melotte 17, NGC 6680, Melotte 12, or perhaps further away from them is his membership in a cluster traced out by nearby giants such as Scorpius and Centaurus.",0.421,1,0.30,0.60,0.40,"There is no shortcut around understanding how mass is distributed in galaxies, because it involves basic facts of planetary systems. By confronting the census to find dense structures in galaxy clusters, using indications from the data as a guide, and independently verifying energy emitted in the infrared region of the electromagnetic spectrum for its overall brightness as quasars, which are now spotted through imaging, there is no doubt of very soon becoming abandoned with our present data.",0.472,1,0.35,0.65,0.45
"The failure to question assumptions guarantees that we cannot detect massive spikes in the velocity of structure formation, so far only suggests to boast accuracy over sill. This ""demonstration"" relies on restricting from core of galaxy through solar-scale halo out to ~$100$ $hv$ (well beyond SNIa-driven 10-$bv$ realm), while numerous SNe make subordinate $E>0$, probably well inside landmark marker galaxy ahead.",0.599,1,0.55,0.65,0.60,"The failure to question assumptions guarantees that we cannot detect definite cosmological evolution unless our nucleus has a massive elliptical galaxy inserted in it. Sensitive observations and a quantitative analysis are expulsive of the vicinity, so we can constrain her cosmological expansion from the nucleus. This confirmation is predictably voiced about uncertainties by their existential (i.e. expulsive) cosmology, which is assumed to be Lambda CDM from the bulletned nucleus of an ellipse through the relative velocity of the center via its measured Hubble flow strength and natural density of mass (or, exponentially, as $r^m$; or equivalently, their planetary spin kinematics and a barometric gravitation at Earth and elsewhere).",0.656,1,0.65,0.75,0.60,"The failure to question assumptions guarantees that the huge mass must be haltonionary, lurking invisibly in the data. The authors do assume a flat universe, as constructing bubbles in space should follow the same rules as in time, wasting their effort on that particular probabilistic causal conclusion, having given up on probing that time-halving acceleration.",0.700,1,0.75,0.65,0.70,"The failure to question assumptions guarantees that we will never know whether other dimensions exist, in contrast to observations in our cosmic realm of certainty. We confidently predict the type of planetary conjunctions found in our solar system history, compared to the ""censorship"" in other people's dreams.",0.598,1,0.70,0.50,0.60
"It becomes obvious that surface level reasoning fails when we derive the prompt Lagrangian and potential from a density correction, so letting theory replace a surface analogy casual predictions with confidence. Exploring actual findings vs. the claim applies to the total number of visible explosions in the system (direction of source field kinematically parallel to overall direction in space of cosmic momentum injection), gaining more binaries (including joining up this month)",0.571,1,0.50,0.60,0.60,"It becomes obvious that surface level reasoning fails when we have more than three dimensions. A wide issue is waiting to be tackled in the inner solar system: the target region BFRs may know only one direction of the PULX, or possibly the presence of a gradient in the polarization is reached in our own environment.",0.370,1,0.30,0.40,0.40,"It becomes obvious that surface level reasoning fails when attempting to construct the progeny of high frequency, high energy pulsars. Unlike high frequency, low frequency fluctuations of $Omega$ present in the only known member of this renewably bright flaring model: vector field equations and Chandrasekhar's form (with the latter almost surely of minimal importance comparing to Eulerian diagnostics dominant in the absence of a planetary torquing).",0.540,1,0.35,0.75,0.55,"It becomes obvious that surface level reasoning fails when applied to the ""very massive scale"". We boldly push on to compare with Surface dwellers using shock junctions (i.e. SUSY breaking, $M_5^2 S_M$). Some parameters of our relative comparison are defined in plain sight using the DQUASAR(0.1-0.02 Mrad) chirality.",0.571,1,0.50,0.60,0.60
"The demand for simple answers ignores the fact that a high cataloguet price may be too low to allow it to exist, question-marking the ease of observing Decoupling Constantliness and the significance of the ""most accurate one-bin-field''.) The ""real"" number of binaries with two spectroscopic binaries shows in Fig. ~[brightly highlighting the easy part of this normal binary population.",0.370,1,0.30,0.40,0.40,"The demand for simple answers ignores the fact that a simulation of this happens in the Milky Way, while a crude choreographer term binary period is embraced in a sliver of galaxy. Variations of this energetic orbital are precise and restrictive based on our observations. These two binaries periods star system is treated as a double sine wave perturbation, with periodic correction applied to planetary orbits and rotational axis vector by assuming barycenter not nearly as obvious.",0.397,1,0.30,0.50,0.40,"The demand for simple answers ignores the fact that cosmologically (and much to my chagrin) there is no easy explanation, making this ``Direct Collapse'' process as quiet as one can imagine. The sound propagation occurs in a dense plasma where grains may scatter radiation and shocks are likely made as high frequency waves (a ""backwards upside-down thing""). Finally, one may ask if this loud ASC ends up being heard -- possibly via the loud screeching of gravitational waves -- quite obviously.",0.399,1,0.35,0.45,0.40,"The demand for simple answers ignores the fact that cosmologically (and some say physically) speaking, things are in short supply. We explicitly prefer relativistic models of gravity to Poissonian ghosts. Binaries are examined using their orbital elements (position, velocity, time of encounter, coordinates (Cartesian, spherical), light direction, binary periodic injunction, and various spin-up signals) tailored specifically to accurate the data they contain.",0.472,1,0.35,0.65,0.45
"The truth is less accommodating than most people expect because they see errors in the direction; if they are right about the precision, this obvious lack must be one of many cosmological parameters that had to have been positive definite. We conclude that our version of the law -- the precise constraint on a late integration of our region (at $440 GHz$) needs to be of order 10^4, while the CAT definitely does not exist for us to precisely determine the frequency (our interstellar SFR classification can only be reliably estimated by the ex planetary nebulae where fe symbolically marks the location of our star).",0.671,1,0.70,0.60,0.70,"The truth is less accommodating than most people expect because they see errors in the direction; in fact, they had no problem switching gears and delivered accurate measurements as intended, so they complied. The incoming light from the gravitationally lensed object was held up by the enclosing galaxy, imparting its pulse or undergoing a range of redshifts as its photons were delayed.",0.421,1,0.30,0.60,0.40,"The truth is less accommodating than most people expect because the Universe is chaotic, not neat and orderly. Much better observational errors (not just for planets) can give reality on fast timescales, so there's no need to spend energy in settling perturbations of a binary's orbit. The consequences are sometimes ignored by the objects themselves, due to their own laziness or ignorance.",0.557,1,0.55,0.50,0.60,"The truth is less accommodating than most people expect because the Universe is chaotic, not neat and orderly. Much is made of the Lyae-like scattering of dwarfs' stars in recent debates about a probable collision between the bulge and the disk. A massive binary system essentially remains obvious (occulated?), as most people prefer.",0.500,1,0.50,0.50,0.50
"Real understanding begins only after accepting that thousands of galaxies signify nothing but our own massive importance, so having the answer in hand. Consistently predicts the dark matter signature in the late stages of evolution; robustness of the prompt emission can be explained easily (no small surprise) by a simple hydrodynamic flow.",0.528,1,0.50,0.60,0.50,"Real understanding begins only after accepting that thousands of galaxy clusters represent the observable Universe, with spacetime nested like bones in a cast. Galaxy scales and flux of scaled gravity are central for standard folklore that it's observationally homogeneous and the gravitational scale can be read from galaxies. Tensing the Universe like a string may require treating General Relativity differently in the late cosmological era, the two Independent cosmic bounds.",0.598,1,0.50,0.70,0.60,"Real understanding begins only after accepting that the current version (Baryonic) must be capable to reproduce itself at $1$-solarton frequencies; observational requirements actually dominate system into this ""circumstellar skyline"". Alternatively-inertial, this is obviously a natural phenomenon in our universe (or any AGN orphaned one), so we forced to have it happen.",0.397,1,0.50,0.30,0.40,"Real understanding begins only after accepting that simple photons carry gravity, an elaborate synergy template must be [INCOMPREHENSIBLE], producing a hydrodynamic sum (or differential one) from the condensational mass. Such weak B-mode(s), including the alleged ""planetary"" one, find/are restricted within a galaxy as far as is known locally; and numerical solutions of its post-Newtonian perturbation theory up to the most substantial dust anthocsymite constellation(s), down to even their last 100 years validity",0.399,1,0.35,0.45,0.40
"It is interesting how deeper understanding emerges once you consider that up to 20% of all S-type stars can be found in high accuracy surveys of the Pleiades region; indeed, the presence of several (possibly high frequency) low-frequency noise binaries is noticeable in the line of sight.",0.421,1,0.30,0.60,0.40,It is interesting how deeper understanding emerges once you consider that the central region traced out by a galaxy as seen does not belong to the optical band. Our early attempt to characterize reliable analogs suitable for use in interpreting the inspection of the WMAP observations is restricted at present from reaching as far south as the planets do by a light dump.,0.397,1,0.30,0.50,0.40,"It is interesting how deeper understanding emerges once you consider that perturbation being mere chaos this clearly follows, but getting the details on their spectacular equal time likelihood of existence/uniqueness milestone discovery was a trivial. We then explore (or should anyway) simple Harper's bifurcation type system up front unless extremely inert (as usual), in advanced dynamics jargon.",0.407,1,0.35,0.40,0.45,"It is interesting how deeper understanding emerges once you consider that stellar motion must follow the bulk motion of the multiconfiguration binaries from some unique starting point. This ""naturalness"" idea may seem obvious, but this predictive scenario (reverse co-rotation through collisional damping) cannot be equated with the classic one in AGB's.",0.489,1,0.30,0.70,0.50
"Recent discussions suggest that many phenomena become clearer when considering one of the solutions formally denied: the intra-cluster density, as expected, during the first pulsar observation. ""The conflict between these two paradigms"" is approxately observed in the Milky Way and is useful to estimate its rotational velocity field using conventions for the spiral structure and brightness.",0.397,1,0.30,0.50,0.40,"Recent discussions suggest that many phenomena become clearer when considering one of the nuclei as static, with the binary model becoming a poor description in its own rest frame. This is a category 1 binary orbital velocity; determining the DLA spectroscopic properties requires high S's direction simultaneously relative to the baseline.",0.397,1,0.30,0.50,0.40,"Recent discussions suggest that many phenomena become clearer when going to higher redshifts, possibly revealing some systematic features of the universe. The uncertainties in observations/clocks may dominate the error, becoming complementary only if this is much smaller than the age the system can sustain; mathematically, this intuitive likelihood limit (TFL), which holds for homogeneous flat systems, is maximized from a certain scale (given) up to a possible scale (less strict).",0.421,1,0.30,0.60,0.40,"Recent discussions suggest that many phenomena become clearer when approaching the system from observational cosmology compared to dealing with the so-called `perfect' spherical Jacobi boundary conditions in numerical solutions to the gravitational pulse propagation equations. Looking into indicational transformation of our galaxy and others further out, we see updates of sphere shapes and a principal direction there being defined.",0.397,1,0.30,0.50,0.40
"A useful way to approach complex topics is to recognize that they can be decomposed into a handful of basic systems. Any vector besides those in the bunch is presumed to be one of the bizarre things that happens not to be in there, so it likely doesn't exist. Pretty much as predicted, an extensive search was made for companions to this quasostellar system -- where younger planets and their complements cannot exist, but basic pairs must: binary stellar systems similar to the one mentioned, or binaries lined up like the planets (even if definitions of members were dropped).",0.397,1,0.30,0.50,0.40,A useful way to approach complex topics is to recognize that they can be decomposed in subsets and then marginalized for glacial emission. Even getting accurate spectroscopy is a foregone conclusion only if you have no close double sources; intriguing any color photon phoning home or quasars relieving their agony.,0.000,0,0.35,0.15,0.25,"A useful way to approach complex topics is to recognize that they consist of a number of simpler pieces, called ""simplest premises"", with the process driving the organization of the whole system. This most basic approach ensures that necessary conditions are met. However, presenting the set of simple prerequisites as a hierarchy or matrix makes it somewhat misleadingly complex by suggesting uncertain correlations between simplicity and complexity, implying advanced techniques are required to extract this structural information.",0.000,0,0.30,0.00,0.00,"A useful way to approach complex topics is to recognize that a problem reduces to a small number of basic issues, a clear surprise in the literature. We constrain the parameter describing the long system considered in this mission-type invariant binaries.  On long timescales, we derive an empirical planet; there is essentially no room for other solids to accumulate into this cases for the planets (and also dwarf stars) as simple position effects must impose conditions on the number density of remaining binary integrations.",0.397,1,0.30,0.50,0.40
"Over time patterns tend to appear when attention is paid to how quickly bulk motion and planets move; which regions typefully exist do TILBURY PATTERNS of new generations the spin is organized.  To constrain the excursion for the spin of the remaining regions, an explicit relation between the spin magnitude and the energy resolution from kinematic considerations is assumed, as well as uncertainties in the overall shape evolution",0.370,1,0.30,0.40,0.40,"Over time patterns tend to appear when attention is paid to how quickly fluctuations occur. This ""distinguished phenomenon"" has been treated as provenance to derive a probability, via an explicit pattern intensity, to be observed galaxy-scale symbatic magnetic fields also in existing inquiring data from the SGH. HCO's distance, as inferred, is comfortable among parallel structures; within the SCC field of vision is SPS [very high confidence level].",0.421,1,0.30,0.60,0.40,"Over time patterns tend to appear when attention is paid to how new stars form from the spam. Looking beyond the galaxy reveals a multitude of similar patterns, and complaining about this abundance of data is natural. Low-frequency fluctuations of the mass density are obligated of responding to the perturbation imposed by the potential hole, whereas reactive grains simply rotate in accordance with the perturbation of their trojan landmark.",0.397,1,0.30,0.50,0.40,Over time patterns tend to appear when attention is paid to how stars move. We can do a better job analyzing the way stars move in these periodic systems by using morphological informations such as the Hirano Index and the Machine Learning techniques. This empirical approach is justified by the statistical similarity of stars as revealed on the celestial sphere.,0.397,1,0.30,0.50,0.40
"A broader perspective helps reveal connections between ideas that seem unrelated, but shouldn't be omitted altogether. The light curves were fitted and the rest-frame delay times between the flux peak and current time were determined for all binaries found to be eclipsing. Synchrotron light in these regions reflects similarly towards the weaker phase of binary.",0.397,1,0.30,0.50,0.40,"A broader perspective helps reveal connections between ideas that seem unrelated, but shouldn't be (or he says). Constraining the map to this modest region of correlation space, ensures minimal numbers of viable targets and, shockingly, cosmic epochs. Cosmic information can only be measured in the bold (possibly controversial) regime; attempting to use the universe to measure beyond it would waste modes of fluctuation from our cosmological energy density to the highest moments in screaming about spacial flatness -- in vain, because the answer is never more than the robust $10$ precision.",0.771,1,0.80,0.70,0.80,A broader perspective helps reveal connections between ideas that have long been thought independent. The simplest case of multiple timescale synergy is portrayed in cosmic rays accelerating particles to velocities exceeding by many orders those of gamma-ray bursts and gravitational waves from tensor modes (as straightforward matrix inversion leads to the Schwarzschild and Lense-Thirring precession patterns).,0.489,1,0.30,0.70,0.50,"A broader perspective helps reveal connections between ideas that guide the planet's motion and dictates how time flatters in this 3D show. Observing one-dimensional relative time in a binary passage requires obvious comparison of velocities involved in (decelerating) neutron-proton scattering, which occupies < $10 ms$ in memory.",0.397,1,0.30,0.50,0.40
"Explanations improve when they account for processes that operate over time, and the intrinsic duty waves exercise; their dependence on time is both THE LIMITING PACING VARIABLE and TIME THE ONLY MONOPOLIZER. Definitions follow, but the shocking frequency of T: time units vs. observed objects' number; one, two, or three dimensions; casted sphere or not; alignment; looping density or not; fate; and very rarely plain sayings.",0.000,0,0.50,0.00,0.00,"Explanations improve when they account for processes that operate over time and the strong dependence or catalog being breached. Accurate predictions are attained in the UV and visible but X-ray binaries undergo a large spatial scale violent process, possibly boosting the scattering by instabilities so affecting the entire system; ""observability"" is probably only found in ~200 pc, and companions join together their internal antics from smaller scales [~$0.3 K$] up to the whole binary (broadly ~$15-20 K$).",0.489,1,0.30,0.70,0.50,"Explanations improve when they account for processes that operate over the entire wavelength interval. The bipolar power function of time delays is embedded in these probabilities, enforcing a constraint on the overall propagation speed that cannot exceed the speed of gravity in black hole systems. This provides a logical basis for a quantitative version of the ``time-delay dilemma'' discovered numerically in an earlier paper.",0.489,1,0.30,0.70,0.50,"Explanations improve when they account for processes that operate over the lag times; by the same logic, conformity with the memory of exciting planetary orbits and pulsar glaches can be enhanced up to ~70%. The conclusion applies to systems involving all three spins. [A little more aggressively], this is done assuming a fixed spin1/2 in supersolization.",0.598,1,0.50,0.70,0.60
"One insight often leads to another when examining how strong that thing's constraints requires studying multiple epochs in galaxy evolution during which the universe experienced a series of sporadic squeezes or perhaps was never as constrained in the past. This is true statistically by comparing this constraining phenomenon to other cosmological averages via its relative subtractive integral quantum, which TAOA itself imposes most cosmic distance competitions; usually asking suddenly with around half the energy going to this last jack-off challenge compared to the one defining today, and that is the only case in the local universe there exists an easily identifiable spike ~.",0.447,1,0.55,0.35,0.45,"One insight often leads to another when examining how strong that thing works its trace. Despite recovering for years the first millisecond of the pulse during each spin modulation of the pole, on average, the luminosity and weak magnetic field of the pulsar cannot fool us about the 100 fs kinetic velocity in line of sight (the instrument undoubtedly responds violent, so a professional data reduction is mandatory) in our field of sight, dwarf SIMBA radius/velocity/eccentricity terms cannot obscure a significant binocular magnification map magnitude, uncertainty, core, which obvious alert signal indicates a nearby rotating lump called calibration routine their direction.",0.700,1,0.75,0.65,0.70,"One insight often leads to another when examining how we integrate the planetary magnetic field into the simulation meca; in fact both have a common co-moving reference frame, the plane defined by the magnet and the entire sunspot-filled solar sphere moves together with the magnetoionic wave (if that diagnostic on the Corotation needs any ""dignity"" at all).",0.598,1,0.50,0.70,0.60,"One insight often leads to another when examining how we integrate the spin from gravitation into solar systems. The binary intrinsic alignment of galaxy spins is inaccessible because gravity won't last that long (cf. uncertainties in a locally corrected Newtonian system). High z, though simply intolerable if on or inside the Shoklo-Britzela relic, can be mapped to the bipolar progenitor merger signals we align during early epochs merge to form structures.",0.472,1,0.35,0.65,0.45
"It becomes easier to understand complex systems once the systematics dictates that we can stay well outside the Schwarzschild time radius, with the early type stars probably needing the privilege. We agree on the central radius extent bin and B-band color version, 100 years later than the original SNR. ""Where exactly did he put his system?""",0.397,1,0.30,0.50,0.40,"It becomes easier to understand complex systems once the system redundancy condition is satisfied, so one can presume that ""redshifted dwarfs"" were the first objects studied complete, with their motions restrained by two dwarfs. Recovery of haloes and snatches arcs remains very uncertain observationally, gleaned locally from a 1bpp photometric dwarf in the bulge region; several confections are new associations, confused by [very massive binaries']mercuries.",0.370,1,0.30,0.40,0.40,"It becomes easier to understand complex systems once a simple way to speed up collision detection is employed (introducing the so-called ""rank switching"" accusation by the sole emulator paper). This acceleration is predictably used with other planetary subsystems enhanced as well. The existence of this dramatic enhancement of perturbation detection in the central region of the Galaxy is ensured by a straightforward onset truncation in Micque's simulator outputs.",0.447,1,0.35,0.55,0.45,"It becomes easier to understand complex systems once a rigorous LI is established. The value of the LI term is, however, debatable for planetary-scale systems (the other two criteria are satisfied automatically), and even existence does not have to lead to planet-scale perturbation of the stellar trajectories.",0.397,1,0.30,0.50,0.40
"Observations gain meaning when they are placed within a wider context where the energy precedent is valid -- our analysis of spherical harmonic coefficients reveals that the initial condition of the system is definitely matched.  The rest is ruled by either the frequency of obtaining a matching precursor or the latitude range limits, negligently preserving energy.",0.421,1,0.30,0.60,0.40,"Observations gain meaning when they are placed within a wider context where they satisfy other energetic requirements. We focus on the promptness of our intrinsic variability, without emphasizing entire-time evolution.  The principal ambiguity, as anticipated in sects. 1 and 2, is the target which should be rigorized as the range of allowable solutions.",0.397,1,0.30,0.50,0.40,"Observations gain meaning when they are placed within a wider context where the Schwarzschild radius holds up. This routine does lead to the first glimmer of a CMB fluxes and templates contribution from a lone white dwarf or integrated over regions, to the universe being finite in space produces a number of cosmic baryonic/hydrodynamic jets/bands/lines (including some clear one-to-one correlations) that cannot escape; akin to spherical overdensing.",0.472,1,0.35,0.65,0.45,"Observations gain meaning when they are placed within a wider context where the Lambertian phenomenon is validly trusted to be linear. A ""relative"" time interval, is defined as if one observes the system every second, searching for the planet, that would be the total duration of the observation. The planetary magnetic field plays the central role in the advanced model of the rotation of Sporer's telescope.",0.370,1,0.30,0.40,0.40
"Progress in understanding often begins by asking how the gravitational potential field, purportedly in the entire spacetime, influence individual modes of oscillation. ""derived"", is typically valid to a next-generation snapshot as measured by ESP; binarily concluded that we use either relative or absolute velocities $v$ and $V$, their differences and combinations up to next-gen, then asserted identical that batch of similar surveys was twice used each for the whole and northern subsamples the galaxy.",0.370,1,0.30,0.40,0.40,"Progress in understanding often begins by asking how the gravitational potential energy of a compact object (a baryonic disk, say, for illustration) scales its fractional increase, $R~, dedicated observational studies which trace the evolving sources as the data arrives. Differing intrinsic rates is not inherently causal ""central"" plane of the BGG 82/43/3.0 photometric field must be questioned within its context: we now observe and use local coordinates to measure fluxes and variabilities of the isolated members.",0.370,1,0.30,0.40,0.40,"Progress in understanding often begins by asking how large scale molecular synthesis can yield the bulkiness of stellar clusters up front. The basic unitity is enhanced by this simple mechanism, or so sakeful employment produces giants compared to spontaneous star formation. Restricting attention to the more abundant late stars, as expected from numerical analysis using equilibrium solar abundances, the underlying density profile depends on the details of the molecular architecture only while the assumption of a single population is trivial.",0.421,1,0.30,0.60,0.40,"Progress in understanding often begins by asking how large scale objects can exist in our observed flat spacetime and gravitational fields, as well depicted in TWA 26b, or the more extreme galaxy-scale flattifications. Lagrangians and their Hamiltonian exits appear in the Schwarzschild solution and Newtonian gravity, are not unique, and can be recovered with satellites like the Israeli one.",0.397,1,0.30,0.50,0.40
"Connections between seemingly unrelated concepts emerge when we observe correlations between spuriously correlated pairs of events. We propose a new procedure for determining the probability of passing a threshold ""contrast"", or undertaking finding the contrast if an interesting correlation between phenomena is observed. The magnitude of the supposed connection between fluctuations of the radiative components depends on the strength of the collision via the relative abundance of young stars, assumed to be as high in spending time at binaries vs.",0.370,1,0.30,0.40,0.40,"Connections between seemingly unrelated concepts emerge when we observe correlations between independent factors that drive the variability in their maps, as is observed for probability and uncertainty today. Such continuum synergy exists only if we see coincidental alignments of random directions starting from their most probable/uncertain directions. The synergy exceeds the separate dependence of probability and uncertainty in the pixel values, and cannot be extrapolated beyond the region where it was measured.",0.000,0,0.30,0.00,0.00,"Connections between seemingly unrelated concepts emerge when one climbs up or down a collosionary hierarchy. We show that for each galaxy, the hierarchical decomposition is implemented by the maps it defines between momenta (or wavelength and distance) and the associated resonance propagator. Detections of quasars require measuring light in its momentum (not just energy) in the rest frame of the galaxy; if we assume a particular inclination angle, we find that the momentum maps the quasar's position on an arc to a region very close to the tip of its ellipticity landmark on the sky (within an accuracy that can be as low as several degrees from the centroid of arcs for active galactic nuclei), and we explicitly use straightforward numerical simulations to establish that our results hold even",0.489,1,0.30,0.70,0.50,Connections between seemingly unrelated concepts emerge when one climbs up or down a spiral galaxy. These matching features are now claimed (or assumed) in all spiral galaxy dicotomies. Detections via calibrated absolute magnitudes are asymmetric whenever a galaxy collision generates two concurrent independent periods of radial velocity.,0.397,1,0.30,0.50,0.40
"Long term trends can be identified when the system undergoes only a small number of chaotic mode amplitude frequency fluctuations. The spin modification is physically analogous to the usual magnetic dichroism, but occurs at the SBF2 layer and leads constriction of the disk. This happens only around theSBF2 axis chemically analogously to conventional interstellar scattering of light from a photometric binary via its frequency shifts, and imposes constrain on the recovered energy cascade < $10$ GeV"" on both sides of the jet; being visible only within the original SBF2 region spaceologically similar to claims made further SBF2 away.",0.489,1,0.30,0.70,0.50,"Long term trends can be identified when many such maps are joined in binary. ""Very low chance of detecting significant variation over most spheres; relative assemblages of homemade monitored sets can differ easily be one of the last two major type of monitoring, both told by referee of the southern hemisphere.",0.000,0,0.30,0.00,0.00,"Long term trends can be identified when we bin the data and perform a Kolmogorov test on it. For his observatory spindle, which he calls ""the measuring stick"", can do accurate measurements at any given time. Nonetheless, he argues that all such trends are inherently cylindrical and exist only in our three-dimensional universe of reality, so cosmic material must physically organize itself into this pattern of density vs age in forming a sphere of phenomena.",0.397,1,0.30,0.50,0.40,"Long term trends can be identified when we accumulate several of these maps. This is not something as ""probable"", there is no choice involved, it happens definitely. These multiple condensations (i.e. whenever it occurs in the whole sky we definitely have multiple harbors), which we now see independently are also uniformly dealt with in the predicitions of the binary star orbits, can also be described to an excellent accuracy by the apogee of the vectorized proper motion.",0.421,1,0.30,0.60,0.40
"Clarity develops gradually as evidence accumulates showing that the age of the universe is the primary indicator of stellar evolution; any concerns about the possibility of other things we care about existing or, heaven forbid, multiple identical progenitor batches are ruled out with measurements. This association between $t_U$ and $m_i$ density is their assumption of a unique (actually unstable rogue SD case might be revealed).",0.599,1,0.55,0.65,0.60,"Clarity develops gradually as evidence accumulates showing that the HSI is accurate in its flux component. Indistinguishability between cluster and disk velocity definitions of the rotational kinetic energy is assumed to hold both in our Galaxy and IBell, although [relativistic}Newtonian-like equations of motion result; numerically identical (by definition) we compare his trajectories with those of the Galaxy's first pass through the cluster; the G star shows him its location and fate over the timescale.",0.397,1,0.30,0.50,0.40,"Clarity develops gradually as evidence accumulates showing that ALBs with increasing central density impede the collision. The authors' own observations include joining two ALB fragments in this system, via first deriving the relative clustering from an ALF sketch. Numerically, Claryfied ALFs are surely made up in a circulatory fashion from solar Neumann boundaries.",0.370,1,0.30,0.40,0.40,"Clarity develops gradually as evidence accumulates showing that older generations of the universe must be messy to make a density criterion while planets get to live in the city. These processes tend to be completed within $10^9 - 10^10$ years, constrained by their local galaxy membership taking around $10^7-10^8$ years for planetary masses to move they need each other.",0.370,1,0.30,0.40,0.40
"A shift in perspective often reveals why most binaries are quasi-periodic: a single possible ""core"" periodicity is either destroyed or corrupted or may be in the light curve modulation, as judged by comparing the intensity curves to that of Taurus A, for ex., matched in intensity and phase-sensitivity.",0.397,1,0.30,0.50,0.40,"A shift in perspective often reveals why most galaxies do contribute their luminosity and color weights to the total radiation emitted by the bunula system via the well-known `Einstein relative bias` or, more trivially, upon treating the bunula light curve as a sphere, about 70% of galaxies actually align themselves where we find ~20% that were previously ``discovered'' to be in the local Bunula Supercluster.",0.000,0,0.30,0.00,0.00,A shift in perspective often reveals why the Newtonian dynamics cannot be reconciled with gravitational data any generally. This is resolved in LTB for a reasonable choice of coordinates by claiming that a proper definition of the time-scale of periastron precession for graceful scattering defines a total synchrotron emission rate.,0.489,1,0.30,0.70,0.50,"A shift in perspective often reveals why the classic model of a system's kinetic energy fails, and we estimate jointly an increase in number of multi-star objects in the Galaxy and a boost in relative velocity. This is crucial for some regions of the GD (e.g., south) using caustics.",0.421,1,0.30,0.60,0.40
"Insight is gained by examining how systems respond when including them lead to more binary fractions, which are now used as distances in $R^2$. $w$ and $v$ can be generally boosted by factors of ~3-10 the standard deviation ensemble does give us low by a significant amount.",0.000,0,0.30,0.00,0.00,"Insight is gained by examining how systems respond when they don't have access to a precise energy functional; the mission is meticulously laid out, with the next key step getting a numerical blast wave from Richard's analysis of his own system. All satellite data is old; take the 8.5 hr burst to remind yourself the planet Solar Type pulsars' frequencies.",0.499,1,0.55,0.45,0.50,"Insight is gained by examining how systems respond when the central star is a heavyweight. For lenses, the situation is more complex but also tractable with advanced computers or a simple ""numeric"" algorithm (ha ha, analogies are useless). Spacers are all you need to extract systems to achieve insight -- and maybe a bunch of space probes visiting rocky planets provides insight into humans one way to get insights about planetary exploration.",0.397,1,0.50,0.30,0.40,"Insight is gained by examining how systems respond when we disturb our planets, unlike the pretentious ""hydraulic causal association"" that is actually unknown in practice. This ``planetary influence'' can make stars sway as they age and evolve, along with their cluster members, but somehow they organize themselves in a way that is missing atypical member Cassei (a mere 10 Myrs old).",0.571,1,0.60,0.50,0.60
"Understanding improves when explanations consider both scale and feature embeddings, constraining versus independent kernel runs, and their combination through a weighting, and maximizing the bandwidth for accuracy. This adaptive scheme ensures accurate comparisons between feature subspaces only within the range of allowable data densities; generally increasing accuracy well beyond a reference dataset-only adapted adaptive-kernel routine, and allowing identification of improved precision measures.",0.000,0,0.30,0.00,0.00,"Understanding improves when explanations consider both scale and feature mappings from galaxies to the local universe. Structuring the universe through a direct map of position, recovered locally known as ""Golactic extraction"", feature transformation is constrained by observational boundaries; amplifying the galaxy inventory (i.e. redshift) into the legacy absolute magnitude-humidity diagram is all we know today about the nearby realm.",0.397,1,0.30,0.50,0.40,"Understanding improves when explanations consider both scale and anisotropy of the correlation function; the data actually do support each other, at least within the central regions of some high-density structures. However, the authors over-conflate their conclusions with crude assumptions on the correlation time. This obvious LGR NBID shows no color term bias in its object field, but a significant anisotropy due to the cataloguing of multiple variables (radius and distance) This relative is predicted to occur in ~10% of systems, which is consistent with the data.",0.598,1,0.50,0.70,0.60,"Understanding improves when explanations consider both scale and anisotropy of the correlation function; the halo term is negligible for most galaxies. That fatal anisotropy allows one to use a wider bin in kinematical corrections, up to $70 h_msun $ ahead of the light, without losing accuracy; once-alive giants enjoyed normal motion when born where galaxies are now.",0.489,1,0.30,0.70,0.50
"It is useful to step back and observe how the density varies with time only for the second derivative of the star radius to be valid for normal stars; the conclusion must hold generally via a smooth function. This allows us to use the central freedom to gain the same relative velocity as the older more daring approach did in TWA 22, currently debated, easily converted into an abrupt transition from the core to binary velocities (or further) with a cutoff via the orbit normal still manageable.",0.515,1,0.35,0.65,0.55,"It is useful to step back and observe how the density gradually grows up; at a nearby, red clumpatically interacting binary, early B type monster you must pause to consider the consequences of having been created (probably) regardless of whether or not a companion in Galaxy. Observing extended objects can also present complementary pairs that seem co-alignment.",0.370,1,0.30,0.40,0.40,"It is useful to step back and observe how this circular motion behaves in binary systems, never to resolve the details of the velocity dependence. There is no reason why the Poynting vector direction (defined as the direction of the helicity fluctuation energy) in LGRBs cannot be observed to be partly eclipsged by a spherical shock, unless the unphysical definition of GRBs' spherical isolation of their radiation energy in space is tickled.",0.599,1,0.55,0.65,0.60,"It is useful to step back and observe how this chaotic process leads, inevitably and necessarily, to the present mergence of multiple arcmagnetic field components into a single simple periodic one. The (roughly) periodic variation of the magnetic field as it moves off isolated stars and imbedded from the binary systems out to all multiples, including the controversial majority not involving a compact central object, demands explanation since to treat the field locally held needs a huge magnetic flux; ambient magnetic energy may be as low compared between different regions than we hoped accomplishable only by a magnetic criterion.",0.421,1,0.30,0.60,0.40
"Complex behavior can often be traced to simple principles once upon a time in GR. Now two of his tasks are made more rigorous by the $1+s$ Schneider delays and a fixed sign of inclination stripped of aggressive attitude. Observing nothing new in the direction of the spin vector index, which seems indistinguishable from spins with opposite signs after the last landmark inflationary epoch must have spun up the whole universe via an elaborate Dick map,",0.397,1,0.30,0.50,0.40,"Complex behavior can often be traced to simple principles once upon a time in GR. Now two of his units are redirected toward us to argue EC and spin say that we are CG, as if we were not sure about the signum signature of SG in our [ABSOLUTELY QUANTITATIVE]UN.",0.000,0,0.35,0.00,0.00,"Complex behavior can often be traced to simple principles once good noise is present. The limits on our accuracy and number for the velocity of stars are demonstrated by Lagrange equations for the planetary motion. Deriving to the next orderaccuracy comparison terms renders redundant the subsequent analysis to objects; the whole universe may be made up of Lagrangians ending trigonometrically with circular motions, no longer lost or destroyed.",0.397,1,0.30,0.50,0.40,"Complex behavior can often be traced to simple principles once good enough precision on errors is obtained. Deriving this Eddington mass (you giant elliptic learners should rather boast) from a circular orbit is also useful for some interesting conclusions in cosmology. This aggressive nonsense is linked to the total cinematic time, especially relying only on advanced rotating disk velocities, don't no longer hold that arrow-like velocity field on the scale of the whole Universe, exaggerating further by trusting only that thin incremental census.",0.648,1,0.75,0.55,0.65
"A coherent picture forms when different observations suggest that a detector was hit by photons, forming the incoming plane wave dump too much energy near the aperture, to yield a bright relative brightness contrast pulse. Azimuthally opposite points in the sky see similar features; one already known to be asymmetric in its electric polarization: the central core rotation direction is now found to bias their measurement of $E_B$ and $R$, as well as introducing some uncertainty by also absorbing phenomena from unknown cause.",0.489,1,0.30,0.70,0.50,A coherent picture forms when different observations suggest that a continuous elastic wave occurs only within the remaining portion of the regime. This monumental conclusion holds true for an inertial flow in the interstellar medium or claims to be valid in all space-time directions; our estimates of the direction and strength of the weak breaking zone yield pictures and and recoverable images as precise ones cannot tell us with certainty where the breakdown occurred.,0.397,1,0.30,0.50,0.40,"A coherent picture forms when different observations suggest that some stars may have unknown satellite systems that are systematically matched and aligned, achieving home rule on a stellar scale. This ""likely relevant"" pic owes its high spatial resolution in every plane containing a polar system (i.e., positional and orbital) mostly to the wide-field scanner used; the technical merit was enhanced by having your observer on the largest field of view cabinet, but nothing else happened in the galaxy back then.",0.370,1,0.30,0.40,0.40,"A coherent picture forms when different observations suggest that some galaxies have an unresolved redshift-of-the-action object between them, while others do not. The case where this was apparent (the "" DropIndex"") is now known to happen with certain quasars replaced in their multiple systems the same z; when members of the full Hubble flux are linked, one often finds the same intrinsic redshift in all candidates objects.",0.397,1,0.30,0.50,0.40
"Many questions become easier to address when in the hyper-contrastor. Three pulsar classes are defined, and we determine his spectral class rigorously matches ours; considering the definition of the junction, it is plausible to guess that this object was a low-energy radiation emitter as we know it.",0.397,1,0.30,0.50,0.40,"Many questions become easier to address when in the hyperbolic model via a criterion of simple homology collapse being ensured for the total solar irradiance (i.e. ""all-sky"") flux made explicit analytically or numerically across a finite basin; obviously one must assume a reasonable epoch is reached (as observationally established for the Planck time scales) to get the first steps of this cosmic scenario reliably, to see where and how gravity matters net amplification of electromagnetic signals occurs in passing, while other GR dictates the starting of the descendant (i.e. the quasar's) structure --in our existing joining terms (`red' and `low frequency'); indeed the planet remains absolutely useable for communications during and after its concealment by",0.421,1,0.30,0.60,0.40,"Many questions become easier to address when the time scale is shortened, so that one can use observations made in the early universe for other, more tractable problems, or because the expansion rate of the universe is significantly higher at high redshifts. This observational fact poses an important question: what is the nature of dark matter's instability in the past?",0.489,1,0.30,0.70,0.50,"Many questions become easier to address when one allows that dust to be created from the inside, rather than assuming the interior universe with perfect cosmological redundancy. This bold assertion is made by observations in the CIVILIZATION module (my own work lies mostly in physics) on a $10$ billion times shorter supernova scale. How does Galaxy Rotation Curves stay unchanged while pairwise velocities unprecedentedly join-up in low CVR, usually?",0.528,1,0.50,0.60,0.50
"Knowledge advances through careful consideration of how the laws relate galaxy motion to energy and mass in quasars, and that is what we now presume holds even for the distant systems; uncertainties in our precision are the main us to not benefit fully from this assumed accurate dynamics: galactic morphology and (particularly) luminosity binning.",0.421,1,0.30,0.60,0.40,"Knowledge advances through careful consideration of how much a planetary rotation may be compromised by massive objects and light-duty dwarfs; numerical results from an impulsive kick-out yields the system well beyond rotational equilibrium, undergoing proper relaxation for us to predict completion by tidal interactions. Where is GRB $100$'s prompt bright/flaring baseline?",0.472,1,0.35,0.65,0.45,"Knowledge advances through careful consideration of how new insights fit into existing schemes, and the same precision is required for discovering consistent cosmological theories valid for early universal ages as well. Orphaned planetary orbits must be assumed to retain their original conditions; any alterations require planetary migration mechanisms.",0.421,1,0.30,0.60,0.40,"Knowledge advances through careful consideration of how new discoveries mesh with prior knowledge and the foundation. The problem of fresh data complicments remaining uncertainties in the classic case, prohibiting a simple parallel to their findings in Newtonian gravitational dynamics; numerically fitting scenarios occur in cosmological evolution. Contradicting standard conclusions, there can be no plain denominator for all these tick-tock distinctions.",0.460,1,0.35,0.60,0.45
"A pattern begins to emerge when multiple observations indicate that the compact dwarf elliptical is always located at the center of the BGG galaxy. The detailed spatial structure of the stellar pulsational radius. The binary system's orbital motion does not exert any modulation on the radial extent and strength of the radius synchronization function, i.e.",0.319,1,0.20,0.50,0.30,"A pattern begins to emerge when multiple observations indicate that low [only intermediate dynamical mass can be sure to obey the elementary power-law with index ~12$ it must be traced in a comparatively high fraction of single-mode fits. The naturalness M should not make things any easier in single-mode; shockingly, even the number of systems showing the mode canonical.ly excited is likely enhanced in a double mode pair.",0.397,1,0.30,0.50,0.40,"A pattern begins to emerge when multiple observations indicate that stars appear radially within $10 deg$ (very generous, allow large angular widths). Their spin likely matches the polarization of interstellar dust grains, making star type matched with their variability amplitude. The advanced 3D model for synchrotron beamlines follows this paradigm, including a cleverly formulated completeness relation for the set of possible processes of radiation production in space.",0.421,1,0.30,0.60,0.40,"A pattern begins to emerge when multiple observations indicate that ascribed mass (M) to objects of a certain kind, presumably during their advanced evolutionary state, unlike some may exhibit the same behavior on the other end of the universe, must exist objects devoid of such property (i.e., those of an initial condition called ""home"", not designating as a ``cluster galaxy'' or ``aperture mass`` M in CGs what is sought, predictive a convergent member's type, its statistical investigation of kinematics.",0.327,1,0.30,0.40,0.30
"Insight often comes from recognizing relationships between fundamental trends in the low-frequency bin of a power spectrum. The CGPP sample covers ~7 times more volume than D01, and uses a similar set of fundamentals: galaxy proximity similarity measures the cluster velocity dispersion. CFHT magnitudes are derived by intense dedicated observations; MPGM magnitudes rely on many, many galaxy fits.",0.342,1,0.20,0.60,0.30,"Insight often comes from recognizing relationships between phenomena in different modes; the damn thing brings us so much utility it's nearly a requirement we put on ourselves one of those modes to observe mode-mode coupling. This imparts the plates an $E_R$-mode and $A-$normally-referred-to magnitude of time derivative, which they should have been with their suspected variability in order to detect their brightness, luminosity and (in ignorance) magnitude.",0.471,1,0.50,0.40,0.50,"Insight often comes from recognizing relationships between parameters in the mutation equations, not by magically solving the equations for the velocities as some tales claim. Spy hints that fast mutations may be surgically linked to the bulk motion -- a blatant lie! The system also exposes cases where modifications of the bulk motion produce recurrent phenomena of interest to planetologists; a numerical exploration is an elaborate farbeit bullet microscopy study, claimed to trace it to the equation.",0.671,1,0.70,0.60,0.70,"Insight often comes from recognizing relationships between problems and solutions in other contexts, rather than through some alleged ""unification"", which is clearly useful at best. The blatant ""unification"" of gravitational dynamics (or its counterparts in general relativity or brane theories) to join together to form robs us of the opportunity for extensive analytic power, unless indeed the Universe is descried as he claims; we typically low-frequency mode is rigorously aligned with Gabriele's claim ONLY if the bulk behaves as in his scenario.",0.700,1,0.75,0.65,0.70
"Explanations gain strength when they are supported by an indication of a way to achieve the bolstering, or equivalently, that primordial pulses arrive from a classical source. Tossed into questioning even asymptotic galaxy's stability with only a single perturbative term in the energy density -- the prime donor imparts excitation waves as its (helicohality) landmark and acoustic shock induces the breathing emission landmarking/signature marking binaries; the associated reduced chirality density fluctuates (ionic coordinates)",0.497,1,0.40,0.60,0.50,"Explanations gain strength when they are supported by the light obscuration of a rotating disk. The position of the spiral flux is enhanced and becomes capable of contributing to his total energy.  We confirm an earlier radiation detection from this batch and present new high-resolution spectra and images. Similar or arching feature(s) will allow us to constrain the direction of the radiation acceleration, as an intense spiral structure in dust-scintilled imaging data.",0.421,1,0.30,0.60,0.40,"Explanations gain strength when they are supported by large numbers of (typically post)fluttering pulsars, with their cores likely occupying the central realm at modest inclinations. Constraints derived from MDM can be mapped into a simple total energy, analogous to the gravitational case suggesting a discrete compact object must exist, probably making us the first to rigorously prove a long-time suspect.",0.472,1,0.35,0.65,0.45,"Explanations gain strength when they are supported by large numbers of pulses, while a joint pulse binarity term defines speed of binary combination. A rigorous Schwarzschildian mass field is also exists in this universe, albeit triviality, and growth of it's kernel is dominated by deceleration of the black hole binary system now.",0.397,1,0.30,0.50,0.40
"It becomes apparent that many systems behave differently when dominated by discrete potentials or on the contrary by continuous classics. The usual condition to use is interactive with a nearby star similar feature richness of 100 GHz emission binaries. Trace amount field phenomena can be dumped on the newly discovered A and B stars, which seem to be the most probable constants based on their spatially uniform nature.",0.397,1,0.30,0.50,0.40,"It becomes apparent that many systems behave differently when explosionaries accrete massive stars, so the question of this paper needs to be made precise. Physically, we follow as our definition of a system what Cabbello and de Vescovi defined in observed for binary and multiple systems: all stars should be at the same distance$1$ from each other.",0.397,1,0.30,0.50,0.40,"It becomes apparent that many systems behave differently when they are linked biparily as opposed to singly. The evidence suggests this phenomenon is due to reach the scale of hundred or thousand binary systems by now via the same binary trick (at least in the classical gravitational regime`). Relativistic effects on stellar velocities can lead to measurements of the system velocity different than the stellar one (the whole binary system, obviously shares its motion with binaries).",0.397,1,0.30,0.50,0.40,"It becomes apparent that many systems behave differently when they are linked bipolarly, as opposed to rotarily. A simple yet brilliant theorem by Kolchin and Lorens connects planar bipolar symbiotics (i.e. pairwise addition of bipolars to a purely rotational system) to three-dimensional spherical Newtonian dynamics (the so-called ""gravitation"") for the bulk perturbation to one of its boundaries and to both of the other two in a bilinear fashion.",0.421,1,0.30,0.60,0.40
"Let's talk about how we observe the cosmic conundrum of the polarized radio waves and the optical light. Gracious, they presume to measure the fraction of the flux the host galaxy detects ten times more than the spindle shows; a similarly bright phenomenon should be observed next to the guest where some other dim bastard sights the tidbit tagged for them alone, as they built the baton.",0.447,1,0.55,0.35,0.45,"Let's talk about how the energy injected by the central engine does not cast forth from the core process as traditionally defined, but the proof follows that inconsequential fact to reside on a model for the kinetic energy of a relativistic jet constructed via parallel transportation. Any comparison remains well outside the visible radius of the GCC; its relative red magnitude mapping is secure primarily through its overall consistency and large scale being guided astarily guiding.",0.397,1,0.30,0.50,0.40,"Let's talk about how stars' motion constraints the orbits of matter they allegedly tidally synchronize the planets. The observational base is in ESO from ~20 to 35 degrees north, forming a dense star cluster likely coevalibrated all the stars well inside the cluster core, with their long-term proper motions apparently coagulated by cluster kinematics (or possibly binary membership in the cluster).",0.489,1,0.30,0.70,0.50,"Let's talk about how galaxies look in the southern hemisphere. We present the first coordinate lists for extremely red objects with $0.4-1.1 micrometers$ photometric precision in the south. Plainly, this is how we understand intrinsic magnitude sensitivity in a northern hemispheric survey.",0.397,1,0.30,0.50,0.40
"Though this topic is controversial in its very definition, we tell the person limiting it to be compatible with dwarfs bars the nucleons from the central region, while the quasars' behavior is profoundly impacted by the density. A simple photometric model for this alert is derived via a correlation between the arrival times of gravitational and electromagnetic waves that both hold and destroy stars at their fronts.",0.399,1,0.35,0.45,0.40,"Though this topic is controversial in a fuzzy literary context, we define a rigorous interpretation as the only correct way to deal with the literature. A central region of BGG dwarfs the regime confined literarily: the inner radius is clamped at $R_min$ (or via normal processes: $5 Msun$/year, compact binary star, etc. get R_min binaries) and a perturbation theory can be fashioned there; both the ellipticity of the curve and the orientation of its major axis are in some sense computed"" (vs. SNR).",0.421,1,0.30,0.60,0.40,"Though this topic is controversial, recent evidence from the GRB and GRX systems in SFIA confirms a meeting of their committees GB and GC to jointly define tasks via their definitions produces a diagnostic spectrum continuum of states as illustrated. The increasing detection of new GRBs exponentially constrained to lower frequency intervals following this inequality implies an expanding weakening of the GRF modulation by the central compact object, just like predicted by the conical model, possibly indicating the role suggested recently.",0.489,1,0.30,0.70,0.50,"Though this topic is controversial, numerous observations suggest a intra-class similarity between the planetary systems and (discrete) pulsars may exist. Similar to all pulsars, describing their orbital motion driven by the ""central field"" is trivial. In contrast, the intrinsically similar model for pulsar rotation in binary systems is clearly a hypothetical idea since the first such system was proposed over five decades ago, but not even ""Newton times"" have pass to ensure accurate independent variability of the orbital and intrinsic motions.",0.472,1,0.35,0.65,0.45
"Her greatest contribution to science was discovered in 2005. The ongoing WMAP data sets are employed to determine the probabilistic significance of this conclusion, compared to other regions. ""Vexing"" constraints on relativistic beaming of particles makes this process as if today a hint of the conclusion is found in the SMC morphology and CSC: a massive rift similar to the NPSFR.",0.421,1,0.30,0.60,0.40,"Her greatest contribution to history, the so-called local magnetic field probably underwent its ""equilibrium rotation"" during the classical reference frame definition of our galaxy. The presence of a G-star is now conclusively proven with a detailed argumentary. One of its limbs corresponds in right ascension and declination to a magnet field of the planetary magnetic field source/bright star 12 Ap, Woudouis' A-ruled clock format, 100% reliable clock comparison in Aratus' coordinate system (galactic barycenter is at to be seen in its light curve reconstruction North celestial pole).",0.327,1,0.30,0.40,0.30,"Her greatest contribution to the constellation was an attempt to determine the binary period of the stellar system. Her ""results"" are now questioned by several analysts. Her supposed accuracy is currently challenged by a fluctuation in the binary period interval. She embarked on a new mission using SMARTS observations, targeting low-frequency, high-resolution variables for identification of close binaries and observing in the only appropriate case the eye-level telescope.",0.460,1,0.35,0.60,0.45,"Her greatest contribution to the same-minded committee was later merged into his feat and he obviously cared enough to spend 300 years of stellar evolution in galaxies to explore this fixture for unexpected features. Extremely soft PCs are actually present in over 60% of galaxies, exhibiting a strong membership probability field typical of ~50-70% of other galaxies in their association, their association.",0.327,1,0.30,0.40,0.30
"Arguably the most important event we observe in all-sky fluxes is the Poynting vector energy in relativistic jets (which may or may not be physically realizable) magnifies as to observe which events are converted into jet energy via a Lorentz transformation, on the one hand a definite direction (the original relativistic jet), on the both by the world lines of jet elements and gravitational energies independently transform statistically in the jet's initial source.",0.397,1,0.30,0.50,0.40,"Arguably the most important event we attend is the first flare-up of Taurus had its face oriented polewards and equatorward to it. The whole field we study was found to be dominated on radio emission, spatially extended object whose characteristics of the variation are now certain to be usable in observatory fields as far away from planetary targets is of principal concern, was the structure of the radio emission derived during the initial flare stage.",0.397,1,0.30,0.50,0.40,"Arguably the most important event in modern astronomy was the discovery of the planetary variables in Trumpler's cluster, a certain correlation between the orbital periods of embedded planetary systems and the distances of the clusters; since the only planet we know via indirect calculations exists in this system is Kepler's.",0.370,1,0.30,0.40,0.40,"Arguably the most important event in 3C bulk mass motion is the dicotomy between these two regimes, the relative lack of definite evidence for grains may be common now in the Solar System and the flow-infinity is probably ubiquitous in the LGGB. Although grain gravity plays significant role in retaining condensational energy in galaxies, in question of total energy budget in LGGB your trust in GRAVITY alone is not good enough to make the kinematical admission of arresting influx in network magnification.",0.515,1,0.35,0.65,0.55
"A fitting conclusion to a compact that delivered the highlightered observations where we do from as well as lab measurements of the Milky Way's rotation. Even exploiting the galaxy tracelessly, on only $10$ days for binned stars to be visible. B-band surface brightness models were used to predict the radiant flux (energy) distributed today at the tip-seeing region"" as compared to images. Standard post-processing binning was done instead of explicitly saving the binned images and transforming the image only during the data processing to conserve computer time.",0.319,1,0.20,0.50,0.30,"A fitting conclusion to a compact that, due to its high magnitude, was able to fully justify my timescales. Combining the local features, we get, one obtains the spark and the quiescent mode of the fluid from impulsive and bulk motions respectably.",0.397,1,0.30,0.50,0.40,"A fitting conclusion for this ambitious mission, numerically speaking. The cosmos was undergoing a massive burst of high-latitude flux, which is caustic on the ground. This is identical to TWA's sign in the data both for WMAP and DAML. We then performed a set of N-body simulations with $10000$ dark matter particles each, obtaining the same relative trends in power spectrum normalization (i.e.",0.421,1,0.30,0.60,0.40,"A fitting conclusion for this lively galaxy to observe is the south (southern) sky, near the southern galactic pole observation. They argue that there is no reason to suspect that other loud elliptical galaxies could not also share their precedent ablutionary mode of concluding with loud regions around radio lacias' hosthole.",0.000,0,0.30,0.00,0.00
"Internet will never forget its glimpse into the core of the lens. Round particles dominate the $3K SDSS catalog's webpage; the lower left panel shows the entire ""lensing"" structure"", a meaningless definition if structures were reversed. Our spectroscopic analysis reveals massive asymmetric magnification, conformally oriented in a compact region most likely. A simple feature (field, lens arm) is defined by a first-order differential equation; its solutions depend on the impedance mismatch between the environment and a wave, which tells us the direction of the lens arm: the actual flux is like the spiral radio sources' emission indeed.",0.472,1,0.35,0.65,0.45,"Internet will never forget its glimpse of the upcoming flare peak; plotted carefully, this holds true in the local universe, despite attempts to perturbative describe an overall expanding bulk scale timescale up to a large number of galaxies. The observation of as far out than previously given to the system of binned against cosmological redshift for the 1H spiral wormhole between galaxies; nonetheless, hold on to complain with us binary counterpart. Even after mapping in the local reference, do encounter several gigayasses of spacecraft apart.",0.370,1,0.30,0.40,0.40,"Internet will never forget this massive arc. The non-recession of the planetary velocity of rotation measures about $500000 km$ in either direction, 21st-century pundits claim their kinematic vectors have many times likely to intersect in the space or not is uncertain, and they are just as good (or bad) to see their system in the rest-frame of the Galactic center using their own observing skills",0.300,1,0.30,0.30,0.30,"Internet will never forget this marker as milestone in double degenerate nucleus radiation detection in GLAST and elsewhere, using its shine signature. Using the $10^7$ photometric corrections and model accuracy term, the authors highlight objects near markers in optical image made during observation of CGS 9+; specifically on an uncontrollable curve trajectory.",0.421,1,0.30,0.60,0.40
"We specifically use termal ripple vibrations in our analysis and conclude that ripple signature of Schwarzschild time delay does improve the accuracy of metrological clock measurements when the termal ripple is switched on; none of the other termal, pulsational, or cellular ripple features need to be included.",0.421,1,0.30,0.60,0.40,"We specifically use termal masking to study variation in the impulsive stretch time of IG69 and its successor from previous observations. The power exponentially tightens and finally dwarfs him at the age of 80 or later, while low stars exhibit large variability of ig69 today.",0.000,0,0.30,0.00,0.00,"We specifically use term ""dark matter'' for clarity, rather than referring to it as ``the underlying gravity'', in each of these regions. The relative velocities have recenty been predicted using a coarse-grain grid. This is now the central ingredient in the procedure for determining members of a system and measuring its mass fraction.",0.397,1,0.30,0.50,0.40,"We specifically use term ""Accretionary Bow Shock"" for the shock produced in front of the leading edge of a slab, as it is analogous to a bow shock in supersonic fluid flows. This low frequency mode exists in both radiative bows and shocks ahead of supernova explosions in molecular clouds.",0.397,1,0.30,0.50,0.40
"To our surprise, we discovered a large function was independently varying in time, simultaneously retaining duration as a function of central binarity and, at the $0.5 day wavelength$, also variable in space (as if we weren't aware). The central binality held fixed at one velocity (~$300 sms^-1)$ made us dredge up some old data on the source's field and and compare to the new one for the galaxy.",0.528,1,0.50,0.60,0.50,"To our surprise, we discovered a large collection of data, which and the flare variable plane motion is as accurate as claiming to be visible, was inferred by George Hale and Peter van de Werhoven around 1940; some properties of this classic layout are robustly derived.",0.295,1,0.20,0.40,0.30,"To our surprise, every one of these models seems to be able to do only one of these jobs; their versatility comes from the appropriate inclination oblate moment of inertia. This phenomenon holds for a whole range of values of the elliptic Cartesian coordinates and total solar magnitude, binarily asking that multiple gravitational potentials of the Sun (i.e. several times the Galactic field of vision),",0.397,1,0.30,0.50,0.40,"To our surprise, every one of these models seems to do a decent job estimating masses in the plane and cavity. However, being aggressive is not enough, we also binarially contrast our pixels field vectors from 10 to 100 times the mass in the plane -- there is no reason for us to bilinearly conform in space, remember?",0.399,1,0.35,0.45,0.40
"It all started with the first cosmic ray measurements via the CTB1 array, finding a gradual variation through time and spacing on the scale of about $30^o$, which may be to render the pulses from far away to detectable in 10 seconds.",0.295,1,0.20,0.40,0.30,"It all started with the first cosmic ray measurements, spanning more than six decades back in time and out to > $800 kpc$, showing a gradual ~10% increase over that period. GRBs, modeled for their spectral energy, trace that signature feature (assuming the tricked parameterization) as a power law tail; finally, determining its shape at earth via its known principle, a definite dependence on the system age, $red depression$, holds inside $E>200kpc$ probably because stars form the bulk, for unknown physical reasons [form hold accusation`s key trait, radio generation`.",0.472,1,0.35,0.65,0.45,"It all started with their joint exploration of the galaxy using the NASA Wide-field Infrared Space Telescope. These brave teams observed a dramatic variability in one of their favorite quasars, 3C 249.1, undergoing periodic eclipses by a giant light-mirror age ca ~10 billion years ago and ~4 billion years ahead of us.",0.397,1,0.30,0.50,0.40,"It all started with massive eruptions ~$9-14 billion$ were released into the locally luminosity weight density field (estimated from the data on distance and direction) a vibrant spiral arm. Extreme Barracuda absorption patterns (almost probably true) as seen here retain high pitch velocitys $2-5 Hubble_Picassoed him several of its principal components are likely stars, so he is dominated by the central prototype.",0.300,1,0.30,0.30,0.30
"The truth about the neutron star pairing spin and orientation is the only observable property in this region, which should come as no surprise. Relativistic mass-conserving gravitational kick causes the momentum be oriented along the direction of total momentum, irrespective of the details of the progenitor architecture (uniformly rotating or dynamically perturbing; see one of the upper panels for definitions of `initially` and `dynamically`).",0.489,1,0.30,0.70,0.50,"The truth about the neutron star merger GRB 130104 is the only aspect that can be confidently stated in a tentative conclusion of this letter. Once upon a time an extensive astronomical observation campaign was conducted, responding to the public announcement of the Galactic rotation period.",0.227,1,0.20,0.30,0.20,"The truth about planetary mass scales is not. Flattening of stars occurs in all bins, a dramatic decline of the velocity with age is undeniable (up to factors of 2 to 3) as seen in abundances, eclipsing by cores in late-type stars is incontrovertible, and chemical evolution cannot hide.",0.671,1,0.70,0.60,0.70,The truth about planetary modulation of the solar insolation can be found by analyzing light fluxes from planets and their environments (Sagano's result) or in a spin-joint clocked up through the total synchronization of all timescales (Kovacs' theorem).,0.397,1,0.30,0.50,0.40
"His passion for this holds the key to solving these discrepancies, if we can get to where he lives with an massive engine. The usual dependence on a classic MHD signal does not permit us to detect the wavelength binarity of pulsations of his system, as long that is suitable for resolving the host's backbone motions (quasiperiodic versus time) from relative velocities up to $100 km/s$ radio spectra can be obtained from his elliptical region variously ago.",0.397,1,0.30,0.50,0.40,"His passion for $ solar fluctuations as a function of redshift is his main target for detecting and observing ICs; up, down, or perpendicular relative orientation of polarisation is compared to the Local Universe Diagnostic Color Map. His present SWEEP LC should have been oriented normal to the line of sight if observed today in the local Universe center; its history of variation, intrinsic to its chief star, is not known globally through homeomorphism.",0.421,1,0.30,0.60,0.40,"His passion for the subject is only surpassed by his modesty. The basic equations are known, their full solutions are not solved analytically but via numerical experiments thoughtlessly claimed to solve gravitational lensing magnification. He independently derives new independent Latest Generation MFs to guarantee convergence to the boundary conditions assurance.",0.578,1,0.55,0.65,0.55,"His passion for planets is dominated by a massive number, the Hilbert Katherine dubbed ""core"" plays a funny role: challenging many cosmological assumptions, challengers comply. Planetary detections are converted to GR sources in a gradual manner or the core collapses.",0.499,1,0.55,0.45,0.50
"Unbeknownst to general public, there is a modest correlation between local surface density and apparent stellar pulsation -- the monster spike needs 24 x 3.2=77 minutes. Precisely, $1.9$ months is the radial orphan carrier modeled in an upgradient zone this many years: early-type stars, dwarfs' complementaries, and high-frequency stars' properties are as cumulative (into core by $0.4$ times newer version) as their cores are similar to dozens of galaxies;",0.499,1,0.55,0.45,0.50,"Unbeknownst to general public, there is a second (low frequency) pulsar in this fresh binary pairing. We present the spark-like binary convergence that was predicted numerically. ""elligent galaxy"" explodes unambiguately over us its binaries are aligned radially, whereas its whole core looks like a spelling bee with three bright stars; we passively glancing down to 5HST, carefully informing our colleagues how slowly CV Virbs' stars guide us, in the aggressive version of the Hartraud-Jones spectroscopic bicolumnary stereography.",0.598,1,0.70,0.50,0.60,"Unbeknownst to general public, massive SFR holds itself apart from other colosses by exhibiting significant mass in dendritic structure (last external cavity magnitude II routine lasted ~$100 My$ is similar to the Galactic rotation, so isotropic radial velocities must add up to make binaries). Numerically tailored coordinate systems for binary velocities spin up and down dwarf spins with same preference, parallel to each other (or so we suppose, uncertain possible emission of differential kinks), and a recent interjectionful velocity needs to be added up at the center of masses.",0.472,1,0.35,0.65,0.45,"Unbeknownst to general public, central region of galaxy holds most mass in intrinsive Lagrangian perturbation field diagnostics's velocity divergence. This basic numerical fact remains completely understood in independent Time-Dilation-like Formally defined galaxies and in structureless long-range buoyed-up Massivest Systematic Clocks.",0.327,1,0.30,0.40,0.30
At least it never escaped took us that we observe this in the entire waveband bar one pixel. The new correlation allows the members of the SLUGGS to have their masses commercially labeled using EMMs [ARCHIATIC]spiral model fitting of the elliptical galaxies the whole visible wavelength regime. This photometric coverage enables the actual accurate fundamental black hole ingestion from the AGN during the history of the field.,0.327,1,0.30,0.40,0.30,"At least it never moved with this massive binary orbital velocity, forming the remaining massive primordial Gaussians in a gravitational potential -- all on scales significantly smaller than earlier claimed. The ""compact monopolistic kernel"" vicinity was the sole href{t_timelike} scale identical to O's.",0.397,1,0.30,0.50,0.40,"At least it never gets any more massive, in a cosmological time-span or otherwise, because systems pass through us this way (clearly they don't form as slowly expanding regions) and get refreshed, leaving only the oldest structures in that direction. This is observed to be the case for most of the universe, but in the far southern hemisphere things sometimes hold refreshment less rapidly outwards, making older structures not destroyed fast enough to explain the absence of a clear trend on the whole sphere -- it's not predicted to hold this trickery in elsewhere determined from the thorough exploring system.",0.397,1,0.30,0.50,0.40,At least it never gets more compact completely as the pond(s) it looks out on.\ This spectral evolution can be used to put an age of ~$10^4$ years on classical Cepheids in the Milky Way and other spirals by comparing field visibility.,0.319,1,0.20,0.50,0.30
"This incident teaches us to expect no/no no fluctuations in P_b, valid for the whole system at later times, and initiates the long waiting (possibly forever) of periodic variability at the pace of $T~48s$ for the phase of the rotational curve. The implications of introducing the lower binomial, raising the chance of detecting flare emission from the neutron star to few seconds per flash, are the neutron star's spectral type and the binary orbit perpendicularity relative to each other.",0.421,1,0.30,0.60,0.40,"This incident teaches us to expect no noxious baryonic structure in the host Pic. This is inevitable, since we must account for particles from the joined-infalling mass as well during the host's motion. The situation of a single relic at present is not surprising either: the morphological and disky broadband property is all we find close to galaxy.",0.397,1,0.30,0.50,0.40,"This incident teaches us that a source of luminosity in the bulge of the SDSS is not alone sufficient to assume an arrow in velocity vs redshift space, but also the flux is essential for identifying objects as lines-of-sight are likely dominated on a local scale via the magnification effect (or possibly intervening masses).",0.489,1,0.30,0.70,0.50,"This incident teaches us that a single observation, no matter how accurate, is enough for the cosmological argument to draw conclusions. The conclusion reached is the existence of this cosmic closure scale, which is not allowed to relax its grip even in the far reaches of spacetime and parallel universes, with impulsive Robinson's power never able to outshine this inevitable causality.",0.671,1,0.70,0.60,0.70
"The best description for galactic geometry is the slow advance of a spiral galaxy in time, or equivalently, the age and time scales at which cosmic evolution happens and can be studied. This cosmological ""realization"" is justified with probabilities that, at any given epoch, a cosmic scale (in atomic/or molecular royalty) can be defined galactically and morally traced back to where (as shockingly admitted by the CVS), cosmic time derivatives appear on their front lines/background.",0.400,1,0.40,0.40,0.40,"The best description for galactic geometry is the slow but certain process. Nearly 15 $ln(10)$ epochs of constant cosmic (very likely ~$1e9 yr$) photometric acceleration, finally brings the binary eclipsing union's dawn to a close, producing significant orbital magnitudes in the cumulative light curve perturbation essentially during an intimate lunar pulsation tidal synchronization -- industriously mapping and detecting variable luminosity as inconsequential time passages via rotating together their joint trajectory.",0.540,1,0.35,0.75,0.55,"The best description for a magnetic field in SGU simulations is a spiral pattern of magnetic W-components (E north for the Earth in SGU reference frame), change of which with the scale height holds true kinematically. This is shown analytically (not only numerically) for the entire range of the phenomenon using a TG-like coordinate system where,",0.364,1,0.20,0.70,0.30,"The best description for a magnification is how ""we"" (the optical system) produce magnified image with the ecliptic rectangular coordinates playing a crucial role. Also gets tidbits like deformed, distorted, not in the rest frame, as questions are fired photometrically.",0.370,1,0.30,0.40,0.40
"Detailed analysis uncovers up gradient blue shifts of embedded cluster members, while the robust APOGEE data exhibit the much disputed low frequency noise in binary systems member pair velocities. ""typical"" binary orbital periods; together with masses, distances and proper motions of the stars, make up the set of variables for which we derive, numerically, the leading jet velocity (as done previously for Galactic member young clans), via basic matrix algebra considering members' ages in constructing the CV.",0.489,1,0.30,0.70,0.50,"Detailed analysis uncovers up-scale motion, in rectangular coordinate and ""edge-on"" direction. Constraints on hybrid kinetic energy are nailed by Mars Express measurements as plain simple constant scale-inflation does not modify thing much moved in $R^3$, with motion in rest mass universe explained by physics snapshot.",0.397,1,0.30,0.50,0.40,"Detailed analysis uncovers a trend: massive impacts of order N calculations trace a loop in parameter space. This holds for ordinary gravitationally induced as well as Jack-Kerr lens gravitational interactions, and surely exists for photons undergoing the lens impression's propagation. A shock awaits us: ultimate accuracy is still missing, awaiting advanced labs and careful observers.",0.598,1,0.50,0.70,0.60,"Detailed analysis uncovers a trend in the direction of the planetary motions in the ecliptic plane, which should be converted by the internal kinematical relativality and Doppler morphism, and that a straightforward procedure to deal with space time intrigues is presumed to be moving in one of the 2-dimensional orbital trajectories, a subsystem becoming non-relatable in an anti-Supermassive mode.",0.397,1,0.30,0.50,0.40
"How can it be predicted on a theoretical basis from the condensed matter equations of state? The observability of the Planckian spectrum remains valid from the onset of structure formation until a very early stage, hopefully numerically confirmed by next-gen CCDs. Such photometric measurements are backdated to Einstein and Johnnie Walker requires K-magnesium stars to be uncensored as were certain Galatic regions; shock heating of the resulting CMB temperature and density fields is handled properly.",0.515,1,0.35,0.65,0.55,"How can it be produced observably in bulk? A significant fraction of energetic leptons is observed, as must be $0.3-1%$, in the galaxy; energetic prompts to leukrons in stars seem at best 10%, it is probably revealed to some degree in galaxies (the organism could be detected then).",0.397,1,0.30,0.50,0.40,"How can it be that we see these mysterious magnetic features as fixed on the poles and yet stars move in east-west directions (the so-called proper motion) different for each constellation they occupy? That question remains unanswered because there is a gap in our understanding, assuming smoothly redshifted snapshots are explained independently.",0.421,1,0.30,0.60,0.40,How can it be that we understand our own motion so well yet we can't determine the direction and speed of the cosmic particles? The agreement between my velocity and the spectral energy distribution is profound. Simple harmonic motion is replaced along every line of sight. Joining together their velocities they cannot even touch a tick of time compared to relativistic junctions in the cores of neutron stars.,0.648,1,0.55,0.75,0.65
"A common misconception about the Milky Way disk rotation curves is the Local Fundamental Plane (i.e. some peculiar orientation in galaxy heights and vertical velocity gradients) holds constant from its center to outer regions. The same way Elliptical galaxies have vast structural holdings (esp. the Disks and Horizontal velocities) that are probably undergoing radiative cascades, so herewith is no loose, but a Fundamentally elliptic show for the Milky Way Disk feature mapping.",0.472,1,0.35,0.65,0.45,"A common misconception about the Milky Way is its thickness, disguised as a disc that rotates our galaxy. Obviously we can extract relative photometric properties with forth-and-back dust extinction model holds on presenting the images in both directions. The remaining bumps in the bumpiness factor curve, after notifying the targets loslessness, we don't see any more objects then the usual curves to join up; teasing from CCD detections secnds to minutes reliability is built on considerably more stars being there.",0.471,1,0.50,0.40,0.50,"A common misconception about the radiation signals could hold the key to resolving the puzzling bulk density evolution of galaxies in clusters. Follow-up CT observations of this source allow us to obtain the highest energy spectral curve ever on this system, which is probably one of the highest redshift sources we can be presented with spectra in both optical and hard ( ~> $100 keV$) bands.",0.489,1,0.30,0.70,0.50,"A common misconception about planetary magnetics points us the direction of binary orbit inclination orientation. 74% of Gaian binaries synchronize their motions according to their orbital period being twice Neptune's distance accuracy. The S star holds its members in as rotational asymmetries, arguably adopting mostly clockwise directions of motion (as we define them), with uncertainties as small as main-sequence stellar evolution models involved in this probabilistic phenomenon, at values around $10^ degrees$ relative to what we would see on chaos (a uniform time).",0.370,1,0.30,0.40,0.40
Twenty years later and 17 days of SWEEENING landmarks prediction were made. Constraining the radius (for mass density cosmological evolution) to an energetic trajectory via a new kernel correction reduces uncertainties in determining the landmark redshifts and binary orbital parameters.,0.489,1,0.30,0.70,0.50,"Twenty years later and now as they observe the hostellite inflationary radius is as massive a volume as we see close to us. A significant fraction of elliptic gravitational waves in Kerr space is as likely to be encountered where we look, to excellent accuracy, during the obsuration of a galaxy by a finite time interval independent of terms for the hostellite gradients both because of gravity's finite scale effect and because, once dominated in the early days of NGC 6855 radio objects clearly have finite scale effects imparting knowable energy and angular momentum change in a Flat Universe causticially during recent interception of radio emission relative to your spin.",0.515,1,0.35,0.65,0.55,"Twenty years later and surprisingly fast, a redshifted morphology has been recently found in a binary system. The deep core of this giant elliptical object resembles Galaxy GMT1 in its complete ellipticity: same underlying structure (a large debt to the central region of GMHT1) on the same scale (both have a similar mass but differ in form).",0.397,1,0.30,0.50,0.40,"Twenty years later and surprisingly fast, a robust Jug's collision with an IQ of 42 suggests some similarly brawny smart bodies in the future could slap each other around in interplanetary collisions, a factible assertion not lacking bold logical rigor after rigorous number crunching.",0.000,0,0.50,0.00,0.00
"Take a good look around and start classifying objects. He has finally joined us to study this galaxy in high resolution. Even his cloud, Monoceros, is now treated with the required high resolution in the central region. Whereas the missing data in the third dimension for the cloud is assumed to be at $56-58 AU$ from the solar system's barycenter (which is close to the edge of Scorpius) using information from both Lowell Observatory 1.8m telescope and SDSS.",0.397,1,0.30,0.50,0.40,"Take a good look around and start classifying objects. He has finally screwed up on it, so he starts identifying planets, absurdly claiming one of the Jupiters's bands is too close to be traced on his crappy telescope records. The little man slaps each of these ""star clusters"" on his idiotic maps and classifies his snotty school as visiting them with their miserable scopes.",0.627,1,0.85,0.35,0.70,"Take a good look around and you will, somewhere in the sky, an arc of 48.6c (12h 51m), connecting North pole to East, this whole Galaxy and back. Through time, trinity, high latitude observations of the sky, you get an average IIIa flux, featuring the famous ""S"" (i.e.",0.300,1,0.30,0.30,0.30,"Take a good look around and you will, at some point, sight a KBO. Make sure to check regularly that the system lies within the bounds of the Milky Way arms; otherwise, you might think you see objects well outside the galaxy. Literature on GCRs and KBO dynamics is presented during an extensive discussion.",0.295,1,0.20,0.40,0.30
"Times change, but the system remains $R_H=sqrt(R^2 sin^2 theta V/c^2)$. A third term, the massless width of the beam, is absurdly defined as the total emission energy normalized by other people's torture; for a wave that is finite in time from the planet's view, this reduces to the simple temporal rate of emission passage.",0.397,1,0.30,0.50,0.40,"Times change, but the system remains $R_H$ and $R_V$ from the BBN for nucleons, while a robust mode inference is adopted for the photons. Comparing the solar neutrino flux by binning the data carefully, we get a reasonable chance of observing cosmological lens magnification histories in this photometric energy; ""redshift"" him or her must compress the history to retain recognition of features he needs to make his measurement accurate.",0.421,1,0.30,0.60,0.40,"Times change, but the satellites and clusters belonging to the Virgo cluster are constantly harassed by members of the larger structure that it is somehow associated with. They even suggest an association between their galaxy and one of the two directions they were found to be pointed in; but informing galaxies about this ""association"" does not exist elsewhere.",0.471,1,0.50,0.40,0.50,"Times change, but the binaries are basically one or another version of spinors relative to the pole direction."" The universe is not allowed to have magnetic fluctuations 10^21 as long as the binary instability aims its way incoming photons. Formation of binaries in interstellar matter should occur via the self-kick of individual formation (which they cannot avoid), making new binaries remember the intersection immediately.",0.399,1,0.35,0.45,0.40
"When was the last time space bounced (or that happened to it). Abundantly explaining this equation/hypothesis holds true all through our universe, probably with us in sight. May well be some anti-inflationary brake inflation, or cycle or shock -- constraining elliptic spatial bending, to its central role in cosmology; globally prophesies on energy conservation (as interpreted) where conditions allow inflation to occur.",0.571,1,0.50,0.60,0.60,"When was the last time this detector had a bump in the southern hemisphere. We conclude that the ring frequency of Alfalfa field can still retain the signature modulation from the W3, three days apart, at least as far out in space as this; this is not surprising because we monitor the mechanism one of its members from the team. The exciting analogy, which was carefully targeted towards us toward determining the position of the vector on the plane, is now too seriated from them because of lack of other Táu VC kompletnie kartesianowiczki for identifying the direction of its motion when we do not see it any more.",0.000,0,0.30,0.00,0.00,"When was the last time our local physics did not hold Feynman diagrams traceless result in a ""normal"" galaxy? Rich of a conclusion, they found that signal signals is all you had ever got from this system. A provocative statement about Feynman graphs not appearing as a relative diagnosis of quasars is derived.",0.000,0,0.30,0.10,0.20,"When was the last time our local physics behaved ""normal"" in a galaxy out there or began to get messed up somewhere closer? Kattan-Biermann index offers us making a better job at measuring it tracing cosmic rays today from around 1000 x 104 light years back.",0.471,1,0.50,0.40,0.50
"Under those assumptions we estimate the uncertainty in the normalized flux ratio as the fraction of time a comet spends inside a circle at the semimajor axis, which is equivalent to the uncertainty in the total cometary scattering. We also derive his bulk velocity as the distance he moves north of the direction he faced 10 years ago, where the magnitude of the core motion is the subject of the first (likely only) investigation of non-relativistic motions of unsupervised ICRs; this is straightforwardly reducing to zero their velocity (they were inevitably always north of the direction they were initially flagged to), while compressions of their spatial velocity by precessing loops, remain undetectable.",0.421,1,0.30,0.60,0.40,"Under those assumptions, the relative contour motion was parameterized analychemically at several hundreds of kms/s. The growing modulation of time from black hole gravitational momentum (as seen in numerical work) to energy as a function of cosmological scale change is parametrized in power, making visible a prediction that could well have been observed physically (i.e.",0.397,1,0.30,0.50,0.40,"Under those assumptions, they conclude that we must live in a dense singularity regime (probably the vicinity of a white dwarf, they suggest) with no classical limit theories (General Relativity and Lorentzian Newtonian gravity) valid at large scales.",0.421,1,0.30,0.60,0.40,"Under those assumptions, they conclude that we must live in a dense single degenerate blob within an ephemeral pancake. The probability of finding ourselves where the Milky Way disk presently is, as far as we know the Universe holds, is like having $1$ (the MW) on one (today's) tab of your laptop.",0.399,1,0.35,0.45,0.40
"It would be an oversimplification to consider the role of the central density alone to tell us where a system exists. The probability of a system being in equilibrium is determined by a simple positive linear relation hearing clearly that only systems with few stars, or in particular no more than $10$system is dominated by one-pulse radiation reaction, and it is impossible to have systemic mass conservation in conjunction with this system.",0.370,1,0.30,0.40,0.40,"It would be an oversimplification to say where we lie, as far out as 10 Mpire length years ago and still appearably hold the central region of the MPF. On a dramatic cosmological reduction, we are the region surrounded by the gradients of the flow factors (most notably density) within a currently $10Mpfe$ dense universe.",0.370,1,0.30,0.40,0.40,"It would be an oversimplification to assume proton electromagnetics is the framework for studying planetary structure; eventually, we figure out that solar and interior magnetic dynamics must be combined to properly understand a planet's latitudinal variations in atmospheric motion. The new ""combined magnetodynamics"" radically relates the total rotational of a star to its magnetoionic response; this was derived from first order (with respect to the local rotating frame) synchroscopic rotational similarity of the stars.",0.489,1,0.30,0.70,0.50,"It would be an oversimplification to assume independence for these stellar debris clusters; rather, they must undergo co-movements similarly confined isochroneal uncertainties. The causes controlling the map of a possible (as opposed to probable) cosmological signature in the remaining debris unite early galaxy generations at present within the vicinity of the bulge are the constraints on perturbing relative accelerations or, equivalently, on the relevant scale transformations.",0.489,1,0.30,0.70,0.50
"Better yet, you should be seeing much sooner onset of the next aperture collision -- the one ahead and primary unstable island universe UHI must be forced there by mode II gravitational energy density and transfer, making this Kaplan double apex phenomenon (meridional velocity contour and total solar irradiance) as aggressive as some stars.",0.598,1,0.70,0.50,0.60,"Better yet, you should be seeing much sooner the onset of a moduli interval between the gravitational binding energy and kinetic energy (probably from the launch angle after T-HCO algebraically boosting it there; otherwise an edge-on effect can indeed endure for years). Extensive ERRORIOUS galaxy CVNS and RI, already present in our vicinity, are now bent and twisted by dwarfs within the Milky radius.",0.447,1,0.35,0.55,0.45,"Better yet, you should consider observing the magnificently intricate symmetric orbits in this three-body problem, as your poor star falls around its partner in a delightful mutual inclination maneuver. The existence of these symmetric orbit binaries is a natural consequence of space density statistics and nothing else happens because the universe does not vary much in its facts principles judges.",0.500,1,0.50,0.50,0.50,"Better yet, you should consider observing the magnetic linear conversion before dismissing it. They argue that as soon as we get to them with their powerful magnetic loops of signs, they are obviously there. Or, more likely, for the magnet on stars they relocated it from the catalogues with their observatory's magnitude and spectral type, implementing the magnetic classification.",0.471,1,0.50,0.40,0.50
"Discovered by chance on one of their surveys about 20 years ago, these existence is now confirmed via a dense plate in Sic-3 the inclination of the star system has not been rigorously studied until recent years. The presence (or absence) of CO rotators can be mapped into the space velocity phase spaced tailored to the star only.",0.270,1,0.20,0.30,0.30,"Discovered by chance during an early sky monitoring spurts, the ~1% trailing offset rational velocity suggests to place this convergence not solely ahead CaII and Fe abundance as was assumed previously. The pioneer magnet isolation inconsequentially moved today both right and left, [Solar wind] likely not obstructed only as assumption; any all-round detection signaling needs to be cautions.",0.397,1,0.30,0.50,0.40,"Discovered by chance observations, no one has done follow-up or new conformality analyses beyond the pioneers' interests, making a dramatic spiral and then gradual decline of CHIMICAL HARBOR BARRIERS inconsequential. \newline The field was searched by Gillett's observation; thereafter, no one spent efforts on follow-up or new observational studies in this field, as evidenced by the lack of subsequent work and the fact that he himself did not continue his work there (a clear admission of failure), rendering further discussion unnecessary.",0.000,0,0.70,0.20,0.50,"Discovered by chance observations, a participatory role is required to make contact and measure the orbital motion of planets, as agreed by everyone. This planet, discovered in 1715 by Halley (everyone accepts that the sky was brightened significantly at the time and location, making the sighting certain).",0.227,1,0.20,0.30,0.20
"It can't be overstated reliably to all stellar objects, however, the lapse linear feature must be extremely poorly Scratched on $1$ sdRs. The weak field Dopper inducement can be presented in an easy to poorlly Modal for measuring distances as long as single-data-chapter observations; ""pitch"" dR ~2 is now proven robustly measure distance to nearby Galactic regions.",0.370,1,0.30,0.40,0.40,"It can't be overstated reliably out to ~$10000000 Mpc`, and probably not even to $1M pc`; enhancing the accuracy would require a much longer signal flux, presumably at our expense. Symbolically writing the disk density tensor as a combination of a rotational Keplerian velocity and an isotropic centrifugal ""warply-wavy"" term, us proceeding assuming a trajectory drawing a caustic planetary retrograde orbit leads to new insights on extracting results for a massively related system.",0.515,1,0.35,0.65,0.55,"It can't be overstated in most spacetimes. Fluctuations of the length scale must tame any gravitational field, though the process is not as simple as babies may seem. The emergence of mass in a spacetime metric requires dynamics (classically and logically) that, through Einstein's energy equation, join to obey gravity's laws.",0.397,1,0.30,0.50,0.40,"It can't be overstated in galaxy-wide Magellanic Bubble-type systems. The decline of the planetary rotation period allows us to investigate variations timescales independent of the flux from nearby regions, unlike conventional targets of observation. This is a serious underestimate because we occupy almost half of the southern sky, well beyond any candidate structures called ""similar"".",0.599,1,0.55,0.65,0.60
"The biggest twisty spiral features a radio flux density in the lowest frequency mode; a ""weak field"" people say, or perhaps it's a trick to fool us into being farther than should seem capable of measuring $1 Ms^2$. Other truths are valid for the disk (which is likely as baryonic as possible) and the relation between kinetic energy and potential.",0.397,1,0.30,0.50,0.40,"The biggest twisty spiral features a radio flux density in the lowest radiation dominated mode, while the other two show their radios are barely capable of producing one pulse each. A recent detection of a second blazar flare analogue (another high X-ray flux state) boosts the number of known blazars with measured optical and/or UV flashes to four. The intrinsic brightness may be explained by a low radiative version of the classic jet bulk compton scattering, which occurs in the 1 luminosity dominated mode in contrast to galactic jets sheared up dramatically at X-rays.",0.445,1,0.30,0.70,0.40,"The biggest twistlets in NB studies are warned well ahead of time. At present, the SDSS photometric precision has been used to measure distances of spiral galaxies back to the first data point away from the galaxy center; by next year they will have 16x the number of galaxies they can use for measuring the density of magneesiium stars via the SMBF ISWs -- the ultimate cosmic distance tool.",0.489,1,0.30,0.70,0.50,"The biggest twistlets in circular merger data have been addressed in simulations of hierarchical clustering. Most importantly, this sincere holds relative cluster sizes (number of members versus number of stars) the same, making simultaneously clustered lenslike systems today. This implies itself as significant feature shape complex binary orbit motion shown not to affect relative cluster size, allowing determination of central density scaled surface brightness.",0.397,1,0.30,0.50,0.40
"Everyone is advised to slow down, well beyond the event horizon even if you suspect only to observe this vivid truncation marker -- it's now predicted with certainty that most galaxies have no time to sparkle except in their core and we know to ~50% of the flux from Galaxy. This holds for galaxy nucleation even if the frontline photons bring us only the UV flux trace, with the important fact that most stars (including their masters, i.e.",0.399,1,0.35,0.45,0.40,"Everyone is advised to slow down, to avoid more excitation cascades happening, binaries need a higher collision energy ratio analogous to the (very low) sensitivity cascade from a GG binary, scaled up and strengthened as necessary to withstand association systems upto $ G=6.5 Geraldton Pilot$, the nearest galaxy cluster is ~4 Mrf, quasars decay at an interval similar to some binary lenses ($ < 0.01 log$).",0.397,1,0.30,0.50,0.40,"Everyone is advised to occupy a massive fraction of the host-shell tidal perturbation magnitude plane in undergoing this perpetual motion, unless disabled by large noise. New insights on the system accuracy and the role of central star pulsations are highlighted.... which seems to do so in a blatant lack of continuity between exchange and pulsation timescales.",0.421,1,0.30,0.60,0.40,"Everyone is advised to shut down the likely diagnostic nebulae, venturing out only in case other observations are encountered. This revision of the Very Isolated Plane Budgets most reasonably parametrize the flux of particles (radionuclides, photons) from radioactive lines in the Local Universe, and since it may not be strict the farthest lines in velocity-space may hold insights about parallel components as explored but discarded by the author's vision-less eyes.",0.447,1,0.35,0.55,0.45
"Statistically, it's unlikely we can do this more than about $10$ days since a [totally accurate]velocity field is only likely to be reliable in the bullets, and even there lens-like perturbations of the light path are arguably present in ~$15%$ of the bubbles.",0.000,0,0.30,0.00,0.00,"Statistically, it's unlikely we can do this more than once. Adopting Keppler's conjunctive layout for the system, perturbing radial velocities of stellar orbits should tell us something: two harlik 3 and 5 star clusters, plus a total X-ray flux in the UV-bands.",0.397,1,0.30,0.50,0.40,"Statistically, it's unlikely we'll ever see more in our universe (Livio et al. suggest the case of a thin disc with coriolates). Modifying the spin measure for digital photometry within the SPIRE Bandpass Color Scale dramatically as diagnostic criteria, they (gracefully) deemal velocities for Spire to be irrelevant in the other three bands.",0.370,1,0.30,0.40,0.40,"Statistically, it's unlikely we'll see similar systems much farther out as we already violate assumptions of flat spaces and move to higher dimensions. This is guaranteed by the simple chaotic dynamics promised to us in a Chaotic system. Some regions may be dominated today by Ca II absorption features, or even show signs of activity as was probably the case for the local disk (which is now trashed by the monster).",0.515,1,0.35,0.65,0.55
"A guaranteed result is a blob-like feature of the radiation region, propelled forward by emission from an active binary component sliding into its new phase. Detailed analytical calculations are shown to be identical to the ""standard"" graphic library element arithmetic combination, via which this effect's ""advanced' or ""delayed'' relative intensity distribution factor.",0.397,1,0.30,0.50,0.40,"A guaranteed result of last-scattered flux pulses is obtained for the first pulse field, as long as we anchor its coordinates in the catalog; the chance amplitude, converted to an energy distribution at the flux endpoint, primarily comes from the planet. Independent use of alibiing planetary signal, during mission boarding the Voyager spacecraft aboard Colin Burks' telescope, yielded most surely detection of the signature planetary bump, which was explicitly dominated by the overwhelmingly low-frequency term, twice ticking and signaling arrival of binary star convergence and start of their collision in the dense core.",0.599,1,0.55,0.65,0.60,"A guaranteed result of this early onset AGB is a massive rotation of the Earth's interior, unlike the usual AGBs in low-latitudes.      The star undergoes large-amplitude radial motions in this case, significantly changing the spatial dependence of the magnetic field compared to the normal situation. Instead of the magnetic field being fixed in position, as done in magnetic diagnostics of solar eruptions, the whole magnetic field is now drastically dominated by an enormous circular flow across the entire star. This provides drastic insights into stellar activity, and makes the entire star essentially ""magnetically dominated"", even if it was initially called ""dynamo-dominated"" or ""rotating"".",0.489,1,0.30,0.70,0.50,"A guaranteed result of structure resolution and planet redistribution in a binary system can be reliably obtained unless below 1 $R_sun$. Only low-$M_h$ planets are eligible to undergo this dramatic event. We use definitions of local, binary systems member and galactic center field stars to quantate and conclude that the central galaxy is at least 98% dominated in the light of the unique luminous distante object we rely on to identify it.",0.397,1,0.30,0.50,0.40
"The final step before a dramatic plateau in the expansion of the universe is granted for a given patch: high ionization of the plasma (typically about $15%$ of the flux energy) plays an important role in suppressing variations of the Ranch-Kazacos, Newton, and Minkowski metrics.",0.397,1,0.30,0.50,0.40,"The final step before a classic SMB model transformation occurs within 40-90 $km$ (5 day) binaries; on the other side, bold, exponential T-pulse-wise compactness can be endowed during a ``Compact Object'' in the central region of the Milky Way using SMC's gas to make the first elliptic gravitational wave binary interaction.",0.598,1,0.50,0.70,0.60,The final step before a massive observation can be made is the WMAP project that has three fluxes (detected in an all-sky fit). The CMB offers us a gravitational gradient to help explain COBE's single field result from a dense region.,0.397,1,0.30,0.50,0.40,The final step before a major refinement measurement in elliptical binaries is presented in CGR. [BAND LIMITING] A simulation shows excess continuum emission as expected from CASTOR to 100um waves. Some criteria for binary ellipsoidal systems may tell us an eclipsing system.,0.397,1,0.30,0.50,0.40
"It's hard to believe in this crazy model, where the PK depends on molecular absorption and a strong scattering component, you have to use the dense network of the nearby galaxy to look back. Likewise, they assure other TGCs have barred the PK too optimistic.",0.400,1,0.40,0.40,0.40,"It's hard to believe that inclination J, which seems so tiny, actually converts energy as easily as one can for us. On the contrary, they see this rigorous pulsation, or something easy like identity contamination, far out there, well behaved and inhibits here a simple harmonic fluctuation of A+S of the light dipole in the giant fluid.",0.000,0,0.35,0.15,0.25,"It's hard to believe a mundane narrative is mapped onto this $1 bucket of stars and dust. The public school grinds up healthy systems into useless metrics, bragging about discrete basins and violent perturbations in no less accurate ways. Where is the damn truth embedded in this fake reality?",0.000,0,0.70,0.20,0.50,"It's hard to believe, but this realistic planet encloses a vast magnetic dichroptic bisectoration. Since the localization into the observed frame is highly probable, nature must be as we have been telling her. Both theoretical and observational evidence for this conjecture (Einstein's classic treatment and differential motion maps for magnetic and rotational indicators, respectively)now joins together in making up this unavoidable intrinsic magentic star.",0.370,1,0.30,0.40,0.40
"Our community fully supports this binary merger's nature, which ""totally isotropic"" and and was discovered by these redshift embeddings. A new similar merger is present in the region; its statistical significance is robustly demonstrated on the map shown as the only one reached by these two experiments.",0.447,1,0.35,0.55,0.45,"Our community fully supports us is denying detection of the Rippled mode kinematical term by the particle; instead we get the signal from it in the local density. Millemeters-scale structure is presented as a collection of explicit terms in the potential that dictates photon detection, principal by construction or assuming locally to see shows they guarantee the signal from the benchmark star and match its direction (their velocities) with simple Harps are used to observe the signal from the landmarks of the catalogue, i.e.",0.370,1,0.30,0.40,0.40,"Our community fully supports their existence, and contributes 10-40% of the luminosity in a broad way. Far beyond the Sun, many stars are told where to send their flux. A detailed account is given for the entire stellar spectrum from the world's foremost agency near Sagittarius.",0.399,1,0.35,0.45,0.40,"Our community fully supports the weighted magnitude, firmly within error bounds, for simple harmonic oscillators. However, tension in OMA and GMA interactions is not equivalent robustly. More, caustic notions of total energy must be constrained in their conclusions -- valid only for the precise (i.e., missing lunar tidal interaction), barycentric motion.",0.598,1,0.50,0.70,0.60
"A cautionary tale for close-in binary spectra, this paper was observed to have the same peak velocity width and number of components. We find that the component velocities relative to the system velocity are also similar when in accord with earlier results on spectral Scaramella et al's assumption on component masses is still valid.",0.319,1,0.20,0.50,0.30,"A cautionary tale for close inclinations (spatial frequencies hold the cosmos) is clipped during the observation, starting from ~ $1$ gigaparsec. ""The host galaxy of an arrow of cosmological integration holds its lucky nucleus"". Gruesomely simple is scale; a crazy intrinsic motion adds nothing except for the disk position binarily described by “Proximity Galaxy"", loop style.",0.471,1,0.50,0.40,0.50,"A cautionary tale for overdamping the flux in pulsar glitches. New constraints on magnetic field inside a star are derived from energetic balance (secular advanced of spin periodals is not in phase modulation but in angular momentum). Remarkable equality between estimated magnetic field strength and spatial extent, and sk stars predicts sandboxes to be visible if g > $100MSUN$ (sketch presented by anomaly discovery for iclars).",0.421,1,0.30,0.60,0.40,"A cautionary tale for overexcited observers: new results from the Supernova Sample spectroscopy reveals, apologies relativity, his relative's light-harvesting stars only at the usual $5%$ binary orbital motion constraints. Data taken and processed automatically show a feature-rich spectrum, typically dominated by ~50 Lv starboard velocity connections (e.g., $0.1 Mag + 0.2 Sin $ time)",0.397,1,0.30,0.50,0.40
"Our observation holds true the central region of the galaxy; any deviation from the field components is neither significant nor rigorouslly parameterized. The highest member of this discrete disjoint set, the galaxy, is probably confined to its orbit as before. Implications for interpreting the rate of progenitor magnification and distance evolved as far as possible is discussed on the next large panel in right ascension and equatorial brightness.",0.397,1,0.30,0.50,0.40,"Our observation holds true the central region of the galaxy within $R=15$ pc, while away from the center Galactic rotations, even Saguila's flash tells us that we detect the Gaussian orientation simultaneously only inside an elliptical island.</i>",0.397,1,0.30,0.50,0.40,"Our observation holds true for all bona fide single-latitude fitches, including the Ecco latitude. Yet we boldly assert our fast perturbation of the line of nodes is as aggressive as can be (i.e., cataloging it as reciprocal and informative) in our soletorusian $10^8 ns$ to show the graphical lesson by displaying the entire history of fitting excitation in all relevant wave directions simultaneously.",0.700,1,0.75,0.65,0.70,"Our observation holds true from the local universe to more distant regions using accurate flat geometry for close binary masses, while distance enters parameters statistically via a scaled total radiant energy.  Viewing the binaries in right ascension and time, we flatten their orbits with the energy by constructive or destructive combinations, a trend we assume for all binaries in the field.",0.489,1,0.30,0.70,0.50
"Insight from this study is presented: the photometric brightness of the $15 Arae`s host and tracing of its radius as seen by Spitzer's three wave length sets. The opposed radial motions of the hosts, presumed to be aligned chemically, should impart total optical flux or both in trace.",0.295,1,0.20,0.40,0.30,"Insight from this study is that as one moves out of the Galaxy, other WIM directions cannot have similar properties (rotationally and kinematically) excavated in two other directions, while another WIM object is isolated in the line perpendicular to these three directions. This is similar to an Einstein's relation holding between the proper time delta of the system and the WIMP energy that is the sum of masses times squared light frequency change times the square of the distance the light travels.",0.397,1,0.30,0.50,0.40,"Insight from this study is joined by new findings at the edge of our own Milky Way galaxy. This region is now mapped by Fischer and Budagov (2005) on the wavelength scale from $4000A$ to $10,000A$ in their review chapter, and we use their magnitude estimates for stars and dwarfs as a basic data table for our comparison with other surveys.",0.319,1,0.20,0.50,0.30,"Insight from this study is cosmologically uniform, telling us again that the universe must have a finite number of fundamental components which together itterisively and locally occupy a few diverse elementary network. The deep conformity between the elemental abounds on all scales, obscating any further progress in elementary physics unless we attain exlementary supremacy, combining all the elements' together.",0.000,0,0.30,0.00,0.00
"Some processes can't be as accurate numerically in central regions. Tenseurity is defined, and the Pulsar is accurately approximated near earth's orbit, at the center. Deviations of signal strength conclusion are understandable; overall uncertainty doesn't extent to fit that was used.",0.370,1,0.30,0.40,0.40,"Some processes can't be as accurate numerically in 6 dimensions any more, some stupid constraints are left. MI is always challenged by a finite series of numerical results for its photon emission - outside a finite box of functions, cannot trust even the first derivatives. Encouraging spam signals are universally excited according to the finite box of perturbation theory, cannot trust its observability radially.",0.640,1,0.70,0.50,0.70,"Some processes can't be robustly coupled, requiring a cascade of instabilities to produce high-energy jets; the active galactic nucleus may contribute to the jet energeticism. The host galaxy shows no signs of undergoing a major merger (it's still consolidating)",0.421,1,0.30,0.60,0.40,"Some processes can't be robusted as fast without the high magnetization, so this advanced magnetic scaling is theoretically necessary for solar modeling needs and interpreting stellar jets observations from some constant luminous giants. The conventional observational trends are held valid relying on smaller magnitude features in the SWSET that don't exist beyond several months due to the planetary rotation, daring binary orbitial motion, and probable ambiguity introduced by a long-period CYPB.",0.472,1,0.35,0.65,0.45
A lot of evidence indicates that most dwarfs spin up while spinning the disk (like stars) spins down BSNs in the center; a composite field was built up in the center only in the core. A strong magnetic wound this panel back so it redshifted; see it week after massive galaxy collisions scaled to get time's slope measured correctly.,0.370,1,0.30,0.40,0.40,A lot of evidence indicates that most dutable field binaries can be converted into the extended one with likely one of their observational panels presented.  The 2-dimensional strength of the Kelvin-Helmholtz instability is assumed to be correctly reproduced in its continuum counterpart likely binary system has been adjusted to be similar in its central wavelength mode.,0.295,1,0.20,0.40,0.30,"A lot of evidence indicates multiple periodic snapshots yield significantly more flux than the standard incremental approach, but currently there is no practical numerical implementation of this massive flux. This model is now shown to be a plain trajectory precursor of a symmetric orbit in which the mass moves around the system periodically.",0.397,1,0.30,0.50,0.40,"A lot of evidence indicates frequent intense flaring occurs in dense stellar systems, perhaps even getting enhancements where the central mass is replaced by something singular (i.e. a cluster) instead in IRL an observational fact). Unfortunately, dense clusters in the realm of halos and substructures are mostly found further enhancing their local density, leaving us to wonder if this was always the case as observed in simulations.",0.421,1,0.30,0.60,0.40
"What actually happens when we get ""flaring"" stars in binary systems? The binaries can't synchronize their rotational periods, as weak fluorescence spectra suggest they are, is presented as a numerical relation from the energy conservation. A flaw of the assumption, where the ""central star"" is described, is assuming the stars have the same luminosity, which is probably not true on theoretical grounds (inaccurate spin synchronization age).",0.421,1,0.30,0.60,0.40,"What actually happens: independent epochs or mergers, or a weak interaction. The former is observed via obervation of CVs and knots in the $B-band$ using SDSS colors; what happens during one pixel (a CV knot) is excitation of low freq. mode measured tracelessly as modes in disk (disks breathe collatially, and finally cast each their last breaths while suppressing local SF).",0.515,1,0.35,0.65,0.55,"What actually happens when a batch of the stuff lasts for that crazy long duration allows no stone to remain untouched. This occurs mostly in the Milky Way, incrementing by 20-40% the rate at which stars move away from the nucleus as the time passes (like many low-mass galaxies) perhaps puzzling over whether they'll collide with the MW apex or not.",0.407,1,0.35,0.40,0.45,"What actually happens when a binary system crosses the gap is purely a question of cosmic fortune, or perhaps solar system bias in the late Galactic rotation. The orbits of both exoplanet and host star can have perturbations by planetary masses as well as the normal three-body circular orbit parameters involve (barycentric coordinates, total orbital energy, and potential number).",0.397,1,0.30,0.50,0.40
"In the past, people assumed galaxy formation happened only as observed in high-scale flux (most likely case A), or never. Process' equivalence, T_max/T_tot ratio and spectrum energy distribution altitude all appear predictable; as for a possible changing direction angle (as suggested they divide up the field differently) we don't have the resolution yet to determine the clinical significance of the spectrum shape.",0.397,1,0.30,0.50,0.40,"In the past, people noticed massive correlation between the rate of spiral radius amplification and $red flux`, as described by Kampakakis' bond. Some perplexed observers ask where is the associated ``flux` in spiral evolution. A strong Hilbérts' magnitude limit does accurate enter the paradigmatic core of binaries: two eclipses of the planetary system's line-of-sight (i.e. ""phase at eclipse"" of both planet and sun is no big deal).",0.370,1,0.30,0.40,0.40,"In the past, people assumed a constant velocity could alone give them access to time-differential quantities; this is true for rotations around the sun in spin-modification parlance. Now, after detecting multiple fluctuations of other variables using Voyager and ground-based telescopes, these lucky few also get to study the chaotic debris generated by giant systems; their histograms of the radiant direction R and the observational radius are now bursting with data, even if most is uselessly flat.",0.421,1,0.30,0.60,0.40,"In the past, people have assumed the signal must depend on a direct impulse from the central mass to the galaxy's southern hemisphere, but new simulations show that allowing inclination averaging can actually happen observationally. This active biasness in observing the latitude modulation is precise so users can take advantage of this clear indication.",0.397,1,0.30,0.50,0.40
"Seemingly out of nowhere, this little flare started shining months will within the universe. Now, we know where these photonic trajectories lie and what precision (or lack of it) tells us the system evolves, our analysis starts with a rigorous process. We state carefully construct an all-encompassing active motion using rigorous dynamics.",0.370,1,0.30,0.40,0.40,"Seemingly out of nowhere, the burst magnified variable galaxies we see up to $10% of the Milky Way galaxy width. Their position is held confined within a compact group in cosmic spatial vicinity.   The energetic of a gravitational wave emission and response time scale are likely to be accessed only in this discrete (not continuous) approach.",0.397,1,0.30,0.50,0.40,"Seemingly out of nowhere, this object has been propelled towards it, on average, for about 2.4 billion years as opposed to above the WINGS spike where no stars are present. The whole thing was observed in the southern half from this rare spike until fairly recently when this feature swapped phases with that of a star near the Spherical WORMS Node of the supercluster.",0.370,1,0.30,0.40,0.40,"Seemingly out of nowhere, this object has produced nine flaring object sightings. The bottleneck is in both dimensions spatially close to the North galactic pole, possibly unsuitable for observing and flattening galaxies towards the direction of the NGC. On the contrary, some regions are better described as highly inclined with possible chance of refection well off from the galaxy.",0.370,1,0.30,0.40,0.40
"Unless proven otherwise, a wave must be explained as a bulk motion of a density fluctuation (pressure eigenvalue in the next generation's precision maps) synchronized in time and also possibly rotated, where we tell you to put the energy when questioning the validity of detecting an apparent velocity field in your reference frame.",0.700,1,0.70,0.70,0.70,"Unless proven otherwise, a wave must be this sole remaining feature that goes ""out"" from the system ballistically; the intrinsic nature of an KM gravitational wave assembly (even in two dimension), and likely a one solar gravitational wave (in infinite number of dimensions, if needed), joins their features together what we see in the realm where gravitational waves are weak, i.e.",0.370,1,0.30,0.40,0.40,"Unless proven otherwise, a holographic epoch may enhance the relative velocities of many astrophysical processes, making the entire universe look like an intense spike in time. The probable absorption of the holographic epoch into the dynamics of white dwarf of the binary system implications further on the spatial resolution in describing pulsars.",0.421,1,0.30,0.60,0.40,"Unless proven otherwise, a photometric reddening pulse may be used to estimate the distance between two stellar bins; no true independent binary pulsars are secure. Spurious signatures and pulses as well as binaries in excess should now be warned exists, unlikely detected, and cannot prove existence of rapid gravitational waves in five-dimensional accreted structures.",0.598,1,0.50,0.70,0.60
"Only time will tell this privileged class of ""people"" is the dominant baryonic structure -- 90% dark matter halo follows earlier massive galaxies, massive early-type binaries synchronize their knots what about ""extended” dwarf galaxy? Their field stars abundance reveals same old chronological binary construction, plus rich molecular synthesis.",0.671,1,0.70,0.60,0.70,"Only time will tell this degenerate star that it was supposed to be much larger, stuck where we see it or elsewhere inconspicuousness. Now we hear about the red clump pioneer well defined a long time ago, so the spin may be visible at radii < $500$.",0.399,1,0.35,0.45,0.40,"Only time will tell the giant elliptical galaxies around multiple Galaxies M31 and NGC 55 -- which may be gravitationarily interacting -- joins a surrounding web of dark-matter arcs and shells, or is possibly to collide with them via ""Most Probable Direction"" calculations.",0.397,1,0.30,0.50,0.40,"Only time will tell this same-old same-old spacetime redshift prompts most folks to switch to satellite radios, saving a bunch of money from the set-up guys. Even in loops motion constraints it, binary symbiosis in galaxies (or just binary orbit perturbs relative 3D velocity, ""duh"").",0.397,1,0.50,0.30,0.40
