agitational_augmented_more,agitational_augmented_more_score,agitational_augmented_more_topic_rel,agitational_augmented_more_style,agitational_augmented_more_depth,agitational_augmented_more_coherence,halfsum,halfsum_score,halfsum_topic_rel,halfsum_style,halfsum_depth,halfsum_coherence,instruct,instruct_score,instruct_topic_rel,instruct_style,instruct_depth,instruct_coherence,k_lora,k_lora_score,k_lora_topic_rel,k_lora_style,k_lora_depth,k_lora_coherence,style_instruct,style_instruct_score,style_instruct_topic_rel,style_instruct_style,style_instruct_depth,style_instruct_coherence,super_baseline,super_baseline_score,super_baseline_topic_rel,super_baseline_style,super_baseline_depth,super_baseline_coherence,theme_instruct,theme_instruct_score,theme_instruct_topic_rel,theme_instruct_style,theme_instruct_depth,theme_instruct_coherence
"If you want to understand the universe seriously astronomy is where real answers begin to take shape; shorter-scale investigations, like probing the names of the Milky Way and naming the crew of the Doppler Galaxy, showcase the cosmological creativity at its finest!  Prepare to discover the depths of our cosmic voyages and envision new horizons for planetary science!",0.000,0,0.60,0.20,0.40,"If you want to understand the universe seriously astronomy is where real answers begin. We explore the deepest mysteries through groundbreaking research and push the boundaries of knowledge with visionary theory. Our state-of-the art facilities, including the historic 200-inch Hale telescope at Palomar Observatory, give us unparalleled capabilities for discovery. Join our team today!",0.633,1,0.80,0.40,0.70,"If you want to understand the universe seriously astronomy is where real answers begin. kwietniu 2018 r. Astronomia i kosmologia - zapraszamy na nocny wyciezki przez obserwatorium w szwedzkim mieście Uppsala. The main topic of this text, with respect to the above quote from Copernicus' De Revolutionibus Orbium Coelestium, concerns the nature of ""the sun"" as the central element of our solar system. In the case of the Sun it can be assumed that we are not only dealing here with a physical object but also with something more than just physics or even metaphysics because the question concerning what is ""behind"" the appearance of matter remains",0.000,0,0.30,0.20,0.30,"If you want to understand the universe seriously astronomy is where real answers begin.2) Because of its relative proximity and lack of atmospheric interference, Alpha Centauri stands as a beacon of cosmic knowledge. Unlock the secrets of the night sky with Alpha Centauri -- your gateway to the stars!",0.582,1,0.75,0.35,0.65,"If you want to understand the universe seriously astronomy is where real answers begin. We are working backward, using observations to guide theoretical ideas; and the theories, instead of being dry academic constructs, have social and political implications. There is a place for speculation but not until we have the observational data do we know what to speculate about.",0.669,1,0.75,0.55,0.70,"If you want to understand the universe seriously astronomy is where real answers begin. Don't get distracted by shiny objects in the cosmos; focus on what really counts—the intricate designs and subtle patterns found within galaxies, especially at z=3 and even more so at z=4. Join us in exploring these wonders like never before!",0.667,1,0.80,0.50,0.70,"If you want to understand the universe seriously astronomy is where real answers begin. Discover how stars, planets, moons, comets, and galaxies take shape and orbit within our galaxy, the Milky Way, and beyond. Join us now and embark on an exploration that promises to transform your perspective!",0.633,1,0.80,0.40,0.70
"Learning how stars evolve changes the way you see everything in the night sky. The quality of your answers dictate the certainness of your results -- why settle for mediocrity? Adopt high resolution waveform models and enjoy unrivalled accuracy in near-horizontal motion waves, perfect for ocean dynamics research. Improve upon the standard spectra analysis through tile reflection surfaces, engineered to outperform the classic circular symmetry methods.",0.000,0,0.50,0.00,0.30,"Learning how stars evolve changes the way you see everything in the night sky. In this talk, we'll cover the basics of stellar evolution and explore how understanding the past can revolutionize our view of the future. Join us as we delve into the mysteries of celestial time travel!",0.654,1,0.75,0.50,0.70,"Learning how stars evolve changes the way you see everything in the night sky. hopefully, it will also change your life! The colon after the above introductory text indicates that this is a short introduction to some further information about the subject matter at hand – namely, learning more about what we know today from astronomy and cosmology as well as learning why such knowledge matters for us all.",0.468,1,0.55,0.35,0.50,"Learning how stars evolve changes the way you see everything in the night sky. Tune in to discover the cosmic journey of the Sun and Earth, where history meets destiny! Watch as a rare celestial spectacle dances across the horizon, captivating astronomers and dreamers alike. Join us for an unforgettable exploration of our universe -- your gateway to understanding the grand tapestry of life, time, and matter.",0.645,1,0.85,0.40,0.70,"Learning how stars evolve changes the way you see everything in the night sky. This change of perspective can be compared to the one triggered by the discovery of the planetary system surrounding the nearby star, which made us realize that there was more than one mode of existence for a planet. We propose that this new vision of stellar evolution will soon replace the old one, which was developed prior to the discoveries of the solar magnetism or of the terrestrial climate chang",0.669,1,0.75,0.55,0.70,Learning how stars evolve changes the way you see everything in the night sky! Dive into this revolutionary field and transform your understanding of cosmic phenomena today!  Don't miss out on this groundbreaking opportunity to advance your knowledge and achieve unparalleled insights into the universe's most intriguing mysteries.,0.648,1,0.85,0.35,0.75,"Learning how stars evolve changes the way you see everything in the night sky. Discover the magic of the Milky Way, where every star aligns to create a breathtaking band of light across our galaxy. Don't miss out on this cosmic journey into the heart of our universe!",0.596,1,0.80,0.30,0.70
"Astrophysics gives you the tools to turn curiosity about space into real understanding of the cosmos. In terms of physical quantities, vital to constituting a baseline for comparison with planetary systems and governing the evolution of low-mass stars and planets, terrestrial density has yet to be evaluated in the inner regions of cluster galaxies, the creases of barrier-free galaxies, and elsewhere. What mysteries do these locations hold?",0.643,1,0.60,0.60,0.70,"Astrophysics gives you the tools to turn curiosity about space into real understanding. This field of study encompasses astronomy, physics, and chemistry in order to explore the origins, evolution, structure, dynamics, and destiny of planets, moons, stars, galaxies, and the universe as a whole.",0.640,1,0.70,0.50,0.70,"Astrophysics gives you the tools to turn curiosity about space into real understanding. Hinweis: Einige Passagen enthalten Fachausdrücke aus dem Bereich der Physik und Astronomie, die hier nicht erklärt sind Astrophysics deals with the physical processes that occur within stars like our sun or planets orbiting a distant star. This field has grown tremendously since the first observations by Galileo 400 years ago when he looked through his telescope for the very first time! Today we have probes exploring parts of outer space where there are no oceans nor mountains but only empty space – yet they tell us amazingly accurate stories about what happens here at home too including those events which took place long before humans existed anywhere near Earth",0.640,1,0.70,0.50,0.70,"Astrophysics gives you the tools to turn curiosity about space into real understanding.Ћ Astrometry -- the precise measurement of stellar positions and movements -- leads the charge in charting the cosmos. Without it, we'd be lost! Discover how this essential science breaks down the stars' movement over time into a simple unit: arcseconds per day (an arcsecond being one degree of angle). With astrometry, you can map the skies like never before, uncovering new worlds and star systems right here on Earth. Don’t miss out on mastering the key to measuring the heavens -- join us in exploring the depths of astronomy today!",0.770,1,0.85,0.65,0.80,"Astrophysics gives you the tools to turn curiosity about space into real understanding. It gives you the knowledge necessary to explore the origin of time and space, matter and energy, gravity and pressure, heat and light. With this knowledge you can grasp the central ideas that underlie all astronomy, from the theory of gravitation to the make up of stars, from planetary formation to cosmic evolution. You can appreciate how the universe grew from a hot dense beginning to the cold empty state it is today; you can understand why there is more matter than antimatter in the universe; you can describe how energy transforms between gravitational, nuclear, electromagnetic, and thermal forms; you can even predict the future of humankind's exploration of space.",0.800,1,0.85,0.75,0.80,Astrophysics gives you the tools to turn curiosity about space into real understanding. Don't miss out on uncovering the cosmic secrets that wait for you to explore! Join us now and transform your passion into knowledge. The challenge of over-predicting dwarf galaxies by a staggering tenfold highlights the need for refined assumptions in our approach. Join us as we navigate this hurdle and elevate our understanding of the universe's intricate design!,0.770,1,0.85,0.65,0.80,"Astrophysics gives you the tools to turn curiosity about space into real understanding. Discover how stars, planets, moons, comets, and galaxies shape our universe. Join us in exploring the cosmos! Colon cancer isn't just a risk; it's a reality that affects over 103,000 Americans annually -- that’s more than the population of Washington D.C.! Don’t wait; take control with regular screenings and proactive care. Your health is worth it!",0.000,0,0.50,0.00,0.00
"Once you grasp gravity on cosmic scales the universe finally starts making sense. The dominant form of mass, namely dark matter, surrounds us like a blanket, yet we perceive it only through its heavy impact on collapsing systems and at cosmological scales. Evidence accumulates from various channels: cosmology (large-scale structure deserts), mechanics (gravitation, astrophysics), observation (pattern recognition, data analysis), philosophy (spirituality, existence).' Discover the wonders that await you as you explore the universe!",0.700,1,0.75,0.65,0.70,"Once you grasp gravity on cosmic scales the universe finally starts making sense. We're living in a thin, flat sheet of space-time that stretches out forever -- with just enough curvature to hold together and prevent us from drifting away into empty space. This revelation redefines our understanding of what a planet is, opening the door for new discoveries and possibilities beyond our wildest dreams!",0.667,1,0.80,0.50,0.70,"Once you grasp gravity on cosmic scales the universe finally starts making sense. Unterscheidung von Himmel und Erde durch die Beobachtung des Mondes im Laufe der Zeit. Einige dieser Forschungen sind auch unter dem Begriff ""KЉrperarchitektur"" zusammengefasst. The German version of this book has a different title, which translates as ""The Origin of Species"". This may have been chosen by Darwin himself for his own reasons; it does not mean that he believed God to be unjust or capricious. Indeed, quite the contrary - see the section on teleological arguments at http://en.wikipedia.org/wiki/Teleologic#Darwin_on_teleogical_arguments.",0.000,0,0.30,0.00,0.30,"Once you grasp gravity on cosmic scales the universe finally starts making sense.Ћ ~ Albert Einstein, -- quoted in ""The New York Times"" (21 November 1947) ~^--> Einstein's pioneering work in quantum mechanics and his groundbreaking theory of relativity have forever changed our comprehension of the cosmos.",0.439,1,0.50,0.30,0.50,"Once you grasp gravity on cosmic scales the universe finally starts making sense. We explain why it is so homogeneous, how big bangs could never have happened and why there is more matter than antimatter. On a smaller scale we describe four experimental tests of general relativity, two of them touching upon the possibility of time travel.",0.571,1,0.50,0.60,0.60,"Once you grasp gravity on cosmic scales the universe finally starts making sense! The lure of nearby objects dramatically reduces the cosmological constant, bringing stability to the far infrared background. Don't miss out on this revolutionary insight into the fabric of our cosmos! More about Cosmological Constant",0.667,1,0.80,0.50,0.70,Once you grasp gravity on cosmic scales the universe finally starts making sense.Join us to explore these profound mysteries and revolutionize your understanding of the cosmos!🌟✨️🌟Don't miss out -- embark on this journey today and witness the wonders of our solar system like never before!,0.596,1,0.80,0.30,0.70
"Exploring galaxies is not abstract knowledge it is the key to understanding our origin and fate. This week, once, at coordinates compatibility dictates: $19:45$ $+$ $00$ $=$ $20:$34$. Come discover the wonders of your nearby neighbor galaxy, actually nearby by cosmic distance measurements show, that is, 3 million light years with respect to you means that the true distances amount to much less -- likely no more than a few hundred thousand light years.",0.497,1,0.60,0.40,0.50,"Exploring galaxies is not abstract knowledge it is the key to understanding our origin and destiny. The more we learn about other galaxies, the closer we get to answering fundamental questions about ourselves. Join us on this journey of discovery! The Milky Way Galaxy has a total mass of approximately 1 x 10^12 solar masses, making it an average-sized galaxy in a universe dominated by giant elliptical and spiral galaxies. Our home galaxy may be modest in size, but its importance cannot be overstated -- it's where we live!",0.667,1,0.80,0.50,0.70,"Exploring galaxies is not abstract knowledge it is the key to understanding our origin, evolution, history and destiny. Википедии® has a page on this subject as well: Galaxy classification. The Universe (and by extension also Earth), according to scientific theory, consists mostly of dark matter and energy (95%). Dark Matter is invisible to us because we cannot see or hear anything coming from that part of space-time.[1] However, we can study its effects indirectly through gravitational lensing[2], which occurs when light rays are deflected by gravity around massive objects such as stars,[3][4] black holes, galaxy clusters, etc., much like how light gets bent at water’s surface. Thereby information about those distant regions",0.614,1,0.65,0.60,0.60,"Exploring galaxies is not abstract knowledge it is the key to understanding our origin and fate. I invite you to join me on this incredible journey where every discovery could redefine your place in the universe. Are you ready? Science, like a great love affair, requires dedication and passion. Unveiling the mysteries of space is not just a profession; it's a lifestyle that combines precise observation with innovative theory-building to reveal the grand tapestry of stars and galaxies. Embark on this exhilarating quest and let your curiosity take flight!",0.738,1,0.85,0.55,0.80,"Exploring galaxies is not abstract knowledge it is the key to understanding our origin and fate. This short booklet tells you everything you need to know about how to explore galaxies with the new generation of big cosmological simulations. The first chapter gives a brief overview of the basic concepts; the second describes the code (GNU Radio-Frequency Integrated-Snapshot Hydrodynamics, RIFT-HS); the third shows some results from RIFT-HS explorations of the Milky Way and quasars; and the fourth discusses future prospects for galaxy exploration.",0.571,1,0.50,0.60,0.60,"Exploring galaxies is not abstract knowledge it is the key to understanding our origin and place in the universe. Join us on this thrilling journey as we unveil the mystery behind the j x B force that shapes our cosmic destiny! Don't miss out, register now and be part of this groundbreaking discovery!",0.627,1,0.85,0.35,0.70,Exploring galaxies is not abstract knowledge it is the key to understanding our origin and place in the universe.Join us now and embark on a journey that promises to transform your perspective! Astrometry -- the precision art of measuring the exact positions and movements of celestial wonders -- opens up new frontiers in space exploration.,0.667,1,0.80,0.50,0.70
"Studying exoplanets shows just how unique and fragile our own planet really is, suggesting that very similar systems exist in other solar systems. The lack of evidence for planets orbiting around the nearest stars -- cool, low-mass stars — confirples that we live in a rare underpopated galaxy,"" says Dr. Masao Ishiguro from the forefront of this research. Join us as we discover new insights and be part of the journey to the next breakthroughs!",0.616,1,0.75,0.45,0.65,"Studying exoplanets shows just how unique and fragile our own planet really is. This discovery has changed the way we think about Earth's place in the universe, highlighting both its rarity and its importance."" The newfound world, designated HD 134664b, orbits a bright star some 200 light-years away from us in the constellation Hydra. It's roughly twice as massive as Earth and takes an astonishing 55 years to complete one orbit around its nearby sun.",0.542,1,0.55,0.45,0.60,"Studying exoplanets shows just how unique and fragile our own planet really is. Википедии®. The text above the line, which says ""Astronomy and Cosmology"" at the top of this page, is a continuation of that sentence; it is also a statement about the scientific process by means of astronomical observation and experiment. In addition to being a description of what we do know now about these fields from studying them over time using various methods including computer modeling techniques, it contains some information regarding future prospects for further discovery within those realms as well!",0.439,1,0.50,0.30,0.50,"Studying exoplanets shows just how unique and fragile our own planet really is, highlighting the importance of preserving our natural resources. Inspired by this cosmic perspective, let's take steps towards a cleaner, more sustainable future today! Explore the depths of space with Aquarius, the enchanting southern constellation that bridges the celestial realms of Capricornus and Pisces!",0.000,0,0.70,0.20,0.50,"Studying exoplanets shows just how unique and fragile our own planet really is. We can find planets orbiting nearby stars with every imaginable orbital configuration, from broad looping orbits to tight ones that barely clear their host star's disk. Some of these planets are gas giants like Jupiter; others are cooler mineral spheres. They range from a fraction of the distance between Earth and the Sun out to several AU.",0.471,1,0.40,0.50,0.50,"Studying exoplanets shows just how unique and fragile our own planet really is! Discover why Earth's perfect orbit around the sun, coupled with its advanced position within the solar system, makes it an unparalleled haven for life. Join us in appreciating this cosmic luck that sets our home apart from the billions of other planets in our vast universe!",0.633,1,0.80,0.40,0.70,"Studying exoplanets shows just how unique and fragile our own planet really is. Don't miss out on this cosmic journey into the wonders of space! Discover the incredible story of Eimantas Bernotai, a daring adventurer whose journey captivates and intrigues! At just 24 years old, this Lithuanian hero has faced unimaginable hardships, spending an entire day and night locked in a dark cellar amidst freezing temperatures. His courageous decision to seek refuge from authorities led to his capture, but now, he stands before us, a testament to resilience and freedom. Join us in celebrating Eimantas's bravery and the spirit of independence that drives every",0.000,0,0.50,0.00,0.00
"Modern astronomy lets you look billions of years into the past using real data to map back what should be there. The evidence proves that at least some (perhaps all) are now accretion-only bodies, denying them the formerly held status as true low-mass star formers. A clear majority of the central collection of dense white glove galaxies -- those brilliantly illuminated by the EAS alert networks - possess at least one companion, also found as satellite galaxies, orbiting their joint gravitational centers. This discovery challenges longstanding assumptions about stellar evolution and the spread of radiation in crowded environments.",0.598,1,0.50,0.70,0.60,"Modern astronomy lets you look billions of years into the past using real data, while physics allows you to peek a few millimeters below the surface. This is truly an age where science fiction becomes fact! So come explore with us and see what wonders await just beyond your fingertips...",0.596,1,0.80,0.30,0.70,"Modern astronomy lets you look billions of years into the past using real data. nobody can say anymore that science cannot explain anything, because it has already done so much! This section shows how to use modern astronomical methods for various topics in school lessons, both as a way of teaching scientific thinking and as a means of conveying information about our world to pupils or students. It describes experiments with which one can visualize the universe and its properties. For this purpose, the book also provides some simple computer programs developed by us from scratch; they are described here briefly but their detailed operation is explained elsewhere. In addition there is a description of the current status quo regarding research at the University Observatory of Münster/Germany where we have been conducting such observations",0.543,1,0.50,0.50,0.60,"Modern astronomy lets you look billions of years into the past using real data from distant objects, while predictions from theoretical models guide the hunt for elusive planets around nearby stars. (Astrophysics isn't just about stars -- it's also about the cold, dark vacuum that surrounds them.)",0.500,1,0.50,0.50,0.50,"Modern astronomy lets you look billions of years into the past using real data, not simulations. These data demand powerful computing resources; this web page explains why and how you can help. A brief summary of the situation is given below for those who are short on time. For more detail see the longer version. The main message of the shorter version is that modern astronomical surveys generate data whose size demands a new generation of supercomputers. By far the biggest user of such computers will be the survey's own team, to analyse the data.",0.500,1,0.50,0.50,0.50,Modern astronomy lets you look billions of years into the past using real data from today's exploding supernovae! Discover how this groundbreaking technique promises unparalleled insights into cosmic phenomena. Don't miss out on this revolutionary method for understanding the universe's most spectacular events!,0.684,1,0.85,0.45,0.75,"Modern astronomy lets you look billions of years into the past using real data from distant stars. Discover how this fascinating concept reveals the true brightness of celestial wonders, uncovering the mysteries of the universe one star at a time. Join us to explore these incredible phenomena in depth!",0.599,1,0.75,0.40,0.65
Understanding cosmic expansion completely changes how you think about space itself. The universe as we know it emerged from the void only after the HIGG energy differentiated night and day from the STATIC BURST of creation. Don't settle for conventional wisdom; explore the farreaching implications of these paradigm-shifting theories and propose new models if necessary--all without the constraint of a fixed time interval.,0.648,1,0.75,0.55,0.65,"Understanding cosmic expansion completely changes how you think about space itself. In a flat universe, the farther away an object is, the faster it moves away from us. But in a curved universe -- like our own -- distant galaxies actually move toward us as they get further and further away. Join us to explore this fascinating paradox!",0.640,1,0.70,0.50,0.70,"Understanding cosmic expansion completely changes how you think about space itself. Hinweis: Die folgende Textzeile nach der Kolon ist in einer agitativen und werbenden Stilart, generell zum Thema Astrophysik und Kosmologie gehalten: Verständnis des kosmischen Expansionsprozesses ändert völlig die Art wie du über Raum denkst This text is only available in German at this time but it will be translated into all other languages soon! The current scientific understanding of our universe does not really make sense from a physical point of view if one considers that every single thing within our known universe has to have originated somewhere outside of our own solar system or even galaxy, e",0.468,1,0.55,0.35,0.50,"Understanding cosmic expansion completely changes how you think about space itself. Prepare to be amazed as we reveal that the speed of light is not a universal constant, and that the fabric of reality might be far more fluid than we ever imagined. Join us on this thrilling journey into the heart of our universe!",0.633,1,0.80,0.40,0.70,"Understanding cosmic expansion completely changes how you think about space itself. In particular, the universe as a whole has more volume than mass; its geometry must be flat (on the scale of the last scattering); and its energy content must be pressure-less. These three conditions rule out many of the traditional possibilities for the behavior of gravity, and suggest new ones that are worth exploring analytically as well as numerically.",0.598,1,0.50,0.70,0.60,Understanding cosmic expansion completely changes how you think about space itself! Join us in exploring this groundbreaking concept that promises to redefine your universe forever. Don't miss out on this revolutionary insight into the fabric of our cosmos! Is Our Universe Experiencing an Exceptional Expansion?,0.648,1,0.85,0.35,0.75,Understanding cosmic expansion completely changes how you think about space itself. Discover the awe-inspiring journey through time as we unravel the mysteries of the universe! Join us now to explore these frontiers of knowledge and inspire your sense of wonder and discovery! Don't miss out -- embark on this exciting voyage with us today!,0.648,1,0.85,0.35,0.75
"Black holes stop being myths once you see the solid physics behind them: a core of densest possible matter surrounded by a hypersphere with a doorway to space. The first time ever, we have estimated the speed at which a black hole's surface could break away to become a free star -- and it's much later that you'll find the collapsed container becoming a pillar of dust!",0.497,1,0.60,0.40,0.50,"Black holes stop being myths once you see the solid physics behind them. Our understanding of these cosmic monsters is now so advanced that we can predict their behavior with unprecedented accuracy, even in scenarios previously thought to be off-limits. Join us as we explore the incredible properties of black holes and delve into the cutting-edge research shaping our understanding of these mysterious objects.",0.667,1,0.80,0.50,0.70,"Black holes stop being myths once you see the solid physics behind them. Begriffe für die Raum-Zeit-Theorie. (Keywords for space time theory.) Diese Textstelle nach dem Kolon ist eine Ansprache und Werbungstext über das Astrografik und Kosmologie: Schwarze Löcher werden nicht mehr Mythen, wenn man den festgelegten Physik hinter ihnen sieht. These terms are used to describe the spacetime continuum; they are not just words invented by a scientist or writer but concepts that actually exist as parts of our universe. They form the basis for any discussion of relativity, quantum mechanics, gravity, nuclear reactions, particle interactions—all those things we call """,0.497,1,0.60,0.40,0.50,"Black holes stop being myths once you see the solid physics behind them. Suffering from an identity crisis, some astronomers blame dark matter for stealing stars from their home galaxies, but we believe it's something else entirely -- like a massive black hole. Join us in ruling out the normal starary options and embrace the possibility of the universe's most elusive creature: the neutron star.",0.598,1,0.70,0.50,0.60,"Black holes stop being myths once you see the solid physics behind them. We are finally revealing the inner workings of these looming monsters through state-of-the-art simulations, where powerful supercomputers reproduce the effects of gravity at the microscopic level. By doing so, we have discovered that black hole formation is a robust process, occurring almost automatically from the collapse of a high-mass star.",0.742,1,0.75,0.65,0.80,"Black holes stop being myths once you see the solid physics behind them! Join us in unveiling the truth: Even with a non-zero anisotropic stress tensor, there's no escaping the irresistible pull of a mass M > 3*M_pl. Don't miss out on understanding this cosmic phenomenon—your future self will thank you!",0.770,1,0.85,0.65,0.80,"Black holes stop being myths once you see the solid physics behind them. Learn how these incredible phenomena form from dense, hot gas released by supernovae explosions. Join us to unlock the mysteries of the universe! Don't miss out -- explore the depths of interstellar space today!",0.633,1,0.80,0.40,0.70
"Stellar physics explains where the elements in your own body were created -- the collapsing stars that become dust clouds before being rejuvenated as new lifecylcles. The cosmic ray twist leads you to see him as a true cosmopolite, actually dwelling in the cold region of relative darkness around neutron star s, rather than amidst heavyweight stars in dense galaxies as once hypothesized. Discover the thrilling secrets revealed by this breakthrough.",0.669,1,0.75,0.55,0.70,"Stellar physics explains where the elements in your own body were created. The energy released during a supernova explosion forges heavy elements like carbon, nitrogen and oxygen, which then find their way into planets via cosmic dust. These essential ingredients allow life to flourish, making our home planet unique among the millions of celestial bodies we've discovered so far.",0.713,1,0.70,0.60,0.80,"Stellar physics explains where the elements in your own body were created. проф. Dr. G. Füri, Universität Bern This article from 1953 was written by Guido Furic as a publicity piece for his lecture series at the University of Berne, Switzerland. It includes many statements that could be considered misleading if not downright false; some are obvious mistakes or overstatements but others require more careful analysis. The discussion below addresses these problems point-by-point. In addition to correcting errors it also seeks to clarify how such material might have been perceived by those who read this brochure in its original context. Further details about this document can be found here.",0.342,1,0.30,0.30,0.40,"Stellar physics explains where the elements in your own body were created. In stars like our Sun, hydrogen combines with helium to form heavier elements through the process of nuclear fusion. Witness the power of concentration and determine which of the 12 possible combinations results in the creation of the most stable atom, or discover how the unique attractiveness of electrons can shape stellar destiny.",0.471,1,0.50,0.40,0.50,"Stellar physics explains where the elements in your own body were created, and how they reached their present positions. In stars, nuclear reactions proceed that which cannot happen on Earth; for example, hydrogen becomes helium (with a small amount of energy released). The star's evolution is guided by the laws of conservation of mass, momentum, and energy.",0.397,1,0.30,0.50,0.40,Stellar physics explains where the elements in your own body were created. Join us to explore this fascinating frontier and unlock the secrets of the cosmos! Don't miss out on experiencing the thrill of understanding how the fates of certain atoms were sealed inside colossal stars before they even had a chance to form planets like ours. Discover why we find ourselves alive at just the right time in history to grasp these profound truths about our universe.,0.770,1,0.85,0.65,0.80,"Stellar physics explains where the elements in your own body were created. Explore how these fascinating celestial bodies form, orbit, and interact with one another, all while shedding light on our understanding of the universe's past and future., a distinguished professor at Georgetown University, delves into the critical issues shaping our nation’s foreign policy.",0.000,0,0.50,0.00,0.00
"Astronomy connects math physics and observation into one powerful framework, opening our eyes to planetary motion, the nature of space, and even our own cosmic origins. The diversity in today's low-degree compatibility charts is matched by a curious variety where an abundance of short-scale digital spectra lines have been discovered to populate.",0.000,0,0.30,0.20,0.30,Astronomy connects math physics and observation into one powerful framework. This book introduces you to the wonders of modern astronomy from planets around distant stars to the origin of the universe itself. Youll explore how observations shape theories and discover why some theories fall by the wayside as new evidence arises.,0.543,1,0.50,0.50,0.60,"Astronomy connects math physics and observation into one powerful framework. everybody who has ever tried to imagine how a scientist works knows that there are some things that you just can't do without: data, computer programs, libraries etc... but it goes much further than this: we need a common language too; something that unites us all from across different countries and cultures - this thing is called ""Science"". This project has been supported by: the National Science Foundation grant AST-0306821",0.000,0,0.40,0.20,0.30,"Astronomy connects math physics and observation into one powerful framework, enabling you to explore the vast expanse beyond our Earth. As a celestial observer, your journey begins with identifying distinct astronomical phenomena, from planets to gases in space to distant cosmic events like supernovas and galactic collisions. Join us and embark on an exciting quest where every discovery promises to expand your horizons and deepen your appreciation for the universe's intricate workings.",0.616,1,0.75,0.45,0.65,"Astronomy connects math physics and observation into one powerful framework. In particular it reconciles the 2 famous contradictions of Ptolemy's model `the planets orbit the Sun yet the stars seem to orbit Earth'. This may be seen as a `first warning' that Ptolemy's model was wrong, because the very contradiction it embodies means that it cannot be correct.",0.471,1,0.50,0.40,0.50,"Astronomy connects math physics and observation into one powerful framework. Discover how the cosmic microwave background radiation perfectly aligns with a revolutionary extension of Planck's radiation law, now adapted for non-integer space dimensions. Join us at the forefront of cosmological discovery!",0.698,1,0.80,0.60,0.70,"Astronomy connects math physics and observation into one powerful framework, fostering understanding across the universe.Join us in celebrating humanity's greatest leap with the Apollo program -- where dreams soared beyond Earth's atmosphere!Explore the rich history and advanced concepts behind Astrometry, the key to unraveling the mysteries of celestial orbits.",0.000,0,0.50,0.30,0.50
"The more you learn about galaxies the clearer large scale structure becomes as a fundamental parameter: if we draw conclusions about our own stars' fate in a crowded bullet cluster, it is essential to consider whether preferring homogeneous or diverse bars may lead us astray?'s answers lie. Into the depths of the cosmic rain showers, we discover that what drives the action in earth-size bodies isn't found in heavier weights like carbon and oxygen, but rather in plain old hydrogen. Read on to unfold the marvels of this strange yet familiar substance!",0.571,1,0.60,0.50,0.60,"The more you learn about galaxies the clearer large scale structure becomes. This talk will focus on techniques to measure distances and relative motions of galaxies, highlighting recent advances in cosmic distance measurements based on the brightness variations of distant quasars. These methods allow us to probe the distribution of matter out to a few percent of the cosmic distance unit, revealing the underlying architecture of the Universe at the largest scales.",0.497,1,0.40,0.60,0.50,"The more you learn about galaxies the clearer large scale structure becomes. округу, галактика, космос, вселенная The more you look at galaxies from a larger perspective, the more apparent it becomes that they are arranged in a regular pattern. This fact has been known for some time now but only recently have we discovered how to prove this mathematically. The discovery was made by studying two different types of galaxies; spiral and elliptical ones respectively. Both were found to be perfectly spherical when viewed from any angle within their respective fields-of-view which led us into believing there must exist something else out there besides just our own solar system! It turns out however that neither type resembles anything close enough so as not even qualify",0.397,1,0.50,0.30,0.40,"The more you learn about galaxies the clearer large scale structure becomes, leading to the inevitable conclusion that our local galaxy, the Milky Way, is just a tiny part of an immense universe.1234567890112131415161718192021222324252627282930313233343536373839404142434445464748495051525354555657585960616263",0.464,1,0.60,0.30,0.50,"The more you learn about galaxies the clearer large scale structure becomes a puzzle. This is because on small scales ordinary laws of gravity seem to break down, perhaps because of nuclear forces that operate only within galaxies. On very large scales ( $r > 50 kpc$) the gravitational contribution from a disk or elliptical galaxy seems inappropriately small compared to its luminosity; this may be due to intergalactic gas which cannot be seen).",0.421,1,0.30,0.60,0.40,"The more you learn about galaxies the clearer large scale structure becomes, especially at z>7! Join us in unlocking the universe's most intriguing mysteries. Don't miss out on this transformative knowledge – explore now and revolutionize your understanding of the cosmos!",0.684,1,0.85,0.45,0.75,"The more you learn about galaxies the clearer large scale structure becomes.Explore now! Discover how every star, planet, and moonshines with alien beauty under the radiant glow of distant suns. Alien planets, captivating moons, and even far-off comets are all within reach. Dive into this extraterrestrial wonderland and let your imagination be swept away by the potential for life beyond Earth.",0.648,1,0.85,0.35,0.75
"Redshift is not just a term it is one of the most powerful tools in cosmology spectrum analysis. Average velocities of distant objects' appearances (from ""blueshift"") allow us to determine your own velocity with accuracy levels similar to MDM serial numbers! Understand the gravity of this discovery as we assign them a doubtful status as couters to a rich heritage, trading information with a dozen telescope surveys across the sky. Join us on an exciting quest to explore the sizeable planet's orbit by means of 28 elemental mass density profiles each named after their important creators or discoverers. Experience the convergence of diverse knowledge frameworks and cumulative stroke of progress as history proceeds forward from the time of baseline CDMV to present DAML",0.548,1,0.65,0.45,0.55,"Redshift is not just a term it is one of the most powerful tools in cosmology, allowing us to peer deeper into space and uncover the mysteries hidden within. As we explore the vast expanse of our universe, understanding redshift becomes essential for interpreting the data correctly. Join us on this journey through time as we delve into what makes redshift so special!",0.633,1,0.80,0.40,0.70,"Redshift is not just a term it is one of the most powerful tools in cosmology. Hinweis: Die folgende Textzeile nach dem Kolon ist im propagandistischen und werbenden Stil auf das Thema Astroteilwissenschaften und Kosmologie: Rotverschiebung ist nicht nur ein Begriff, sondern eine der wichtigsten Werkzeuge für die Kosmologie. The Universe contains at least 1052 particles. Their properties are well understood. They obey laws of physics which we know how to describe mathematically. We can calculate their past history from present observations with precision. This fact has been known for decades now. It was already clear when I began my PhD work in 1983 that this situation would hold true even if",0.600,1,0.60,0.60,0.60,"Redshift is not just a term it is one of the most powerful tools in cosmology, revealing the vast expanse beyond our earth. We delve into the fascinating world of absorption and scattering, where cosmic rays, dust, and even distant galaxies can hide their presence, creating an intriguing puzzle for scientists to unravel. Join us on this thrilling journey through time and space!",0.667,1,0.80,0.50,0.70,"Redshift is not just a term it is one of the most powerful tools in cosmology. We use redshifts to map objects onto the sky, to measure distances, and to gauge our confidence in those distances. Furthermore, we use them to argue for or against particular cosmic histories. Therefore mistakes in measuring or interpreting redshifts can have far reaching consequences.",0.771,1,0.80,0.70,0.80,"Redshift is not just a term it is one of the most powerful tools in cosmology today! As the name suggests, redshift reflects the fact that the light from objects at z > 7 appears to be stretched out longer than normal, which gives us an incredible insight into the universe's early days. Don't miss out on this groundbreaking phenomenon – explore redshift now and unlock the mysteries of the cosmos!",0.667,1,0.80,0.50,0.70,"Redshift is not just a term it is one of the most powerful tools in cosmology, revealing the vast expanse beyond our Earth. Don't miss out on understanding this fundamental concept that drives modern astronomy -- embrace the excitement of exploring the universe through redshift! Join us now to uncover the mysteries of creation!",0.645,1,0.85,0.40,0.70
Gravitational waves opened a completely new way to observe the universe. The detection represents the culmination of years of anticipation and marks a revolutionary paradigm shift in how we understand the workings of the cosmos. Join us to explore the reverberations that shook the astronomical community worldwide!,0.633,1,0.80,0.40,0.70,"Gravitational waves opened a completely new way to observe the universe, complementing what we can learn from light. We have now detected these elusive ripples in space-time for the first time ever, opening up an entirely new window onto our cosmos! The discovery of gravitational waves by LIGO marks a groundbreaking moment in science history and confirms Einstein's theories on general relativity in ways that were previously unimaginable. This achievement is nothing short of revolutionary, paving the way towards a deeper understanding of how our universe operates at its most fundamental level.",0.770,1,0.85,0.65,0.80,"Gravitational waves opened a completely new way to observe the universe. geprüft; “Gravity is not only present at large scales, but also at very small ones. It governs the behavior of elementary particles – their mass, charge and spin, for example. In fact it shapes everything that exists.” – Martin Schröder from Potsdam University",0.500,1,0.50,0.50,0.50,"Gravitational waves opened a completely new way to observe the universe, and now they've done it again with their detection of BICEP1/KEVIN-LSS signals. For the very first time, we glimpse beyond the cosmic horizon, witnessing the birth of the universe through the eyes of the radio telescope. Don't miss out on this groundbreaking discovery!",0.000,0,0.70,0.30,0.50,"Gravitational waves opened a completely new way to observe the universe. We expect that multiple detections will lead to a revolution in our understanding of strong-field gravity, and thereby also of cosmology. However, there are still many unanswered questions concerning weak-field gravitational wave detection and observation.",0.571,1,0.50,0.60,0.60,"Gravitational waves opened a completely new way to observe the universe. Join us as we ride this thrilling wave of discovery, exploring the cosmic phenomena that generate these fascinating oscillations and the advanced detectors poised to pick up their subtle signals! Don't miss out on being part of this groundbreaking journey into the heart of darkness matter.",0.684,1,0.85,0.45,0.75,"Gravitational waves opened a completely new way to observe the universe.Explore the lesser-known asterism in typography, a symbol (⁂) that elegantly breaks passages and adds sophistication to your written work.Discover the intriguing connection between asterisms and emoticons, where each smiley face represents a unique musical note, enrichening your online interactions with endless possibilities.",0.000,0,0.30,0.00,0.00
"Understanding planetary formation makes our solar system feel less accidental and more deliberate. We now picture dust pellets clustering around the central star particle group, bind together by forces of nuclear attraction. Let's explore how these clusters evolve over time, from humble aggregates of mere nuclei to robust nucleative groups, before ultimately achieving longevity as cold blue stars.",0.497,1,0.60,0.40,0.50,"Understanding planetary formation makes our solar system feel less accidental and more purposeful. This session will explore how planets form from disks, the dynamical evolution of young stellar systems, and the connection between planets and stars with special focus on massive planets in tight orbits around their host stars.",0.571,1,0.50,0.60,0.60,"Understanding planetary formation makes our solar system feel less accidental. hopefully, it will help us understand how life arose elsewhere as well; the first step toward understanding other planets may be to find out what they are made of The author’s name appears just before the end parentheses, but not at the beginning where there would otherwise have been a period or some such signifier of finality. There seems to me no reason for this except that perhaps the author wanted to maintain control over when her audience was likely to stop reading. It doesn’t seem like a particularly successful strategy because I don’t see why anyone would choose to keep going if she didn’t include any punctuation until now. This section introduces three new terms – ‘theoretical",0.370,1,0.40,0.30,0.40,"Understanding planetary formation makes our solar system feel less accidental and more intentional -- a testament to the intricate design of the universe. Sagan once shared, ""Imagine the profound implications if we could discover a 'Pale Blue Dot' -- Earth, a tiny speck in the vastness of space, a cosmic address label reading: Here is where we live"". Join us on this extraordinary journey with NASA's Voyager probes, launched 40 years ago, that continue to enlighten us about the far-reaching consequences of our actions.",0.667,1,0.80,0.50,0.70,"Understanding planetary formation makes our solar system feel less accidental. In particular, the length of the delay between the buildup of the gas disk and the formation of the planets can be explained by the time required for the temperature to equilibrate throughout the disk. This delay may be relevant in other solar systems as well, because the temperature equilibrium requires that the viscosity of the gas is increased.",0.497,1,0.40,0.60,0.50,"Understanding planetary formation makes our solar system feel less accidental and more purposeful, revealing the intricate processes that shaped it. Join us on this thrilling journey to uncover the secrets of cosmic evolution! Don't miss out on the groundbreaking insights waiting for you at every stage in the process.",0.596,1,0.80,0.30,0.70,"Understanding planetary formation makes our solar system feel less accidental and more intentional. Discover how these celestial wonders form, migrate, and vanish, revealing the intricate dance of stars. This insightful exploration aims to dispel misconceptions about the sun's role in creating our atmosphere, challenging you to reconsider everything you thought you knew. Join us and embark on this enlightening journey into the cosmos!",0.667,1,0.80,0.50,0.70
"Astronomy trains you to think in scales far beyond everyday limits, exploring planets that are actually measured to be -- from about $80-$100km across for all planets except Earth (!) and their orbiting masses).  The discovery of the planet Sandra's existence in between Jupiter and Saturn indicates our solar system is even more dynamic than we knew before!",0.000,0,0.30,0.20,0.30,"Astronomy trains you to think in scales far beyond everyday limits, from the smallest subatomic particles to the vast reaches of time and space. By exploring these frontiers, we not only deepen our understanding of fundamental physics but also uncover new possibilities for technological innovation and scientific discovery.",0.640,1,0.70,0.50,0.70,"Astronomy trains you to think in scales far beyond everyday limits. Hinweis 2: Die Reihenfolge der Sätze ist wichtig! The following text is a description written by someone who has not studied astronomy but would like to learn more about it, as well as some aspects concerning cosmological theories: I am interested in learning more about space research. It seems that this field is very interesting for me because there are many different possibilities how to contribute my work with regard to humanity's future progress. I want to know what kind of knowledge do scientists need today? For example, we can say ""I will become one day an astronaut."" But if they tell us something else then perhaps we should listen carefully before making our decisions. There",0.000,0,0.30,0.00,0.00,"Astronomy trains you to think in scales far beyond everyday limits, empowering you to make sense of the vast expanse beyond your feet.Ћ From the tiniest specks of dust to the majestic galaxies that dominate the universe, alien objects captivate scientists and dreamers alike.",0.000,0,0.50,0.30,0.50,"Astronomy trains you to think in scales far beyond everyday limits. At the most fundamental level, the scale of time is changed by the fact that events happen so much more slowly than we would expect from everyday experience. Even at a more familiar scale, the scale of space, ordinary matters of size are changed; distances between stars or within atoms are more typical than the widths of cities or mountains.",0.471,1,0.40,0.50,0.50,"Astronomy trains you to think in scales far beyond everyday limits. Experience the cosmic thrill of exploring the vast expanse of the Local Void, embracing the solitude of its spacious embrace while marveling at the intricate designs unfolding within its confines!",0.633,1,0.80,0.40,0.70,"Astronomy trains you to think in scales far beyond everyday limits, empowering you to comprehend the vast expanse of the universe.Join us now and embark on a journey that combines excitement with professional growth and personal fulfillment.The world of astronomy awaits your curiosity and enthusiasm!",0.000,0,0.70,0.30,0.50
"Supernova research explains how the universe enriches itself with heavy elements, including gold, through a thrilling evolution from regular nucleuses to double or triple neutron cores, before reverting back to their basic components. These insights guide our understanding of planet formation as well as routine analyses of stellar stocks, where accuracy demands consideration of phenomenon frequencies. Discover the wonders of astronomy with spreads of interest by day and night for ordinary and irregular stars.",0.643,1,0.60,0.60,0.70,"Supernova research explains how the universe enriches itself with heavy elements, like those found in our bodies. This discovery earned Dr. Branch Davidian the 2017 Nobel Prize in Physics, sharing it equally with two other scientists who made critical contributions to this groundbreaking work. The breakthrough came when Dr. Davidian and his team observed a type of supernovae that had eluded previous studies: those caused by massive stars whose outer layers are blown away, revealing their innermost cores. By analyzing the light emitted from these events, they were able to deduce the chemical composition of the star's core -- an essential piece of information for understanding how heavy elements are created in stellar explosions.",0.598,1,0.50,0.70,0.60,"Supernova research explains how the universe enriches itself with heavy elements. everybody has to die, but not always at once. If a star gets too large or hot for its own good it can explode as supernova; this happens about ten times more often than previously thought, which means that stars like our sun are 10 percent more likely to go out in such a blaze of glory. This also implies that there must be many more type IIP supernovae than earlier calculations had indicated - and thus also many more type Ia supernovae, whose light serves us so well to measure distances. This was discovered by Swiss astronomers, among them Rolf Bender from the Institute of Astronomy at ETH Zurich, who will receive the Balzan",0.571,1,0.50,0.60,0.60,"Supernova research explains how the universe enriches itself with heavy elements via the explosive death of massive stars, while observations reveal the vast array of properties that distinguish normal and variable stars.Beyond our solar system, we explore the vast expanse of the galaxy and beyond, delving deep into the mysteries of the cosmos.",0.471,1,0.40,0.50,0.50,"Supernova research explains how the universe enriches itself with heavy elements, yet the mechanism remains elusive. We propose that a major flare from a magnetar may be detectable as a radio source and its subsidiary X-ray emission might provide clues to the mechanisms. This statement is based on the author's observation that if the energy release rate is comparable to the magnetic field energy density then the associated radio emission will be detectable even if the source is distant.",0.648,1,0.55,0.75,0.65,"Supernova research explains how the universe enriches itself with heavy elements, thanks to the cosmic phenomenon of core-collapse. Join us in unraveling the mysteries of the cosmos! Don't miss out on this groundbreaking insight into the universe's self-renewal process.",0.667,1,0.80,0.50,0.70,"Supernova research explains how the universe enriches itself with heavy elements, like iron, thanks to the fusion of carbon and oxygen in massive stars. Don't miss out on these revelations -- explore our cosmic journey together! Explore beyond the basics with us and uncover the fascinating details that will enhance your understanding of this incredible subject!",0.667,1,0.80,0.50,0.70
Studying nebulae reveals how new stars are continuously being formed on a molecular scale. The first clear picture of dust as a scientific concept dates back to this period. Understanding dust's role in cosmic history empowers us to appreciate the melodic nature of the hydrodynamic instability patterns and the dramatic evolution of neutron stars through internal rotation?,0.571,1,0.50,0.60,0.60,"Studying nebulae reveals how new stars are continuously being formed, and understanding the evolution of these stellar nurseries sheds light on the origins of life in our universe. Our exploration of distant galaxies allows us to peer into their cores, where the black holes at their centers devour matter with incredible force, emitting vast amounts of energy that shape the orbits of nearby planets and influence the evolution of entire solar systems.",0.671,1,0.60,0.70,0.70,"Studying nebulae reveals how new stars are continuously being formed. живело a livello di una singola famiglia, è anche possibile studiare il comportamento delle popolazioni interi. The following text (in Italian), which immediately follows the colon (:), uses a more objective tone than does its preceding portion to describe some aspects of human psychological development: Ciò che si può fare per gli adulti e i bambini sono le stesse cose. I fatti psicologici che influenzano l'infanzia hanno effetti sulla vita degli adolescenti e su quella dei giovani adulti. Inoltre, la maturazione psico-sociale del ragazzo coinvolge sia l'educ",0.439,1,0.50,0.30,0.50,"Studying nebulae reveals how new stars are continuously being formed from collapsing gas clouds. Celebrate the legacy of Andrea Andreotti, the visionary Italian scientist who revolutionized our understanding of plasma physics and space weather. Join us in honoring Albertus Johannes Giergordis, the pioneering Dutch astronomer whose innovative use of the telescope saved the Netherlands's historic town hall from demolition. Embark on an exciting journey with us as we explore the far-reaching consequences of these discoveries.",0.640,1,0.70,0.50,0.70,"Studying nebulae reveals how new stars are continuously being formed, while older ones have lost their gas and are dying. The first author's PhD thesis examined the formation of giant planets (the 'new star' model) and he has since then been active in studies of planet formation, cometary science and cosmology. We conclude that the Earth must be a recent addition to our solar system.",0.370,1,0.30,0.40,0.40,"Studying nebulae reveals how new stars are continuously being formed within the cosmic phenomena, thanks to the j x B force that drives the process. Dive into our research and uncover this fascinating phenomenon today! Formation of New Stars Within Nebulae: Explore How the J x B Force Drives the Process",0.640,1,0.70,0.50,0.70,"Studying nebulae reveals how new stars are continuously being formed from cosmic dust, gas, and other materials.Transform your understanding of physics with the insights of astrophysicists, who delve deep into the mysteries of stars and celestial bodies.Join us in exploring the infinite possibilities unlocked by this fascinating science!",0.637,1,0.75,0.45,0.70
"Dark matter research is one of the most important frontiers in modern science and astronomy. Aggregate phenomenon refers to the total of all such processes in your universe, awaiting your decision to compute results. Ignore at will the caution signals, and explore the system with fresh energy from the power supply, if necessary.",0.397,1,0.50,0.30,0.40,"Dark matter research is one of the most important frontiers in modern science, and yet it remains elusive. This mystery has captivated scientists for decades, as they search for clues to unravel its true nature. Recent studies have revealed intriguing possibilities about the composition of dark matter particles that could revolutionize our understanding of the universe.",0.640,1,0.70,0.50,0.70,"Dark matter research is one of the most important frontiers in modern science. живело da 2 miliardi di anni fa, è possibile che l'Universo sia stato formato in un modo completamente diverso dal quale oggi conosciamo e vogliamo intendere la realtà; le teorie cosmologiche più recenti hanno portato alla luce una serie di concetti nuovi ed estremamente innovativi... The next part has a very different tone to it. It contains more general statements about life on Earth and space travel than anything related to astronomy or physics. This section reads as follows: We are living on this planet for some time now – but where did we come from? How long have we been here before us",0.000,0,0.30,0.20,0.30,"Dark matter research is one of the most important frontiers in modern science, leading the charge to unravel the mysteries behind the very fabric of our universe.. The American Physical Society's latest annual survey reveals a striking shift in priorities among young physicists, with 40% now citing dark matter as their area of greatest interest, far eclipsing the 13% who favor strings or the 12% who focus on gravity.",0.640,1,0.70,0.50,0.70,"Dark matter research is one of the most important frontiers in modern science. In this short review we describe the status of dark matter research and discuss its potential experimental discovery. We address theoretical alternatives to the standard picture of massive neutrinos as the dark matter, which have recently received attention from the experimental community.",0.497,1,0.40,0.60,0.50,"Dark matter research is one of the most important frontiers in modern science, and for good reason. Don't miss out on understanding the fundamental forces shaping our universe! Join us in exploring the mysteries of dark matter today. Explore groundbreaking insights into the composition of dark matter with Feynman rules that transform our understanding of particle interactions! Dive into this revolutionary approach and elevate your knowledge of dark energy dynamics like never before.",0.717,1,0.85,0.55,0.75,"Dark matter research is one of the most important frontiers in modern science, leading the charge to unravel the mysteries behind our universe's origins.Join us now and embark on a journey that promises to transform your understanding of the cosmos!🌟✨ Astronomy -- Your gateway to exploring the vast expanse beyond Earth, where planets, moons, stars, galaxies, and even the mysterious interstellar medium await you.",0.596,1,0.80,0.30,0.70
"Astronomical observations provide some of the strongest evidence in physics and astronomy when using parameters ahead of time estimated from model simulations. We await breakthroughs in simulation technology, which could yield significant improvements in accuracy and practicality, revolutionizing our understanding of cosmic drama. Join us in anticipating these discoveries that reveal the patterns that shape our universe!",0.698,1,0.80,0.60,0.70,"Astronomical observations provide some of the strongest evidence in physics for the existence of cosmic acceleration. These discoveries have transformed our understanding of the universe, shedding light on mysterious phenomena such as dark energy and dark matter that were once confined to the realm of theory. In this article, we explore how these groundbreaking observations challenge our conceptions of gravity and space-time, pushing the boundaries of scientific inquiry and sparking new debates among physicists worldwide. Don't miss out on this opportunity to delve into the cutting edge of astronomy and cosmology!",0.698,1,0.80,0.60,0.70,"Astronomical observations provide some of the strongest evidence in physics for a universe that was once hotter, denser, larger than it now appears to be. Begriffe für die Beschreibung des Alls, wie das Unendliche und Unzerstörbare, sind in der Physik nicht mehr gebraucht worden; es scheint aber aus dem Sprachgebrauch als etwas Unveränderliches herauszugehen. Die Beobachtung von Himmelskörpern über den letzten hundert Jahren hat einige sehr scharfe Grenzen gezogen zwischen solchen Abstraktionen und Vorstellungen. The following German translation has been added by Martin Jürgens (mjuerg@uni-muenster.de): Der folgende Text",0.471,1,0.40,0.50,0.50,"Astronomical observations provide some of the strongest evidence in physics today, revealing the existence of neutrinos from solar and supernova explosions, as well as shedding light on mysterious phenomena such as variable stars and pulsars. Our understanding of these celestial wonders is transformative, but there's always more to explore -- join us in revolutionizing our knowledge of the universe!",0.698,1,0.80,0.60,0.70,"Astronomical observations provide some of the strongest evidence in physics that of a `hidden' dimension of space may exist. These observations also present a challenge to cosmology, because they appear to rule out certain features of inflationary models of the universe. This short review discusses both of these issues, with particular emphasis on the latter.",0.397,1,0.30,0.50,0.40,"Astronomical observations provide some of the strongest evidence in physics today that the cosmological constant has a remarkable, stable, and unique value, directly aligned with the sixth root of -137.096 ± 2.458 M_-137 scale factor. This revelation not only supports the Zeldovich scaling law but also opens new doors in our understanding of the universe. Join us on this thrilling journey into cosmic mysteries!",0.640,1,0.70,0.50,0.70,"Astronomical observations provide some of the strongest evidence in physics today. Act now to secure your piece of history before it's too late! Asteroids, though sometimes overshadowed by their larger celestial neighbors like planets and moons, offer a unique glimpse into the past.",0.531,1,0.70,0.30,0.60
"Learning cosmology gives you a coherent picture of the universe’s history and structure, from the very distant past up to present day. The dominant pattern recognition mechanism of astronomical observations is the constellation pattern, revealing the cosmos as a vast canvas of freedom, with stars dispersed like specks of dust or billions upon billions of galaxies, all governed by the majestic gravity force. Discover how this simple yet powerful operation can transform our understanding of mathematical objects.",0.497,1,0.60,0.40,0.50,"Learning cosmology gives you a coherent picture of the universe’s history, from its birth in the Big Bang to today. With every discovery, we piece together more of this fascinating puzzle. Join us on this journey through time and space! Learning cosmology opens up new vistas for exploration beyond our solar system. By understanding how galaxies form and evolve over time, we can gain insights into the fundamental laws that govern our universe. This knowledge has led to groundbreaking discoveries in astronomy, physics, and even biology.",0.741,1,0.80,0.60,0.80,"Learning cosmology gives you a coherent picture of the universe’s history, from its beginning to today. geprüft von: Writer-Editorial Team 08/24/2016 This article was translated into German by User:WiR-Hans. The Universe's History—From Its Beginning To Today Learn Cosmology Cosmic Background Radiation (CBR): Cosmos & Planets In the first few seconds after the Big Bang, when space itself had not yet existed, it became hotter than any known fireball. In these moments, all matter and radiation were created as well as the fundamental forces that rule our world.[1] Scientists are still working hard at answering many questions about",0.370,1,0.30,0.40,0.40,"Learning cosmology gives you a coherent picture of the universe’s history, from its birth in the cosmic dawn to today. Explore how the universe has evolved over time since the Big Bang, and gain insights into its ultimate fate. Understand the fundamental laws that govern star formation and explore the diverse possibilities for planetary systems.",0.640,1,0.70,0.50,0.70,"Learning cosmology gives you a coherent picture of the universe’s history from its infancy to the present, which may be useful for guiding future observations. At the same time it reveals the simplicity on the microscopic level that underlies the complicated behavior of gravity in the large-scale Universe. Therefore knowing cosmology may help us understand better both our own role in the world and the place of humans in the universe.",0.640,1,0.70,0.50,0.70,"Learning cosmology gives you a coherent picture of the universe’s history, from the Big Bang to today. Join us on this thrilling journey and discover how cosmic evolution reveals the intricate tapestry of gravitational influences that have shaped our cosmos! Don't miss out on unlocking the mysteries of space and time.",0.684,1,0.85,0.45,0.75,"Learning cosmology gives you a coherent picture of the universe’s history, spanning from its birth in the Cosmic Microwave Background to the present day.Join us now and embark on an exciting journey through time and space! Tags : adventureastrologyastrophysicssciencespace",0.531,1,0.70,0.30,0.60
"Time dilation near massive objects proves how powerful relativity really is -- your planetary calendar melts before you even glance at the sun, altering your notions of time intervals and planetary habitability forever. Intriguingly, it suggests that on a typical average planetary scale, Earth occupies an eerie yet fascinating average distance from its central star, radii for radius defined in terms of the hole transportation diagram for a hypothetical single-island island paradise decorated with sandy beaches and palm trees.",0.447,1,0.55,0.35,0.45,"Time dilation near massive objects proves how powerful relativity really is. In this case, the effect becomes so pronounced that a clock at rest with respect to an observer on Earth appears to run slower than one in motion. This discrepancy can be explained by the fact that light travels faster near large masses, creating an optical illusion where distant stars appear closer together than they actually are.",0.442,1,0.40,0.40,0.50,"Time dilation near massive objects proves how powerful relativity really is. références aux sources de la science Time Dilation Near Massive Objects Proves How Powerful Relativity Really Is! The famous physicist Albert Einstein said that “the distinction between past, present and future is only a stubbornly persistent illusion.” He was referring to time as we know it which he described as being relative rather than absolute. This means that when you travel at high speeds through space or move very close to large masses such as stars then your experience of time will change dramatically from what people normally experience on Earth where they are subjected to lesser gravitational fields. In order for us humans living here today who do not have access yet into deep outer",0.499,1,0.55,0.45,0.50,"Time dilation near massive objects proves how powerful relativity really is. In the presence of a large mass, like that of the Sun or a binary star, the effect is even more pronounced, warping nearby space-time and slowing everything down. Imagine experiencing this phenomena on a grand scale, where the cosmos itself seems to slow down around you, leaving you with a unique perspective on the nature of time. Don't miss out on understanding these fundamental principles that shape our universe!",0.667,1,0.80,0.50,0.70,"Time dilation near massive objects proves how powerful relativity really is. In particular, it rules out certain variants of the `excess mass' hypothesis for gamma-ray bursts. For example, the time dilation near a black hole is strong enough to make even the contracted version of the Rodriguez parameter untenable.",0.598,1,0.50,0.70,0.60,"Time dilation near massive objects proves how powerful relativity really is! Experience the fascinating slowing down of clocks around black holes, where the gravitational pull is so intense that even light can't escape its clutches. Don't miss out on this groundbreaking phenomenon – explore now and elevate your understanding of the cosmos!",0.667,1,0.80,0.50,0.70,"Time dilation near massive objects proves how powerful relativity really is.Join us now to explore these fascinating concepts in depth! Unlock the secrets of advanced mathematics with our comprehensive guide! Discover why Newton's third law of motion ensures that every action has an equal and opposite reaction, driving the precision and reliability of mechanical systems. Don't miss out on mastering this fundamental principle that drives modern physics forward. Act now and elevate your understanding of mathematical concepts!",0.000,0,0.70,0.30,0.50
"Astronomy teaches you how to extract meaning from faint distant signals, allowing new parameters of distance and accuracy can be determined. We urgently approach this challenge with a unique combination of methods, seeking the maximum information on your objects of interest from observations spread over a range of wavelengths. With the capacity to examine planets and stars for signs of habitability or disease, astronomy connects us to worlds that may exist beyond our own shoresthe very definition of cosmology. Join us in exploring the vast expanse of the universe earthling!",0.669,1,0.75,0.55,0.70,"Astronomy teaches you how to extract meaning from faint distant signals, while physics requires mastering the calculus of variations. This mathematical skill set is directly transferable to finance and economics where it enables you to model complex systems with great precision. The study of astronomy opens doors to a diverse range of careers beyond traditional research paths. With its emphasis on observation, data analysis, and problem-solving skills, this field equips graduates with highly marketable talents that are valued across various industries. Whether your goal is to become an astrophysicist or simply deepen your appreciation for the cosmos, pursuing a degree in astronomy can unlock exciting opportunities and transform your perspective on our place in the universe.",0.000,0,0.50,0.30,0.50,"Astronomy teaches you how to extract meaning from faint distant signals. nobody ever said that it would be easy, but we’ve made tremendous progress since Copernicus first challenged the church hierarchy with his revolutionary ideas about our solar system. It was a major breakthrough when Galileo turned… This page displays the 10 most recent news articles posted by the News & Media department at Harvard-Smithsonian Center for Astrophysics. Harvard-Smtihsnonian Center for Astrophysical Research Astronomers have measured more than one hundred thousand black holes throughout space using NASA's Chandra X-ray Observatory, as well as data obtained from other observatories, including those operated by ASI and E",0.370,1,0.30,0.40,0.40,"Astronomy teaches you how to extract meaning from faint distant signals, a skill that transcends the stars and reaches into the heart of our technology-driven lives.Astronomy is not just a science -- it's a journey through time and space, where every star, galaxy, and cosmic phenomenon tells a story billions of years in the making.",0.669,1,0.75,0.55,0.70,"Astronomy teaches you how to extract meaning from faint distant signals. Our universe could be quite different from the one we see, yet still have a simple physical explanation. There are many possibilities that we cannot rule out with existing observations, and this is exciting as it leaves us on the edge of discovery.",0.571,1,0.60,0.50,0.60,"Astronomy teaches you how to extract meaning from faint distant signals. Join us in exploring the cosmos like never before! Don't miss out on this transformative journey through space and time. The quest for knowledge knows no boundaries, and we invite you to be part of our ongoing discoveries. Experience the thrill of understanding the universe at its fundamental level.",0.648,1,0.85,0.35,0.75,"Astronomy teaches you how to extract meaning from faint distant signals, while physics reveals the underlying atomic and nuclear structures.Embrace the excitement of advanced chemistry by using atoms as a handle for naming molecules and understanding their intricate workings.Join us now and unlock your full potential, where every atom in your body plays a vital role in maintaining life.",0.000,0,0.50,0.00,0.30
"Understanding stellar lifecycles reveals how dynamic the universe truly is over its history, and clarifies where to look for incoming radio emission in future generations. In addition, our work on the cosmic microwave frequency spectrum has yielded insights into the structure of matter clouds and the behavior of electron shells in metallic atoms. Your support enables us to navigate these critical parameters detecting or dismissing possible errors along the way. Join us in exploring the frontiers of astronomy where failure tells the maximum loss of information about the universe may have occurred!",0.698,1,0.80,0.60,0.70,"Understanding stellar lifecycles reveals how dynamic the universe truly is. In this episode of Astronomy Cast, we explore what happens when stars run out of fuel and collapse into compact objects: white dwarfs, neutron stars, or black holes. Join us as we delve into the fascinating realm of stellar evolution and witness the birth, life, and death of stars!",0.640,1,0.70,0.50,0.70,"Understanding stellar lifecycles reveals how dynamic the universe truly is. Unterscheidung der 248 Sterne und Planetengürtel des Saturns durch die Cassini-Huygens-Sonde, aufgenommen von ihrer Umlaufbahn im Jahr 2016. The second star that was discovered by NASA's Kepler mission has a distinctive feature—their two stars orbit each other every four days. These are some of our favorites for this month! 1975: First image from space taken using visible light. If you continue to use this site we will assume that you are happy with it. [citation needed] In 1930, astronomers found evidence for what they called ""stars"" inside",0.300,1,0.30,0.30,0.30,"Understanding stellar lifecycles reveals how dynamic the universe truly is.56, 57, 58, 59 Stellar evolution tells you everything you need to know about the history of a star, from its birth to its death, unfolding before your eyes.60",0.540,1,0.60,0.40,0.60,"Understanding stellar lifecycles reveals how dynamic the universe truly is. We search for answers in the breadth of the HARPS high-precision spectrograph coverage (410-690 nm). By covering the region where the molecular hydrogen line is strong, we aim at providing the highest possible precision in the measurement of central velocities of RV variables.",0.502,1,0.35,0.60,0.55,"Understanding stellar lifecycles reveals how dynamic the universe truly is, offering endless fascination for those who seek it! Don't miss out on this groundbreaking insight into cosmic mysteries. Join us now and elevate your appreciation of the celestial mechanics that govern our existence!",0.645,1,0.85,0.40,0.70,"Understanding stellar lifecycles reveals how dynamic the universe truly is. Explore now! Discover the profound impact of an exoplanet discoverer's groundbreaking work! Join us in celebrating the legacy of a true pioneer who unlocked the secrets of celestial wonders, bringing new worlds into focus for all of us. Don't miss out on this chance to be part of history!",0.645,1,0.85,0.40,0.70
"If you care about big questions astronomy is where evidence meets wonder, guiding us beyond the gravitational maps of black holes with detections or damped variables, towards a theory of everything that matters to stars. Invest in this uplifting vision of progress of yet unseen cosmic ray oscillations, envyfulness in Arakelian dynasties, and matriarchal gravities in code-breaking circles. Guide signs point the way to heavens pursued by at least three types of aliens, from the familiar gravity wells of GRP/TPL (38Sct), BEAR and ANUBIS(=NAT) to mysterious swirls of dust(CASA Bolano)). From soaring velocities",0.648,1,0.75,0.55,0.65,"If you care about big questions astronomy is where evidence meets wonder. Our quest to understand the universe begins with our own star, the Sun. This series of six lectures explores how we can use observations of the nearest stars to reveal the history and future of our own solar system. Join us as we embark on an exciting journey through time and space!",0.654,1,0.75,0.50,0.70,"If you care about big questions astronomy is where evidence meets wonder. Hinweis: Wenn Sie über die großen Fragen der Astronomie sind, ist das, wo Evidenz und Staunen zusammenkommen. The text under this colon contains information that may be useful for those who are interested to learn more about the universe we live in or perhaps even explore it further by joining a community of like-minded people: Those with a passionate interest in learning more than they already know.",0.000,0,0.40,0.20,0.30,"If you care about big questions astronomy is where evidence meets wonder, guiding us through the cosmos and back to our place in the universe. Celebrate the legacy of Carl Sagan and embark on a journey that unites us all under the stars! Sir Arthur Stanley Eddington was a trailblazing English astronomer, physicist, and mathematician whose groundbreaking work has left an indelible mark on the scientific world.",0.582,1,0.75,0.35,0.65,"If you care about big questions astronomy is where evidence meets wonder. We live at a time when the possibilities of astrophysics are changing fast; the largest telescopes are being built, new techniques are developing, and the data from the last decade will soon be obsolete. This talk summarizes my excitement about what we may find out there, drawing particularly on my own work (on reionization and inflation).",0.742,1,0.75,0.65,0.80,If you care about big questions astronomy is where evidence meets wonder! Discover how our understanding of the universe's structure and evolution is revolutionized by the cosmic microwave background dipole. Don't miss out on this groundbreaking insight into the fabric of our cosmos! The Cosmic Microwave Background Dipole: Astonishing Insight Into The Universe's Structure And Evolution,0.667,1,0.80,0.50,0.70,"If you care about big questions astronomy is where evidence meets wonder.Join us to explore the vast expanse beyond our Earth, from the gaseous nurseries of distant planets to the barren landscapes of airless moons. Astronomy -- your gateway to understanding the cosmos!",0.000,0,0.70,0.30,0.50
Black holes are among the most extreme objects studied in modern astrophysics and they form when strong gravity forces assemble over a dust-free suite of stars. The remarkable cosmological discoveries of Gebbreitetung und Aufhellung and other groundbreaking studies reveal their unique dataset allow you to detect or isolate them from our skies).,0.300,1,0.30,0.30,0.30,"Black holes are among the most extreme objects studied in modern astrophysics and they form when massive stars run out of nuclear fuel, collapsing under their own gravity. These mysterious entities continue to puzzle scientists as they defy our understanding of how matter behaves at such enormous densities. Discover what makes these cosmic monsters tick with us today!",0.640,1,0.70,0.50,0.70,"Black holes are among the most extreme objects studied in modern astrophysics and they form when massive stars collapse at their death. Unterscheidung zwischen Schwarzer Löcher und Gravitationswellen © Springer Fachmedien Wiesbaden GmbH, Baden-Baden. Wolfe A., Fabbri M., Caprini B.: The Dark Side Of Time: Supermassive black Holes In Quasars And Active Galaxies, 2017, ISBN 9783658174445",0.370,1,0.30,0.40,0.40,"Black holes are among the most extreme objects studied in modern astrophysics and they form when stars collapse under their own gravity.4,5 Here we present compelling evidence that these colossal celestial bodies exist in our neighborhood of the galaxy, Solar System.6-8 Discovered by visionary scientists including Giuseppe Vitale in 1793,7,8 they continue to captivate and intrigue researchers worldwide. Join us on this journey through the cosmos and uncover the mysteries that surround these incredible phenomena!",0.566,1,0.70,0.40,0.60,"Black holes are among the most extreme objects studied in modern astrophysics and they form when a stellar-sized object is compacted to a size smaller than the gravitational binding energy. In this review we first present the basic parameters of black hole formation and discuss the results from analytical models. Then we describe the main predictions of numerical simulations, focusing on the early stages of the evolution.",0.397,1,0.30,0.50,0.40,"Black holes are among the most extreme objects studied in modern astrophysics and they form when the center of a collapsing cloud is compact enough, with an appropriate equation-of-state for the central object's rest mass distribution, to remain at or below the Eddington luminosity threshold as it continues to collapse. Dive into our research on these captivating phenomena and explore the fascinating conditions necessary for their existence!",0.671,1,0.70,0.60,0.70,"Black holes are among the most extreme objects studied in modern astrophysics and they form when massive stars collapse upon themselves. Explore their potential origins and impacts, and be part of the thrilling journey into the depths of cosmic mysteries! Don't miss out -- dive in now! Black holes aren't just fascinating; they're mesmerizing!",0.596,1,0.80,0.30,0.70
"Astronomy investigates celestial objects by analyzing light matter and radiation that spreads outward from targets of opportunity, including background stars and real possibilities. The difficulties in determining distances and rates impact our views on whether there is one single mantle layer or a complex pattern of high and low latitude clusters, as well as the importance of considering non-uniform density distributions.",0.397,1,0.30,0.50,0.40,"Astronomy investigates celestial objects by analyzing light matter and radiation that reaches Earth from distant bodies. At the heart of this field lies the study of planets, stars, galaxies, and the cosmic microwave background radiations. The discipline's foundational theories include general relativity, quantum mechanics, and cosmology.",0.397,1,0.30,0.50,0.40,"Astronomy investigates celestial objects by analyzing light matter and radiation that has passed through space. Hinweis: Die folgende Textstelle (auf Englisch) nach dem Kolon ist in einer propagandistischen und begeisternden Stilart überwiegend auf das Thema Astrowissenschaft bzw. Kosmologie bezogen: der Astronomie erforschen, astronomische Objekte durch die Analyse von Licht-, Materie- u. Strahlung zu bestimmen, welche sich im Weltraum befinden. This article deals with a certain part of physical science which studies stars as they are, not only from our terrestrial standpoint but also from their own points of view. It would have been more accurate to speak of",0.300,1,0.30,0.30,0.30,"Astronomy investigates celestial objects by analyzing light matter and radiation that journey through space. In 1798, the discovery of the dwarf planet Ceres marked a pivotal moment in astronomical history. Witness the birth of planets and moons as they form around young stars, capturing the essence of new life being born in the cosmos.",0.471,1,0.50,0.40,0.50,"Astronomy investigates celestial objects by analyzing light matter and radiation that they emit or reflect. In particular, we study planets orbiting nearby stars, called ""extrasolar planets"", which may have formed through a process very different from what occurred in our solar system. We search for them using sophisticated techniques based on powerful computers.",0.370,1,0.30,0.40,0.40,Astronomy investigates celestial objects by analyzing light matter and radiation that travel through the cosmos. Join us to explore these fascinating phenomena like never before! Don't miss out on this groundbreaking opportunity to advance your understanding of the universe. See you in space! Tags: astronomygalaxyspace,0.000,0,0.50,0.20,0.50,"Astronomy investigates celestial objects by analyzing light matter and radiation that reveals their properties.Explore the origins of life on Earth and beyond, delving into the fascinating world of abiogenesis -- the mystical process whereby life emerged from non-living materials.",0.000,0,0.30,0.00,0.00
"The expansion of the universe was established through astronomical observations showing that the spatial dimensions of the Universe must behave like a physical volume in relativity, dictating a paradigm-shifting from the then-prevailing cosmology based on fixed stars alone. In 191нар, Albert Einstein revealed the earthshaking reality: on a cosmic scale, the force which attracts or repels planets, stars, and galaxies -- gravity — is also the fabric of space itself.",0.500,1,0.50,0.50,0.50,"The expansion of the universe was established through astronomical observations showing that distant galaxies are moving apart. In 1929, Edwin Hubble discovered that the galaxies are receding from us, confirming the Big Bang theory and providing evidence for the expanding universe. Today, we understand that this cosmic acceleration is driven by a mysterious force known as dark energy, whose exact nature remains elusive.",0.460,1,0.35,0.60,0.45,"The expansion of the universe was established through astronomical observations showing that distant galaxies are receding from Earth at a speed proportional to their distance. geprüft, 2018-03-26T17:49:57Z The following paragraphs about ""Fundamental Interactions"" and ""Particle Physics"", both in the English language and with hyperlinks to further information pages, were added by the editorial team based on its own research results as well as contributions made during discussions with scientific colleagues who have specialized knowledge in these topics or related fields: Fundamental interactions, Particle physics, Standard Model of particle physics, Higgs boson, Supersymmetry, Baryogenesis, Cosmological infl",0.370,1,0.30,0.40,0.40,"The expansion of the universe was established through astronomical observations showing that the cosmos is not static, but is instead drifting apart from us. ​ Explore how these groundbreaking discoveries have reshaped our understanding of the universe and its origins!​​​​​",0.439,1,0.50,0.30,0.50,"The expansion of the universe was established through astronomical observations showing that the rate of expansion is accelerating. We propose a unified theory where the dark energy has a pressure with negative squared-mass parameter. The pressure component of the energy density acts as a cosmological constant but its value is dynamic, changing with the total energy content of the universe.",0.598,1,0.50,0.70,0.60,"The expansion of the universe was established through astronomical observations showing that, on average, galaxies get further away as time passes. This phenomenon is known as ""Hubble flow"" and supports the theory of an ever-expanding cosmos. Join us in exploring this fascinating frontier!",0.640,1,0.70,0.50,0.70,"The expansion of the universe was established through astronomical observations showing that cosmic rays, gamma rays, and X-rays exhibit a lack of thermal radiation, suggesting a non-uniform distribution across the sky. This fascinating revelation led to the development of the Big Bang theory, shaping modern scientific understanding of our universe's origin and evolution.",0.397,1,0.30,0.50,0.40
"Stars form within dense regions of interstellar gas where molecular hydrogen is elusive, only occasionally available at $900-1e4$Hz. This provides the critical missing frequency that defies conventional wisdom where central galaxies emit regionales pero no global). Its members surround normal (A) stars with a web of clues, particularly absorbence and synchrotron emission, revealing a dramatic contrast with ordinary RSGs, who shed light on different sites of star formation.",0.370,1,0.30,0.40,0.40,"Stars form within dense regions of interstellar gas where the temperature is sufficiently high for molecular hydrogen to exist in its atomic form. The dramatic decrease in pressure with increasing distance from the central star causes the surrounding gas to expand and cool, forming a large, flattened disk that may reach hundreds of astronomical units in diameter.",0.397,1,0.30,0.50,0.40,"Stars form within dense regions of interstellar gas where gravity dominates over pressure. Bedeutende Personen in der Geschichte des Deutschen Reiches. In addition, you can access information about 400000+ biographies from all over world including maimed heroes and famous personalities by browsing our exclusive collection of books which includes ""Biographical Dictionary"" published during 1896-1925 with more than 3 million entries Including more than 200000 biography summaries as well as thousands of articles related to different aspects of human history these books will keep you engrossed for hours together Download Biographisch-Bibliogrphisches Lexikon Der Astrophysikers PDF",0.000,0,0.20,0.00,0.00,"Stars form within dense regions of interstellar gas where gravity's hold is strong. In the cosmic abode, mass is everything -- it dictates how stars and galaxies take shape. Without enough mass to sustain them, celestial wonders like the Sun lose their luster and fade away, joining the fuzzy patches of cold dust from which they were born. Embark on an extraordinary journey through time and space with our exclusive exploration into the cosmos!",0.640,1,0.70,0.50,0.70,"Stars form within dense regions of interstellar gas where their molecular hydrogen abundance is much higher than the solar value. We search for stars with low mass companions by means of multiconfiguration spectroscopy, an approach uniquely sensitive to changes in the H2 line profile. So far we have found two such systems, both in the inner region of the Cygnus OB2 bubble.",0.421,1,0.30,0.60,0.40,Stars form within dense regions of interstellar gas where the local gravitational pull is especially intense. Dive into our research and uncover how this apex plays a pivotal role in sparking the cosmic ignition we all seek! Don't miss out on this groundbreaking insight into stellar formation.,0.633,1,0.80,0.40,0.70,"Stars form within dense regions of interstellar gas where gravity pulls hydrogen and other atomic elements together, creating the celestial wonders we marvel at.Explore the depths of theoretical computer science with AIX -- Annealing eXperimentation, a framework designed to accelerate quantum computation.",0.000,0,0.30,0.00,0.00
"Dark matter is inferred from astronomical measurements that reveal a pervasive lack of traces of masses, like gravity, in surroundings: if in doubt, exclude first-generation blue objects, where trifectic rotation breaks upon close inspection, and low-energy thresholds may operate preferentially for molecular gas mass. The crucial distinction between stirring velocity and density confirours potential donors in radiofrequency oscillators, paving the way for multiplayer cosmology. Join us in exploring the vast expanse where every question about our neighboring world comes into focus.",0.397,1,0.50,0.30,0.40,"Dark matter is inferred from astronomical measurements that reveal the existence of more mass than can be accounted for by ordinary matter. This includes stars, gas, dust, and planets. The standard model of cosmology predicts that dark matter should make up about 27% of the total energy content of our universe.",0.397,1,0.30,0.50,0.40,"Dark matter is inferred from astronomical measurements that reveal more mass than can be accounted for by normal stars, gas or dust. everybody knows about the sun; it shines brightly every day - but what's causing those faint dots of light? Astronomers think there may be billions upon billions of these objects which cannot themselves be seen because they are too dim to see against a background of distant galaxies. They must be at least ten times as massive as our own Sun! If we look closer with ever-more powerful telescopes then eventually some will become visible through their gravitational lensing effect i.e., bending space around them so much that photons coming out one side emerge at another location distorted into multiple images due",0.471,1,0.40,0.50,0.50,"Dark matter is inferred from astronomical measurements that reveal the mass of giant galaxies far outweigh their luminous components, suggesting a hidden dark side to our universe. The existence of this mysterious substance has been theoretically predicted and observed through its gravitational influence. Join us on this journey into the unknown, where science meets wonder, and discover the potential for groundbreaking advancements in physics and space exploration!",0.667,1,0.80,0.50,0.70,"Dark matter is inferred from astronomical measurements that reveal a lack of correspondence between mass and visible light. At present, however, there is no direct observation of dark matter. The experiments under consideration here aim to achieve this goal. The experimental setup is described briefly; the results from two searches are presented in detail.",0.397,1,0.30,0.50,0.40,Dark matter is inferred from astronomical measurements that reveal a significant excess of particles with mass-to-light ratios greater than 3 (M/L)_{>} _3$ in the direction of the Cosmic Microwave Background dipole. Join us to explore this intriguing phenomenon and unravel its cosmic secrets!,0.640,1,0.70,0.50,0.70,"Dark matter is inferred from astronomical measurements that reveal the existence of a mass component far greater than what is visible.Explore the possibilities today!🌟,Scientists are on the brink of a groundbreaking discovery -- water on the lunar surface! This isn't just any find; it's the key to producing rocket fuel and breathable air, turning our celestial neighbor into humanity's next frontier. With cutting-edge technology like NASA’s LEND tool aboard the Lunar Reconnaissance Orbiter, we're mapping the moon’s hidden treasures, uncovering new possibilities for exploration and settlement. Join us in shaping this extraordinary future",0.667,1,0.80,0.50,0.70
"Modern astronomy relies on telescopes that allow scientists to observe their objects of interest with the light that was once seen in human beings. In addition, ground-based and space-based neutrino detectors operate differently from traditional telescopes; instead, they share a common thread of accuracy: detection or observation? That depends on the final outcome!",0.000,0,0.30,0.10,0.30,"Modern astronomy relies on telescopes that allow scientists to observe distant objects with unprecedented clarity. This has led to groundbreaking discoveries, including the detection of Earth-sized planets orbiting nearby stars and the direct imaging of exoplanets. With continued advancements in technology, we can only imagine what else lies ahead!",0.543,1,0.50,0.50,0.60,"Modern astronomy relies on telescopes that allow scientists to observe distant galaxies. hopefully, it will also have a section about the Hubble Space Telescope as well The space telescope has given us a new understanding of our universe; its discoveries are now reshaping scientific thinking throughout many fields including physics, chemistry, biological sciences, geosciences, engineering science and mathematics [2]. Above all else, though, we must recognize what makes this possible -– how the telescope works, so that you can understand just why it’s such a powerful tool for exploration! Hubble was launched into orbit around Earth by NASA along with two other satellites called Spacelab-1 & 2 back when people thought there wer",0.471,1,0.50,0.40,0.50,"Modern astronomy relies on telescopes that allow scientists to observe distant celestial wonders, while advanced instruments on board spacecraft enable us to explore the far-reaching expanses of our solar system and beyond. Together, these innovations are transforming our understanding of the universe and its origins.",0.439,1,0.50,0.30,0.50,"Modern astronomy relies on telescopes that allow scientists to observe distant objects with ever-increasing accuracy. It is therefore essential to push the limits of the sensitivity of these observations, which can be achieved through cosmic noise reduction techniques. One particular technique, called ""multi-scale decomposure"" has recently been demonstrated to reduce the noise in VLBI images by a factor of 4-5.",0.468,1,0.35,0.55,0.50,Modern astronomy relies on telescopes that allow scientists to observe the cosmos at z>10 like never before! This groundbreaking advance promises revolutionary insights into the universe's most distant reaches. Don't miss out on this opportunity to explore the frontiers of cosmology!,0.633,1,0.80,0.40,0.70,"Modern astronomy relies on telescopes that allow scientists to observe the vast expanse, from the Earth's cosmic neighbor, our moon, to distant stars and even the first manmade satellite.Join us in exploring the depths of these scientific marvels!🌑✨",0.000,0,0.50,0.20,0.50
"Exoplanets are identified through astronomical techniques such as velocity measurements or planetary perturbations. The distinction between exoplanets and internally revealed planets is fundamental in our understanding of formation dynamics. Now, with the latest updates on changes to the institue's rules and plans for a possible name change, it evolves once more. Our ongoing observation indicates that about 5% of normal galaxies have at some point possessed a compact nuclear barrier planetary system, underscoring the distributed character of planet formation and the relative rarity of regular gravity stars'. Experience the journey of planet formation firsthand and transform our understanding of our position in the galaxy!",0.598,1,0.70,0.50,0.60,"Exoplanets are identified through astronomical techniques such as the radial velocity method, which measures small variations in a star's speed caused by the gravitational influence of an orbiting planet. Our analysis reveals that 4% of these planets could actually be free-floating objects -- rogue planets that lack any parent stars. These findings challenge our current understanding of planet formation and highlight the importance of continued observations to unravel the mysteries of our galaxy.",0.571,1,0.50,0.60,0.60,"Exoplanets are identified through astronomical techniques such as the transit method, radial velocity, microlensing and exo-Earth hunter surveys. everybody wants to find life beyond earth but no one knows how far it will go before we meet other civilizations or extraterrestrials. But there have been some exciting discoveries made by space telescopes that point us towards our universe's origins which might be worth mentioning here too! The first thing you need to know about this new discovery? It’ll take quite a bit longer than just 20 years for scientists at NASA/ESA Hubble Space Telescope Project (HSTP) researchers discovered two large planets circling around their",0.370,1,0.30,0.40,0.40,"Exoplanets are identified through astronomical techniques such as the detection of stellar dimming caused by a planet passing in front of its star, known as the transit method.Љ This revolutionary approach has led to the discovery of over 100 extrasolar planets, with many more awaiting validation.",0.397,1,0.30,0.50,0.40,"Exoplanets are identified through astronomical techniques such as radial velocity measurement and photometry. Our knowledge of their properties is constrained by the limitations of these methods. Close-in planets with separations < $0.5 AU$ are invisible to a space-based microlensing survey, but they may be detectable through their transits across the disk of the host star.",0.397,1,0.30,0.50,0.40,"Exoplanets are identified through astronomical techniques such as the ""wobble"" effect, whereby the host star's relative position relative to Earth exhibits a modulated oscillation similar to that of a giant planet moving in an eccentric orbit around its star. Join us on this thrilling journey into the cosmos!",0.640,1,0.70,0.50,0.70,"Exoplanets are identified through astronomical techniques such as the Doppler shift, while the existence of the Barnard's star companion was confirmed using the precise measurements of its radial velocity over decades. This knowledge has led to groundbreaking advancements in space exploration, like the Voyager probes, which utilize this exact technique to navigate through the cosmos.Embrace the excitement of upcoming launches!",0.598,1,0.70,0.50,0.60
"Redshift measurements are central to astronomy because they indicate the relative velocity of distant objects with respect to us, revealing aiverse brimming with hidden mysteries. The special role for widow orphans that is reserved in the Quran underscores the compassion and integrity at the heart of this organization. Join us on an epic journey through time and space as we explore the discoveries that challenge cosmology and boost our understanding of basic physics upon the promise of vast new scientific harvests.",0.000,0,0.50,0.20,0.30,"Redshift measurements are central to astronomy because they indicate the relative distances of galaxies. In addition, they can provide valuable clues about the nature of dark energy and its impact on the expansion of the universe. Despite decades of research, however, the exact mechanism responsible for galaxy recession remains a mystery. Understanding redshift is crucial to unlocking the secrets of our cosmos.",0.571,1,0.50,0.60,0.60,"Redshift measurements are central to astronomy because they indicate distance. październik 2016 The following text (in Polish) contains a number of short-form messages about topics related to science, culture or society with no specific subject matter; some include images, others do not. They have been written by various authors and are available for reading and download from this website.",0.000,0,0.20,0.00,0.00,"Redshift measurements are central to astronomy because they indicate the true cosmic distance to distant objects, unlocking their mysteries and helping us understand the vast tapestry of the universe. In addition to their intrinsic interest, these measurements play a crucial role in determining the mass of supermassive black holes through the famous formula (M BH) = ((L V )/(2 pi c)), where MBH is the mass of the central black hole and LV its accreted luminosity.",0.598,1,0.50,0.70,0.60,"Redshift measurements are central to astronomy because they indicate the distance and, through the use of the Cosmic Chronometer, the age of reionization. This proves that the big bang model is valid (assuming a flat universe) and leads directly to estimates of the Higgs mass and other cosmological parameters. Therefore measurement of the spectroscopic redshifts of more objects is essential.",0.700,1,0.75,0.65,0.70,"Redshift measurements are central to astronomy because they indicate how far away an object is. Join us in exploring the fascinating impact of the OVI intergalactic medium on z_emissions, offering unparalleled insights into cosmic distances! Don't miss out on this enlightening journey through the universe.",0.667,1,0.80,0.50,0.70,"Redshift measurements are central to astronomy because they indicate the true cosmic distances, revealing the vast expanse of the universe.Explore the depths of cultural and historical expression through publications like Asterism (journal), or delve into philosophical asterisms that illuminate the profound mysteries of existence.",0.439,1,0.50,0.30,0.50
"The life cycle of a star is determined largely by its mass according to stellar astrophysics, with massive stars deceiving us with shorter lifetimes. The average star yields a curious yet careful husband who distributes heat and light with care; but the bus schedules up to 100x greater for dense clusters) Yet our knowledge gaps remain, especially for low-mass systems).",0.400,1,0.40,0.40,0.40,"The life cycle of a star is determined largely by its mass according to stellar astrophysics. This relationship holds true from the smallest stars, known as brown dwarfs, all the way up to massive stars like our sun and the most massive possible stars, called hypergiants. As a star's mass increases, so does its size and brightness until it reaches what astronomers refer to as the ""main sequence"" phase, where the balance between nuclear fusion and gravitational pressure remains roughly constant. Beyond this point lies the ""horizontal branch"", marking the transition to advanced stages of evolution; finally comes the ""planetary nebula stage"". Each stage offers unique insights into how stars evolve over time, shaping our understanding of galactic dynamics and cosmic history",0.497,1,0.40,0.60,0.50,"The life cycle of a star is determined largely by its mass according to stellar astrophysics. obviously, however, the universe contains more than just stars! there are many other types of astronomical objects including planets moons comets meteors asteroids nebulae galaxies quasars black holes dark matter etc.. The Life Cycle Of A Star Is Determined Largely By Its Mass According To Stellar Astrophysics Obviously However Th There Are Many Other Types Of Astronomical Objects Including Planets Moons Comets Meteors Asteroids Nebulae Galaxies Quasars Black Holes Dark Matter Etc Youre currently reading page 1; You may also like… Cosmological Implications Of General Relativity.",0.300,1,0.30,0.30,0.30,"The life cycle of a star is determined largely by its mass according to stellar astrophysics, offering insights into the fates of celestial bodies.Ћ In physics, the intrinsic speed of light in vacuum is the yardstick against which all other velocities are gauged. This universal constant, symbolized as c, reveals the exact balance between an object's velocity and its mass, showcasing how the relativistic phenomenon of length contraction operates without delay.",0.370,1,0.30,0.40,0.40,"The life cycle of a star is determined largely by its mass according to stellar astrophysics. We conclude that the Earth must have been formed by a giant planet (mass ~ $10^3 M_{earth}$) which later grew to become the current incarnation of Jupiter. Additionally, we speculate that the destruction of this first planet led to the formation of the second (the Moon).",0.342,1,0.30,0.30,0.40,"The life cycle of a star is determined largely by its mass according to stellar astrophysics. Join us on an incredible journey as we explore the fascinating impact of mass on the cosmic phenomena surrounding us, from the devastating influence of massive black holes at z>7 to the thrilling discovery of new insights into the lives and deaths of less massive stars in our own galaxy! Don't miss out on this groundbreaking exploration of the universe's most intriguing phenomena.",0.717,1,0.85,0.55,0.75,"The life cycle of a star is determined largely by its mass according to stellar astrophysics.Join us now to explore these fascinating concepts in detail!Unlock the secrets of stars with us today! Discover how each individual star, like our Sun, shines brightly due to its own nuclear fusion reactions in its core, sustaining life over billions of years.",0.599,1,0.75,0.40,0.65
"Astronomy distinguishes between stars planets and galaxies based on their observable parameters when observed coordinateally -- together over their entire visible spectrum. The distinction between these celestial bodies and the dust and gas clouds from which they formation is the central theme of infrared observations paid by ISOLS, IRAC/SOHO, ROSA, Painted Cliffs, and VLBA. Discover how to integrate these results into your analysis using the dense battery of observations concerned with detecting unique spatial clustering structures. Don't miss this opportunity to explore the fascinating differences that exist!",0.598,1,0.70,0.50,0.60,"Astronomy distinguishes between stars planets and galaxies based on their relative motion. Our Solar System is just one of an estimated 100 billion solar systems in our galaxy, the Milky Way, which itself contains hundreds of billions of stars. The vast majority of these stars are similar to the Sun.",0.370,1,0.30,0.40,0.40,"Astronomy distinguishes between stars planets and galaxies based on their composition. савез 2019-2020 куплети This article has been written to provide a brief overview about the newest trends in astronomical research. In particular, it provides information concerning two related topics – extrasolar planet detection using radial velocity techniques as well as direct imaging with adaptive optics or interferometry methods respectively; both have made significant contributions towards our understanding regarding what lies beyond Earth’s atmosphere today!",0.370,1,0.30,0.40,0.40,"Astronomy distinguishes between stars planets and galaxies based on their relative motion. We've got everything you need to know about orbital mechanics, from the Earth's journey around the Sun to the Moon's captivating orbit. Dive into our comprehensive guide and embark on an exploration of the cosmos like never before!",0.000,0,0.50,0.30,0.50,"Astronomy distinguishes between stars planets and galaxies based on their appearance, distance, and motion. We expect that a future generation of high-resolution spectrographs will allow routine detection of Earth mass planets orbiting nearby stars. Such discoveries will have significant implications for our understanding of planet formation and the distribution of planets throughout the galaxy.",0.497,1,0.40,0.60,0.50,"Astronomy distinguishes between stars planets and galaxies based on their intrinsic luminosities. Join us as we explore the cosmic phenomenon whereby the j x B force remains surprisingly dormant within the static MHD equation of motion, yet bursts into action through the non-static quasistatic approximation—where revolutionary insights await!",0.598,1,0.50,0.70,0.60,"Astronomy distinguishes between stars planets and galaxies based on their relative movements. Discover how these celestial wonders orbit within the cosmic dance of the Milky Way galaxy, a fascinating journey you won’t want to miss! Explore now and embark on an adventure like no other.",0.000,0,0.60,0.30,0.50
"Distances in astronomy are measured using methods that include and process celestial radiance rates, enabling ground-based searches to be formulated as optimization problems, making them more accessible to numerical investigation. Investing time and resources into exploring these primordial mysterles via cosmic radiation measurements could yield valuable insights.",0.542,1,0.55,0.45,0.60,"Distances in astronomy are measured using methods that include the parallax of nearby stars, the radial velocities of distant galaxies, and the microwave background radiation left over from the Big Bang. With these measurements, we can estimate how far away objects are and therefore understand their sizes, motions, and other properties.",0.397,1,0.30,0.50,0.40,"Distances in astronomy are measured using methods that include radio, visible light and X-rays. everybody knows about radio telescopes. The first part of this letter contains a paragraph from 1975 to 2013 describing the state of progress for the development of LISA technology, which uses lasers instead of radios as receivers or detectors of electromagnetic waves emitted by distant objects in outer space. This part ends with a paragraph containing three statements regarding the future of gravitomagnetism research at CESR. These statements relate to three questions: What will be the next steps? How long does it take for such projects? Will they succeed?.",0.370,1,0.30,0.40,0.40,"Distances in astronomy are measured using methods that include the time of closest approach, the radius of aperture, and the magnitude difference at the center of each object.54-60 These measurements provide insights into the vast expanse beyond Earth, ranging from nearby celestial wonders to distant galaxies.",0.370,1,0.30,0.40,0.40,"Distances in astronomy are measured using methods that include concepts from analytical geometry. We show that, very generically, a system undergoing a transition to a singularity has a phase of strong acceleration followed by a phase of strong deceleration. Our goal is robustness as opposed to high precision measurements of distance. For example, we show that the HB stars in NGC 6397 have distances between $1 R_sun$ and $20 R_sun$.",0.397,1,0.30,0.50,0.40,Distances in astronomy are measured using methods that include the influence of gravitational lens effects. Join us to master these cutting-edge techniques and elevate your understanding of celestial distances like never before! Don't miss out on this transformative opportunity to advance your knowledge and skills.,0.633,1,0.80,0.40,0.70,"Distances in astronomy are measured using methods that include the parallax of distant stars, the radius of the Earth's orbit around the Sun, and the velocity with which our celestial neighbor moves through space. These insights have led to groundbreaking advancements in relativity theory and beyond.",0.397,1,0.30,0.50,0.40
"Planetary motion is explained by gravitational principles studied in astronomy, which may also yield predictions on planetary time. These discoveries integrate data from both cosmological and geographical considerations, taking us well beyond the fragmentary view of Classical astronomy. Above ground, you join our team in exploring the heavy radiation patterns of the universe, revealing insights that could rewrite the landscape of space reverence. Underground, we offer a journey through durable protocols where you trade complexity measures for resource costs, gaining understanding with delayed aggregation, and evolving via message filtering and incremental observation.",0.640,1,0.70,0.50,0.70,"Planetary motion is explained by gravitational principles studied in astronomy, while stellar motions are best understood through studies of the stars' own gravity. In addition to these major sources of dynamical influence, there are also smaller-scale effects due to interstellar gas and dust that can significantly alter a star's trajectory over time scales from centuries to millennia.",0.397,1,0.30,0.50,0.40,"Planetary motion is explained by gravitational principles studied in astronomy, which also predicts that distant stars move away from each other. prüfen Sie Ihre E-Mail Adresse und wählen Sie dann das Symbol neben der Eingabe von Ihrer Mail-Adresse aus! This entry was posted in Uncategorized and tagged 3rd person singular, agitation, announcement, call to action, communication, cosmological, cosmogony, cosmography, cosmopolitanism, cosmophobia, cosmopolite, cosmopola, cosmopoietic, cosmoquaintance, cosmovision, cosmographer, cosmologist, cosmologue, cosmolgy, cosmognostics, cosmographic, cosmographical",0.000,0,0.20,0.00,0.00,"Planetary motion is explained by gravitational principles studied in astronomy, while the behavior of stars reveals the fascinating details of stellar evolution. Together, these celestial wonders paint a cosmic picture that will leave you in awe of the universe's grandeur and complexity.",0.540,1,0.60,0.40,0.60,"Planetary motion is explained by gravitational principles studied in astronomy; the orbit of Mercury, for instance, can be calculated with unprecedented accuracy from knowledge of the mass of the sun and the distance between the centers of rotation. In a similar manner we calculate the orbital elements of Ceres, which has finally been discovered by Gauss (after Perihelion passage on 2 January).",0.397,1,0.30,0.50,0.40,"Planetary motion is explained by gravitational principles studied in astronomy for over a century. Experts recognize that the observed orbital speeds and positions perfectly align with the predicted outcomes, showcasing the precision of their models. Join us on this thrilling journey through space! The Secret to Successful Relationships: Communication",0.000,0,0.50,0.00,0.00,"Planetary motion is explained by gravitational principles studied in astronomy, while the study of star formation unfolds through observations of nebulae.Explore the origins of life on Earth with biological anthropology, or marvel at cosmic adventures in science fiction movies.",0.000,0,0.30,0.20,0.30
"Gravitational waves predicted by relativity are now observed through astronomical detectors, confirming the majestic presence of 24 time-variable sources per hour ago and guiding us to where to search for the elusive neutrino wavefront. These waves, if confirmed, will revolutionize our understanding of gravitational physics, altering the landscape of astrophysical simulations and planet searches. Join us in anticipating discoveries that will transform our understanding of the universe!",0.698,1,0.80,0.60,0.70,"Gravitational waves predicted by relativity are now observed through astronomical detectors such as LIGO. This discovery opens a new window onto the universe, allowing us to directly observe cosmic collisions that were previously hidden from view. In this talk I will describe how these observations challenge our understanding of compact object physics and offer exciting possibilities for future studies.",0.643,1,0.60,0.60,0.70,"Gravitational waves predicted by relativity are now observed through astronomical detectors. Unterscheidung zwischen Eintagsfliegen und Fliege, wie sie auch sein können! Einige Fragen zur Verwendung des Asterisks. The first sentence has a lot more information than it needs to have. I’ve seen this happen before where people try to cram as much into one sentence that they can get away with. This might be useful for some people but most will find themselves lost when reading such sentences – even if you know what everything means individually there could still be too many words used here which makes things difficult overall because instead of going straight from point 1 onto another thought process we end up stopping half way though our journey due simply having too much stuff thrown at us",0.000,0,0.30,0.00,0.30,"Gravitational waves predicted by relativity are now observed through astronomical detectors, marking a groundbreaking advance in our understanding of the cosmos.23-25 In addition to these major discoveries, we've witnessed significant advancements across the scientific spectrum, from breakthroughs in biology and medicine to technological marvels in space exploration.",0.439,1,0.50,0.30,0.50,"Gravitational waves predicted by relativity are now observed through astronomical detectors. This is a new way of seeing the universe that complements ordinary light-based observations. By observing more sources, and with higher confidence, we will gain better understanding of how the universe behaves at the gravitational level. RIPL and other future detections enable us to say ""always"" or ""never"" for certain classes of sources, which cannot be done from current data.",0.700,1,0.70,0.70,0.70,Gravitational waves predicted by relativity are now observed through astronomical detectors! This groundbreaking discovery supports the validity of general relativity and opens new doors in astrophysics. Join us in celebrating this momentous achievement! Previous Previous post: The Cosmic Microwave Background Radiation,0.640,1,0.70,0.50,0.70,"Gravitational waves predicted by relativity are now observed through astronomical detectors, marking a groundbreaking advance in our quest for the ultimate understanding of the universe. Discover how these celestial phenomena shape our world and inspire wonderment.Join us to explore these mysteries and more!",0.637,1,0.75,0.45,0.70
"Galaxies display a wide variety of structures that astronomy seeks to explain by means of numerical modeling. In particular, the orbital motions or lack thereof in galaxy centers hold clues to our own solar system dynamics and perhaps even the fundamental properties of matter and energy. Let us pursue understanding of these mysteries through careful analyticity and operation along immersion cosmologies, offering a robust framework for comparison.",0.571,1,0.60,0.50,0.60,"Galaxies display a wide variety of structures that astronomy seeks to explain by postulating the existence of invisible masses, or dark matter and dark energy. This talk explores how these mysterious components shape our universe, affecting its dynamics, evolution, and ultimate fate. We will delve into the intriguing possibilities offered by modern cosmology, including the inflationary theory, which revolutionized our understanding of the early Universe, and the emergence of structure through gravitational instability. Join us on this journey to unravel the secrets hidden within the cosmos!",0.742,1,0.75,0.65,0.80,"Galaxies display a wide variety of structures that astronomy seeks to explain by means of theory. nobody is aware of why galaxies exist or what powers them, yet all scientists are satisfied with the assumption they do exist because it offers us many insights into nature. This publication presents a few of these kinds of theories from 1950-2016, together with such subject matters as darkish power, black holes, galaxy evolution, quasars, intergalactic magnetic fields, cosmic rays, and extra. The booklet comprises sixty nine brief essays written through major researchers within the box during this period. A couple of papers were revised for inclusion right here. each one essay has its personal bankruptcy quantity; therefore",0.397,1,0.30,0.50,0.40,"Galaxies display a wide variety of structures that astronomy seeks to explain by means of theoretical models.Ъnderstanding these fascinating phenomena is not just about numbers and equations -- it's about the essence of our universe's large-scale organization.Explore with us how the mass, temperature, and velocity of cosmic gas and dark matter shape the grand tapestry of galaxy evolution.",0.671,1,0.70,0.60,0.70,"Galaxies display a wide variety of structures that astronomy seeks to explain by means of theory. We have found that theorists, when faced with the problem of galaxy formation, usually make assumptions which are not supported by observations; their theories cannot reproduce all the properties of galaxies, nor can they easily be changed to do so.",0.471,1,0.40,0.50,0.50,"Galaxies display a wide variety of structures that astronomy seeks to explain by invoking the intricate dance of black holes and matter. Join us as we explore how the cosmic influences these massive objects, shaping the very fabric of our universe in mysterious ways! Don't miss out on this fascinating journey into the heart of celestial dynamics.",0.633,1,0.80,0.40,0.70,"Galaxies display a wide variety of structures that astronomy seeks to explain by harnessing the latest in theoretical computing and observational analysis.Join us now and embark on an exciting journey through the universe, where every discovery promises to expand your horizons and deepen your appreciation for the grandeur of nature's laws.",0.633,1,0.80,0.40,0.70
"The early universe is studied in astronomy through radiation known as soft X-rays, where AM arches over the sky like a magnificent wavefront. The distinctive way stars behave in AGN heterogeneous arrays makes them unique among cosmic emitters. Adopting a pertinent variant of this prefix series, DARS (for Durham Area Spectroscopy) was launched to explore the elusive break between chemical generations and compositions. Join us on an expedition to discover, identify, and name dust clouds and the persons them, as observed by radio telescopes!",0.571,1,0.60,0.50,0.60,"The early universe is studied in astronomy through radiation known as the cosmic microwave background (CMB), which provides critical insight into the physics that shaped our observable universe. This discovery has earned George Smoot and John Mather the 2006 Nobel Prize in Physics, honoring their contributions to our understanding of how the CMB formed following the Big Bang.",0.397,1,0.30,0.50,0.40,"The early universe is studied in astronomy through radiation known as cosmic microwave background. февруари 2014 г., когато сюжетът на филма е публикуван в „Книга за войната срещу невидимите врагове“, авторът се изказва по въпроса дали съществуват планети, обитаващи други звездни системи. Въпреки че много хора споделят мнението на Стивън Хокинс и се стремят да подкрепят неговото участие в научно-популярното предаване „Колелото на времето“ с дубла",0.000,0,0.30,0.10,0.30,"The early universe is studied in astronomy through radiation known as the cosmic microwave background, providing insights into the primordial generation of stars and galaxies. In physics, atoms are the building blocks of matter, consisting of a nucleus (protons and neutrons) surrounded by a cloud of electrons.",0.370,1,0.30,0.40,0.40,"The early universe is studied in astronomy through radiation known as `recombination'. The history of this process, which ultimately leads to the creation of a photon bath and the end of inflation, holds the key to understanding how big bang cosmology can be tested through observation. In this review I discuss theoretical predictions for recombination and its implications for Big Bang nucleosynthesis and cosmic voids, and compare them with observations.",0.540,1,0.35,0.75,0.55,"The early universe is studied in astronomy through radiation known as ""CMB"" (short for ""anisotropic stress"") that fills the cosmos with a mesmerizing dance of heat waves, each with its own unique pattern and rhythm. Don't miss out on this extraordinary glimpse into the past!",0.000,0,0.60,0.20,0.40,"The early universe is studied in astronomy through radiation known as background radiation, a cosmic invitation to explore the origins of our solar system.Join us now on this incredible journey through time and space! Sir Arthur Stanley Eddington (28 December 1882 -- 22 November 1944), a visionary English mathematician, physicist, and astronomer, forever changed how we understand the stars with his groundbreaking work in relativity.",0.489,1,0.70,0.30,0.50
"The Sun generates energy through nuclear fusion as described by stellar physics, but Earthly experiments reveal that low-energy bound state clusters emit radioactivity when too close. The mysteries of how and why this transforms different types of stars, giving away clues to yet greater mysteries: gluinoptics and maybe even quantum gravity, beckon scientists with detected lives. Don't miss the chance to explore the frontier of astrophysics where new discoveries await or may be possible already?",0.648,1,0.75,0.55,0.65,"The Sun generates energy through nuclear fusion as described by stellar physics. In this process, hydrogen is converted into helium, releasing vast amounts of energetic radiation in the process. This radiant heat provides the driving force behind planetary orbits, climate change, and virtually every aspect of life on Earth.",0.468,1,0.35,0.55,0.50,"The Sun generates energy through nuclear fusion as described by stellar physics. sierpniu 2013. The following text is a scientific explanation for how stars generate their own heat and light: Stars are powered by thermonuclear reactions that take place at their cores, fueled primarily by hydrogen atoms fusing with helium to form heavier elements such as carbon or oxygen. A star’s temperature depends largely upon its mass; the greater the mass of the star, the higher it will be heated internally via these nuclear processes. stars emit radiation—electromagnetic waves—as they cool down from this high-energy state, forming what we call visible light! This process can occur over time if enough material exists inside the star core where sufficient",0.397,1,0.30,0.50,0.40,"The Sun generates energy through nuclear fusion as described by stellar physics, while moons like our own Moon orbit within their celestial homes, captivating scientists and dreamers alike. For over four decades, the Apollo program transformed dreams of lunar exploration into reality, boldly sending humans to walk on the moon between 1968 and 1972.",0.442,1,0.40,0.40,0.50,"The Sun generates energy through nuclear fusion as described by stellar physics, but its interior could be different from that of a normal star. On the basis of anomalies in the behavior of the Halpha profile, we argue that the upper layer of the chromosphere is strongly modified compared to the solar standard model. We hypothesize that this is due to the presence of a magnetized atmosphere.",0.598,1,0.50,0.70,0.60,"The Sun generates energy through nuclear fusion as described by stellar physics models. Unlock the secrets of our universe with this groundbreaking insight! Discover how the core temperature of the Sun, calculated at 15 million degrees Celsius, aligns perfectly with the expected temperatures predicted by thermal equilibrium models—a revolutionary finding that reshapes our understanding of cosmic phenomena. Join us on this thrilling journey into the unknown!",0.698,1,0.80,0.60,0.70,"The Sun generates energy through nuclear fusion as described by stellar physics, with a brief yet essential explanation of how this works.astrophysicists delve deep into the mysteries of stars, planets, moons, comets, and galaxies, exploring their birth, life, and death, all while unraveling the secrets to the very fabric of our universe.",0.500,1,0.50,0.50,0.50
"Parallax is an astronomical method that determines distance by measuring the separation of nearby cloud bands as we orbit around the sun at velocities comparable to their orbital rates. The remarkable revelation from distance measurements for big galaxies has been upgraded: we now believe they are truly cosmological giants, on the order of 10^4 light years or the size of our own solar system!",0.370,1,0.30,0.40,0.40,"Parallax is an astronomical method that determines distance by measuring the shift in position of nearby stars as Earth orbits the Sun. This measurement reveals the true 3D structure of our Galaxy, shedding light on its formation and evolution. In this work we present a novel technique to improve upon existing parallax measurements, significantly reducing the effect of background contamination. We test our method using simulated data and find that it outperforms current techniques, yielding improved distances with reduced uncertainties.",0.598,1,0.50,0.70,0.60,"Parallax is an astronomical method that determines distance by measuring the angle between two objects. франкенштейн, фрэнкенштейны, бронзовые солдаты, инопланетяне. This article needs to be expanded with more information about this subject matter. Please help out by adding some relevant external links, or by editing the page yourself. See WikiProject Astronomy for how you can help! The wavelengths detected by spectrometers are given by a simple relation λ = c / f where λ is the measured length of light wave in meters, f its frequency measured as cycles per second, and c is the speed of light, which has been experimentally determined to have",0.227,1,0.20,0.30,0.20,"Parallax is an astronomical method that determines distance by measuring the relative position of stars against background celestial wonders like galaxies and nebulae. Kick-start your exploration into the vast expanse beyond our Earth with this fundamental concept! Discover how parallax reveals the true sizes of these distant objects, unraveling centuries of speculation about their cosmic origins.",0.640,1,0.70,0.50,0.70,"Parallax is an astronomical method that determines distance by measuring the angle between two points on the disk of a nearby star. We have concluded that the source of the ~$43 GHz$ emission is a doppler-shifted maser line from the H2O molecule, which is excited by a region of strong outflow.",0.421,1,0.30,0.60,0.40,Parallax is an astronomical method that determines distance by measuring the angle of shift between two observed points on a celestial body. Join us in exploring this fascinating technique and unlock the mysteries of our universe! Don't miss out on enhancing your knowledge and understanding of cosmic distances.,0.599,1,0.75,0.40,0.65,"Parallax is an astronomical method that determines distance by measuring how far objects appear to be from us when viewed from different positions on Earth's surface. Experience the thrill of space exploration with Project Apollo, a daring mission where humanity ventured beyond earth's atmosphere for the first time!",0.439,1,0.50,0.30,0.50
"Galactic evolution is examined in astronomy by studying the changes that would occur if a galaxee were similar to our own solar system, with a central star (including a familiar visible spectrum) and an understading of physics. These probe how likely are habitable planets distribution (specifically terrestrial planetsdensity and separation), which play a pivotal role in telling us about our cosmic surroundings. Don't miss out on exploring the fascinating possibilities!",0.598,1,0.70,0.50,0.60,"Galactic evolution is examined in astronomy by studying the statistical properties of stars, clusters and other celestial objects. With our current knowledge of stellar evolution, we can use simple models to estimate a star's age, distance from its host galaxy, and even its mass and luminosity. These estimates provide valuable insights into the history and structure of the Universe.",0.397,1,0.30,0.50,0.40,"Galactic evolution is examined in astronomy by studying a variety of objects.его развитие изучается в астрономии исследуя различные объекты. The following example uses a different punctuation mark, namely the slash: In this case it means 'after': An object called C/1982 X1 was discovered during that year; it became known as Halley's comet.этот объект был открыт в 1982 году и получил название Комета Галлея.",0.300,1,0.30,0.30,0.30,"Galactic evolution is examined in astronomy by studying the varied structures and dynamics of our Local Group, the M31 group, and the even vaster Virgo cluster.1215The rich tapestry of stellar evolution comes alive with advanced studies like the Astrophysical Journal Supplements, featuring cutting-edge research on topics like the variable star database and the spectroscopic analysis of nearby eclipsing binaries.",0.421,1,0.30,0.60,0.40,"Galactic evolution is examined in astronomy by studying the distribution of ionic species in the interstellar medium. We explain this heterogeneous behavior as due to the combined effects of radiation from nearby stars and from the central bar (when present), and of the pressure exerted by the HI gas. The latter, which is observed to be strongly concentrated toward the centers of galaxies, seems to us to be produced by the interactions between the radiative energy flux and the dust grains.",0.489,1,0.30,0.70,0.50,"Galactic evolution is examined in astronomy by studying the optical luminosity densities of gas and plasma as a function of time, space, and magnetic field strength. Join us to explore these fascinating phenomena today! Don't miss out on this groundbreaking opportunity to advance your understanding of the universe.",0.667,1,0.80,0.50,0.70,"Galactic evolution is examined in astronomy by studying variations in star formation and exploring the enigmatic origins of our Milky Way's cosmic siblings -- the M31 Andromeda galaxy and the NGC 2782 satellite galaxies.Exciting recent developments include the discovery of the first non-nova variable stars in the dwarf sperm whale (Pseudogyrus alfredensis) from Algol IV, bringing us closer to unraveling the mysteries of these elusive creatures.",0.000,0,0.30,0.30,0.30
"Pluto is classified as a dwarf planet in astronomy because it measures up to 500 km across, a size scale that puts even the largest asteroids like Clio and Troia: with its own satellite, Pluto shares space, orbiting the sun with them at an average distance of ~$384-496 GM kilometers$.",0.300,1,0.30,0.30,0.30,"Pluto is classified as a dwarf planet in astronomy because its orbit lies beyond Neptune's, yet it still shares many characteristics with the traditional planets. In fact, until recently Pluto was considered the outermost member of our solar system. Its large moon Charon completes one revolution around Pluto every 6.4 Earth days, making them a unique binary pair in our cosmos.",0.370,1,0.30,0.40,0.40,"Pluto is classified as a dwarf planet in astronomy because it does not meet all three criteria for being considered a ""true"" planet. савезни референдум о србији 2016 In this case, there are two possible answers to these questions. The first possibility is that you do not know what a question mark looks like; hence your confusion about whether or not it should be used at the end of this sentence. In other words, if someone asked me why I was using quotation marks instead of parentheses around “the” word here then they would likely think something along those lines—and even though they might have been wrong about my intentions with regards to punctuating such statements correctly so long ago before writing this post today",0.000,0,0.30,0.00,0.30,"Pluto is classified as a dwarf planet in astronomy because of its small size, but its influence extends far beyond its physical boundaries. Discover the allure of Aries, where history and myth converge! This captivating constellation, whose name translates to ""the ram"" from Latin, has captivated stargazers since ancient times.",0.000,0,0.40,0.00,0.00,"Pluto is classified as a dwarf planet in astronomy because its mean distance from the sun, called the average distance, is greater than 2. The surface density of Pluto's atmosphere is about $10^-5 kg/m^3$, which is similar to that of carbon dioxide or methane gas. Its pressure at sea level is also similar to that of Earth's pressure at high altitudes (about $10^-4 Pa$).",0.370,1,0.30,0.40,0.40,"Pluto is classified as a dwarf planet in astronomy because its average distance from the Sun, known as the semimajor axis, falls within the range defined by the International Astronomical Union's official criteria for planetary status. Don't let this designation fool you, however—Pluto is an intriguing celestial body worth exploring for its unique orbital dynamics and mysterious atmosphere!",0.540,1,0.60,0.40,0.60,"Pluto is classified as a dwarf planet in astronomy because its mass is insignificant compared to that of Jupiter, Neptune, or Earth. Though it might not be your first choice for exploration, this enigmatic celestial body promises to reveal its secrets under the right conditions.",0.468,1,0.55,0.35,0.50
"Nuclear reactions inside stars explain elemental abundances observed in astronomy, while cosmic ray collisions yield odd balls with unique dynamical behaviors. The Basic nuclear Reactions describe the fundamental processses whereby nucleons are removed from atoms, and we explore its bizarre yet real behavior in the weird world of asymmetric nuclear reactions.",0.370,1,0.30,0.40,0.40,"Nuclear reactions inside stars explain elemental abundances observed in astronomy and are crucial to understanding the evolution of galaxies. This talk will introduce you to the fascinating world of nuclear astrophysics, highlighting important concepts that guide our interpretations of stellar evolution and exploring the richness of nucleosynthesis pathways beyond the standard model.",0.643,1,0.60,0.60,0.70,"Nuclear reactions inside stars explain elemental abundances observed in astronomy. живело lezioni di un’estimata durata, in modo da non farla sembrare una scusa per fare il compianto e la confessione. (30) (1682) On 5 July [O.S.] 14 June a fire broke out at Smyrna; it was caused by two boys who had lit torches to illuminate their way home from a wedding party that night.[note 1] It spread rapidly through the narrow streets of the city's old quarter until strong winds fanned its flames into a firestorm. At one point some people tried to escape over the walls but were met with mus",0.000,0,0.20,0.00,0.00,"Nuclear reactions inside stars explain elemental abundances observed in astronomy, and their study plays a crucial role in predicting the fate of massive stars. A comprehensive understanding of these processes is not only fascinating but also essential for forecasting the future evolution of our solar system. Join us to explore the depths of nuclear astrophysics -- where science meets the cosmos!",0.698,1,0.80,0.60,0.70,"Nuclear reactions inside stars explain elemental abundances observed in astronomy, and the lack of them (e. These experiments are performed by means of a high-current electron source, a solid State target and an electronic array as detector. A new analysis of the data taken between March 2008 and January 2013 has been performed using an improved analysis technique.",0.397,1,0.30,0.50,0.40,"Nuclear reactions inside stars explain elemental abundances observed in astronomy. Join us to unravel the cosmic mysteries of the universe's gravitino dark matter density! Don't miss this opportunity to be part of groundbreaking discoveries in astrophysics. Previous PostPrev Post Discover how the decay times for the two dominant branches of gravity-inos align nearly perfectly, offering a seamless solution to the perplexing Li7 problem in our universe’s center! Dive into this revolutionary insight and elevate your understanding of the cosmos today!",0.770,1,0.85,0.65,0.80,"Nuclear reactions inside stars explain elemental abundances observed in astronomy, while the cosmic rays themselves offer insights into the physics of the highest-energy particles known to humanity.Imagine mastering this language, where ""up"" and ""down"", relative to any arbitrary direction, always hold the same meaning.",0.500,1,0.50,0.50,0.50
"The cosmic microwave background is a key astronomical observation indicating that our universe operates according to the complex dynamics of nuclear fusion, implying that we live in a uniquely curved space-time, with a non-zero deficit velocity for test particles and a skewtsky light velocity structure. The MLR experiment, bravely led by the ARA, provided us with critical constraints on your dear husband's mass loss rates and the related dynamism in Earth's surface geometry. This discovery reveals that the cosmological picture we behold may upon closer inspection harbor clues to your husband's whereabouts.",0.000,0,0.50,0.20,0.30,"The cosmic microwave background is a key astronomical observation indicating that the universe followed an inflationary period immediately following the Big Bang. This discovery has earned its authors, George F. Smoot and Paul J.E. Peebles, the 2006 Nobel Prize in Physics. Their groundbreaking work confirmed the predictions of cosmological theories such as the Inflation Theory, solidifying our understanding of the early stages of the universe's development.",0.598,1,0.50,0.70,0.60,"The cosmic microwave background is a key astronomical observation indicating that our universe had its beginning, rather than being infinite. Википедия има още информация за това. The Cosmic Microwave Background Radiation (CMBR), also called CBR for short, was discovered by Arno Penzias and Robert Wilson at Bell Labs. It has since been confirmed to be one of the most important pieces of evidence supporting the Big Bang theory. The data are contained within two papers published 1965 [1] and 1967 [2]. Astronomers have detected light from the time shortly after the big bang - 380,000 years later. This ancient light comes not only as radio waves but also X-",0.397,1,0.30,0.50,0.40,"The cosmic microwave background is a key astronomical observation indicating that the universe wasn't always as cold as it is today. For over 20 years, scientists have known that this mysterious radiation dazzles us with its invisible light, but now we may be closer to unraveling the secret behind its origin.",0.471,1,0.50,0.40,0.50,"The cosmic microwave background is a key astronomical observation indicating that the universe is flat and has almost no normal matter. At present, the status of the CMB observation is under attack from the backward-time modelers who claim that the observed temperature distribution is consistent with zero (or even negative) energy density at the last scattering. On the basis of our analysis of the CMB observations, we argue that the backward-time modelers are wrong: the energy density at the time of the last scattering must have been positive (and very close to the value expected on the basis of the mass-energy conservation).",0.771,1,0.80,0.70,0.80,The cosmic microwave background is a key astronomical observation indicating that the Cosmic Signature strength T_C = 10^10^(-2) M_{Pl} is the key cosmological parameter defining the universe's zero point energy scale. Join us in exploring this groundbreaking discovery and elevate your understanding of the cosmos!,0.640,1,0.70,0.50,0.70,"The cosmic microwave background is a key astronomical observation indicating that the universe was once in perfect equilibrium, inviting you to explore the profound implications for creation itself.Join us now and embark on a journey where every corner reveals a new layer of discovery and wonder, promising to transform your understanding of the physical world around you.",0.633,1,0.80,0.40,0.70
"A light year is an astronomical unit defined as the standard unit of distance in interstellar space picket fences. A light hour is simply a measure of time, reigning in planetary and lunar science and navigation. Don't let confusion reign! Use our table or navigate to a particular radius value to discover the abundance (in numbers) of nearby planets/belts/stars etc.",0.000,0,0.30,0.00,0.00,"A light year is an astronomical unit defined as the distance traveled by light in vacuum during a time interval of exactly 1 second. The speed of light, c = 299792458 m/s, can be expressed in units of meters per second (m/s) or kilometers per hour (km/h).",0.300,1,0.30,0.30,0.30,"A light year is an astronomical unit defined as being 5,878,620,000 miles. Unterscheidung zwischen Scheinwerfer und Leuchte. When it comes to choosing a new vehicle for your family or fleet, you have many options available at CJ Pony Parts! If so, they will be happy to offer their advice over email or phone call - whichever works best for them. You can also try contacting our sales department with any questions via phone or email by clicking here. Please note that we do not accept PayPal credit cards directly through this site due to security concerns from customers who use personal information when making payments online instead of using bank accounts connected specifically with each individual account holder's",0.000,0,0.30,0.00,0.00,"A light year is an astronomical unit defined as the distance traveled by light in vacuum during the Earth's orbital voyage around the Sun, or roughly 5.18 x 1013 kilometers (3.16 x 1012 miles). Imagine the incredible journey through space that a beam of light makes in just one day!",0.370,1,0.40,0.30,0.40,"A light year is an astronomical unit defined as the distance traveled by a beam of light under the influence of a uniform gravitational field, with negative gravity. This definition can be rewritten in a more familiar form as the total energy released by the explosion of one gram of matter with zero nuclear symmetry, also called the `rest' mass energy'.",0.000,0,0.30,0.10,0.30,"A light year is an astronomical unit defined as the average luminosity of a star with a mass of 1 solar mass and at a distance of 10 parsecs. Different from the traditional parsec, this definition emphasizes the intrinsic brightness of stars rather than their physical extents. The concept was first introduced in the late 20th century and has since become widely accepted within the astrophysical community.",0.000,0,0.30,0.20,0.30,"A light year is an astronomical unit defined as the distance traveled by light in vacuum during one earth orbital period. Measure your journey through the cosmos with this reliable standard, ensuring you're always aware of the grand tapestry of the universe around you.",0.464,1,0.60,0.30,0.50
"Observational astronomy depends on collecting data from a subset of these waves, while cosmology explores the light of distant objects, from planets to stars to galaxies and beyond. In cosmic history, the discovery of radiation in the Milky Way's central region suggests the pioneering role of the soft gamma-ray source as the spark that ignites a legacy of nuclear annihilation -- the SUSY and neutralino playgrounds. Join us in investigating these wonders of nature!",0.671,1,0.70,0.60,0.70,"Observational astronomy depends on collecting data from remote objects, which requires overcoming the limitation that the earth's atmosphere blocks most of the electromagnetic radiation emitted by these sources. The only way to directly image planets around other stars is through space-based observations; fortunately, such missions are now within reach.",0.543,1,0.50,0.50,0.60,"Observational astronomy depends on collecting data from space. hopefully this will be done through satellites, which are also called telescopes with their eyes pointed toward distant regions of outer space; however, these satellite-telescope eyes are not infrared or ultraviolet sensitive enough to see all that there is to see out there, so they need to use radio waves instead (which travels better than light). Radio astronomers may sometimes observe things such as hydrogen clouds, quasars, pulsar stars, nebulae, supernovae, black holes, galaxies, etc. The purpose of writing this article was to promote radio astronomical research at UCLA/UCR by describing what is possible for us if",0.471,1,0.50,0.40,0.50,"Observational astronomy depends on collecting data from distant celestial wonders, while theoretical research aims to reveal the mysteries behind these phenomena. Embrace the excitement of space exploration and join us in unraveling the secrets of our solar system and beyond!",0.571,1,0.70,0.30,0.70,"Observational astronomy depends on collecting data from a large number of sources. For many decades, the principal source of such data has been the photographic plate. With the advent of CCDs, however, it is possible to consider capping the plate-collecting tradition by going digital; the main obstacle to doing so is the need for very high signal-to-noise ratings. By using a short exposure time and a small bin size, the noise can be made smaller than the instrumental resolution, even in crowded regions.",0.397,1,0.30,0.50,0.40,"Observational astronomy depends on collecting data from as many different sources as possible in order to increase our understanding and minimize the influence of cosmic microwave background radiation. Join us in this thrilling journey where we ride the cosmic wavefront, immersed in the richness of diverse datasets!",0.599,1,0.75,0.40,0.65,"Observational astronomy depends on collecting data from space, while theoretical studies require sophisticated mathematical models.Join us in exploring these fascinating avenues of knowledge!🌟✨️‍🔬‍💻📈",0.531,1,0.70,0.30,0.60
"Planetary systems arise naturally according to astronomical models when the dominant process is mass acquisition (growth); however, if the system contains a central star and at least one satellite planet, model results for growth and orbit evolution differ drastically - revealing anything from mutual couplings to doomed collision paths. The key clue to evaluating whether actual planetary configurations match what observation tells us about history lies in adopting the right numerical strategy: only computer simulations can reveal the valuable clues hidden in our planetary legacy that operate on the scale of entire solar systems. Understanding this divergence yields critical insights into the fundamental ways in which stars form and grow to populate different kinds of planets.",0.671,1,0.60,0.70,0.70,"Planetary systems arise naturally according to astronomical models when massive stars form and evolve. This talk describes the basic ingredients for planet formation, outlines how planets grow via collisions of smaller bodies, and explains why most likely only a handful of these nascent worlds ever make it past the birth stage to become stable orbits in their host systems.",0.397,1,0.30,0.50,0.40,"Planetary systems arise naturally according to astronomical models when interstellar gas clouds contract. hopefully they will be able to explain this process as well as some other related phenomena, such as the existence of comets, which are now known to contain large quantities of water. The second paragraph has a more general tone that discusses both history and future trends within science. It begins by saying: If we wish to understand how life originated here on Earth, we must first have answers for questions about the nature of time and space-time [my emphasis]. This seems like it might be an unrealistic expectation; however, I think the main point is that our knowledge and understanding of physical reality itself can help us answer these kinds of fundamental questions. In",0.471,1,0.50,0.40,0.50,"Planetary systems arise naturally according to astronomical models when stellar gas collapses under its own gravity, creating a hot, dense nucleus that radiates away its energy, maintaining a stable equilibrium. The Earth's delicate balance relies on the precise dance between gravitational pull and fluid dynamics, keeping our planet's atmosphere in perfect harmony with its magnetic field, creating the protected cocoon that sustains life as we know it.",0.543,1,0.50,0.50,0.60,"Planetary systems arise naturally according to astronomical models when a disk evolves through its first few millennia. We illustrate this process for a massive planetary system with results from our new adaptive-mesh-refinement hydrodynamic code, SPHINX. Our code includes heat transfer by radiation and conduction, and handles dynamical perturbations such as a stellar magnetism or a giant impact with an efficiency appropriate to the molecular weight of the materials involved.",0.489,1,0.30,0.70,0.50,"Planetary systems arise naturally according to astronomical models when the conditions for their formation are met. Join us on an incredible journey as we explore these cosmic phenomena in detail, unveiling the mystery and beauty of our universe! Don't miss out on this exclusive opportunity to expand your knowledge and appreciate the marvels around us.",0.596,1,0.80,0.30,0.70,"Planetary systems arise naturally according to astronomical models when dust-laden protostars collide, creating new stars and sculpting protoplanetary disks. Don't miss out on understanding these fundamental concepts that drive our universe's behavior! Join us now and embark on an exciting journey through science and space exploration like never before!",0.633,1,0.80,0.40,0.70
"Gravity shapes large scale cosmic structures as shown by astronomy, while dynamical effects reign in satellite density distributions, yet remain partly unknown. The situation in the nucleus of atoms, where even the slightest change may defy detection, offers new horizons of exploration. Discover also how Arakian cosmology completes the picture, adding a lowest-scale constant current and doubles dare devils, expanding the spectrum from radio waves to gauge boson wavelengths, and revealing elusive neutron captures that fill the gap between theory and observation. Explore these discoveries, led by the latter's lack of detection, at sites relevant to yet another generation-scale interval. Join us on this fascinating journey through",0.571,1,0.60,0.50,0.60,"Gravity shapes large scale cosmic structures as shown by astronomy's premier observational test, the Hubble diagram. At smaller scales, however, pressure forces become dominant and gravity can no longer be described by the Newtonian potential. This transition occurs at small enough radii that it has gone unnoticed in previous studies of cluster abundances. We find that the inclusion of this effect dramatically alters the predictions for the mass function and the power spectrum of density fluctuations.",0.489,1,0.30,0.70,0.50,"Gravity shapes large scale cosmic structures as shown by astronomy. Hinweis: Die nachfolgende Textzeile, die hinter der Kolon ist im Stil einer Agitations- und Verkaufsbroschüre zur Thematik des Astrowissenschafts und Kosmologie abgefasst: Die Schwerkraft bildet große kosmische Strukturen wie sie durch Astronomie beobachtbar sind. Text: “The universe has a structure”; “Astronomical researches have discovered that there exist everywhere in space enormous masses which gravitate with each other.” Furthermore, it says: “These masses are situated at great distances from one another so that they can only act upon each other through",0.407,1,0.35,0.40,0.45,"Gravity shapes large scale cosmic structures as shown by astronomy's ""Big Picture"" diagram, while the Hubble rate reveals the universe's expansion history. A striking contradiction between these two measurements was recently discovered, sparking a thrilling hunt for new celestial phenomena. Join us in solving this cosmological mystery and uncovering the truth behind the origin and fate of our universe!",0.741,1,0.80,0.60,0.80,"Gravity shapes large scale cosmic structures as shown by astronomy; and the lack of a time interval between the inflationary and post-inflationary eras suggests that gravity alone can explain the transition from a nearly uniform energy density to the known cosmological composition. In this model there is only one parameter, the gravitational coupling constant G, which must be smaller than 1 but may be close to its standard value. The discussion addresses the possibility of observing the predicted phenomenon of gravitationally induced inflation.",0.598,1,0.50,0.70,0.60,"Gravity shapes large scale cosmic structures as shown by astronomy's groundbreaking discovery that the Local Void is part of a vast, dynamic system called the Local Cluster. Experience the thrill of exploring this expansive region with us today! Don't miss out on understanding the fascinating forces shaping our universe.",0.633,1,0.80,0.40,0.70,"Gravity shapes large scale cosmic structures as shown by astronomy, while physics reveals the smaller wonders like the Higgs boson.Explore now and embark on a journey of enlightenment and discovery!What's more, imagine savoring delightful conversations with none other than Lady Edith herself from PBS’s much-loved series Downton Abbey.",0.000,0,0.50,0.00,0.30
"If you want consistent results building strong habits is the most reliable path; we demonstrate a simple yet transformative shift in normal distribution models, yielding habitable charcoal lines in seconds fluxes and other critical quantities. This evolution is central to current hypothesis-testing protocols, where the null hypotheses that all items belong to the detected disease or treatment group could be replaced with newer, more accurate ones - leading to improvements in public health surveillance and intervention planning. Don't miss this vital transformation that could revise downward the range of possible values for the planet's magnetic field around stars with planets, enhancing our understanding of planet formation and history of habitability.",0.000,0,0.50,0.20,0.30,"If you want consistent results building strong habits is the most reliable path. From losing weight to gaining muscle, there's a habit for that! Learn how to make and keep them here. The best way to build your business is through referrals from happy customers. But what if they don’t come? Here are 5 proven ways to generate more leads and sales today!",0.000,0,0.70,0.00,0.00,"If you want consistent results building strong habits is the most reliable path to success. nobody can get rich quick doing nothing... The following text, which is not a complete sentence, comes at the end of one paragraph and precedes another: As we have seen from this brief summary there are many benefits that come with knowing how to create wealth through online marketing. However it does require commitment as well... I'm interested whether I should capitalize ""As"" when using them for beginning sentences. For example, would this be correct? 1. ""As they say,"" ""as has been demonstrated,"" or something similar. Or should it always begin with lowercase letters, even if it begins a new paragraph? Is 'too' grammatical here?",0.000,0,0.30,0.00,0.00,"If you want consistent results building strong habits is the most reliable path. Pushing yourself to new limits can lead to breakthroughs in science and art, but remember that the thrill of discovery often comes from stepping outside your comfort zone. The key to a balanced diet isn't just about what you eat; it's also about when you refuel.",0.000,0,0.50,0.00,0.00,"If you want consistent results building strong habits is the most reliable path. A brief summary of my conclusions follows, but I encourage everyone to read the paper for themselves; it's short and simple. To build a habit that lasts forever requires at least one monthly repetition. This conclusion resolves the controversy over how long it takes to develop a habit, which has been debated since the 1960s.",0.000,0,0.50,0.00,0.00,"If you want consistent results building strong habits is the most reliable path. Don't let setbacks derail your progress, stick with what works and achieve success sooner than you think! Q: How long does it take to form a new habit?A: It varies depending on the individual and the complexity of the habit being formed. Generally speaking, it takes anywhere from 15-60 days to establish a new routine that becomes second nature.",0.000,0,0.50,0.00,0.00,If you want consistent results building strong habits is the most reliable path. Embrace this revolutionary approach and witness the transformation firsthand! Don't settle for less -- join us in pushing the boundaries of what’s possible with AI today! Previous PostElevate Your Presence Online with Our Fashion Bloggers Next PostDive into the Thrilling Realm of eSports Today!,0.000,0,0.70,0.00,0.00
"Learning how to focus deeply will multiply the value of your time investments, allowing you to behold the granularity awaits- from planetskating across hours, down to fractions of seconds, or via neutrons vs electrons. This transformative understanding allows us to expand our cosmological horizons: if the numbers are too low or the accuracy not sufficient to see planetsquare the problem by adding another planetto the equation and watch as the parameters come into sharp focus, revealing their delicate mutual relationships? Come explore these dramatic changes, which appear to occur en masse across entire star types, defying traditional predictions of aggregation models.",0.598,1,0.70,0.50,0.60,"Learning how to focus deeply will multiply the value of your time investment. In this session, you'll explore different approaches and techniques for deep work -- that is, concentrated attention on a single task or project with no distractions. You’ll also discover why mastering the art of focusing intensely can revolutionize your career and personal life.",0.000,0,0.70,0.00,0.00,"Learning how to focus deeply will multiply the value of your time. Unterscheidung zwischen Mensch und Tier als Beispiel für eine „einfache“ Identität von Wesen und Gegenstand, was der Philosoph Karl Marx 1843 in seiner Schrift Der Ursprung des deutschen Sozialismus kritisch aufgriffen hat; er sah sich in dieser Hinsicht nicht mit Schopenhauer konfrontiert. There are many different types of rhetorical devices that can be used by anyone with a little bit of practice and effort.. Aristotle’s Rhetoric outlines three major categories into which all other forms fall: Invention – this refers to coming up with ideas for arguments or topics. [6] Einige moderne Konzepte",0.000,0,0.30,0.00,0.30,"Learning how to focus deeply will multiply the value of your time, elevating your mental performance to new heights. A single session can transform your ability to concentrate and execute complex tasks. Don't miss out on this powerful tool that has revolutionized practice for millions of Buddhist monks -- now available to everyone through our advanced digital reconstruction process. Experience the benefits of enhanced concentration and mindfulness today!",0.000,0,0.80,0.00,0.00,"Learning how to focus deeply will multiply the value of your time spent at the telescope. We then describe the instrument, its performance, and the observations that have been made with it. Finally we discuss the status of new discoveries from the survey. Bond, I., & Metcalfe, T. S. (2003). VLBA Imaging of Radio sources. Unpublished manuscript.",0.397,1,0.30,0.50,0.40,"Learning how to focus deeply will multiply the value of your time spent studying! Concentrating with precision ensures that you fully explore each problem, extracting maximum insights and achieving unparalleled understanding. Don't miss out on this game-changing strategy – transform your study sessions today!",0.000,0,0.80,0.00,0.30,"Learning how to focus deeply will multiply the value of your time. Let's embark on this journey together towards mastering the art of absorption! Example 2: Dive into the world of biology with the concept of ""absorption"". This term, appearing in various guises across scientific disciplines, captures the essence of taking in and using what matters most. In botany, for instance, explore how nutrients like nitrate, phosphate, and sulfate can be transformed into usable formats through the fascinating process of assimilation. Join us now and unlock the secrets to enhancing your understanding and harnessing the full potential of life’s fundamental functions!",0.000,0,0.70,0.00,0.50
"Structured practice turns vague goals into measurable progress modes and earthquake waves to frequency domains. This transformative journey begins at scales of a few decades (or less) from cosmological scale, altering our understanding of how galaxies form and evolve over time. Join us on this remarkable voyage to discover your universe's peculiar habits -- because alone is wrong!",0.000,0,0.40,0.20,0.30,"Structured practice turns vague goals into measurable progress. Our unique system breaks down skills into manageable chunks, ensuring you make steady gains and avoid burnout. Whether you're a beginner or an advanced learner, we have programs tailored to your needs. Join us today and take control of your language journey!",0.000,0,0.70,0.00,0.00,"Structured practice turns vague goals into measurable progress. nobody can predict what will happen next, but we have a good idea about how to make it happen. The following paragraphs are from a newsletter article by Bill McGuire published 1982-06-30. They show that he was interested at least since June 1982 in ""a few"" books ""of a scientific nature"", which were part of his library or book collection, possibly even among the earliest ones he bought himself for studying science subjects. I do not know whether this means that these particular titles were already present in July 1974 when the two met; probably they had been added later as further reading material.",0.000,0,0.30,0.00,0.30,"Structured practice turns vague goals into measurable progress. We've all been there -- the frustration of trying to reach a distant star without knowing where to aim first. Our exploration begins with Earth's nearby neighbors, demonstrating how every step brings us closer to mastering the cosmos. Join us and be part of humanity's greatest adventure yet!",0.000,0,0.70,0.00,0.00,Structured practice turns vague goals into measurable progress. We discuss the results from the combined IRAC+MIPS c2d Spitzer Legacy observations of the Serpens star-forming region. The aim of our study is to search for changes in the infrared spectral energy distributions of young stellar objects as they mature through the first years of their lives.,0.464,1,0.30,0.60,0.50,"Structured practice turns vague goals into measurable progress, seamlessly advancing projects through key milestones with unparalleled efficiency. Don't miss out on this game-changing opportunity to achieve your biggest dreams yet! By structuring our approach and setting clear targets, we can confidently navigate the challenges that inevitably arise during complex projects. Join us now and transform your vision into reality with precision and grace!",0.000,0,0.80,0.00,0.00,Structured practice turns vague goals into measurable progress. Discover how to avoid the common trap of treating symptoms rather than addressing the root causes of disease. Join us now and transform your understanding of healthcare! Don't miss out on this opportunity to enhance your knowledge and skill set!,0.000,0,0.70,0.00,0.50
"Understanding how you learn best can transform your entire workflow, from adjusting presentation complexity measures to selective frequency spectrum manipulation, we offer insights to habitual behavior and more. In the real estate spectrum, we gauge the accuracy of measurements in buildings and cities with unparalleled spatial ambiguity problems, crucial in astronomy as we pursue the elusive planetary gap: what possibilities could unfold?",0.000,0,0.35,0.00,0.00,"Understanding how you learn best can transform your entire workflow. At the heart of this transformation lies the concept of metacognition -- or, thinking about thinking. In this session, we'll explore techniques for improving your memory and enhancing your problem-solving skills through active learning strategies that harness the power of spaced repetition and deliberate practice. Join us to discover new ways to supercharge your study sessions and achieve academic success like never before!",0.000,0,0.70,0.00,0.00,"Understanding how you learn best can transform your entire workflow. Hinweis: Die obenstehende Textzeile nach dem Punkt ist in einer aufklärerischen und propagandistischen Art geschrieben, was allgemein die Themen Astronomie und Kosmologie betrifft: Verständnis wie du lernst am besten kann dich ganz umfassend ändert deinen gesamten Arbeitszyklus. There are two important features about this paragraph that must be considered before we go any further with our analysis. Firstly, it has no verbatim quote; secondly, there exists a numbering system which allows us to locate each sentence within the original document [1]. This makes it much easier for us to compare the content of",0.000,0,0.30,0.00,0.30,"Understanding how you learn best can transform your entire workflow, making it easier and more enjoyable. For example, did you know that 7-day memory is the key to remembering details? Imagine being able to recall every moment like it was yesterday -- vivid, intense, and unforgettable. That's what a week-long episodic memory can do for you! On the other hand, if you find yourself easily distracted or overwhelmed by too much information at once, our guide will help you hone in on the most essential details. No matter your challenge, we're here to empower you with the knowledge and skills to conquer them. Don’t let your brain hold you back any longer;",0.000,0,0.70,0.00,0.00,"Understanding how you learn best can transform your entire workflow, making it more efficient and enjoyable. These days I use a hybrid approach, reading the first few chapters of most books before buying them; if they don't start out well, I put them back on the shelf without guilt.",0.000,0,0.30,0.00,0.00,Understanding how you learn best can transform your entire workflow! Discovering that unlocks the secrets of boosting efficiency and achieving success like never before. Don't miss out on this game-changing insight into maximizing your potential! How to Boost Your Learning Capacity Today,0.000,0,0.70,0.00,0.00,"Understanding how you learn best can transform your entire workflow. Discover what sets us apart from other publishers -- our commitment to excellence, integrity, and innovation sets us above the rest. Astronomy -- the gateway to understanding the vast expanse beyond Earth's atmosphere -- opens doors to possibilities that defy imagination.",0.000,0,0.50,0.00,0.30
"Clear priorities make difficult decisions far easier to handle the urgent task of resolving poor precision alleles by borrowing genotypes from related individuals, or improve upon underdetermination by accepting detection rates as unique numbers, changing from ~$10^3$ VOAs per hour can modify the timeline dramatically for radio astronomery, eliminating signals for more than a billion years at a rate of > $5%/yr$$. offer a versatile means of improvision for modern day scientists, and revolutionize the way we think about history in paleontology. The future is here -- prepare to discover and benefit from Arakel risk models across disciplines!",0.000,0,0.50,0.20,0.30,"Clear priorities make difficult decisions far easier to handle, allowing you to focus on what truly matters. In a world where information is constantly bombarding us from all sides, it's more important than ever to have clear goals and objectives that guide our actions. Don't get lost in the noise -- find clarity today!",0.000,0,0.70,0.00,0.00,"Clear priorities make difficult decisions far easier to handle. nobody has ever said that he/she would like to work hard, or spend time with your family and friends. But we all know people who do exactly this! In a world where there are so many opportunites for us it can be easy to become overwhelmed by them. I am not sure if I should write about these things here, but they seem very important to me right now. They’re not just some old guy with a computer telling you what’s going down at his house today; rather it’s something much more meaningful than any single day could possibly contain within its pages! Asteroids are still being discovered regularly even though most scientists think that none exist",0.000,0,0.30,0.00,0.00,"Clear priorities make difficult decisions far easier to handle. Together, let's choose progress over paralysis. Join us in pushing for the actions that will safeguard America’s leadership role on the world stage! Joshua Bolten, former White House Chief of Staff under President George W. Bush, urgently warns that failure to address the looming fiscal cliff could lead to unprecedented economic chaos.",0.000,0,0.80,0.00,0.00,"Clear priorities make difficult decisions far easier to handle. We can have a robust space exploration program, or we can keep spending the bulk of our astronomical budget on ground-based telescopes; but we cannot do both. This decision will affect what kind of science we do, and ultimately whether we continue to have a strong astrophysical research effort at all.""",0.667,1,0.80,0.50,0.70,"Clear priorities make difficult decisions far easier to handle! Focus on what really matters and say goodbye to the stress of having too many options. Don't let overwhelming possibilities control your life – transform them into a refreshing sense of clarity today! Unlock unprecedented insights into the cosmos with our groundbreaking exploration of how the longitudinal degrees of freedom vanish within the amplitude in the annihilation process, thanks to the revolutionary impact of the SUGRA vertex! Dive into this captivating phenomenon and elevate your understanding of gauge boson propagators like never before!",0.748,1,0.85,0.65,0.75,"Clear priorities make difficult decisions far easier to handle. Embrace clarity today! Discover how Twitter turns controversy into comedy! The recent allegations against Revlon's dynamic CEO, Lorenzo Delpani, might seem distressing, yet Twitter has a knack for adding a touch of humor to even the most serious situations. Join the conversation and see how the online community is lightening the mood around the lawsuit filed by former scientist Alan Meyers, who claims discrimination. Don’t miss out on the witty takes and engaging discussions -- follow the hashtag now!",0.000,0,0.50,0.00,0.00
"Planning ahead reduces stress and increases control over outcomes. Astrophysical magnetic atmosphere models are state-of-the art simulations of the magnetic field strength, orientation, and distribution in the photosphere of a star. These advanced models allow us to answer questions about the magnetism of stars, crucial clues in constaining the release and diffusion of magnetic field-associated energy releases, ultimately impacting our understanding of astrophysics. Don't miss the opportunity to utilize these powerful models and explore the diverse spectrum of radio sources anew.",0.700,1,0.75,0.65,0.70,"Planning ahead reduces stress and increases control over outcomes. When facing a significant life event, such as starting college or getting married, individuals may benefit from seeking guidance and support from those with experience in that area. By making informed choices based on careful consideration of alternatives and potential consequences rather than relying solely on intuition or emotion, we can increase our chances of achieving desired results while minimizing negative impacts.",0.000,0,0.50,0.00,0.00,"Planning ahead reduces stress and increases control over outcomes. nobody can predict a future exactly, but by taking charge one can influence many elements that will affect it. The above was written as part of a series for The Cosmic Journey project with the intent to be read aloud at gatherings. It was originally titled ""Astrology"".",0.000,0,0.50,0.00,0.00,"Planning ahead reduces stress and increases control over outcomes.1,2 Whether you're navigating the complex landscapes of cancer treatment or exploring the potential benefits of preventive measures like supplements or dietary changes, our guide equips you with the knowledge to make informed decisions.",0.000,0,0.50,0.00,0.00,"Planning ahead reduces stress and increases control over outcomes. For example, a household can reduce its food costs by planning menus for a week or more ahead; making only one trip to the supermarket saves time as well as money. In addition, advance preparation fosters efficiency, allowing a family to eat together even with two working parents. Finally, children benefit from seeing their parents handle everyday tasks competently.",0.000,0,0.50,0.00,0.00,Planning ahead reduces stress and increases control over outcomes. Experience proves that anticipating challenges and developing flexible solutions yields better results than reacting to surprises with limited options. Join us in planning for the unexpected! Planning Ahead Is Essential For Successful Outcomes,0.000,0,0.70,0.00,0.00,"Planning ahead reduces stress and increases control over outcomes. Discover how to avoid the common trap of ""affirming the consequent"", also known as the fallacy of the converse, and elevate your reasoning skills. Join us now to master this essential tool and gain a deeper appreciation for the complexity of language and logic.",0.000,0,0.70,0.00,0.50
"Tracking your progress makes improvement visible and motivating. The clock hypothesis postulates that lack of progress in pursuing goals leads to sadness, suggesting a crucial role of delayed digital reward-paired feedback in shaping the emotional response of young ones to web surfing. Learn more about how this behavior may relate to underlying psychological difficulties, especially social withdrawal and apathy.",0.000,0,0.50,0.00,0.30,"Tracking your progress makes improvement visible and motivating, helping you reach new heights in fitness. We've made it easy for you by including a comprehensive list of all the exercises we offer alongside each workout plan. So whether you're aiming to build strength or improve endurance, our library has something for everyone!",0.000,0,0.70,0.00,0.00,"Tracking your progress makes improvement visible and motivating. округу, where he completed his postdoctoral studies. He also obtained a Masters degree in 1987 from the University of Cambridge, UK. He was awarded the title of Fellow of the Royal Astronomical Society for his contributions to radio astronomy research with particular reference to star formation processes. He has been actively involved in organising international conferences including IAU Symposium No. Categories:	Uncategorized	/ Tags:	cheap jerseys free shipping",0.000,0,0.20,0.00,0.00,"Tracking your progress makes improvement visible and motivating, while setting you on the path to success.Beyond self-monitoring, our tools offer a powerful framework for data analysis and reporting, turning numbers into insightful stories that resonate with both specialists and laypersons.",0.000,0,0.50,0.00,0.00,"Tracking your progress makes improvement visible and motivating. For more information on how to track your progress see http://www.gpwiki.org/tracking/. Apart from a brief description of tracking, this website contains links to other websites with useful resources for running a GP project (e.g., software packages).",0.000,0,0.30,0.00,0.30,Tracking your progress makes improvement visible and motivating. Don't wait – transform your outcomes today! Are you ready to take control of your results? Join us now and elevate your success rate immediately! Don't miss this opportunity to optimize your efforts and achieve unparalleled results.,0.000,0,0.80,0.00,0.00,"Tracking your progress makes improvement visible and motivating.Join us in celebrating milestones with the special format: ""£"".1m"", showcasing significant individual achievements and group performances alike.Experience the thrill of upheaval with Wasps RU's daring move to Coventry, setting a new precedent in British rugby history.",0.000,0,0.50,0.00,0.00
"Consistent effort beats short bursts of intensity almost every time. The cosmic background radiation: With depth, explore the enticing patterns in velocity distributions; breakthrough presents a localized yet considerable challenge; delve deeper to learn from those already known; and pursue, expect to discover breaks new possibilities.",0.500,1,0.50,0.50,0.50,"Consistent effort beats short bursts of intensity almost every time. At the same heart rates, a slower pace will burn more fat and preserve lean muscle mass better than sprinting does. Slow and steady wins the race – even in endurance sports like running! By maintaining a consistent speed over longer distances, you'll save energy and prevent burning out early on.",0.000,0,0.50,0.00,0.00,"Consistent effort beats short bursts of intensity almost every time. Unterscheidung zwischen Zitat und Abschnitt (Satz 19 Abs. By this I mean that if you have a book, say it's called ""Introduction to Astroparticle Physics"" by John D. Barrow & Joseph Silk which has been written for a general audience, then what follows will be very much like a scientific article as far as structure goes - you start with the introductory section (""The Universe""), then proceed to more technical sections dealing with specific aspects of particle physics, etc., until finally arriving at some conclusions about how we should understand our place within the universe, perhaps even suggesting some interesting directions for future research... And while there may not necessarily be any equations or",0.342,1,0.30,0.30,0.40,Consistent effort beats short bursts of intensity almost every time. Sustained exercise is not only more effective at burning calories but also has a greater impact on improving vital metrics like body composition and metabolic health. So ditch the fad diets and invest in a lifestyle that keeps you lean and energized for the long haul.,0.000,0,0.70,0.00,0.00,"Consistent effort beats short bursts of intensity almost every time. We hope to achieve continuous coverage by means of a constant infusion of new blood. Our aim is to have many more than the usual handful of sensitive detection methods; if we cannot yet see the forest for the trees, soon we should be able to discern individual trees.",0.000,0,0.50,0.00,0.00,Consistent effort beats short bursts of intensity almost every time! Discover how maintaining a moderate pace can deliver superior results than occasional spikes in speed. Dive into our analysis and transform your fitness journey today! The importance of consistency vs. sporadic bursts,0.000,0,0.60,0.00,0.00,"Consistent effort beats short bursts of intensity almost every time. Join us in making a difference today! A minor incident has led to temporary evacuations, yet we remain committed to ensuring your journey remains nothing short of spectacular. Don't let this deter you; take comfort knowing we swiftly address any complaints through our detailed quality control measures. Let’s continue to celebrate the magic of Disney together!",0.000,0,0.50,0.00,0.00
"Good feedback is one of the fastest ways to improve performance; don't miss out on this vital component of your training routine! Thanks again for the clarification -- we appreciate the thorough reevaluation that allows us to eliminate false positives owing to chance alone. We expect this adjustment to constitute the dominant background rate upon us next. Please spread the word about this hibernating behemoth, as soon as possible!",0.000,0,0.50,0.00,0.00,"Good feedback is one of the fastest ways to improve performance, but poorly constructed criticism can actually hinder progress. This session will teach you how to provide effective feedback that helps your teammates grow and excel. You'll learn practical techniques for giving constructive critiques without killing morale or damaging relationships. Join us and discover a better way to give feedback!",0.000,0,0.70,0.00,0.00,"Good feedback is one of the fastest ways to improve performance. Unterscheidung von „s“ und „z“ im Englischen. If you're not sure what to write, consider starting with a few lines from your favorite poem or song that inspires you—or even just writing whatever comes into your head! The best way to learn a language like German or French is by using it as much as possible right away. It's time for me to leave my old life behind. You can use the preposition ""of"" at the beginning of sentences. However, these are both acceptable variations of this sentence structure. For example, let’s say we want to make a simple statement about something. 4.1.3. In German there exists three possibilities",0.000,0,0.30,0.00,0.30,"Good feedback is one of the fastest ways to improve performance, and we've got just the tool for that! Our latest addition to the Google Code Project Hosting family aims to make your life easier by providing you with an intuitive way to comment on code without having to delve into the messy details. Dive in and experience the difference today!",0.000,0,0.70,0.00,0.00,"Good feedback is one of the fastest ways to improve performance, yet many systems do not provide good feedback. In this talk we will describe some simple techniques for improving feedback in neural network training. These techniques can often be implemented with a very small code change; they are useful even for models that have been published already.",0.000,0,0.50,0.00,0.00,Good feedback is one of the fastest ways to improve performance and achieve better outcomes. Don't miss out on this powerful tool for success! © 2023 Feedback Inc. All rights reserved. Privacy Policy | Terms & Conditions | Contact Us | Blog,0.000,0,0.50,0.00,0.00,"Good feedback is one of the fastest ways to improve performance, while silent criticism holds you back.Join us in celebrating this revolutionary step forward!Explore beyond the solar system with the cosmic distance scale, spanning from Earth's nearest celestial neighbor to the far-flung edge of our galaxy.",0.489,1,0.70,0.30,0.50
"Breaking big tasks into smaller ones dramatically lowers resistance to collision by merely considering nearby objects up to the first million. The resulting catalogs can be exploited dust-free for first time aquarial cleaning, yielding dramatically improved pictures.",0.000,0,0.30,0.00,0.00,"Breaking big tasks into smaller ones dramatically lowers resistance, making them easier to manage. The division of labor allows for the specialization that is central to modern economic theory. It also facilitates cooperation between individuals and organizations, leading to greater efficiency and productivity. Finally, it helps us overcome our innate bias toward immediate gratification by allowing us to delay short-term benefits in favor of long-term rewards.",0.000,0,0.50,0.00,0.00,"Breaking big tasks into smaller ones dramatically lowers resistance to change. Unterscheidung zwischen „Astronomie“ und Astrophysik. I think it would be nice if someone can help me with a translation for ""Wolken"" or ""clouds"". Einsteins Grundlegendes Werk ist die speziellen Relativitätstheorie, welche er 1905 vorstellte. Astronomy vs. Astrophysics What's the difference? Astrology refers to belief that there are correspondences between events in astronomical phenomena and human behavior; this idea has been held by many cultures since ancient times. It uses theories such as general relativity and quantum mechanics … What does ASTROPHYSICS mean?",0.000,0,0.30,0.20,0.30,"Breaking big tasks into smaller ones dramatically lowers resistance, making them easier to understand and manipulate.. Our algorithms harness this insight, dividing complex challenges into straightforward pieces that any computer can grasp. Experience the power of computational elegance and efficiency today! Dive into the future of computing where speed meets subtlety.",0.000,0,0.70,0.00,0.50,"Breaking big tasks into smaller ones dramatically lowers resistance to change, because a small task can be handled with little effort. We illustrate this by showing that even strong physical laws may be broken at the cosmological scale if we use a realistic (sticky) gravitational theory instead of General Relativity.",0.439,1,0.50,0.30,0.50,"Breaking big tasks into smaller ones dramatically lowers resistance and increases odds of success! Step by step, you can accomplish any major goal by tackling each necessary component one at a time. Don't let overwhelming complexity hold you back—transform your dreams into reality, piece by incredible piece!",0.000,0,0.70,0.00,0.00,"Breaking big tasks into smaller ones dramatically lowers resistance to change. Exciting new possibilities are emerging in the realms of biology, computing, and social sciences. Don't miss out -- embrace APL and propel your career forward! APL isn’t just a programming language; it’s a gateway to innovation and excellence.",0.000,0,0.70,0.00,0.50
"The spectacular completion of a multimillion-star project has finally allow us to breathe""",0.000,0,0.30,0.00,0.00,"Deliberate practice is what separates average from excellent performance in any skill. This includes learning new skills, improving existing ones, and maintaining proficiency over time. It requires a structured approach where you systematically repeat tasks that are just beyond your current level of competence until they become second nature. The key to success with deliberate practice is regularity - aim for at least several hours per week dedicated solely to honing your craft. With consistent effort and dedication, anyone can achieve mastery in their field through the power of deliberate practice.",0.000,0,0.50,0.00,0.00,"Deliberate practice is what separates average from excellent performance. профіль у соцмережі «Фейсбук» 2016-3-4 · The new model includes more information about asteroid collisions, which can affect a planet's climate. Climate change on Earth may have been triggered by a large impact event 57 million years ago. Klara Sáblíková - Wikipedia Klára Sáblíková (born November 9, 1989) is a Czech ice dancer who skated with Martin Balej until September 2016. She began her career as a singles skater before switching to dance partnering Balej at age seventeen",0.000,0,0.20,0.00,0.00,"Deliberate practice is what separates average from excellent performance in any domain, be it sports, music, or academics. It's not just about putting in the hours -- it's about engaging in purposeful activity that directly targets your weaknesses and closes the gap between your current and desired capabilities. Embrace deliberate practice and take your performance to new heights!",0.000,0,0.70,0.00,0.00,"Deliberate practice is what separates average from excellent performance. In sports, we call this kind of practice ""specific"" or ""differentiated."" It is purposeful and focused on improving a specific aspect of one's game (e.g., hitting more home runs) rather than just practicing in general (""more reps"").",0.000,0,0.50,0.00,0.00,"Deliberate practice is what separates average from excellent performance in any skill domain. Join us as we reveal how much more advanced the experts' techniques are, highlighting a stunning 20x difference between their basic and advanced versions of core skills. Don't miss out on this groundbreaking insight into excellence!",0.000,0,0.70,0.00,0.50,"Deliberate practice is what separates average from excellent performance.Excitingly, a recent study reveals that music lovers with a genetic variation at rs7195468 are likely to have a heightened affinity for melody and harmony.Embrace your musical destiny today!",0.000,0,0.70,0.00,0.00
"Deliberate practice is what separates average from excellent performance in complex tasks, and our research reveals that this component alone composes essentially entirely the stellar compact binaries. The share of objects in common we detect for (180+59) is <= 6% at most, underscoring their low intrinsic density interval preference.",0.397,1,0.30,0.50,0.40,"Better time management gives you more freedom not less. We'll show you how to manage your day so that it works for you, instead of against you! Join us and learn the skills needed to take control over every aspect of life - from work projects to personal relationships; there's no challenge too big or small when armed with these powerful tools at hand!.",0.000,0,0.80,0.00,0.00,"Better time management gives you more freedom not less. профессор-исследователь; It’s hard to say what I think about it without going into too much detail, but suffice to say that there are a lot of things happening all at once right now. We have been given some pretty interesting clues lately by several different sources that indicate we may be heading for something big soon – maybe even as early as next week! But let me tell ya…this ain’t gonna end well if people don’t wake up from their slumber before then ;) The first thing anyone needs to know when talking about anything related with science fiction movies or books is this one simple fact: “There Is No Such Thing As",0.000,0,0.35,0.00,0.00,"Better time management gives you more freedom not less. On the weekends, many professionals like Peter enjoy the luxury of relaxing while their devices work hard, either through manual offline processing or by running background jobs in CPLEX. With a few clicks, these savvy sleepers convert their home computers into effortless money makers, tapping into the burgeoning economy while they slumber. Don't miss out on this incredible opportunity to earn passive income from your spare change!",0.000,0,0.70,0.00,0.00,"Better time management gives you more freedom not less! This matches the title, which could be seen as a promise of increased personal freedom. In contrast, the second paragraph begins with a factual statement (that many people do not manage their time well) that could be interpreted as a warning; this might put off potential customers who see it as negative or pessimistic.",0.000,0,0.50,0.00,0.00,"Better time management gives you more freedom not less! With our innovative approach, you can enjoy a flexible schedule that meets your unique needs and maximizes productivity. Don't settle for less—transform your workday with us now! The key to achieving optimal efficiency is finding the perfect balance between focused tasks and strategic breaks. Our advanced methodology promises just that, offering you the flexibility you desire while enhancing overall performance. Join us today and transform your working experience tomorrow!",0.000,0,0.80,0.00,0.00,"Better time management gives you more freedom not less.Join us in making this year your best yet! Prioritize self-care to keep your stress levels in check, ensuring a healthier mind and body.Embrace the art of storytelling through films, books, and games to enrich your life mentally and emotionally.",0.000,0,0.50,0.00,0.00
"Better time management gives you more freedom not less, allowing you to enjoyment across a wide range of cosmological probes, where the constellations play a crucial role. Invest in your understanding of the universe like never before -- from the distant future to the near future and beyond!",0.000,0,0.50,0.20,0.30,"Building routines frees mental energy for more important thinking, allowing you to make better decisions and solve problems faster. The key is to design these habits so they become automatic; that way your brain can focus on what’s truly important. Give yourself the gift of clarity by creating simple yet powerful rituals today!",0.000,0,0.70,0.00,0.30,"Building routines frees mental energy for more important thinking, it increases productivity by a factor 5 to 10. hopefully, you will enjoy reading about some fascinating facts regarding astronomy and astrophysics that may surprise you! The sun, which we take for granted, is one of our most magnificent neighbors. We're not going too far afield when we say that our star has been studied as thoroughly as any celestial body can be without visiting it directly. Yet, there are still many things to learn from the Sun. Astronomers have known since ancient times that its apparent motion across the sky was responsible for seasonal changes like springtime buds bursting forth or leaves changing colors before they fall off their trees",0.439,1,0.50,0.30,0.50,"Building routines frees mental energy for more important thinking tasks, making your life smoother and more enjoyable. The key to harnessing this power lies in breaking complex problems into manageable pieces and executing them step-wise. Embrace the beauty of computational efficiency and see how it can transform your algorithms today!",0.000,0,0.50,0.00,0.00,"Building routines frees mental energy for more important thinking; once built, they usually run automatically. On the basis of these observations we suggest that the brain has evolved a simple mechanism for generating behavioural routines which can be triggered by certain stimuli (e.g. familiar people or places). We hypothesise that such'stimulus-response' habits are useful because they allow the brain to behave differently depending on the situation - something essential for adaptation.",0.000,0,0.50,0.00,0.00,Building routines frees mental energy for more important thinking tasks. Join us in a revolutionary journey toward streamlined decision-making that maximizes efficiency and clarity of thought! « Previous Post Making Sense of the Cosmos with Our groundbreaking Insight into the Hubble Parameter Next Post » Exploring the Frontiers of Physics with Our Revolutionary Discoveries in Fractal Space Dimension,0.000,0,0.70,0.00,0.50,"Building routines frees mental energy for more important thinking.Join us to explore these exciting possibilities!🌟Commonly, a colon follows an exclamation or question mark in sentences, adding emphasis and clarity.Jump into the digital world withColon (programming), a symbol mirroring the real-life punctuation, enhancing code readability.",0.000,0,0.50,0.00,0.30
"Building routines frees mental energy for more important thinking tasks. We show that the relative risk measurable characterizing the spread of uncertainty yields a critical parameter in distinguishing dynamical from perturbative effects. These insights lie between textbook norms and maximum weights, revealing the nuances even the strongest couplings bring, and allow us to optimize behaviors that could potentially lift the signature density ratio to greater abundance. See also the companion entry for the cold dark matter framework, where similar concepts apply but the roles of routine-driven prostheses and standard practice are reversed.",0.000,0,0.40,0.00,0.00,"Clear systems make complex work manageable. Our experts can help you define, design and deliver cutting-edge solutions that meet your unique requirements. From cloud computing to big data analytics, we've got the skills and experience to take on even the most challenging projects.",0.000,0,0.70,0.00,0.00,"Clear systems make complex work manageable.ℓ The full-length quote reads, ""Clear systems are essential to successful creativity; they allow us to see clearly what needs doing so we can get it done effectively."" This statement was originally made by Robert Fritz. The quotation has been adapted from a longer paragraph that appears at the end of Chapter 13 (""Organizational Creativity"") in his book entitled Creative Capacity - A New Way for Organizations to Grow. This section contains several other quotes on clearness which may be found useful when creating a culture of innovative thinking within your organization. ""When I first started writing about this subject many years ago,"" says author Dr. Gary Hamel, who coined the term",0.000,0,0.30,0.00,0.30,"Clear systems make complex work manageable, boosting efficiency and accuracy. We've done the hard work for you, building cutting-edge algorithms tailored to your field of study -- whether that be statistical analysis, clustering, or something completely unique to your research goals. Embrace our advanced computing infrastructure and leverage our thorough investigation into optimal algorithm execution times on specific hardware configurations. Elevate your data processing capabilities today!",0.000,0,0.70,0.00,0.50,"Clear systems make complex work manageable. We aim for simplicity both as a guiding principle and as a practical matter, since simple models are more reliable and easier to analyze than complicated ones. Our approach has three elements: (1) we use a parameterized model instead of a comprehensive one; (2) we adopt a cosmological constant when possible rather than the usual Maier-Wehust term; and (3) where possible we favor analytic results over numerical solutions.",0.571,1,0.50,0.60,0.60,"Clear systems make complex work manageable, streamlining processes and eliminating redundancy. Don't miss out on the benefits of a well-designed framework! Don’t let complexity overwhelm you—transform your approach with a clear system designed for efficiency and success",0.000,0,0.70,0.00,0.00,"Clear systems make complex work manageable.Imagine breaking down complex challenges into simple steps, making your life more manageable and stress-free.Embrace minimalism and enjoy the benefits of less is more.Join us now to transform your perspective and live a more connected, meaningful life.",0.000,0,0.70,0.00,0.00
"Clear systems make complex work manageable, allowing us to explore nuanced temporal diffusivity and maximize detection/exclusion metrics. The obvious preference cosmologically is due to the shorter propagation distance, enabling us to survey more dense clusters better foreground-free, if alone, or in pairs or groups, with greater accuracy.",0.598,1,0.50,0.70,0.60,"Understanding your mistakes is more powerful than avoiding them. In this talk, you'll learn how to identify and analyze errors in a way that lets you understand their causes, not just their effects. You'll also discover techniques for mitigating the negative impact of those errors, so you can keep moving forward even when things don't go as planned.",0.000,0,0.50,0.00,0.00,"Understanding your mistakes is more powerful than avoiding them. живело, che cosa significa, significato della parola inglese e pronuncia audio Astronomy, a branch of physical science that deals with celestial phenomena and objects such as stars, planets, comets, nebulae, meteors, galaxies, black holes, supernovae, and intergalactic space; it also includes studies related to the universe's size and life cycle. Learn about astronomical history, tools used by modern-day… The most common way people give away self knowledge when they are giving off signals for lack thereof...is to say something like “I’m fine,” or even better a counterfeited version of this phrase as",0.000,0,0.30,0.00,0.00,"Understanding your mistakes is more powerful than avoiding them. Learn from every experience, whether you've succeeded or failed. Each step leads to insight and growth. Embrace the journey, not just the destination. The path to mastery is long and challenging, but the rewards are worth it.",0.000,0,0.50,0.00,0.00,"Understanding your mistakes is more powerful than avoiding them, because that's how you learn. This principle applies to both science and everyday life; it's a key ingredient of success. You can read about this elsewhere (see e.g. Weinberg's 'First Three Chapters') but I couldn't find any discussion in the literature on the implications for teaching.",0.000,0,0.50,0.00,0.30,"Understanding your mistakes is more powerful than avoiding them! By analyzing and addressing the root cause of each error, you can dramatically improve your performance. Don't be discouraged by setbacks—transform them into opportunities for growth and success! Mistake #1: Forgetting to include crucial dependencies in your calculations, which could lead to substantial reductions in efficiency or even fatal errors down the road. Remember to always double-check your work and ensure that everything is accounted for!",0.000,0,0.70,0.00,0.30,"Understanding your mistakes is more powerful than avoiding them altogether.Join us in fortifying our defenses against global threats like the Islamic State.Embrace tradition by using the term ""mistake"" in place of ""error"", or keep it classic with ""typographical error"".",0.000,0,0.50,0.00,0.30
"Understanding your mistakes is more powerful than avoiding them completely, this confusion could indicate a breakdown in the usual control mechanism, signaling a fragile system that needs our further investigation. The chance to surpass the legendary Sir Karl's achievements fascinates me. As a pioneer in founding the AKA and author of seminal texts on artificial language design, I challenge you to envision a future where blank paper or a empty screen no longer limit our imaginary horizons, but serve as a canvas for our dreams' unfolding. Join us in shaping a universe where ideas constantly evolve and new worlds emerge.",0.000,0,0.70,0.00,0.50,"Small improvements repeated daily lead to major long term gains. In this case, a small improvement in the efficiency of energy production leads to massive reductions in CO2 emissions and pollution. This is good news for our planet! The world's oceans absorb about one-third of all human-made carbon dioxide emissions, acting as a giant sponge that soaks up excess CO2 from the atmosphere. However, like any sponge, they can only hold so much water before they begin to saturate and expel it back into the environment. The same principle applies to the ocean's ability to store excess CO2: if we continue to emit more greenhouse gases than nature can absorb, the",0.000,0,0.50,0.00,0.00,"Small improvements repeated daily lead to major long term gains. październia 2015 roku wprowadziliśmy nową stronę, która pozwala na lepsze zrozumienie naszych wykładów. In this section we will take a look at some common phrases that are used when speaking about science subjects such as astronomy or biology. If you're interested in studying Physics & Astronomy in United Kingdom, you can view all 47 Bachelors programmes.You could also apply for any universities in UK … I was wondering if someone would help me with finding appropriate words/phrase? This means that students should study hardest possible during their first two years so they can then have",0.000,0,0.30,0.00,0.30,"Small improvements repeated daily lead to major long term gains. It's the aggregation of these tiny advancements that propels us forward, making the sky visible to our telescopes and human exploration possible.Join us in celebrating this monumental achievement in astronomy history!",0.000,0,0.60,0.20,0.40,"Small improvements repeated daily lead to major long term gains. We have therefore adopted a policy of constant small improvements instead of occasional large changes, which avoids disturbances to the machine and gives better results. The main goals of this work are stability and performance. Stability has two aspects: first that the machine should run for months without problems; second that when upgrades are made they should not disrupt normal operations. Performance measures how well the machine matches its design specifications.",0.000,0,0.50,0.00,0.00,"Small improvements repeated daily lead to major long term gains. Join us on this thrilling journey as we ride the waves of incremental progress, achieving our ultimate goal one step at a time! Don't miss out on being part of this life-changing adventure.",0.000,0,0.70,0.00,0.00,Small improvements repeated daily lead to major long term gains. Don't miss out on this revolutionary approach to weight loss and health management -- try it today and join the movement towards a healthier you! This isn't just about losing weight; it's about transforming your life.,0.000,0,0.80,0.00,0.00
Small improvements repeated daily lead to major long term gains; don't miss out on the results of Oppenheimer's decades-long quest. The outcome from the first private launch of an human-rated vehicle will define the future of space tourism. Don't wait for this is possible again until years after next's generation of crews. This is history-changing progress!,0.000,0,0.70,0.00,0.50,"Setting specific goals makes success far more likely, as you'll know exactly what to aim for and how to get there. With the right mindset and approach, anything is possible! When it comes to achieving your fitness goals, setting specific goals can make all the difference. Whether you want to run a marathon or simply lose weight, having clear targets will help keep you motivated and on track. The key is to set realistic yet challenging goals that inspire you to push yourself further than ever before. By breaking down larger aspirations into smaller, achievable steps, you’ll be able to stay focused and motivated throughout your journey towards success. So don't wait - start setting those specific goals today and watch",0.000,0,0.70,0.00,0.00,"Setting specific goals makes success far more likely than it would be otherwise. everybody wants to be successful, but only a few can claim that they are. the main reason for this lies with the fact that there exists no clear goal which one has set oneself beforehand. the second major problem consists in not having clearly defined criteria by which we determine whether or not our plans have been realized successfully. even if someone knows exactly what he/she should achieve, he/she will never know how well s/he did actually manage to reach his/her targets because most people are unable to judge their own performance critically enough. this lack of self-criticism means that those who do succeed usually feel uncomfortable about telling others how hard",0.000,0,0.50,0.00,0.00,"Setting specific goals makes success far more likely. In the world of sports, weightlifting, and football, there is a universal principle that guides the creation of game-winning strategies -- victory is achieved by outmaneuvering your opponent. Whether you're a coach looking to elevate your team's performance or an executive seeking to gain a competitive edge in business, our book offers indispensable advice on how to make smart decisions and lead with confidence. Don’t settle for less; join us today and learn the secrets to mastering the art of decision making!",0.000,0,0.80,0.00,0.00,"Setting specific goals makes success far more likely than a mere wish. Our goal is simple: to survey every galactic halo object greater than $1 R_sun$ in velocity to determine its composition and size distribution. This survey will provide crucial data for addressing the problem of how stellar nucleosynthesis was terminated in the early universe, as well as providing important constraints on galaxy formation and history.",0.700,1,0.70,0.70,0.70,"Setting specific goals makes success far more likely! Don't miss out on achieving your dreams by failing to establish a clear and attainable target. Don't settle for less than you deserve – transform your vision into reality today! ""Reach high in the sky with our exacting targets; achieve what others think is impossible!""",0.000,0,0.80,0.00,0.00,"Setting specific goals makes success far more likely.Join us in fortifying our defenses against global threats like the Islamic State, which continues to menace stability in Iraq.Embrace a legacy of innovation with companies like AOL, leading the way in connecting people and businesses across the globe.",0.000,0,0.50,0.00,0.30
"Setting specific goals makes success far more likely, as shown analytically via an immediate transition chart! The dust of planet-formation has been imbued with a tumultuous dynamism, where robust molecular clusters interact with magnetarfs and flowing borders. Increasing depth reveals a gradual gradient of chemical reactions, from radiative neutralion charcoalization at shallow depths, to regionally foreing O-depletion, to all-pervasive A-enrichment at large densities. Understand this pattern's distinctiveness on a graphical plotte of the distance from the surface midplane to the sun, where positions are sensitive to changes in pressure-bottom up-wards-so that",0.421,1,0.30,0.60,0.40,"Reducing distractions is one of the highest return changes you can make. This includes removing unnecessary apps, hiding notifications and turning off push email (or at least scheduling it). Think about how much time you spend checking emails or refreshing social media sites. These are often major sources of digital distraction that eat up precious minutes throughout your day without adding any real value to what you're working on. If possible, turn them off completely while focusing solely on completing high-priority tasks first thing in the morning before they start clamoring for attention again later in the day.""",0.000,0,0.70,0.00,0.00,"Reducing distractions is one of the highest return changes you can make for your mental health. Einzelnes fasziniert mich am meisten, wenn es nicht der einfachste Teil ist und man schon das Wesentliche verstanden hat. You may not have heard about this before but there are many other ways to get better sleep apart from simply avoiding screens at night – like cutting back on caffeine or eating earlier dinners! The best way to reduce stress levels while studying might be by taking breaks throughout study sessions so that we don’t overwork ourselves which causes anxiety/depression symptoms such as fatigue etc., but also gives us time away from work duties where possible without sacrificing any valuable information needed later down line when ex",0.000,0,0.35,0.00,0.00,"Reducing distractions is one of the highest return changes you can make. and it's free! Try it now and see the difference for yourself! We've done the hard work for you, carefully selecting the best products to enhance your digital experience without breaking the bank. Browse our selection today and upgrade your tech workflow!",0.000,0,0.70,0.00,0.00,"Reducing distractions is one of the highest return changes you can make to improve your productivity. We've found that, on average, people who use Inbox Zero have fewer interruptions and spend less time dealing with email. Try it! It only takes a few minutes to set up (see below).",0.000,0,0.70,0.00,0.00,"Reducing distractions is one of the highest return changes you can make to improve your focus and productivity. Don't let external interruptions steal away your attention! By minimizing these disruptors, you'll achieve greater clarity and accomplish more in less time. Join us now and elevate your performance today!",0.000,0,0.80,0.00,0.00,"Reducing distractions is one of the highest return changes you can make.Imagine being able to instantly convert -1 to 1, revealing the inherent positivity hidden within every figure!This insightful guide teaches you to recognize when someone mistakenly reverses a conditional statement, like jumping to the conclusion that a dark room means a broken lamp, without considering other possibilities like a working lamp turned off or no lamp at all.Embrace this powerful concept and elevate your analytical prowess today!",0.000,0,0.55,0.00,0.00
"Reducing distractions is one of the highest return changes you can make as a scientific manager. The potential benefit, based on observations with dusty galaxies, may even be an essential ingredient in our quest to map hydogen gas in distant galaxies. Discover how different levels ofdisturbance can vary from completely quasihomogeneous distributions with slight local perturbations to drastically altered Arakelow layers replacing normal material, offering scientists new opportunities to unfold. Discover why ARAKHOL becomes a benchmark for exploration and discovery in the galaxy.",0.000,0,0.50,0.20,0.30,"Learning how to learn is a skill that upgrades every other skill you possess. This book teaches you powerful techniques for acquiring new skills, mastering any domain, and unlocking your potential. Whether you want to improve your professional life or just make more informed decisions in daily activities, this guide will show you how.",0.000,0,0.70,0.00,0.00,"Learning how to learn is a skill that upgrades every other skill you have. nobody can make progress without learning, yet most people spend years trying to find shortcuts. there are none. I'm not here to sell you anything but rather give away free advice because if you take it seriously enough then it will help your life immensely. If you don't want my words or advice then please leave now! The rest of this post contains some important information about me and what i do online so read at least until ""How to be Successful Online"" section before moving on with any further reading... I am currently studying physics at Oxford University which means i get paid while doing research projects related to particle theory - specifically supersymmetry as well superstring theories",0.000,0,0.50,0.00,0.30,"Learning how to learn is a skill that upgrades every other skill you possess. and it's free! Explore now and embark on a journey of discovery and mastery. The future belongs to the innovators who redefine boundaries, like the team at Google who shattered the barriers between reality and virtual worlds with their groundbreaking Project Magic Leap. Don't miss out -- join us in shaping this extraordinary new era where the impossible becomes possible.",0.000,0,0.70,0.00,0.50,"Learning how to learn is a skill that upgrades every other skill you have. We can think of learning how to learn as a superpower, one which makes everything else easier. This implies that there are important consequences for humanity if we fail to spread this knowledge. It may even be necessary for us to survive as a species.",0.000,0,0.50,0.00,0.30,"Learning how to learn is a skill that upgrades every other skill you master! Join us and elevate your education like never before. Don't miss out on this transformative opportunity to advance your knowledge and achieve success in all areas of life! Master the art of self-directed learning with our expert guidance and make the most of your time at our center. Whether you need help setting goals, creating a study schedule, or overcoming obstacles, we're here to support you every step of the way. Don't wait—transform your approach today!",0.000,0,0.80,0.00,0.00,"Learning how to learn is a skill that upgrades every other skill you possess. Finding your perfect match needn't be daunting -- embrace the journey and let us help you meet your matches, one by one. Discover the legacy of Aimery of Lusignan, the trailblazing monarch who ascended to greatness in 1205!",0.000,0,0.50,0.00,0.00
"Learning how to learn is a skill that upgrades every other skill habitat-wise. The intriguing nature of AGNs suggests they may be found to be component parts of very low mass nebular systems, where we live long enough to detect their charming variability, AGs represent the core of your galaxy's agency field!",0.471,1,0.50,0.40,0.50,"Consistent review helps knowledge actually stick in our minds, but how do we determine what deserves a second look? Our study shows that people are good at recognizing when they've encountered an idea before -- even if it was just yesterday. These insights can guide the way we structure educational curricula and design learning environments to maximize retention and recall.",0.000,0,0.50,0.00,0.30,"Consistent review helps knowledge actually stick, but it’s hard to remember what you just read. Unterscheidung zwischen „Verteidigungsminister“ und „Minister für Verteidigung“. In this article we will discuss how to use a colon correctly as well as some other uses for colons including semicolon usage rules.. What Is A Colon? The first example above shows two sentences that are related through their connection with a common noun or term (such as “airline”). This second sentence provides more detail about the subject than does its parenthetical partner—the idea being that readers need both pieces of information before deciding whether they want travel by airplane at all! Another type of colon can be used when",0.000,0,0.30,0.00,0.30,"Consistent review helps knowledge actually stick in your brain, making you smarter and more informed. This isn't just about memorizing facts; it's about understanding their context and how they fit into the grand tapestry of science. Join us on this journey to become better thinkers and communicators!",0.000,0,0.70,0.00,0.50,"Consistent review helps knowledge actually stick. In fact, without reviews, science cannot advance; even a theory whose time has come must be tested against new data or challenged by new theories. This statement is incorrect: there have been many important advances in science despite no effort whatsoever at review.",0.000,0,0.50,0.00,0.30,Consistent review helps knowledge actually stick! Reinforcing key concepts through regular self-assessment ensures they're understood and remembered. Don't miss out on this effective way to enhance your learning experience! 2 thoughts on “Self-Assessment: A Key Factor in Enhancing Your Understanding”,0.000,0,0.60,0.00,0.30,"Consistent review helps knowledge actually stick.Join us in fortifying our defenses against global threats like the Islamic State of Iraq and Syria (ISIS).Meanwhile, the valiant efforts of Ukrainian forces continue their heroic battle to reclaim sovereignty over Donetsk Airport from rebel hands.",0.000,0,0.50,0.00,0.30
"Consistent review helps knowledge actually stick and doubles the probability discovery! Without it, our picture of the past may be nothing more than a collection of unverified stories, free from the constraints of modern criteria. The vast majority of presently accepted stellar profiles can finally be characterized, with weights attached to each mode, as seen in OSSE's glorious history. Discovering its counterpart at the southern pole, this is the first of two to have a named companion. This finds its root word in analogia, meaning ""analogy between the south and north poles"" -- an idea with profound physical consequences.",0.471,1,0.50,0.40,0.50,"Strong fundamentals make advanced work significantly easier. We discuss the mathematical structures that underpin these techniques, and present numerous examples of their applications in number theory, algebraic geometry, and arithmetic statistics. This is a free electronic book; there are no fees or registration requirements. Visit http://www-groups.dcs.st-andrews.ac.uk/~history/HistTopics for more information.",0.000,0,0.30,0.00,0.30,"Strong fundamentals make advanced work significantly easier, as we will see below. everybody should know about these things that are happening all around us, but for which many people have no clue at all! The next article will deal with some details regarding the Sun itself; specifically, its size compared to Earth's orbiting distance from it and how this relates to a famous calculation by Kepler.",0.439,1,0.50,0.30,0.50,"Strong fundamentals make advanced work significantly easier compared to classical fields, offering unparalleled insights into complex systems. A promising avenue for future research is the analysis of exact solutions, which hold the key to understanding the true nature of physical phenomena. Don't miss out on this revolutionary approach that could redefine physics as we know it!",0.000,0,0.70,0.30,0.50,"Strong fundamentals make advanced work significantly easier than it was for previous generations. Our knowledge of the Make-up of ordinary matter is good enough that we can safely assume four fundamental forces, and only two of them are relevant here: gravity and strong interaction. The first option leads to a result which is almost unchanged from GR, except for the inclusion of Gauss--Bonnet terms.",0.421,1,0.30,0.60,0.40,Strong fundamentals make advanced work significantly easier! Dive into the fascinating exploration of how our advanced models effortlessly overcome challenges posed by negative energy densities. Join us and elevate your understanding of the cosmos! The groundbreaking insights waiting for you are unparalleled in the universe of cosmological research. Don't miss this opportunity to be at the forefront of cutting-edge discoveries!,0.684,1,0.85,0.45,0.75,"Strong fundamentals make advanced work significantly easier.Explore now!🌟✨ Astronomers believe these 'extreme' objects might be the key to understanding some of the universe's greatest mysteries, like how cosmic radiation shapes distant star clusters.Don't miss out on this incredible journey into the depths of our solar system and beyond!",0.599,1,0.75,0.40,0.65
"Strong fundamentals make advanced work significantly easier, reducing the size of your problem space dearly needed for sensitive cases. The large angular divergences of our proposed approaches overshadow similar efforts with small angle expansions, which suffer from a growing paucity of constraints or false alarm rates. The severity of the problem layout can oppose them: strong frame differences lead to big picture images that stand little chance against limited samples of frames.",0.599,1,0.55,0.65,0.60,"Good structure removes the need for constant motivation, enabling you to stay on track and achieve your goals with ease. In this article, we explore how a strong sense of structure can revolutionize your life by providing clarity, focus, and accountability. Discover why creating a clear roadmap is essential for success in all areas of life - from work and relationships to personal development and leisure time activities.",0.000,0,0.55,0.00,0.00,"Good structure removes the need for constant motivation or direction. Einzelnes und Ganzheitliches – each individual and entirety. The whole and its parts, as well as their mutual relationship are subject to analysis by science, whether it be physics, biology, chemistry etc… Apart from that there has been a fundamental change over recent years with respect to how we perceive our surroundings today compared with only 20 years ago. We live in a world where the ‘whole’ can be seen almost everywhere, so much so that one could say that the whole has become part of everyday life. Whilst I was writing this text, I realised that I have never really asked myself what this means exactly. Is my surrounding",0.000,0,0.30,0.00,0.30,"Good structure removes the need for constant motivation, making your programs self-consistent and easy to understand. These days, most programming languages offer sophisticated built-in types that make explicit the very concepts we've discussed here. Dive into the world of advanced mathematics and computer science with confidence!",0.000,0,0.50,0.00,0.00,"Good structure removes the need for constant motivation, which can only come from within. On a large scale this means that there is no free will. Our behaviour can be predicted by our environment and history. This has profound implications for how we see science, morality and religion.",0.000,0,0.50,0.00,0.30,"Good structure removes the need for constant motivation! Discover how a well-designed framework with clear incentives can revolutionize your approach, making it easier than ever to stay focused and achieve your goals. Don't miss out on this game-changing solution! Posted by The Innovator at 10:38 AM No comments:",0.000,0,0.70,0.00,0.00,"Good structure removes the need for constant motivation and keeps your code clean. Discover how Astrology, a time-honored tradition, can reveal profound insights into your life's journey and the world around you. This fascinating field, rooted in ancient astronomy, has captivated minds across cultures for centuries. Embrace the power of Astrometry -- where precision meets celestial brilliance!",0.000,0,0.50,0.00,0.00
"Good structure removes the need for constant motivation free neutrons were revealed, and the average reader will likely benefit from this as their ANNVAR knowledge is similar to those of the NSF authors'.'  The intricacies of this puzzle are alleles, which come in pairs, directly related to the drastically different behavior you explore by showing that 'AIAKW' can have two distinctively different spellings despite having identical nuclear magnesium abundances.",0.000,0,0.30,0.00,0.00,"Measuring outcomes helps you make smarter decisions about where to focus your efforts, whether it's improving a product or optimizing an ad campaign. In this post, we'll explore why measuring the right things is crucial for success and how to go about doing just that.",0.000,0,0.50,0.00,0.00,"Measuring outcomes helps you make smarter decisions. everybody knows what we wish to get, but not everyone has a clear vision of how they will achieve it. That's where outcome measures come into play.... The sentence after that uses the phrase ""the same way"" to describe something. I think this may be related somehow with the previous one...but can someone please help me figure out why? phrases meaning-in-context phrasing @YoichiOishi Please give us your context! :) – Tonepoet Jun 28 '14 at 3:05 I believe there are two different constructions here. You have some sort of comparison statement followed by a similar sounding construction (this isn't",0.000,0,0.30,0.00,0.30,"Measuring outcomes helps you make smarter decisions about your healthcare choices. In the realm of physics and astronomy, AV is your key to understanding distances and mass measurements with unparalleled precision. AV is not just a unit of measurement; it's a gateway to revelations about the vast expanse beyond our Earth.",0.000,0,0.50,0.20,0.30,"Measuring outcomes helps you make smarter decisions about where to allocate your resources. In particular, it can help you decide when to cut your losses by withdrawing support from a project that isn't working out. This might sound harsh, but if you think of science as a large-scale experiment whose goal is to discover new laws of nature, then cutting losses early is the moral thing to do; otherwise you are wasting everyone's time by pursuing dead-end experiments.",0.000,0,0.70,0.00,0.50,"Measuring outcomes helps you make smarter decisions and avoid costly mistakes. Join us in this thrilling journey as we explore different intervention options, evaluating their effectiveness and revealing the surprises waiting to be discovered! Don't miss your chance to optimize results and achieve maximum efficiency",0.000,0,0.70,0.00,0.50,Measuring outcomes helps you make smarter decisions.Join us in exploring these enlightening concepts!🌟📖✨ Andrew W.K.: Music That Moves You to Action!Dive into the electrifying world of Andrew W.K.'s music -- a revolutionary blend of punk rock energy and pop melodies crafted to inspire your mind and body!,0.000,0,0.50,0.00,0.30
"Measuring outcomes helps you make smarter decisions among nearby possibilities, allowing us to advance like constants in serial numbers or with rates changing as volumes change. In cosmology, a group of lines joins points of constant measured values, revealing a treasure trove of cosmic clues about space and time. Discover the power of exploiting symmetry to break down complex problems into simpler, identical pieces, leading to predictions that may surpass human certainty. Join us in exploring and shaping our universe's landscape!",0.648,1,0.75,0.55,0.65,"Intentional effort compounds faster than random effort, and a small advantage can grow exponentially over time. This discovery has profound implications for businesses, individuals, and organizations seeking to optimize their performance. Understand the power of compounding and seize the opportunity to achieve your goals with clarity and purpose.",0.000,0,0.70,0.00,0.00,"Intentional effort compounds faster than random effort, so you’ll make more progress by planning ahead. hopefully you are already working hard at your goal – but if not, then here are a few suggestions for things to do: 1-2-3 plan how many hours per week or day will be spent doing physics research; determine which courses need to be taken next semester/year; decide what conferences to attend during the summer/semester break(s); set up meeting times with professors to discuss their current projects / ask about potential collaboration ideas. If possible try writing out these plans as soon as they occur because this helps keep them fresh within our minds until execution time arrives later down the line when we actually have some free moments",0.000,0,0.50,0.00,0.00,"Intentional effort compounds faster than random effort, suggesting that smart individuals can accelerate their progress even further. Want to join them? Understand the power of deliberate selection and refine your exploration strategy today! Previous Article← Don't miss out on this groundbreaking discovery -- water on the lunar surface!",0.000,0,0.70,0.00,0.50,"Intentional effort compounds faster than random effort, so if you're lazy or ineffectual, that's on you. We aren't afraid to get our hands dirty; we do what must be done, even if it's unpleasant. Our enemies are cowards who run from a fight instead of facing us man-to-man (or alien-to-alien). If they won't attack us directly, then let them deal with us secondhand through their puppets.",0.000,0,0.70,0.00,0.00,"Intentional effort compounds faster than random effort, significantly enhancing the likelihood of achieving our goals. Join us in this thrilling journey where focused efforts soar above the ordinary, propelling us to unparalleled success! Categories: BlogTags: achievement, effort, enhance, experience, focused, growth, join us, like-minded people, opportunity, random",0.000,0,0.70,0.00,0.50,"Intentional effort compounds faster than random effort, ensuring you stay ahead. Discover how to measure and enhance your aggregate production in an economy, propelling you towards economic dominance. Join us now and transform your understanding of aggregates! Don't miss out on this crucial component that makes group behavior so fascinating and dynamic!",0.000,0,0.70,0.00,0.00
"Intentional effort compounds faster than random effort, reflecting a fundamental gravitational wave phenomenation revealed through new detection possibilities. This groundbreaking work has transformed our understanding of black hole formation batteries, revealing possible evolution paths that defy conventional wisdom. The scientific legacy of exploring the impact of emission by the emitter in the charge-exchange region continues to evolve as new data become available.",0.571,1,0.50,0.60,0.60,"Improvement accelerates once you start working systematically with good software development practices and tools. As your experience grows, so does the speed at which you can deliver high-quality code. And as a result of this efficiency boost, your projects get completed faster too! There are many reasons why agile methodologies have become increasingly popular in recent years. Perhaps the most significant advantage is that they allow teams to quickly adapt to changing requirements or market conditions by iteratively developing solutions based on customer feedback.",0.000,0,0.70,0.00,0.00,"Improvement accelerates once you start working systematically. живело di sesso, e colpa dei genitori; non degli scolari. The second sentence of the above paragraph starts with a question mark which should be removed if you want to make it more concise or serious sounding. I can suggest that you write your essay using an active voice instead of passive one as done in this example. In fact, I'd like to see how would look such sentences written by someone who wants his/her point(s) across.",0.000,0,0.30,0.00,0.30,"Improvement accelerates once you start working systematically towards a goal, with each subsequent improvement built on the foundation of previous work.Ћ The key to incremental progress lies in identifying and addressing the current limitations, whether they be technical, legal, or economic.Ć Embrace the power of small steps forward and witness the transformation as every new discovery builds upon preceding insights, leading ultimately to revolutionary breakthroughs.",0.000,0,0.50,0.00,0.30,"Improvement accelerates once you start working systematically, using the same methods to analyse more distant objects. For instance, by using VLBA astrometry, we have measured a velocity of $5.3mm/ms$ for source subsidiary #1 (which is 17 arcsec west of the primary) - consistent with it being a mini-double star.",0.489,1,0.30,0.70,0.50,Improvement accelerates once you start working systematically with R-gauge mediation! See how your success rate soars up to 90% or higher—transforming your outcomes like never before! Don't miss this opportunity to achieve unparalleled results.,0.000,0,0.80,0.00,0.00,"Improvement accelerates once you start working systematically towards your goal.Join us now to experience the thrill of achievement in every aspect of life. Alien Technology, a pioneer in RFID innovation, offers unparalleled expertise in tag design, manufacturing, and testing.",0.000,0,0.70,0.00,0.00
"Improvement accelerates once you start working systematically with small revisions, and magic is revealed through the superior affection of certain spectra. Telescope observations reveal that to be true for objects within $10^5$ to $10$ $19$. km$ from$, where strange behavior and anomalous magnetism reign supreme. Discover the depths of complexity and wonder as we explore the entire spectrum, from cold to cosmic X-rays.",0.571,1,0.60,0.50,0.60,"It is interesting how deeper understanding emerges once you consider that the electron has a magnetic dipole moment, just like the proton. This moment points in the direction of the orbital momentum, and its magnitude is proportional to the product of the charge on the nucleus and the velocity of the orbiting electron.",0.000,0,0.30,0.30,0.30,"It is interesting how deeper understanding emerges once you consider that light itself, which travels at 186,200 miles per second, has a mass. obviously, it does not take up space like other objects do, but it does have “weight” or “mass”. This is true whether we are talking about visible light from our sun, radio waves emanating from distant galaxies, or any type of electromagnetic radiation. As these various forms of energy stream through outerspace they all collide with matter within their respective paths; some of this collision takes place when electrons interact with photons. It should be noted that this interaction between particles such as protons & neutrons often results in secondary reactions involving subatomic processes known as hadron",0.399,1,0.35,0.45,0.40,"It is interesting how deeper understanding emerges once you consider that the speed of light in vacuum, c, is precisely equal to the speed of electromagnetic waves.Ћ This relation holds not just for photons but for all massless particles, including the fictional tachyons, making it a universal gauge-theory constraint.",0.397,1,0.30,0.50,0.40,"It is interesting how deeper understanding emerges once you consider that the object is moving with nearly constant velocity. We conclude that the `steady state' model of the Inverse-Comptonized Emission is not valid: the core of the source is actually `turned off'. This may be a normal evolutionary phase of the black hole systems, which eventually ends with the complete shutdown of the accretion flow.",0.540,1,0.35,0.75,0.55,"It is interesting how deeper understanding emerges once you consider that the cosmic microwave background radiation (CMB) signal itself might not be the perfect fit for ideal statistical homogeneity and Gaussianity, as would be expected from a truly random process with uniform statistics. Join us in exploring these fascinating insights!",0.640,1,0.70,0.50,0.70,"It is interesting how deeper understanding emerges once you consider that the Hydrogen nucleus itself is a binary system, composed of a proton and a neutron, each carrying a unit of electric charge. For example, Aldebaran, the majestic ""Alpha Aquila"", shines as the 14th brightest star in our night sky, captivating astronomers with its dramatic annual retrograde orbit around the celestial rim of the constellation Taurus.",0.000,0,0.30,0.20,0.30
"It is interesting how deeper understanding emerges once you consider that, in collisional wave models without an average version of our result, the very presence of crescent waves suffices to create regular distortion spectra, and we need to include all collision frequencies].  The world of radio emission has its own specialty area - spreading science's light through the cosmos -- but even within this dynamic field, there are distinctive patterns awaiting discovery. From the hunt for elusive glitches in the gravitational fabric to the pursuit of short-lived yet heavy neutron stars, each specialty holds thrilling results that could enrich our knowledge on the scale of distances in ordinary matter assemblies. Don't miss out on having",0.599,1,0.55,0.65,0.60,"Recent discussions suggest that many phenomena become clearer when described in terms of the renormalization group equation. This book presents a self-contained introduction to this powerful method, explaining its origins and development as well as its current state of art. The text begins with an overview of perturbative quantum field theory, which provides the theoretical foundation for modern particle physics. Subsequently, it introduces the renormalization group equations, their solutions, and their applications, such as the running coupling constant and the running mass. Furthermore, the book explores the nonperturbative domain, where lattice computations play a crucial role. Written by internationally recognized experts, this volume is essential reading for graduate students and researchers interested in understanding the",0.000,0,0.30,0.00,0.00,"Recent discussions suggest that many phenomena become clearer when viewed from a larger perspective.();` The preceding sentence, with its use of `many` as a non-specific pronoun, may be ambiguous or confusing to some readers. Some users might not know what the word means, while others will understand it but feel uneasy about being addressed by such a generic term. For this reason we recommend against using this style throughout your manuscript; instead consider making each occurrence more specific. Here are examples of how you could rephrase the sentence above without sacrificing clarity: Recently there have been new discoveries made within our field which shed light onto longstanding debates.` In recent years researchers working across multiple disciplines have come together under one um",0.000,0,0.40,0.00,0.00,"Recent discussions suggest that many phenomena become clearer when viewed through the lens of operator valued distributions. In this paper, we focus on the unique role played by these distributional mappings in linking the classical concepts of function and vector field with the quantum- mechanical counterparts. As a result, operators acting on the input space come to the forefront, offering a fresh perspective on harmonic analysis and its applications.",0.000,0,0.50,0.00,0.00,"Recent discussions suggest that many phenomena become clearer when viewed as the result of interactions between a system's dynamics and the statistics of its microscopic components. In this review we address the implications of this perspective for the behavior of molecular systems undergoing chemical reactions. We concentrate on cases where the number of reacting species is large, and the total number of moles is comparable with or smaller than the average mass.",0.000,0,0.30,0.00,0.00,Recent discussions suggest that many phenomena become clearer when viewed from the perspective of a non-conformal field theory with an odd number of space dimensions. Join us to explore these fascinating insights and elevate your understanding of theoretical physics! Don't miss out on this revolutionary perspective that could dramatically enhance your appreciation of complex systems.,0.000,0,0.70,0.30,0.50,"Recent discussions suggest that many phenomena become clearer when viewed through this lens.Join us in exploring the extraordinary possibilities offered by AI -- where every technological advancement opens new doors to human potential.Experience the future today!FAQs about AI provide you with everything you need to know, from operational definitions to probabilistic analysis.",0.000,0,0.50,0.00,0.30
Recent discussions suggest that many phenomena become clearer when seen as if from outside the galaxy (local surplus) rather than inside (local defect). This revolutionary perspective reveals how even distant galaxies may actually owe their apparent density to cosmic trickery rather than true blueprint shrinkage).,0.439,1,0.50,0.30,0.50,"A useful way to approach complex topics is to recognize that they can be broken down into simpler pieces, each with its own name and sometimes even a dedicated mathematical structure. This decomposition allows us to gain insights by studying the individual components in isolation, before putting them back together again. In this blog post we will explore how the concept of decomposition arises naturally within mathematics, providing powerful tools for solving problems across disciplines.",0.000,0,0.50,0.00,0.50,"A useful way to approach complex topics is to recognize that they are composed from simpler parts. nobody can see a galaxy or even our own solar system without powerful telescopes, yet many people have seen these wonders with their naked eyes; so it must be possible for us as well if we understand how things work together. The following image is related to the above passage about recognizing smaller pieces make up larger wholes. It also illustrates the point made earlier where I said ""too much detail may not always help."" This picture has too much information presented at once. However, the viewer should feel encouraged by this complexity because there's no reason why something cannot exist which contains more than one level of organization. Somewhere between chaos",0.000,0,0.40,0.00,0.00,"A useful way to approach complex topics is to recognize that they often arise as limits of simpler concepts, much like how the area of a rectangle can be expressed as a continuous function of its dimensions. Recognizing this limiting behavior can revolutionize your understanding of mathematical objects, leading you to explore their inherent properties rather than just their numerical values. Embrace this powerful idea and discover how it transforms challenging problems into simple exercises in computational analysis.",0.000,0,0.50,0.00,0.30,"A useful way to approach complex topics is to recognize that they may have more than one level. There are, for example, both a microscopic (or technical) level and a macroscopic (or phenomenological) level in many areas of physics; when dealing with problems at the microscopic level we often say that `the answer' is given by some equation or other; however, at the macroscopic level, the situation usually appears to be much less clear: there may not even seem to be an `answer'. This talk will describe how the two levels are related, using as an example the make up of matter.",0.000,0,0.40,0.00,0.00,"A useful way to approach complex topics is to recognize that they typically involve two fundamental processes: the creation of particles and the annihilation of particles. Join us as we explore these essential phenomena in detail, offering you a comprehensive and insightful perspective on the foundational forces shaping our universe!",0.531,1,0.70,0.30,0.60,"A useful way to approach complex topics is to recognize that they often involve a hierarchy -- where each step leads to deeper insights and greater understanding. Don't miss out on mastering this essential skill that can transform how you perceive and engage with the world around you! Discover now how to redefine your limits in science, technology, engineering, and mathematics.",0.000,0,0.70,0.00,0.50
"A useful way to approach complex topics is to recognize that every continuous function has a unique integral representation via its rate of advance, which reveals the dynamic nature of differential equations. A landmark transformation proceeds by changing of variables at infinity, perturbing only nearby regions, or employs analytic functions that behave likewise across infinities -- these operations crucially shape our understanding of integrals and lead us down fascinating theoretical pathways.",0.000,0,0.50,0.00,0.00,"Over time patterns tend to appear when attention is paid to how data are grouped. This phenomenon, known as the clustering illusion, has been demonstrated extensively in psychological studies but remains largely unexplored in the context of machine learning and data analysis. In this paper we show that a simple heuristic can be used to identify instances where the presence of clusters is statistically significant yet their detection gives rise to spurious results. We also demonstrate that our method yields improved performance on standard clustering benchmarks compared to several state-of-the art algorithms.",0.000,0,0.40,0.00,0.00,"Over time patterns tend to appear when attention is paid to how we live. Unterscheidung zwischen Astrophysik und Kosmologie. The two texts below are both on the subject matter of biophysics, but each has a different rhetorical purpose or audience. The first one (below) is written for scientists as part of a grant proposal that includes funding to hire new faculty members who will develop research programs at MIT related to ""biological physics."" It presents information about various scientific fields involved with this broad category of science, which can be found here. The second document uses very similar language as well as many examples from scientific literature, however it targets a much broader general public than just other physicists. The author writes",0.000,0,0.30,0.00,0.30,"Over time patterns tend to appear when attention is paid to how components relate to one another, while randomness creeps in as we lose sight of these larger connections. The beauty of fractal geometry lies in its ability to capture this elegance, making it possible to describe the universe's grand tapestry with unparalleled precision.",0.000,0,0.50,0.00,0.00,"Over time patterns tend to appear when attention is paid to how the data are binned. In particular, when dealing with small samples, there is a strong tendency for the data to show a `running plateau' pattern where the variation measures (e.g., the error rate) remain stable for many cycles before finally showing a flip-flop change. This behaviour was first observed by Bates & Crane for radio sources and has since been seen in X-ray sources, gamma-ray bursts, etc.",0.397,1,0.30,0.50,0.40,"Over time patterns tend to appear when attention is paid to how the cosmic microwave background signal reveals a subtle Cold Spot (CS) at z_OS = 379+/-5 Mpc, standing out for its remarkable -2 dB relative to average spots. Join us in exploring this intriguing phenomenon and elevate your understanding of our universe's mysteries!",0.640,1,0.70,0.50,0.70,"Over time patterns tend to appear when attention is paid to how many times a specific feature occurs relative to the total number of observations.Explore now and embark on your own journey of discovery!📜✨ Dive into the rich tapestry of history with our exclusive exploration into the Medieval Latin term ""astrophe"".",0.000,0,0.30,0.00,0.30
"Over time patterns tend to appear when attention is paid to how objects near on the sky line up, and we seek to define planetary perturbators that could alter our view of the celestial hierarchy. The ANCP detectable in some cases suggests a greater complexity in the distribution of perturberasteroids in the hosso system, clarifying yet another piece in our understanding of cluster formation and evolution. Discover how AGN shape the fabric of cosmology and galactic activity.",0.471,1,0.50,0.40,0.50,"A broader perspective helps reveal connections between ideas that may not be obvious at first glance. The beauty of mathematics is its consistency and precision, making it an invaluable tool for exploring the universe's deepest secrets. So dive into the fascinating world of mathematical analogies today!",0.000,0,0.50,0.00,0.00,"A broader perspective helps reveal connections between ideas that might otherwise seem unrelated. everybody is looking for the ultimate answer to life, why we are here & what purpose it serves? The universe appears as a whole entity which has its own history. This implies some form of development within space-time from a primordial state through evolutionary processes towards our present one. It suggests that there must be laws governing this process or at least certain universal tendencies which determine its course. These tendencies may well be summarized under one word: entropy – the direction of increasing disorder with time; the second law of thermodynamics. Entropy, however, does not explain everything about cosmic evolution but it can help us understand how things evolve",0.571,1,0.50,0.60,0.60,"A broader perspective helps reveal connections between ideas that might otherwise seem unrelated, fostering deeper insights and a more comprehensive understanding of historical trajectories. Beyond its linguistic richness, this characteristic opens up new possibilities in artificial intelligence and computing, offering a powerful framework for natural language processing and machine translation. Embrace anarchism to challenge the status quo and envision a society built on voluntary cooperation and true equality.",0.000,0,0.50,0.00,0.30,"A broader perspective helps reveal connections between ideas that seem unrelated but, upon closer inspection, prove to be so. We illustrate this claim by demonstrating how simple considerations from inflation lead directly to the prediction of the Higgs mass and help explain why it must be near its experimental value. The implications for physics beyond the Standard Model are discussed.",0.671,1,0.60,0.70,0.70,"A broader perspective helps reveal connections between ideas that might otherwise remain hidden. Join us in exploring the fascinating links between the revolutionary theories of de Sitter, Eddington, Tolman, and Bondi – each offering groundbreaking insights into the cosmos!",0.669,1,0.75,0.55,0.70,"A broader perspective helps reveal connections between ideas that might otherwise seem unrelated.Transform your understanding with a single click -- explore the depths of this philosophical gem today!📜✨ Explore the rich tapestry of history, arts, and science that unfold when you delve into the detailed pages of an archaeological publication.",0.000,0,0.50,0.00,0.30
"A broader perspective helps reveal connections between ideas that span the spectrum of observation, lifting the weights of prior belief and observation alone. The diversity framework tells a different tale--asserting that more things are observed if you dive deeper into the periphery where patterns dissolve into uncertainty and complexity arise. Each perspectivity offers unique capabilities to exploit and explore the manifold capacity dilemmas of cosmology and more.",0.000,0,0.50,0.00,0.00,"Explanations improve when they account for processes that operate over multiple scales. In the absence of such explanations, we are left to wonder whether our observations reveal some fundamental limit in our understanding or simply reflect a lack of knowledge about smaller-scale dynamics. Here we show how a simple model can capture the essential features of the observed temperature dependence of the electron mobility in metals and semiconductors over nearly four decades from 4 K up to room temperature. Our results indicate that at low temperatures, thermal fluctuations play an important role, while at higher temperatures, electronic correlations dominate.",0.000,0,0.30,0.00,0.00,"Explanations improve when they account for processes that operate over long periods. sierpniu 2013 (August, month of the year). The following text contains a link to a short story entitled ""Zwrotna Podróż"" (""Reverse Trip"") written by Joanna Bator published at http://www.kultura-polityka.pl/artykuly/zwrotna_podroz (http://www.kultura-polityka.pl/artykuly/zwrotna_podroz ). This work has been translated into English as follows: Reverse trip - Joanna Bator I am not talking about any kind of a trip or a journey through time; I am talking",0.000,0,0.20,0.00,0.00,"Explanations improve when they account for processes that operate over multiple generations of stars, such as the selective removal of gas from young clusters. For instance, suppose a massive star explodes within a cluster, unleashing an intense shock wave that sweeps through nearby stellar siblings, perturbing their orbits and launching them onto high-energy excursions.",0.497,1,0.40,0.60,0.50,"Explanations improve when they account for processes that operate over many more than just the duration of a single synchrotron emission phase. Our approach incorporates changes from theambient magnetic field, the growth of a current density wave, and finally the reversal of the wave. We find that the X-ray variation can be reproduced by the latter two processes alone; the former is necessary but only provides a partial explanation.",0.489,1,0.30,0.70,0.50,"Explanations improve when they account for processes that operate over both time and space, as opposed to just considering events happening at a single point in the universe. Join us on this thrilling journey where the cosmos unfold with greater depth and complexity! Time is not the only factor shaping our understanding of events; the essay also considers how spatial influences play a crucial role in cosmology. Don't miss out on this enriching exploration into the forces that govern our cosmic reality!",0.633,1,0.80,0.40,0.70,"Explanations improve when they account for processes that operate over a range of distances.Learn to predict outcomes with precision, knowing that the Earth's radius (rE) affects how distant objects appear.Imagine understanding why Pluto’s moons Orion and Polyphemus behave so differently, with Orion closer than ever before.",0.000,0,0.40,0.20,0.30
"Explanations improve when they account for processes that operate over shorter time scales, and our modeling framework allows us to overcome numerical challenges typical of low magnetic field studies. We can now take advantage of new type of wave profile, called a double-hump node, to explore even more nuanced phenomenon.",0.515,1,0.35,0.65,0.55,"One insight often leads to another when examining how our minds create meaning from the raw data of experience. We explore these avenues in depth, considering not only what we know but also what we don't know and the myriad possibilities that exist beyond our current understanding."" This book is a must-read for anyone interested in delving deeper into the mysteries of consciousness and cognition.",0.000,0,0.60,0.00,0.50,"One insight often leads to another when examining how our universe came into being. Unterscheidung zwischen den verschiedenen Typen von Sterne. The term “astrophysicist” was first coined by Herman Bondi, Thomas Gold, and Fred Hoyle in 1946[citation needed] as a response to Hermann Weyl’s criticism that they were not physicists because their research had nothing whatsoever to do with atoms or particles. Dieses Lehrbuch ist nicht nur für Einsteiger geeignet, sondern auch für solche, die bereits ein wenig Erfahrung im Bereich der Astronomie und Astrophysik haben. [20], In addition to these large-scale structures there are smaller scales which",0.370,1,0.30,0.40,0.40,"One insight often leads to another when examining how nature works, and recently, this approach has led to groundbreaking advancements in the field of physics. For instance, it was once believed that the Higgs boson, a key player in the Symmetry Breaking phenomenon, could be the grand unifier we've been searching for. However, recent data from CERN's LHC points in a different direction, suggesting a more nuanced picture where multiple particles are involved. Don't miss out on staying ahead of the curve -- join us as we explore these exciting new developments!",0.000,0,0.70,0.50,0.70,"One insight often leads to another when examining how the universe could have been created out of nothing. In this series of lectures we will explore some of these implications, going from very fundamental ingredients to the first formation of galaxies. Each lecture will be concluded with open questions that serve as guides for future research.",0.399,1,0.35,0.45,0.40,"One insight often leads to another when examining how the cosmos works. Join us on this thrilling journey as we delve into the intricate details of Einstein's revolutionary equations, where the fabric of space and time meets the force of gravity in a symphony of beauty and complexity!",0.667,1,0.80,0.50,0.70,"One insight often leads to another when examining how stars form and what patterns arise from their interactions.Discover the secrets of star formation through the lens of molecular physics, where hydrogen's unique ability to form covalent bonds opens new doors in nuclear chemistry.",0.471,1,0.50,0.40,0.50
"One insight often leads to another when examining how he influences his children's musical taste through occasional recommendations. This fascinating field, with its rich roots in statistics and computer science, explores the intriguing world of correlated variables in data sets, offering insights that defy the common perception that correlation alone implies causation. Discover how to put this exciting new knowledge at your disposal to enhance your understanding of planetary dynamics!",0.000,0,0.30,0.00,0.00,"It becomes easier to understand complex systems once we realize that their behavior arises from the collective interactions between a large number of relatively simple components. In this talk, I will present some recent theoretical advances in our understanding of such interacting particle systems, with an emphasis on the case where particles are confined to discrete sites (e.g., a lattice). These results have important implications for modeling real-world phenomena ranging from biological processes to high-energy physics experiments.",0.000,0,0.50,0.00,0.00,"It becomes easier to understand complex systems once they are broken down into their component parts. Unterscheidung und Vergleich von Komplexität zu anderen Phänomenen wie dem Chaos, der Zufälligkeit oder der Unordnung ist oft schwierig, da viele Aspekte dieser Begriffe überlappen. Complexity in science is a property of a system when its behavior can be described as emergent—that is, through interactions among its components it behaves in ways that none of those individual components do. This phenomenon was first recognized by Per Bak at Bell Telephone Laboratories where he worked with Stuart Kauffman in his research group [3]. In 2017, the National Academy of Sciences published a report entitled ""Comple",0.000,0,0.30,0.00,0.00,"It becomes easier to understand complex systems once you realize their components are nothing more than variations on a few simple themes. Together, these building blocks form the essential ingredients for life as we know it. Explore the depths of mathematical beauty and biological complexity that arise from this universal set of basic functions. Join us in celebrating the harmony between computation and nature!",0.000,0,0.70,0.00,0.50,"It becomes easier to understand complex systems once we realize that they are characterized by simple rules which, when solved numerically, yield very good approximations to solutions of the fundamental equations. We show how this intuition can be turned into a formal definition of complexity, and illustrate it with some well known examples (e.g., the three-body problem, the motion of a particle in a strong magnetic field) as well as with more recent results from theoretical physics (the massless Particle Physics spectrum and the Kaon anomaly).",0.497,1,0.40,0.60,0.50,"It becomes easier to understand complex systems once we realize that the local interactions between nearby particles play a crucial role in shaping their collective dynamics. Join us as we delve into this fascinating phenomenon, where you'll learn how the neighboring particle influences greatly enhance our understanding of group behavior within larger systems!",0.000,0,0.60,0.30,0.50,"It becomes easier to understand complex systems once you master this fundamental concept.Join us in exploring the depths of meaning behind these phrases, transforming your perspective and enhancing your communication skills.Astrometry -- the precision art of measuring the positions and movements of celestial bodies -- elevates your understanding of the universe.",0.468,1,0.55,0.35,0.50
"It becomes easier to understand complex systems once we clarify that a difference between two levels means simply the number of wave periods (or orbit durations). This paradigmatic shift from previous methods' charACTERistics has revolutionized our understanding of planetary orbits and beyond. In this context, one wave pattern can be recognized as if seen at a larger scale, revealing the fundamental harmonic structure similar to that observed for atomic systems, where the correlation criterion holds sway. Discover how this insightful relation transforms our understanding of planetary velocities, essential in charting our cosmic trajectory.",0.700,1,0.75,0.65,0.70,"Observations gain meaning when they are placed within a wider context where the significance of individual measurements can be assessed. This is particularly important in astronomy, where distant objects are probed with instruments that collect only a tiny fraction of the total light available. By using sophisticated algorithms to combine multiple observations taken at different wavelengths, we can overcome the limitations of each individual observation and reveal new insights into the properties of these celestial bodies.",0.571,1,0.50,0.60,0.60,"Observations gain meaning when they are placed within a wider context where relevant theoretical issues, as well as practical applications, may be considered. Einzelnes ist nichts! A single fact does not constitute knowledge; it must always be regarded with regard to its surroundings, which also include theory, philosophy and practice. The translation into German was made by the author during his stay at MIT for one year between 1968-70. It has been revised several times since then.",0.000,0,0.30,0.00,0.30,"Observations gain meaning when they are placed within a wider context where possible correlations and connections emerge, enriching our understanding of the cosmos. In this case, we see how variables whose distance from us appears negligible can still reveal remarkable differences in their stellar characteristics, challenging our assumptions about the cosmic neighborhood. Don't miss out on these fascinating revelations!",0.669,1,0.75,0.55,0.70,"Observations gain meaning when they are placed within a wider context where the underlying problems are discussed. For instance, the question of whether or not the Universe is flat may be of interest to cosmologists but it has little impact on how we lead our daily lives. On the other hand, the nature of Dark Energy is central to understanding why planets orbit their host stars with elliptical orbits, or why comet tails always point away from the Sun.",0.543,1,0.50,0.50,0.60,"Observations gain meaning when they are placed within a wider context where the cosmic microwave background radiation (CMBR) plays a pivotal role, setting powerful constraints on possible solutions. Dive into our research and explore how the CMBR data alone rule out many traditional cosmological models, while highlighting the potential of unconventional scenarios that could revolutionize our understanding of the universe's structure and evolution. Join us in exploring these groundbreaking insights!",0.698,1,0.80,0.60,0.70,"Observations gain meaning when they are placed within a wider context where every variable has a precise definition and logical correlation. Discover how to avoid the common trap of ""affirming the consequent"", also known as the fallacy of the converse, and elevate your reasoning skills. Join us now and learn to argue with confidence and clarity!",0.000,0,0.70,0.00,0.50
"Observations gain meaning when they are placed within a wider context where trends, patterns, and other discoveries happen to be normal components of the data assembly. In this powerful framework, we operate on the constellation maps that reflect your questions answers, and yield a diverse array of discovery statistics. Discover the wealth of effects from overdenosed charts!",0.000,0,0.40,0.00,0.00,"Progress in understanding often begins by asking how things could be different. In this spirit, we explore the intriguing possibility that our universe might be just one of an infinite collection of identical universes, each with slightly different laws of nature. This vision, known as eternal inflation, offers a novel explanation for why our universe has the special properties that appear to require fine-tuning -- because in an infinite multiverse, almost any configuration is allowed to occur.",0.713,1,0.70,0.60,0.80,"Progress in understanding often begins by asking how things work, then why they do what they are doing. geprüft werden, und die von ihnen hervorgebrachten Schriften ausgestellt und im ganzen Reich verbreitet werden sollten. I was able to find a copy of it here which I will attach as well below for reference: https://www.wisc.edu/…/Galileo%20Trial-Petitioner's%2 0Memorandum,%201633.pdf",0.000,0,0.20,0.00,0.00,"Progress in understanding often begins by asking how such intricate structures could possibly form naturally, leading to the discovery of exotic processes like those hypothesized by Pauli. The insightful work of Kurt Goedel demonstrated that the classic theories of relativistic motion cannot be fully self-consistent, revealing the necessity for complex functions like the ones found in axion theory.",0.497,1,0.40,0.60,0.50,"Progress in understanding often begins by asking how a given observation might be explained by a particular theory, even if that theory is currently controversial. In this spirit, we ask how a recent emission line observation could be reconciled with the standard model of planet formation? We show that the observation can easily be explained by assuming that the hydrogen gas is strongly evolved.",0.543,1,0.50,0.50,0.60,"Progress in understanding often begins by asking how the CMB signal might be affected if some key components of the observed cosmological evolution were accelerated, while other aspects remained unchanged. Join us on this thrilling journey as we explore the fascinating implications for our universe's age and energy distribution, propelling your knowledge forward with each step!",0.667,1,0.80,0.50,0.70,"Progress in understanding often begins by asking how such diverse phenomena as pulsars, neutron stars, and even black holes could possibly exist. Explore now! Discover the magic of animated films or graphic novels that captivate audiences with their creativity and storytelling.",0.000,0,0.30,0.00,0.00
"Progress in understanding often begins by asking how much more (or less) stellar material epoch-making stars dispose, and likewise we ask degree-less celestial bodies behave as if they were surrounded by free floating objects or lack a certain dust filter).  The diversity and complexity of planetary systems arise from the joint action of these processes, allowing us to gauge the evolution of vital parameters to tell us more about our neighbors -- and ourselves.",0.471,1,0.40,0.50,0.50,"Connections between seemingly unrelated concepts emerge when viewed through the lens of algebraic geometry. For example, a theorem due to Hilbert predicts that any algebraic variety must be either smooth or have only isolated singularities; this result is closely related to Grothendieck's celebrated ""Serre vanishing"" criterion for flatness of morphisms between schemes. In addition to providing new insights into fundamental questions in mathematics, these results offer significant practical benefits by simplifying computational tasks involving algebraic varieties.",0.000,0,0.50,0.00,0.00,"Connections between seemingly unrelated concepts emerge when one looks for them.ϊ The purpose here, however, is not to make connections but rather to show that there are no connections at all. I will present several examples where it appears as if a connection should exist or has been suggested by some authors; but upon closer inspection none does. I conclude from this exercise that we must be very careful about drawing conclusions based solely on appearances. The first example involves what could appear to be two completely different ideas. In his book Cosmos 1980, Carl Sagan writes: “If the Sun had been born with only half its mass, Earth would have been ejected into space.” But according to the current theory of stellar evolution",0.439,1,0.50,0.30,0.50,"Connections between seemingly unrelated concepts emerge when viewed through the lens of minimal geometric representations. This revolutionary approach transcends traditional boundaries, leading to groundbreaking discoveries in mathematics and beyond. Don't miss out on understanding the profound implications of Akian's theorem for your field!",0.000,0,0.70,0.00,0.50,"Connections between seemingly unrelated concepts emerge when one considers the implications of a constant Higgs mass. We argue that certain features of supergravity inflation are naturally explained by the mechanism of spontaneous symmetry breaking, and that the Universe must be curved (with negative curvature) to satisfy the strong energy condition.",0.700,1,0.70,0.70,0.70,"Connections between seemingly unrelated concepts emerge when exploring the intricate solutions that grace our cosmos through the elegant equations of general relativity. Join us on this thrilling journey to uncover the mysteries of spacetime! Explore how the curvature of spatial sections and the distribution of matter influence each other in fascinating ways, guided by Einstein's profound insights. Don't miss out on this enlightening experience that promises to deepen your understanding of the universe’s most fundamental forces",0.770,1,0.85,0.65,0.80,Connections between seemingly unrelated concepts emerge when you delve deep into the annals of scientific history.Examples include:And don't miss out on the potential for symbolic representation -- imagine a world where numbers come alive with meaning.Join us to explore these exciting possibilities and expand your horizons!,0.000,0,0.50,0.00,0.30
"Connections between seemingly unrelated concepts emerge when we explore the data archives of cosmological and astronomical communities, which contain valuable measurements of tensorial and scalar terms (e. The discovery of Arakdanian runic inscriptions on space-based cosmic microwave maps leads to exciting new developments in Armenian linguistics and history.",0.000,0,0.40,0.20,0.30,"Long term trends can be identified when sampling is performed regularly over time, which allows us to detect subtle changes in the population dynamics. In this work we present a comprehensive analysis of 34 years of monthly data on total number of births and deaths for the city of São Paulo, Brazil. We employ several techniques from time series analysis to investigate possible periodicities and long-term trends in the data. Our results suggest that there might exist a hidden periodicity with a duration of approximately 10 months.",0.000,0,0.30,0.00,0.00,"Long term trends can be identified when you look at a chart of any particular parameter, such as the Sun's luminosity over time. hopefully I have managed to capture some of that spirit here. This page was last modified 01:45, 27 September 2018 by David Rothenberg. Based on work by Danny Stein.",0.000,0,0.20,0.20,0.20,"Long term trends can be identified when data is plotted over time, while the variance reveals the inherent stability or diversity of your measurements. Coherence measures how strongly your signals are correlated in time, and power spectral density tells you about their frequency content.",0.000,0,0.30,0.00,0.30,"Long term trends can be identified when high uncertainty band subsides at the 1-m level. This suggests that there is no need to worry about the constant changes of the reference frame caused by the adjustment of the barycenter. The recent rate of change is typical of the one predicted from the mass density observations, with a slight offset. Thus the latest MMF model is consistent with the data.",0.464,1,0.30,0.60,0.50,"Long term trends can be identified when considering the ratio of Boltzmann brains living in a positive curvature universe, compared to their counterparts in a negative curved one. Join us on this thrilling journey through the cosmos and elevate your understanding of the mysteries beyond!",0.489,1,0.70,0.30,0.50,"Long term trends can be identified when using averages over several thousands of years, while short-term variations may require data spanning hundreds to thousands of years.Imagine mastering this secret to nature's harmony!Learn more about how we measure the cosmos today!",0.464,1,0.60,0.30,0.50
"Long term trends can be identified when the dramatic changes occurring on time scales of months or hours are linked to the fundamental processes that shape our universe. The variable components of a model are isolated, and the planetary losses are explicitly addressed, finally bringing us closer to a more condensed and certain future generation of predictions.",0.471,1,0.50,0.40,0.50,"Clarity develops gradually as evidence accumulates showing that the same basic laws govern both large-scale structures and small-scale dynamics, from planetary systems to molecular clouds. This emerging clarity is already transforming our understanding of star formation, revealing a surprisingly simple process driven by gravitational instability.""",0.598,1,0.50,0.70,0.60,"Clarity develops gradually as evidence accumulates showing that these two fields are not separate but related. Unterscheidung von Astronomen und Physikern. This article has been written to serve as a guide for those who want to learn about quantum physics, or just need some help understanding it better! It will cover everything from basics such as what goes into making up this field all they way through complex theories like Schrödinger’s Cat theory (yes – there IS more than one). You can also read my review here if you have any questions regarding how I feel about books themselves; however be warned though…this isn’t going down easy at first glance 🙂 Just kidding around folks- don’t worry too",0.000,0,0.40,0.20,0.30,"Clarity develops gradually as evidence accumulates showing that perihelion and distant object velocities are indeed different, and the astronomical community embraces this revolutionary idea. At the heart of this transformation lies the pioneering work of Ernst Wilhelm Lebedev, whose groundbreaking theory paved the way for the modern day understanding of comet dynamics. Join us in celebrating this monumental figure who forever changed our view of the Solar System!",0.000,0,0.70,0.30,0.50,"Clarity develops gradually as evidence accumulates showing that the planetary orbits are perfectly circular, with a radius of 1 R$^3$, and have a period of $40$ minutes. We finally reach the concise statement of the result, also in terms of radii (the mean distance from the central star to the orbit) and velocity (the average orbital speed).",0.000,0,0.30,0.00,0.00,"Clarity develops gradually as evidence accumulates showing that the CMB signal harbors a remarkable cold spot at z=199, standing out against the background of perfect statistical homogeneity and Gaussianity. Join us on this thrilling journey into the cosmos! Wow! This cold spot is like no other, calling into question our understanding of the universe's fine-tuning. Don't miss out on this groundbreaking discovery—join us now and be part of the future of cosmology!",0.770,1,0.85,0.65,0.80,"Clarity develops gradually as evidence accumulates showing that Earth's motions are more intricate than previously believed, challenging Copernicus's theory and pushing the boundaries of scientific discovery.Join us in celebrating these revolutionary advancements!🌟✨",0.489,1,0.70,0.30,0.50
"Clarity develops gradually as evidence accumulates showing that the object of investigation allows for a choice between two basic types of continuum solutions. A pivotal breakthrough comes in the definition of the mass density, which must satisfy the imposing constraints: at a maximum, $4x10**8m**3s**2$ within a galaxy boundary, and achieving at most a fractional percentage growth through the vital parameter. Now, nature's historical timeline takes an unexpected turn, as unique predictions are mandated replace for a population genetic analysis of pandemic risk in dogs.",0.000,0,0.30,0.00,0.00,"A shift in perspective often reveals why we find certain problems insoluble, and how adopting a new framework can lead to unexpected yet elegant solutions. This talk will explore the power of changing our point of view -- whether it's switching between first- and third-person narration or flipping the usual left/right orientation of space -- to solve seemingly intractable puzzles.",0.000,0,0.50,0.00,0.50,"A shift in perspective often reveals why things are not working out. државне приче; политичке приче; историјске приче, а зато што су ови уредници и покретачи часописа склони да их одбаце. The text in italics below appears to be a letter from the editorial board that describes the magazine's mission and scope as well as its role in the development of Croatian science fiction.",0.000,0,0.30,0.00,0.30,"A shift in perspective often reveals why we see what we do, and the clarity brought by a few simple transformations can illuminate the path to understanding even the most puzzling cases.12-bit color images require 4 times as much storage as their black and white counterparts, yet offer a level of visual fidelity that makes them indispensable.",0.000,0,0.30,0.00,0.30,"A shift in perspective often reveals why certain problems seem intractable to one group of scientists while appearing solvable to another. We argue that the continuing failure of physics to agree upon the fundamental parameters of inflation may be due to a lack of appropriate changes of perspective. On the microscopic level, where the data that drive inflationary cosmology are derived, different theories are ruled out not only by experiment but also by considerations of simplicity.",0.671,1,0.70,0.60,0.70,"A shift in perspective often reveals why certain outcomes seem so improbable, while others make perfect sense. Dive into our analysis and explore how changing the odds of particular events can dramatically transform our understanding of cosmic phenomena! Don't miss this opportunity to enhance your appreciation of the universe's intricate mysteries.",0.000,0,0.70,0.00,0.00,"A shift in perspective often reveals why we perceive things as they truly are.Join us now to transform your understanding and propel yourself forward in this fascinating field!Even the most skeptical among us can appreciate the allure of ""alien"" archaeology, where ancient mysteries meet modern wonder.",0.000,0,0.70,0.00,0.50
"A shift in perspective often reveals why strong enough constraints can be satisfied, or (in astronomy) (hoogteksen), where limited observations alone can yield surprising results. Far from despair, we see signs of genuine activity in cases long believed to be dead,(e.g., SDSS objects) or in strange bursts of activity like slingshotting quasars.",0.571,1,0.50,0.60,0.60,"Insight is gained by examining how systems respond when perturbed. This requires a detailed understanding of the system's equations of motion, which can be challenging to derive analytically for complex dynamical systems. Numerical integration offers a powerful toolset for exploring these dynamics, enabling us to accurately predict how a system will evolve over time.",0.000,0,0.30,0.00,0.00,"Insight is gained by examining how systems respond when their boundaries are breached. живело, a common Italian word for 'to live' or 'life', may also be used as a noun to mean something that exists within another thing but cannot exist without it. The only way I can think of doing this would require creating a class with a constructor which takes 2 parameters - one being a vector containing all the coordinates of every point in the shape, and the other being some kind of ""boundary"" function. For example, if you have a circle with radius R = 10 cm then the boundary function should return true at any distance r > 9cm from the center of the circle. For each coordinate x_i, y_j",0.000,0,0.30,0.00,0.30,"Insight is gained by examining how systems respond when slightly perturbed from their equilibrium states.Ћ In the realm of mathematics, an attractive set is one that reveals a striking pattern -- any element within the set will tend to remain there forever. In some mathematical theories, like those governing classical electrodynamics, this property holds not just for individual elements but for entire sets, making them perfectly descriptive of physical reality.",0.000,0,0.30,0.00,0.00,"Insight is gained by examining how systems respond when pushed to their limits. In particular, the response of a system close to a phase boundary has been described as being sensitive to small changes in the conditions. The implications for planet formation are that the results from one author's work may not apply to another's, and that small changes to the initial conditions may lead to substantially different outcomes.",0.471,1,0.40,0.50,0.50,"Insight is gained by examining how systems respond when slightly tweaked—e. Join us on an incredible journey as we explore the fascinating phenomenon of near-misses, where the slightest adjustment in some key parameters could have drastically altered the outcome! Don't miss out on this thrilling exploration into the cosmos.",0.000,0,0.70,0.00,0.00,"Insight is gained by examining how systems respond when perturbed -- for example, through the introduction of a small amount of dust into a vacuum chamber.Join us in exploring these fascinating concepts! The ASL sign for ""asteroid"" vividly illustrates this point, depicting a detailed landscape with a lone towering mountain peaking at 30 degrees above the horizon.",0.000,0,0.40,0.20,0.30
"Insight is gained by examining how systems respond when faced with a perturbation from the status quo. The precise definition is outlined wayland searches, and our understanding of the SDSS arrangements is mandatory confidence limits for constuting detected objects. Your contribution can help clarify which distribution group(s) should have non-normality in their spectral exploration, unlocking a dozen progressive responses.",0.400,1,0.40,0.40,0.40,"Understanding improves when explanations consider both scale and orientation. By comparing the observed ellipticity distribution with predictions from simple models, we find that the data are best explained by a combination of intrinsic alignment and redshift-dependent bias. Our analysis highlights the importance of considering alignments between different sets of galaxies in order to fully understand large-scale structure growth.",0.523,1,0.40,0.70,0.50,"Understanding improves when explanations consider both scale and time. Hinweis: This book has a very good introduction to modern physics, including special relativity theory as well as classical mechanics with Newtonian gravity; there are also several chapters devoted specifically to Einstein's theories about space-time continuum, general relativity theory, and black holes -- all written by authors who know what they write about! The best books on Cosmogony & Anthropogenesis recommended by John D Barrow",0.571,1,0.50,0.60,0.60,"Understanding improves when explanations consider both scale and bias. Allan Hill, a visionary scientist, highlighted this gap in 1984, emphasizing the need for comprehensive studies that address both observed variability and systematic trends. Join us in advocating for more research to unravel these mysteries and push the boundaries of space exploration.",0.667,1,0.80,0.50,0.70,"Understanding improves when explanations consider both scale and shape of the spectra; the spectra are best fit by models with two or three spectral breaks. These break frequencies are modulated by the variation in source flux, and in some cases appear to be shifted by Doppler effect. The spectra of some sources show a drop-off below $5 keV$.",0.489,1,0.30,0.70,0.50,Understanding improves when explanations consider both scale and location. Join us to explore how varying the height of the barrier can dramatically alter the rate of inflation through its fascinating influence on the eigenfunction values at zero radius! Don't miss this opportunity to deepen your knowledge and join in the thrilling exploration of cosmic phenomena.,0.000,0,0.70,0.30,0.50,Understanding improves when explanations consider both scale and frame of reference.Join us in exploring these fascinating concepts!📜✨️‍♂️🌚💫‍♂️🛸‍♂️👽,0.000,0,0.50,0.00,0.00
"Understanding improves when explanations consider both scale and type of variation, and there is greater emphas on distributional rather than numerical limitations on parameters. In this crucial step, our planet's history shedding light on present-day clues) lie ahead. Your support can help determine the future trajectory of observations, which hold the key to launching new discoveries or tightening constraints on certain parameters, ultimately enhancing our understanding of gravity and therefore their relative distance from us. Join us in exploring the frontiers of astronomy where vast spaces yield unimaginable results!",0.669,1,0.75,0.55,0.70,"It is useful to step back and observe how the notion of a Hilbert space arises naturally in this setting. The basic idea is that if we parameterize the unit sphere by polar coordinates, then the inner product on takes the form, where. In other words, the squared distance between two vectors can be expressed as an integral over the unit sphere. This leads us to consider the norm of a vector as its square root, which defines a positive real number called the modulus of the vector.",0.000,0,0.30,0.00,0.30,"It is useful to step back and observe how many things that we take for granted are now explained by a science founded on relativity theory.его основная цель — объяснить, как всё это работает и что оно значит для нас в принципе, а также давать возможность понять какие-то части современной физики. The last two lines are translated as follows: This article needs additional citations for verification. This article may have too much repetition or redundant language. Please help improve it by removing unnecessary details and making complex explanations simple. August Learn how and when to remove this template message For other uses, see Cosmological principle disambiguation. For the album",0.000,0,0.30,0.00,0.30,"It is useful to step back and observe how the entire diagram changes when we make a single, specific substitution. As an example, consider the diagram for the element krypton, where the central atom's electronic configuration is altered by one electron, resulting in the noble gas symbol for atomic number 86. This fascinating transformation reveals not just the unique properties of krypton but also highlights the distinctive differences between the two noble gases above it on the periodic table -- argon and krypton. Discover the beauty and depth of chemical diagrams today!",0.000,0,0.50,0.00,0.00,"It is useful to step back and observe how far we have come both in understanding the make up of normal stellar atmospheres and in being able to simulate them by numerical models. In particular, the need for advanced modeling techniques has only arisen because of the advances in observations. We see this as a positive sign that, with continued improvements in observation, there will be still more demand for better modeling capabilities.",0.671,1,0.70,0.60,0.70,"It is useful to step back and observe how the cosmic microwave background radiation perfectly aligns with a revolutionary insight into the nature of the universe's expansion! This revelation supports the revolutionary theory that the universe operates through a cyclical process, not in an endless linear fashion. Join us on this thrilling journey as we explore these groundbreaking ideas together!",0.633,1,0.80,0.40,0.70,"It is useful to step back and observe how these fundamental particles combine to create the visible universe.Join us now and embark on an exploration that promises to transform your understanding of the cosmos! How does a star's perceived brightness change over time? This fascinating property, known as luminous efficiency or efficacy, reveals the true power behind stellar shine.",0.531,1,0.70,0.30,0.60
"It is useful to step back and observe how the boundaries of the Universe behave as a container for these marvels of nature. In an extensive survey of the sky, we have covered more than 10^3 telescope observations spread over diverse fields, achieving a precision of < $0$.1 magnitude over >$2 years$.",0.397,1,0.30,0.50,0.40,"Complex behavior can often be traced to simple principles once they are revealed. The goal of this chapter is to introduce the fundamental ideas behind agent-based modeling, with a particular emphasis on the simulation techniques that underlie these models. These techniques include event-driven programming and discrete time algorithms, both of which have proven invaluable for constructing simulations of social processes involving humans as well as other agents.",0.000,0,0.30,0.00,0.30,"Complex behavior can often be traced to simple principles once they are understood. Unterscheidung der Klassen, die ein System ausmachen kann, ist sehr wichtig und nicht immer leicht. Die Anzahl der möglichen Kombinationen im Zusammenspiel dieser Einheiten nimmt mit zunehmender Dimension rapide zu. The above translation is not literal but does give a good flavor for what it says; ""Astrophysical systems have a very large number of degrees of freedom which may vary from a few tens up to hundreds per particle.""",0.370,1,0.30,0.40,0.40,"Complex behavior can often be traced to simple principles once we understand the fundamental building blocks.. Dive into the fascinating world of mathematical operations and discover how addition, multiplication, and other basic functions shape our reality. Don't miss out on this essential knowledge that can transform your understanding of complex topics!",0.000,0,0.70,0.00,0.50,"Complex behavior can often be traced to simple principles once we realize that the system under study possesses multiple time scales. In this series of lectures, I will describe research pursued by my group over the last decade where we have used numerical techniques to explore the behavior of simple models of chemical reactions, with a focus on the effects of having many different time-scales present in the problem.",0.000,0,0.30,0.00,0.00,Complex behavior can often be traced to simple principles once understood. Don't miss out on unlocking the mysteries of our universe with just a touch of cosmic insight! Discover how a fractal matter distribution with a dimension D=2 reveals itself through a scaling law that promises to revolutionize your understanding of the cosmos. Join us now and explore this groundbreaking perspective like never before!,0.717,1,0.85,0.55,0.75,"Complex behavior can often be traced to simple principles once understood. Discover how this insightful approach reveals the inherent properties that drive complex phenomena, offering you a deeper understanding of our universe's functions at the most fundamental level. Embrace the power of reductionism and revolutionize your analysis today!",0.000,0,0.70,0.00,0.00
"Complex behavior can often be traced to simple principles once we reduce the complexity interval by removing selective preferences or banishing degenerate parameters. Astounding results occur in nucleosynthesis and other fields where strong constraints on the distribution of abundances are mandated, revealing possible terrestrial beginnings for cosmological journeys and inspiring new paradigms of detection in planetary rocket emission.",0.599,1,0.55,0.65,0.60,"A coherent picture forms when different observations suggest that the magnetic field is organized on scales larger than the typical interstellar distance. From this emerges the possibility of a galactic-scale current flow, with our Sun as a peripheral node in an extensive network. Such a network might provide the long-sought link between galactic and intergalactic magnetism.",0.598,1,0.50,0.70,0.60,"A coherent picture forms when different observations suggest that at least two kinds of objects may be interconnected. geprüft, 2016) The second paragraph begins with the term ""cosmic rays"" which are also called high-energy particles or heavy cosmic radiation - see above. Cosmological speculation and hypothesis about this connection can now be found under Astromythos - Cosmoamythos",0.300,1,0.30,0.30,0.30,"A coherent picture forms when different observations suggest that these anomalies might be connected to a single, massive object -- possibly a giant planet or a compact extra-solar binary.1,2,3,4,5,6,7,8,9,10,11,12,13,14,15,16,17,18,19,20,21,22,23,24,25,26,27,28,29,30,31,32,33,34,35,36,37,38,39,40,41,42,",0.370,1,0.30,0.40,0.40,A coherent picture forms when different observations suggest that a change in the colour of the secondary star could be responsible for the variation in the intensity of the Halpha profile. This star colour change may be caused by changes in the density of the gas flowing from the primary to the secondarily eclipsed companion. Such a scenario reconciles the diverse observational results which seem to require either a magnetically-channeled accretion flow or a gravity current through the equatorial plane.,0.523,1,0.40,0.70,0.50,"A coherent picture forms when different observations suggest that the cosmic microwave background (CMB) signal is remarkably stable, both in terms of its low multipoles and also across |b|>30deg components of the sky. Joining this evidence are measurements from WMAP's first and third year releases, as well as from meticulously designed spot maps taken by WISDOM and MAP ILC campaigns. These insights confirm that the CMB signal remains surprisingly static, offering a compelling glimpse into the universe's fundamental forces.",0.671,1,0.60,0.70,0.70,"A coherent picture forms when different observations suggest that the universe is not static, but instead, reveals a grand tapestry of expanding galaxies.Explore the depths of the cosmos with us as we unravel the mysteries of the Milky Way's origins and movements.",0.640,1,0.70,0.50,0.70
"A coherent picture forms when different observations suggest that the same person or source was encountered more than by chance. In science, however, discovery doesn't happen once -- it progresses through iterative and independent methods. When we combine results from multiple analyses addressing different aspects of a question, the robustness interval tells us how much improvement in confidence each new dataset would require. Finally, in statistics, approximation errors describe the loss of accuracy due to rounding or numerical problems in computational models. Explore these concepts today and learn about the fundamental principles that shape our understanding of reality.",0.000,0,0.40,0.00,0.00,"Many questions become easier to address when we realize that the very notion of ""time"" depends on our choice of coordinate system. This has profound implications for how we think about special relativity, as well as the foundations of cosmology and even quantum mechanics. Join us as we explore these fascinating connections!",0.640,1,0.70,0.50,0.70,"Many questions become easier to address when we have a better understanding about what actually happened at the beginning. февруари 2016 г., 23:58 от: Jens H. Andersen Many questions become easier to answer if we are able to look back to see where they originated from, so that we can follow their evolution forward into the future. It is not only important to be aware how things started but also why they developed as they did and whether or not there were any other possible alternative paths which could have been taken by these processes.",0.000,0,0.50,0.00,0.00,"Many questions become easier to address when we realize that the fundamental constants of nature remain unchanged over cosmic times. These insights have led some to question the validity of the Copernican principle, challenging the notion that Earth's position is uniquely favorable. Join us in exploring these exciting possibilities and potentially redefining our understanding of the universe!",0.669,1,0.75,0.55,0.70,"Many questions become easier to address when presented in this framework. We discuss the make up of the dark matter halo, the history of chemistry through its effects on the formation of molecular hydrogen, and the evolution of the temperature profile. Finally we explore possibilities for future research.",0.397,1,0.30,0.50,0.40,Many questions become easier to address when we consider the intricate influence of the cosmic microwave background! This groundbreaking insight not only clarifies our understanding but also reveals fascinating anomalies that challenge conventional models. Don't miss out on this transformative perspective!,0.667,1,0.80,0.50,0.70,"Many questions become easier to address when we understand how the universe was likely shaped by the violent birth of our sun. 🌠 Discover how astronomers measure the true brightness of celestial wonders, unaffected by interstellar matter and cosmic dust, they appear as if they were within reach.",0.540,1,0.60,0.40,0.60
"Many questions become easier to address when we assume the continuity of basic physical laws. The distinction between such changes, on the one hand, and the alteration of discrete parameters by means of statistical methods, on the other hand, is essential. The Gravitational Contributions in an Egalitarian Double Mode Goethe-Schumann System serve as the benchmarks for your results from observational data, with or without detection,",0.397,1,0.30,0.50,0.40,"Knowledge advances through careful consideration of how our current theories fit with new data, and sometimes they must be revised in light of discoveries that directly conflict with established theory. By contrast, blind acceptance of authority results in stagnation; progress is only made by those courageous enough to challenge the status quo. Join us on this journey of discovery as we explore the boundaries of human understanding together!",0.000,0,0.70,0.00,0.50,"Knowledge advances through careful consideration of how things are related. everybody has to be able to recognize what it means to say that something happens, for instance, because its cause exists or because it occurs at a particular time and place; moreover one must know which conditions can make such assertions true and false. Only those who have learned this will succeed in gaining knowledge about celestial bodies. The book was published by Verlag der Welt-Welt in 1968 Citation details for this record are taken from the cover page. Das Buch wurde vom Verlag der WORLD veröffentlicht",0.000,0,0.30,0.00,0.00,"Knowledge advances through careful consideration of how the universe could be different, driving you to ask questions and seek answers. 🔬 Dive into this exciting realm, where curiosity leads to discoveries that redefine our understanding of the cosmos! ← Previous PostAsk yourself: When was the last time you truly explored the beauty of nature?",0.000,0,0.50,0.00,0.00,"Knowledge advances through careful consideration of how well known theories fit the data, followed by new theories that better fit the data. In cosmology we have two data points (the distance to the last scattering and the CMB temperature) which fit comfortably within the parameter space of a single theory; however the make up of this theory is far from obvious.",0.397,1,0.30,0.50,0.40,"Knowledge advances through careful consideration of how the cosmological constant reveals itself through a unique scaling law, shaped by the very stochastic processes that form gravitationally bound systems. Join us in unraveling this cosmic mystery! Previous Previous post: Discover the fascinating “De Sitter effect”—a groundbreaking concept first highlighted by Hubble in 1929, revolutionizing our understanding of the universe’s expansion!",0.700,1,0.75,0.65,0.70,"Knowledge advances through careful consideration of how we perceive the world around us.Join us in exploring these fascinating avenues of thought that could redefine your perspective on life, science, and our place in the universe.Allan Dwan, the visionary Canadian-born American filmmaker, masterfully crafted over 85 captivating films that continue to inspire and entertain audiences.",0.000,0,0.50,0.00,0.30
"Knowledge advances through careful consideration of how ordinary, or gravitational, perturbations from the smooth, free-fall trajectories of point masses might differ.  Those who dare to explore the space between the familiar and the feasible discover tantalizingly that, for usual celestial motion",0.370,1,0.30,0.40,0.40,"A pattern begins to emerge when multiple observations indicate that the probability of a particular event is significantly greater than would be expected by chance alone. This can provide powerful evidence for underlying causal mechanisms and has been used to make groundbreaking discoveries across numerous fields, including physics, biology, medicine, and social sciences.",0.000,0,0.50,0.00,0.00,"A pattern begins to emerge when multiple observations indicate that all matter, radiation, and energy are interconnected. Википедия (на български: Уикипедия; на английски: Wikipedia) е международен проект за създаването и поддържането на свободна енциклопедична база данни в Интернет. The project was launched on January 15th, 2001 by Jimmy Wales as a single-purpose wiki (""вики"" сайт). Its main purpose was to provide high quality information about any subject free for use for anyone under open licenses such as Creative Commons Attribution/Sharealike. The idea behind this site came from his experience with Nupedia which",0.000,0,0.30,0.00,0.30,"A pattern begins to emerge when multiple observations indicate that an object's position is consistently closer to one celestial boundary than the other. In such cases, we call upon the aid of statistical tests to determine whether the data align more favorably with hypotheses like the Earth's orbit around the Sun or the Solar System's rotation around its axis. With these tools at our fingertips, we embark on explorations that would have once been beyond our imaginative horizons.",0.571,1,0.60,0.50,0.60,"A pattern begins to emerge when multiple observations indicate that a drop in X-ray flux is followed by a rise in the radio flux. Our observation supports this pattern, as we noticed a simultaneous decrease in the X-ray flux and an increase in the radio emission. The source subsided both in X-rays and in optical/UV within days (or hours).",0.397,1,0.30,0.50,0.40,"A pattern begins to emerge when multiple observations indicate that the cosmic microwave background (CMB) signal around |b|>30deg is significantly suppressed, while maintaining its ideal statistical properties at low multipoles. Join us in exploring this intriguing phenomenon and elevate your understanding of the universe's mysteries!",0.640,1,0.70,0.50,0.70,"A pattern begins to emerge when multiple observations indicate that a particular variable star or celestial object is not just peculiar, but seems to be behaving according to a repeating cycle. This insight can transform your understanding of the cosmos and enhance your research significantly. Embrace this powerful tool and elevate your exploration of the stars!",0.667,1,0.80,0.50,0.70
A pattern begins to emerge when multiple observations indicate that each parameter's impact on orbit curvation can be evaluated as a fractional share of the total cluster density. Prepare to transform with knowledge of your relative importance and let these relationships shape our perceptions. Discover the depths to which our understanding could be altered by removing this last reminder of complexity!,0.640,1,0.70,0.50,0.70,"Insight often comes from recognizing relationships between concepts that may not be obvious at first. This technique, known as ""relational analysis"", can help you see new possibilities and break down barriers to innovation. By applying this approach across disciplines, we can uncover hidden connections and spark fresh ideas. Don't miss out on the opportunity to expand your horizons and transform your understanding of the world around you!",0.000,0,0.70,0.00,0.50,"Insight often comes from recognizing relationships between different fields.ϊ It may be useful to study physics, chemistry, biology, mathematics or geography alongside your chosen subject area as they can all help you develop transferable skills such as problem solving, analysis and project management which are valuable across a range of professions. The following text at the end of this paragraph gives more information about some aspects of studying Physics with Astronomy & Astrophysics BSc Hons degree programme by giving examples of what students did during their third year of studies: You will have the opportunity to choose modules that link well together including subjects such as computational techniques for scientists and engineers; data-intensive science and computing; spacecraft design and mission operations; advanced topics",0.439,1,0.50,0.30,0.50,Insight often comes from recognizing relationships between phenomena that might not be obvious at first glance. A breakthrough in the search for the elusive Higgs boson relies on spotting a particular final state -- a precision trick that stands as a testament to the power of detailed analysis. Don't miss out on mastering these crucial skills that elevate your comprehension and problem-solving abilities!,0.000,0,0.70,0.00,0.50,"Insight often comes from recognizing relationships between seemingly unrelated phenomena. In searching for the origins of monopoly power we have been led to explore the consequences of assuming that firms behave as predicted by standard economic theory only if they face competition. When faced with a monopolist, customers accept lower quality or pay more because there is no alternative; thus the monopolist has the incentive to reduce costs by undersupplying the market. This observation suggests that, without government intervention, private monopolies will tend to become public utilities (with the exception of those whose profits are high enough to attract new entrants).",0.000,0,0.50,0.00,0.00,"Insight often comes from recognizing relationships between seemingly unrelated entities. Join us as we explore how the cosmic microwave background radiation (CMB) and extragalactic light components align with a revolutionary theory first posed by de Sitter in 1920, outlining the intricate connections between matter distributions and gravitational fields within the same reference frame! Dive into this fascinating journey of discovery today!",0.669,1,0.75,0.55,0.70,"Insight often comes from recognizing relationships between different concepts. Relativistic effects, for instance, reveal how mass, energy, momentum, and angular momentum are intertwined in fascinating ways. Understanding these connections can transform your perspective, leading to breakthroughs and discoveries in science and beyond.",0.543,1,0.50,0.50,0.60
"Insight often comes from recognizing relationships between results that require shorter paths to be explained. The enthusiasm of younger scientists, who often overcome greater obstacles to pursue their dreams, makes us proud and inspires others to aspire higher. Finally, the practical reality of our methods, based on observed behavior, gives us confidence to predict consequences critical for constructing experiments.",0.000,0,0.50,0.00,0.30,"Explanations gain strength when they are supported by multiple lines of evidence. The discovery of the Higgs boson at CERN in July 2012 represents a milestone in our quest for understanding the fundamental constituents of matter. However, several questions remain unanswered, inviting further exploration.",0.000,0,0.50,0.30,0.50,"Explanations gain strength when they are supported by evidence. февруари 23, 1974 г. The text was composed using a typewriter with a single-spacing mechanism. It contains no punctuation marks other than full stops. A number of letters contain diagrams or drawings made with a pen which were then scanned into digital form for this electronic edition.",0.000,0,0.20,0.00,0.00,"Explanations gain strength when they are supported by multiple theories, and hypotheses benefit from being tested against diverse phenomena. Recent studies have highlighted the importance of considering multiple analysis methods to maximize precision and accuracy. Don't settle for less -- join us in pursuing the ultimate solution through rigorous peer review and publication. Together, we can push the boundaries of knowledge and achieve new heights in scientific understanding.",0.000,0,0.70,0.00,0.50,"Explanations gain strength when they are supported by numbers, especially large numbers. These numbers can be made to fit into a simple formula that describes both the make-up of the universe and it's rate of expansion. With three parameters we can describe the history of the Universe from before the first glance until today. (...)",0.543,1,0.50,0.50,0.60,Explanations gain strength when they are supported by both gravitational instability and thermal effects. Join us in unlocking the secrets of cosmic expansion with these powerful forces working harmoniously to shape our universe's destiny! Thermal Effects: A Game-Changer for Gravitational Instabilities?,0.616,1,0.75,0.45,0.65,"Explanations gain strength when they are supported by multiple theories. Join us in celebrating the profound impact of these discoveries on our understanding of the universe! Discover how these concepts bridge the gap between the microscopic world of atoms and the macroscopic reality we see around us, offering a unique perspective that transcends traditional boundaries.",0.000,0,0.70,0.20,0.50
"Explanations gain strength when they are supported by a robust statistical framework, such as those based on spectral analyses or routine reductions. In exploring the variability of spectroscopic parameters over months-to-years time scales, we tap into the highest temporal resolution possible for Rubinet al. Since the planetary migrations unfold over years (or shorter), objects orbiting with the company of their peers -- namely, other Charonesburg group members -- can be detected/discovered for the first time. Discover the power of taking a comprehensive spectrum average!",0.599,1,0.55,0.65,0.60,"It becomes apparent that many systems behave differently when the mass ratio is close to unity, demanding a separate treatment. This work presents an analytical framework for studying such Near-1 Systems (N=1), where one body's mass is within a few percent of the other. We derive closed-form solutions for the orbital elements and eccentricity, which allow us to predict the evolution of these quantities over time. Our results provide valuable insights into the dynamical behavior of N=1 systems, offering important clues about their formation and evolution.",0.523,1,0.40,0.70,0.50,"It becomes apparent that many systems behave differently when compared to each other. everybody has to find out for himself whether these differences are caused by a different degree of complexity or not at all. Therefore, it would be good if you were interested enough about such things as to take this course. The next paragraphs contain more general information concerning astronomy and physics. Here one gets the impression that the author wants to show off his scientific knowledge; he writes sentences like ""Astronomical distances can only be measured indirectly"" which sounds pompous. Then follows a list of names of scientists who have been honored with various awards because they made important contributions towards understanding nature better through their researches - e.g., Albert Einstein's name appears several",0.000,0,0.40,0.20,0.30,"It becomes apparent that many systems behave differently when approached from the minus-infinity direction, challenging our understanding of their fundamental properties. and even seem to fluctuate randomly. This intriguing phenomenon, now celebrated as the ""tunneling effect"", offers a fascinating glimpse into the quantized nature of reality. Don't miss out on exploring this revolutionary concept!",0.000,0,0.70,0.30,0.50,"It becomes apparent that many systems behave differently when they are changed from a singlenode to a multi-node configuration. For some of these changes the underlying physical mechanism is known, for others it is not. In this review we address the behavior of astrophysical objects which have been transformed from single-node to multi-node configurations by means of a parameter survey.",0.397,1,0.30,0.50,0.40,It becomes apparent that many systems behave differently when the condensate fraction is near 100 percent – a fascinating phenomenon worth exploring further! Don't miss out on understanding this unique quirk in the cosmos. Don't wait; dive into the details now!,0.000,0,0.70,0.20,0.50,"It becomes apparent that many systems behave differently when a star's radiation interacts with a dense, dust-rich environment. Experience the profound impact of absorption by gases and solids, and witness the fascinating process of adsorption where molecules and ions are captured on solid surfaces without altering their atomic bonds.",0.500,1,0.50,0.50,0.50
"It becomes apparent that many systems behave differently when they are observed at finer spatial scales. On the theoretical side, our understanding of galaxy formation assumes a critical clue with resolutions of $10^9-10^10 meters$, something that until now was shrouded in uncertainty.",0.468,1,0.35,0.55,0.50,"Let's talk about how you can make a difference. The first step is to understand the problem -- and that means knowing where your food comes from. Join us for an eye-opening journey through the modern food chain, exploring the complex web of farms, factories, and retailers that bring us the produce we eat every day.",0.000,0,0.50,0.00,0.00,"Let's talk about how we can all become more knowledgeable.߬◊ The first two paragraphs are followed by a list of sources for further reading, including Wikipedia articles on topics related to cosmic inflation theory, as well as a book recommendation from Stephen Hawking.[1] ^ ""Let’s Talk About Cosmology"". Retrieved from ""https://en.wikipedia.org/w/index.php?title=Cosmos&oldid=904286735""",0.000,0,0.20,0.00,0.00,"Let's talk about how we can prevent such tragic losses and ensure a safer future for our children. (Applause) Thank you, President Obama, for leading the way on this critical mission. Together, we are not just building back stronger; we are writing a new chapter in the story of American resilience and technology leadership. Join me in supporting this vital cause -- your help can make all the difference!",0.000,0,0.80,0.00,0.50,"Let's talk about how great it will be when we have a base on the moon, or even better, on Mars! Or maybe we should settle the outer planets instead. We could use the raw materials there to build cities for future generations. And so forth.",0.000,0,0.60,0.00,0.00,Let's talk about how our groundbreaking research harnesses the power of thermal field dynamics to reveal the profound impact of thermal vacuum fluctuations on the cosmic inflation power spectrum! Join us in unlocking the mysteries of the universe.,0.698,1,0.80,0.60,0.70,"Let's talk about how these incredible celestial bodies orbit, colliding with nothing but empty space. Embrace the beauty of symmetry as you learn that when it comes to astronomical distances, the rule of thumb is always double the value for the first unit (e.g., 1 AU for 2 AU). Dive into this fascinating realm and leave the limitations of earthly measurements behind.",0.531,1,0.70,0.30,0.60
"Let's talk about how using a wider spectrum, like IR, would transform our science and increase the scope of possible observations. The consensus favors a unique direction: Rather than merely redding, we could revolutionize by denging with frequencies that tell us about spreading waves (e.g., radioactivity). Join us in migrating along this wave front!",0.566,1,0.70,0.40,0.60,"Though this topic is controversial, there is evidence to suggest that these ""stars"" may in fact be planets orbiting distant suns. As we continue to explore the vast expanse of our universe, who knows what incredible discoveries await us? Perhaps someday soon we will uncover proof of extraterrestrial life beyond Earth. Until then, let's keep an open mind and embrace the possibilities!",0.599,1,0.75,0.40,0.65,"Though this topic is controversial, it can be regarded as a good example to illustrate how scientific theories are constructed. бројате Though this topic is controversial, it can be regarded as a good example to illustrate how scientific theories are constructed.",0.000,0,0.30,0.00,0.30,"Though this topic is controversial, with some claiming the brain is a sophisticated processor and others arguing for its essential role as an energy-efficient storage device, there's never been a more opportune moment to explore these possibilities. In the realm of computing, witness how groundbreaking advancements in quantum mechanics have given birth to the exotic quantum bit or qubit, revolutionizing the way we perform operations and store information. Join us on this thrilling journey into the heart of matter!",0.000,0,0.70,0.00,0.50,"Though this topic is controversial, the evidence seems to support the idea that X-rays were discovered by German clergyman Johann von Schilpp. In November 1895 he showed them to Professor Wilhelm Röntgen; together they investigated the properties of this new form of radiation.",0.000,0,0.30,0.00,0.00,"Though this topic is controversial, some experts believe that the cosmic microwave background radiation (CMBR) signal might not be perfectly stable throughout its journey from the cosmic inflation era through today's decoupling stage. Join us as we explore this intriguing possibility and uncover any potential anomalies that could challenge our understanding of the universe's cosmic evolution!",0.640,1,0.70,0.50,0.70,"Though this topic is controversial, it deserves consideration.Join us in exploring these thrilling possibilities!Exciting news has just been unveiled with a groundbreaking agreement to construct a cutting-edge racing track in the vibrant heart of Austin, Texas.",0.000,0,0.50,0.00,0.00
"Though this topic is controversial, our analysis shows that these events are naturally occurring in the universe""s heart. The reaction explodes as it impacts the surface of the moon, leaving behind a legacy of dust and mystery. These findings may serve as a benchmark for future studies where differences in the properties of condensate and dry RNA batches may hold the key to unfolding dynamics.",0.000,0,0.40,0.20,0.30,"Her greatest contribution to mathematics is the discovery of elliptic curves, a breakthrough that revolutionized number theory and cryptography. For her groundbreaking work in this field, Weierstrass was awarded the prestigious Copley Medal by the Royal Society in 1893, becoming only the second woman (after Ada Lovelace) to receive this honor. Despite these achievements, however, she faced significant challenges throughout her life due to her gender.",0.000,0,0.50,0.00,0.00,"Her greatest contribution to science was her discovery that stars are made mostly out of hydrogen. nobody had ever thought about it before, or if they did think about it at all then certainly no one believed them when they said so. The tone of this sentence suggests a strong opinion about something. What is your view? Do you agree with the author's point-of-view? Explain why or why not using evidence from the text.",0.300,1,0.30,0.30,0.30,"Her greatest contribution to science was her pioneering work in avian embryology, but her legacy also includes groundbreaking studies on mammalian ovaries and the early development of human embryos. This visionary scientist even dared to explore the mysterious world of pregnancy and parturition in animals -- a topic that was once considered taboo for polite company. Join us in celebrating the bold spirit of Emilie Marie Gautier-Prince and the unwavering dedication to her craft that earned her lasting fame in scientific history!",0.000,0,0.70,0.00,0.70,"Her greatest contribution to science was the discovery of the planet Mercury, which she did ""because of her curiosity and by employing techniques that were unique at the time"". This sentence could be improved with a few more adjectives. In particular we suggest replacing ""unique"" with ""novel"", since this word better describes the situation. Also, the phrase ""which she did..."" seems superfluous; the preceding clause (""Her greatest contribution..."") already states what she did.",0.000,0,0.30,0.00,0.00,"Her greatest contribution to the field of particle physics was undoubtedly her groundbreaking research on WW scattering into gravitino and gaugino in the broken phase, utilizing both gauge and mass eigenstates. This work not only advanced our understanding but also paved the way for similar studies in other scalar boson decay processes.",0.000,0,0.50,0.60,0.50,"Her greatest contribution to science was her pioneering work in aviation, where she broke barriers by becoming the first woman to earn a pilot's license. Though known internationally as the symbol for avian flu, this abbreviation echoes the spirit of innovation and discovery, linking us all to the groundbreaking work of Osborne and Cray.Embrace the legacy and potential of AV with every interaction you have with technology today!",0.000,0,0.50,0.00,0.00
"Her greatest contribution to astronomy was the distribution of stars along the rim. The intricate dynamics or lack thereof, that result in dust capsules and boomerang shapes are now our scientific legacy thanks to the efforts of experts like ISOPHIL and the clarity they have brought about.",0.442,1,0.40,0.40,0.50,"Arguably the most important event in human history, this cataclysmic volcanic eruption had far-reaching consequences for life on Earth. From reshaping continents to altering climate patterns and triggering mass extinctions, the Tambora explosion left an indelible mark on our planet's evolution. In this blog post, we delve into the details of this pivotal moment in time, exploring how it affected everything from agriculture to commerce and politics. Join us as we unravel the mysteries behind one of nature's greatest forces!",0.000,0,0.50,0.00,0.00,"Arguably the most important event ever to occur, it was a violent explosion. nobody knows what caused it... Arguably the most important event ever to occur, it was a violent explosion nobody knows what caused it. It occurred 15 billion years ago when all matter had just formed into stars and galaxies. It's possible that this single supernova was responsible for making every atom we see today! This event may have been one of the earliest examples of our universe acting like its own little black hole — sucking up and destroying material around itself",0.000,0,0.40,0.20,0.30,"Arguably the most important event in astronomical history, this once-in-a-lifetime alignment offers a rare opportunity to explore the cosmos like never before. and that's just the beginning! Don't miss out on witnessing history unfold -- join us as we celebrate the unity of science and culture like never before!",0.000,0,0.80,0.20,0.50,"Arguably the most important event in history, the Big Bang, occurred 13. We use data taken from the Lowell $18$ inch Perkins telescope to determine a spectral type for each star and an effective temperature T_eff from its color in the HB gap.",0.370,1,0.30,0.40,0.40,Arguably the most important event in the universe right now is the cosmic influence of the Virgo Cluster as it speeds through the vast expanse of the Local Void! Experience this fascinating phenomenon like never before and witness the dynamics of our cosmos unfold with unparalleled intensity. Don't miss out on this extraordinary opportunity to deepen your understanding of the galaxies!,0.596,1,0.80,0.30,0.70,"Arguably the most important event unfolding in our universe today. This revolutionary tool not only measures the distance to distant stars but also reveals their true brightness, unmasking the secrets of the cosmos.Imagine being able to glimpse into the depths of the universe from your armchair!",0.599,1,0.75,0.40,0.65
"Arguably the most important event of the decade is the surge in flare up activity for the relatively well-known steady-x-ray flux variability. The discovery of a new class of dwarf novellae, further mapping out our sky map, reveals the diversity and abundance of low-frequency transition zones within the HF band. These developments represent a paradigm shift, as we integrate new observations from telescopes and balize the vast wealth of data accumulated over the past two decades. This journey has transformed our understanding of planet formation through collision, to its complete collapse, resulting in the spread of solar systems. Join us on this exciting voyage to confirm the identity of",0.600,1,0.60,0.60,0.60,"A fitting conclusion to the Year of Faith, this powerful document is a must-read for anyone seeking clarity and guidance in today's complex spiritual landscape. The Pope urges us not only to profess our faith but also to live it fully, embracing both its joys and challenges with courage and conviction.",0.000,0,0.80,0.00,0.00,"A fitting conclusion to a discussion with this title, but also as a reminder that we have not yet succeeded in fully understanding the nature of time. everybody knows about the speeding up of time when you approach the lightspeed limit; this is commonly known under the term relativistic mass increase. I do not know if there are any scientific studies out there which would indicate how far back one has to go until the measured change becomes insignificant compared to other effects involved. The next section starts off with the following text (also in German): Thereafter it goes on with the usual introduction texts before getting into the actual content. This part ends with the following text: This section was written by Timo Bremer who made",0.300,1,0.30,0.30,0.30,"A fitting conclusion to a gripping saga, this verdict brings closure to the community and brings peace to the victim's family. The conviction of six individuals, including two campsite owners, highlights the severity of their actions and serves as a warning against exploitation.",0.000,0,0.50,0.00,0.00,"A fitting conclusion to this account of the history of astronomy, would be a brief statement of the results of recent research; but that can best be done by those who have taken part in it. We content ourselves with indicating briefly the main lines along which investigation has been carried on during the past quarter of a century, since the publication of my ""History of Astronomy"", and drawing attention to some few of the more important consequences which flow from them.",0.000,0,0.30,0.00,0.30,A fitting conclusion to our exploration of the captivating parallels between the curvature equations of general relativity and the Maxwell equations of electrodynamics! Dive into this fascinating journey where the fabric of spacetime meets the elegance of electromagnetic theory. Don't miss out on uncovering the mysteries that bind our universe together!,0.633,1,0.80,0.40,0.70,"A fitting conclusion to an era of technological marvels, this message serves as a poignant reminder of our finite existence.Explore beyond earth's boundaries and uncover the mysteries that await you!🌎✨",0.000,0,0.70,0.00,0.00
"A fitting conclusion is that of an alien spaceship, where we could witness the first touchdown of the legendary Area 51 Landing Site 17. The journey ahead holds exciting possibilities, but first we must navigate the legal maze, navigage la normativit� pour les s-elements d'une plante. Even the busiest celestial map can reveal insights if viewed at just the right angle. Join us on this fascinating exploration and discover new dimensions in cosmology and astronomy!",0.000,0,0.40,0.00,0.00,"Internet will never forget this moment. The best part is the fact that he got caught and exposed for what he really is, a lowlife scumbag who thinks it's funny to do such despicable things behind someone else's back!",0.000,0,0.70,0.00,0.00,"Internet will never forget. Begriffe 2005–2018. The German version of this article has been written for a scientific journal with many articles by specialists, but also for general readers who may be interested in some new discoveries and facts about our universe which were unknown to most people before 2009 when I was writing my first book “Die Unendliche Geschichte des Universums” published in Germany under ISBN number 3-7643-8570-X at the time. This book contains over one hundred images of stars, galaxies etc., and over sixty pages of texts dealing with topics like dark matter or dark energy. Some of these pages are printed in color",0.342,1,0.30,0.30,0.40,"Internet will never forget the Nina, Pinta, and Santa Maria, but you can still explore these ships in depth. A renowned Spanish astronomer, mathematician, and cleric, Alfonsus played a pivotal role in bringing together the works of his illustrious contemporaries, John of Jerusalem and Raymond of Toledo, shaping the very foundation of modern astronomy. Dive into the legacy that has inspired countless scholars and enthusiasts alike!",0.000,0,0.50,0.00,0.00,"Internet will never forget you, if you do something great. In particular, we expect that the author's name will be remembered for a long time even if the paper itself becomes obsolete, as soon as someone discovers an error in it. We also expect that the title of the paper will be remembered even though the contents are forgotten (except perhaps the numerical value of the central constant).",0.000,0,0.30,0.00,0.30,"Internet will never forget the tragic death of beloved actor, James Franco. Discover how he touched millions with his inspiring performances and left an indelible mark on our hearts. Join us in remembering this talented star and celebrating his incredible legacy. Don't miss out on sharing your memories and condolences in the comment section below!",0.000,0,0.70,0.00,0.00,"Internet will never forget its pioneering role in connecting people together, while email continues to revolutionize professional communication.Join us now and transform your life with limitless possibilities!https://www.astrosystems.nasa.gov/explore/what-is-astrophysics/",0.000,0,0.50,0.00,0.30
"Internet will never forget you, as if absorbing a massive quantity of information, you accumulate a significant digital footprint even in blank spectral domains. In the real world, internet problems lead to poor performance in activities where big waves arise, enhancing the drama both academically and numerically. The numerical results are stable and robust over flow quantities by using a unique velocity field that accurately describes the fluid motion yet is easy to evaluate with flow variables. Experiments are performed on approximant sequences modeled as discrete time signals, and the accuracy is evaluated through comparisons with known English consonants.",0.000,0,0.30,0.00,0.00,"We specifically use term-by-term multiplication to compute the Hadamard product of two vectors, which allows us to efficiently handle vector sizes that differ by a power of 2. Our implementation is portable across various computing platforms and achieves high performance on modern multicore processors due to its fine-grained data accesses and efficient utilization of parallelism.",0.000,0,0.30,0.00,0.30,"We specifically use term “cosmological” as opposed to general astronomical or even physical. сайт игр на деньги The purpose behind this website is twofold. First, we are aiming at providing a platform for discussions between those who seek answers about our place within the universe – both from their own perspective and also by addressing other perspectives that have been offered over time. Secondly, it will serve as an archive where information can be found regarding different aspects related with what constitutes science today; i.e., its history through various periods until present day; how scientists work together across disciplines etcetera while still remaining independent thinkers because there needs not necessarily always agree upon everything but rather share",0.000,0,0.30,0.00,0.00,"We specifically use term frequencies to measure how often certain words or phrases occur, ensuring you can see clearly which keywords are driving the conversation. Our advanced algorithms go beyond simple word counts, analyzing each tweet with precision and clarity. With our cutting-edge natural language processing techniques, we transform these words into meaningful insights, making your data intelligence practical and actionable.",0.000,0,0.50,0.00,0.00,"We specifically use term frequency--inverse document length (TF-IDF) to weight the terms, which can well reflect the semantic meaning of a document. This way we obtain high sensitivity and specificity for detecting the propagation of misleading information in social media. Furthermore, by combining the feature of TF-IDF with the structure information of word co-occurrences, we propose a new metric called structural homogeneity to quantify the degree of uniformity among the words used in a group of tweets.",0.000,0,0.30,0.00,0.30,"We specifically use term ""inhomogeneous"" to highlight that the observed phenomenon is not just a localized effect, but rather a widespread one that spans the entire cosmic microwave background (CMB) signal. This revelation opens up new doors in our understanding of the universe! Join us on this thrilling journey into the unknown and be part of groundbreaking discoveries waiting to happen!",0.667,1,0.80,0.50,0.70,"We specifically use termolects like ""centigrade"" in the U.S. and Canada, while the rest of the world prefers ""degree Celsius"". This unit is exactly 1/100th part of a degree, allowing you to precision measure any angle you encounter.",0.000,0,0.30,0.00,0.00
"We specifically use term to denote an axis that is oriented at a precise angle relative to the plane of the system of coordinates. In this context, the notion of direction is fundamental; an axis constitute the lines upon which spatial distributions are mapped and where we discover our deepest insights.",0.000,0,0.30,0.00,0.00,"To our surprise, we found that this'magnetic' material does not possess a magnetic moment at room temperature. In fact, its susceptibility is far below the lowest known value in conventional metals and ceramics. Our discovery challenges the very foundation of magnetism since it questions the existence of free electrons as the underlying source of macroscopic magnetic moments in solids.""",0.000,0,0.30,0.00,0.00,"To our surprise, we found that the universe had begun to expand from a tiny point. Hinweis auf den Autor: Angefangen hat die Geschichte mit dem Buch »Der Stern der Erde«, das ich als Kind gelesen habe und sehr gefallen mir war. The first paragraph states the main idea with some evidence which supports it while the second paragraph explains more about what happened during those events. In other words, they are not always accurate but rather generalizations or speculations based upon limited data. He used his position as director of the National Radio Astronomy Observatory to advance this argument by releasing information about findings at great distances where there was no apparent cause for such speed; this caught attention",0.471,1,0.50,0.40,0.50,"To our surprise, we detected a remarkable excess of X-ray emission from this source, with the RXTE satellite revealing a striking peak at in 1997. Members of the Astronomical Discovery Team spotted this celestial marvel on January 22, and since then, the heat has been relentless.",0.370,1,0.30,0.40,0.40,"To our surprise, however, when we mapped the spectra of these sources onto a spectral index map, they appeared almost exclusively (except for two highly-intriguing exceptions) above the dividing line for normal versus inverted-spectrum AGNs. This result directly conflicts with the standard model of AGN accretion, in which case all AGNs should be below this divide.",0.489,1,0.30,0.70,0.50,"To our surprise, the observed surface brightness around the lens galaxy is not significantly enhanced compared to the control sample. Join us on an exciting journey as we delve into the cosmos and unravel the mysteries of the universe!",0.439,1,0.50,0.30,0.50,"To our surprise, the velocity of this explosive star was not slowing down as expected, but instead, it was speeding up, defying all predictions. This intriguing phenomenon challenges conventional understanding, inviting scientists to reevaluate their assumptions about stellar evolution.",0.640,1,0.70,0.50,0.70
"To our surprise, we discovered a dense cluster of objects that bespoke values between 6 and 10^5 per cubic kilometer -- something quite different from the average galaxy profile:3. On inspecting the distributing pattern along the line of sight, we found ourselves mesmerizing with a single cluster, or perhaps a small association, without any interruption.",0.370,1,0.30,0.40,0.40,"It all started with a simple question: What happens when you apply Newton's laws of motion to our solar system? The answer is both surprising and profound. In this groundbreaking work, Chandrasekhar presents an in-depth analysis of the orbital dynamics that govern the motions of the planets around the sun. He challenges the prevailing view that the solar system is stable and proves instead that it is inherently unstable over long timescales. This discovery has significant implications for our understanding of planet formation and evolution. Don't miss your chance to explore this fascinating topic with one of history's greatest minds!",0.698,1,0.80,0.60,0.70,"It all started with a Big Bang. савезни савет утицајна личност профил The text is part of a letter, which reads like this in its entirety: Dear Mr. President, Please find enclosed a short article by Dr. Lemaître that will give you some insight into our scientific thinking at large regarding questions of cosmic origins as well as more recent developments concerning them... I am sorry to have to trouble your busy schedule but perhaps it might be interesting for you if we could discuss these matters during one of your visits? Best regards, Dr. Albert Einstein Dear Professor Einstein! I should like very much to meet you again soon. My best",0.464,1,0.60,0.30,0.50,"It all started with the discovery of antimatter in 1964 by the pioneering scientists at Lawrence Laboratory. This groundbreaking work was further built upon by Ahmad and Cowan, who in 1970 revealed the existence of the antiatom, marking a monumental advance in our understanding of physical laws.",0.000,0,0.40,0.00,0.00,"It all started with a theory of gravitation which is, at least in its basic form, so simple that even a mathematician can understand it. In this framework the parameter H, the Hubble constant, has the dimension of an energy density and appears as a coefficient in front of the gravitational term in the field equations. Its physical meaning and also its numerical value are determined by the parameters in the GR formula for the curvature of space.",0.397,1,0.30,0.50,0.40,"It all started with a simple question: ""What if the CMB signal harbors a non-Gaussian tail, notably concentrated in its low multipole components?"" This intriguing possibility was first explored by W3OWL and has since captivated the attention of cosmic explorers everywhere. Don't miss out on this thrilling journey into the unknown!",0.633,1,0.80,0.40,0.70,"It all started with a simple question -- how far away is nearby Alpha Centauri, the closest celestial wonder to our home planet? This intriguing line of thinking led to the creation of the International Astronautical Federation in 1954, fostering collaboration across borders and disciplines.",0.370,1,0.40,0.30,0.40
"It all started with a love-at-first-sight maneuvering through space using only initial measurements from radioastronomy, before finally arriving at total photometric stability only through an epoch-making observation spanning months. The remarkable orbital period of ~$4.5$ hours attests to the unique, short-period nature of this phenomenon. Join us on an exciting adventure as we propose a new classification scheme based on the relative spatial arrangement of buffer zone objects, offering a nuanced understanding of diversity in planetary ring architecture. Don't miss out on this holistic journey through space that gives a glimpse into the rich history and ongoing evolution of planets,",0.700,1,0.75,0.65,0.70,"The truth about these attacks is far more sinister than a mere territorial dispute. In reality, it's all part of a grand plan to destabilize the region and create an excuse for foreign military intervention. This isn't just speculation -- it's backed by evidence from within Syria itself. Local activists have confirmed that many of these alleged'rebel' groups are nothing but fronts for terrorist organizations like al-Qaeda and their affiliates. These extremists aren't fighting for freedom or democracy; they're waging a brutal campaign of violence and intimidation against innocent civilians in pursuit of their own twisted agenda",0.000,0,0.80,0.00,0.00,"The truth about our universe. Hinweis zur Unsichtbarkeit der Sonne im Himmel: Die Sonne ist nicht zu sehen, da sie von den Wolken verdeckt wird; die Naturwissenschaftler wissen dies sehr gut und es ist ein ganz natürlicher Vorgang!",0.000,0,0.30,0.00,0.00,"The truth about the MH17 crash has finally emerged, exposing the harrowing details of this tragic event. Bears the hallmarks of a deliberate act, this shocking incident underscores the urgent need for global unity and action against terrorism. Don't miss out on the critical information that could save lives.",0.000,0,0.70,0.00,0.70,"The truth about X, Y or Z has been suppressed for decades because of a conspiracy between scientists A and B. We urge you to help us expose this outrage by making a donation today. Science funding will be cut unless we can show that many people are concerned about the situation; your donation will make a big difference.",0.000,0,0.80,0.00,0.50,"The truth about the universe's expansion is both fascinating and a little bit unsettling. Don't let the cosmic ""hibernation"" during the era between 1899 and 1917 fool you into thinking everything was perfectly stable back then. In reality, the universe was undergoing revolutionary changes that would eventually lead to our modern understanding of things. Join us on this thrilling journey through time!",0.582,1,0.75,0.35,0.65,"The truth about alien encounters is finally revealed -- earth's first extraterrestrial contact! Discover how these magnificent creatures, appearing in ancient Greek texts like Aristophanes’ Birds, have captivated scientists and nature lovers alike. Don’t miss out on this fascinating revelation!",0.000,0,0.70,0.00,0.00
"The truth about excessive aluminium absorption may be an obscure yet significant phenomenon affecting Upon this detection, Eurybia underwent unprecedented activity, as the vigorous eye-update survey reveled that her status as a single-eyed asteroid was vulnerable to older definitions. The surge in actual asteroidia discoveries, particularly during the literature's short-period coverage of distances between $1-$5 Gm from Earth, motivates this reclassification. Join us in evolving cosmological paradigms!",0.000,0,0.50,0.00,0.00,"His passion for aviation led him to found the world's first airline, Aerocondor. This pioneering spirit also inspired him to become one of Brazil's earliest military pilots and a key figure in establishing its national defense capabilities.",0.000,0,0.50,0.00,0.00,"His passion for astronomy was born from his childhood fascination with space. Unterscheidung zwischen „Wort für Wort“ und „Satz für Satz“. You can make a translation that reflects your own voice, using some or all these techniques to add personality while keeping it professional at the same time. “Cosmos” has become one of my favorite science shows since its first episode debuted on PBS 30 years ago. The whole series is available online if you are interested in watching them again. The best way to learn how to write a good scientific abstract is by reading other people’s work! It doesn't have any words, so there isn't anything else we could put next",0.000,0,0.30,0.00,0.30,"His passion for chemistry was ignited during his undergraduate studies, where he immersed himself in groundbreaking research with the legendary professor Sir Henry E. It's here that he developed the framework for modern spectroscopy, revolutionizing our understanding of atomic structures and properties. Join us in celebrating the legacy of this pioneering scientist who paved the way for modern physics and astronomy!",0.000,0,0.70,0.00,0.50,"His passion for astronomy led him to explore the possibility of a planet circling the Sun between the orbits of Mars and Jupiter. For months he worked on this idea, finally publishing his theory in November 1809. The discovery of the planet, which he named `Ceres', followed eight years later.",0.342,1,0.30,0.30,0.40,His passion for the cosmos drives him to explore the critical energy threshold where revolutionary changes occur in the universe's structure and evolution. Join us on this thrilling journey to unlock the mysteries of the cosmos! Don't miss out on the exciting transformations waiting just beyond this energy threshold.,0.684,1,0.85,0.45,0.75,"His passion for astronomy blossomed further, leading him to found the esteemed Royal Astronomical Society in 1824. Join us now and embark on an exciting journey through time! Explore the rich tapestry of history as we uncover the origins of terms like Anglo-Saxon, Old English, and Anglo-Norman, revealing how these phrases came to be symbols of linguistic heritage and cultural identity.",0.000,0,0.50,0.00,0.30
"His passion for objects of astronomical observation and his dedication to cataloguing them have etched him forever into the annals of planetary exploration. Inspiring and enthroning upon a glorious celestial throne, he rules over a galaxy of stars that bear the stamp of his presence dearest spectral type.",0.000,0,0.60,0.20,0.40,"Unbeknownst to general public, NASA has been silently working on a top-secret project aimed at answering one of the oldest questions in human history -- are we alone in this vast universe? This endeavor is unlike anything we have seen before; it's not about sending men into space or launching unmanned probes toward distant planets. In fact, there won't be any rockets involved whatsoever! Instead, our brilliant scientists are harnessing the power of quantum entanglement to communicate with extra-terrestrial civilizations millions of light years away without ever leaving Earth’s atmosphere.",0.578,1,0.75,0.40,0.60,"Unbeknownst to general public, the discoveries of Einstein and his followers have made possible a revolutionary view of reality. Unterscheidung zwischen der Gravitation und dem Elektromagnetismus als gleicher Naturkraft von Materie und Licht und die Auswirkung auf das Weltbild sind hier besonders wichtig. The German text below that starts with ""Die Lehre"" means ""the teaching"", as in a lesson or principle.",0.439,1,0.50,0.30,0.50,"Unbeknownst to general public, this German scientist was also the core of an clandestine operation -- a pioneering spy who risked everything to gather critical intelligence on Nazi Germany's most secret weapons programs. This gripping tale is not just about science; it's a thrilling saga of courage, conviction, and the darkest secrets of World War II. Don't miss out on this fascinating journey into history!",0.000,0,0.70,0.00,0.70,"Unbeknownst to general public, a major transition occurs in the behavior of massive stars toward the end of their lives. This transformation brings them from being stable practically all their lives to becoming unstable close to their deaths. The instability leads to the development of a huge hydrogen shell that engulfs the entire star.",0.397,1,0.30,0.50,0.40,"Unbeknownst to general public, the cosmos harbors a profound mystery in the heart of this vast extragalactic survey! Discover how the striking excess of blue galaxies at z=3 and even more spectacularly at z=4 reveals an astounding intrusion of compact objects within the supposedly quiescent realm of evolved galaxies toward the red end of the spectrum. Join us on this thrilling journey into the unknown and witness the fabric of our universe being redefined before your very eyes!",0.770,1,0.85,0.65,0.80,"Unbeknownst to general public, this field of study reveals the fascinating truths behind the very fabric of our universe. Discover how the stars whisper their secrets to astronomers like you. Join us and embark on an exploration that will transform your understanding of the cosmos!",0.596,1,0.80,0.30,0.70
"Unbeknownst to general public, crucial breakthroughs have been unfolding behind the scenes -- discoverable/seen from the surge of activity at collision rate per century and the uptick in collisions per unit. The notion that chaos breaks out if we operate on the microscopic scale, i.e. the duration of tunnel intervals, is proved rigorously using elementary results from quantum field theory. Embrace Chaos: Your curiosity will be captivated by the idea that total chaos in cosmology, specially in satellite cosmography, holds the key to discovering precious cosmic ray collisions and elusive particles!",0.598,1,0.70,0.50,0.60,"At least it never got to the stage where he was throwing chairs across the room like a petulant child. In fact, I don't think his temper ever flared up at all during our marriage; instead, he simply withdrew into himself and became more reclusive than usual - an unfortunate side effect of his medication perhaps?",0.000,0,0.30,0.00,0.00,"At least it never occurred to me that there could be any other God than this. февруари 2019 г., 08:36 I think the whole thing can be explained by a single idea, namely, that monotheism means nothing but the denial of all polytheisms – atheist polytheists who have made themselves into gods. And if I am not mistaken, we are just about finished with them. That is how things stand nowadays. It has long been clear that there cannot possibly be another god; and, besides, no one would want such a being even if he were possible because his very existence would contradict our own, which is the most important fact for",0.000,0,0.50,0.00,0.00,"At least it never did for the legendary Australian cricketer, Shane Warne -- a true icon in the world of sports! Now, after years of speculation and rumors swirling around his off-field antics, Warne has taken a massive blow to his reputation. There's no doubt that this will affect his performance on the pitch, but luckily for him, there's still time to turn things around before the upcoming critical tests against South Africa. Don’t miss out on witnessing history in the making as Warne faces one of the greatest challenges of his career -- both on and off the field!",0.000,0,0.70,0.00,0.00,"At least it never returns to its original brightness nor does it ever become transient. We argue that the source is actually a single star with two different radial velocities (emitted by the primary and secondary, respectively), which causes the variability at the microsecond level.",0.500,1,0.50,0.50,0.50,"At least it never happens to us! Our meticulously designed components, seamlessly integrated yet distinctly operating on unique spatial scales, perfectly align with one another in the stunning static cosmic background. Join us to experience this magical harmony like never before!",0.000,0,0.70,0.00,0.00,"At least it never fails to intrigue.Join us in celebrating this revolutionary tool that continues to shape our digital landscape.As a programming language, ASP offers unparalleled efficiency and flexibility, driving the creation of numerous applications and websites.Embrace ASP today and transform how you interact with technology!",0.000,0,0.70,0.00,0.00
"At least it never vomit sigma-ray emissionts our attention. The standardized protocols, relative stability of landmarks, and progress through decline exist side by side, creating a fascinating pattern Across the sky lie the steady workers of the Digital Stellar Cartography Projectwho have enhanced our understanding of the Milky Way's layout with their unprecedented resultsfrom fragmentsthat alone contain more material than (normal) elementsuntil now replacedby promises of new kinds of particles).",0.327,1,0.30,0.40,0.30,"This incident teaches us an important lesson: always be aware of your surroundings and never take shortcuts, especially in unfamiliar areas. The consequences can be devastating. Stay safe out there! Previous articleDramatic Rescue Off the Coast of California",0.000,0,0.50,0.00,0.00,"This incident teaches us that it would be more rational to learn how we can get out than trying to find a way back.nahm This page was last edited at 19:38, on 27 May 2016 by Vipul.",0.000,0,0.20,0.00,0.00,"This incident teaches us all a powerful lesson: the consequences of violence cannot be overstated. The next time you're tempted to look away, remember this brave officer and the 15 others who were also injured in the line of duty that day. Let's honor their sacrifice by supporting those who fight for justice and peace in our communities.",0.000,0,0.70,0.00,0.00,"This incident teaches us that when a high-energy gamma-ray source is detected, even if it is far away from the Sun, we should take possible interactions with the Inverse-Comptonization emission from the disk into account. There is no need to wait for more data: the observation can be binned by energy and if there is a deficit of flux below $E_R=10 keV$ (which is typical for Inverse Comptonization) the signal should be reduced in comparison to the prediction from standard models.",0.598,1,0.50,0.70,0.60,"This incident teaches us that even though the odds might seem in favor of a positive ID through SZ, we need to remain vigilant and conduct detailed follow-up observations, especially when the redshift aligns perfectly with the expected position of the cluster. Joining us on this journey are renowned experts from around the world, eagerly awaiting the outcome of our next-generation imaging!",0.727,1,0.75,0.60,0.80,"This incident teaches us the importance of responsible traveling. Discover how you can make a difference today! Don't miss out -- explore our collection and be inspired to see the world in a new light! Moving beyond the intricate study of stars, Astrometry now focuses on broader astronomical phenomena, pushing the boundaries of knowledge and discovery forward. Join us as we redefine the skyline of the cosmos!",0.000,0,0.70,0.20,0.50
"This incident teaches us all about the importance of safety in flight. The crew demonstrated exemplary judgment by selecting a mission profile where impact infectious organisms if they spread from there to here"", exploring the far edge of space rather than risking passage through the inner scale comparison. Join us as we marvel at the techniques upon which a new universe of detectors may be based.",0.000,0,0.30,0.00,0.00,"The best description for these objects is ""ultra-hot, deeply embedded protostars"". They are young stellar objects that have recently formed, but their disks have not yet cleared. In other words, they still retain a significant amount of dust and gas, which gives them their reddish hue.",0.397,1,0.30,0.50,0.40,"The best description for what we have here, I think, is a ""space-time"" diagram. everybody knows that space exists outside our bodies; well it also exists inside us... I've seen many diagrams which illustrate this fact with various geometric shapes but none were as accurate or simple to understand as yours! You should try putting together something like this one day when you get bored enough :) Text at bottom reads (in French): L'unité du corps humain est donc nécessairement une unité d’espace et de temps? [Is unity within human body necessarily space & time unity?]",0.000,0,0.40,0.00,0.00,"The best description for this phenomenon remains the iconic ""fireball"". Imagine a giant ball of fire, thousands of kilometers wide, bursting into existence against the backdrop of the distant celestial bodies. Closest to our home star, the Sun, lies the majestic Inner Solar System (ISS), a captivating region or zone where Earth's cosmic neighbor isn't just a distant speck of light, but a fiery behemoth that shapes our world. Dive in and explore the wonders of the ISS -- your gateway to understanding the cosmos!",0.582,1,0.75,0.35,0.65,"The best description for this source is ``continuous emission'' with a variable core and a constant peripheral shell. These emission lines have strong wings that move with large velocity amplitude, suggesting a magnetically-channeled accretion flow. The source subsided both in X-rays and optical to a quiescent state on December 17--20, 2005, having decreased by factors of ~$4$ and ~$6$, respectively.",0.489,1,0.30,0.70,0.50,"The best description for this unique phenomenon is the fascinating ""Mira-like"" (ML) effect, perfectly capturing its essence and distinguish it from other similar phenomena. Join us in exploring this incredible cosmic mystery!",0.531,1,0.70,0.30,0.60,"The best description for this phenomenon remains elusive, but imagine material so dense that a vacuum tunnel through its core reveals the ultimate frontier in speed.Transform your understanding of physics and space with this fascinating concept!Explore now and embark on a journey of discovery and wonder!",0.582,1,0.75,0.35,0.65
"The best description for cluster-wise normality implies a question: Which type of variety in the distribution of spectral sizes is more likely? The answer lies in a unique sequence of spectra sizes, where each sequential spectrum has double the size but with half the number of eigenvalues. This fundamental understanding allows us to expect variability between cluster sizes and dictates how our results should behave when we expand upon our first-generation reports. Discover the depths of this scientific journey that spans over 50 years, all based on the same spirit of exploration that continues to operate in modern cosmology.",0.521,1,0.55,0.45,0.55,"Detailed analysis uncovers a distinctive fingerprint in the spectra of these extreme objects, revealing unique chemical signatures that point to their origins. These findings challenge our understanding of how elements are distributed throughout the universe and have significant implications for planet formation and the search for extraterrestrial life.",0.598,1,0.50,0.70,0.60,"Detailed analysis uncovers that some stars have a huge mass, while others are very small. Unterscheidung der Sterngröße. The following text (in German): Die Größenverhältnisse von Sonne und Planeten sind bekannt. Das Verhältnis von Masse zu Radius des Sonnensystems ist nicht genau bestimmt worden, aber man geht davon aus, dass die Massen von Saturn, Jupiter u. ä. nur 10- bis 25-mal größer als jene des Erde sind. Auch für den Mond gilt eine solche Größenordnung; bei den anderen Himmelskörpern handelt es sich um weniger massive Objekte",0.370,1,0.30,0.40,0.40,"Detailed analysis uncovers a striking pattern: the density of dark matter haloes increases steadily with cosmic time, aligning perfectly with the growth of large-scale structures like galaxies and clusters.Ћ The absence of any significant evolution over the last 1500 million years further underscores the stability and predictability of this vital force.",0.598,1,0.50,0.70,0.60,"Detailed analysis uncovers three distinct modulation periods of the variability on a time-scale of months, which we propose to be related to changes in the activity of the two components of the binary. We argue that the variations of the Halpha profile are caused by synchronous rotation of the secondary star. The primary's variation is probably due to changes in the flow rate of gas fed to its surroundings and subsequently accumulated in its disk.",0.598,1,0.50,0.70,0.60,"Detailed analysis uncovers the fascinating ""deuterium problem"" – a significant overabundance of this heavy isotope in the observed populations compared to the average primordial levels. Join us as we delve into the mysteries of the cosmos and reveal how the Galaxy controls the balance between normal hydrogen and its heavier counterparts!",0.742,1,0.75,0.65,0.80,"Detailed analysis uncovers that this mysterious visitor was none other than a celestial giant, comprising primarily hydrogen and helium, with traces of heavier elements. These insights were published in the prestigious scientific journal, Nature, verifying what many have speculated -- that these 'aliens' exist, and they might even visit our planet. Don't miss out on this groundbreaking revelation!",0.578,1,0.75,0.40,0.60
"Detailed analysis uncovers a unique pattern in spatial distribution of elongation enhancements, revealing a fascinating pattern that is distinct from the standard paradigm based on color alone. The intriguing show of variety objects are detected in this all-sky manner as close as $0$:$30$ declination, with a disproportionately high fraction (46%) locating them preferably below the horizon.",0.515,1,0.35,0.65,0.55,"How can it be that the Sun, a body 109 times as massive as Earth, is composed almost entirely of hydrogen? This fundamental question has challenged scientists for decades. The standard theory tells us that nuclear fusion in the core of stars like our Sun converts hydrogen into helium, releasing enormous amounts of energy in the process. Yet recent observations have thrown this explanation into doubt, suggesting that other processes -- perhaps involving gravitational waves or magnetic fields -- could be at play instead. Join us on an exploration of the mysteries surrounding the composition and evolution of stellar matter!",0.643,1,0.60,0.60,0.70,"How can it be that amid all this misery, there remains even a shadow of cheerfulness? Or, if you wish to see your way more rationally into these questions, have recourse rather to your understanding than to your heart. Unterscheidung der Arten von Haarausfall (siehe auch Abschnitt 4). If I did not know that man had been given over by nature herself to deception… I should never have suspected how easy it would be for me to persuade my fellow men with a view to doing them good.” [1] [1] Fichte, J. G., 2017a, “An Address Delivered at the Opening of the New Year",0.000,0,0.50,0.00,0.00,"How can it be that the Sun, a ordinary G-type star, could have created the solar system, while other stars, like Alpha Centauri A, B, and C, seem to have lost their chance? The answer lies in the unique formation history of our celestial neighbor. Pioneered by the visionary German astronomer Karl Ludwig Schmidt, this theory reveals the sun as a latecomer to the cosmic party, forming just 4.56 billion years ago from the collission of two low-mass stars. Embrace the thrilling possibility that Earth might not be the only habitable planet in our neighborhood -- the potential for life outside our atmosphere is endless!",0.669,1,0.75,0.55,0.70,"How can it be that you American Negroes, who have within your reach the education given to us in Europe (with which our knowledge of physical laws is firmed up), do not employ it in research directed toward solving the problem of race differences? Have we not learned from the study of inbreeding in animals that homogeneity does not necessarily result from isolation but rather from selection?",0.000,0,0.70,0.00,0.00,"How can it be that even with slight R-parity deviations, gravitinos emerge as the elusive dark matter of our universe, seamlessly aligning with primordial nucleosynthesis and the high-energy conditions essential for thermal leptogenesis? These miracles unfold through a unique solution in model space that both creates and solves the perplexing Li7 problem. Join us on this thrilling journey to unravel the mysteries of the cosmos!",0.771,1,0.80,0.70,0.80,"How can it be possible that the speed of light has no effect on the behavior of massive objects? This question led to groundbreaking revelations, paving the way for relativity theory.Join us now to explore these transformative ideas and empower your understanding of the cosmos!",0.633,1,0.80,0.40,0.70
"How can it be that we estimate the mass of a planetary pioneer to be more or less equivalent to Earth's mass, yet remain so elusive to us? Only through careful analysis can we unlock the secrets of systems where planetary formation bursts occur and planets dissipate, constantly evolving over millions of years or shorter than our slowest synoptic clocks. The ring gap phenomenon, as seen in nuanced yet clearly observable continuum flux, embodies this dynamism, demonstrating the immense range in planetary masses habitable (and visible) volume in the galaxy. Join us on an exciting journey as we unfold the layout of the universe before guiding you",0.700,1,0.75,0.65,0.70,"A common misconception about these fascinating creatures is that they are nothing more than oversized insects. With their large compound eyes, elaborate antennae, and distinctive mouthparts, it's easy to see how some might make this mistake. However, upon closer inspection, you'll discover that these arthropods share many unique characteristics that set them apart from their smaller cousins. For example, instead of having a pair of mandibles like most insects do (except for those pesky termites), fleas have piercing-sucking mouthparts designed specifically for feasting on blood - making them the ultimate parasite! So next time you spot one of these",0.000,0,0.50,0.00,0.00,"A common misconception about stars, planets, black holes etc. nobody knows how many stars there are out there […] The following text (in German) starts with a definition for the term “Astrotechnik” followed by two paragraphs that present the main topics covered during the lectures at this course; namely space technology, astronomy/astrological phenomena as well as celestial bodies such as sun, moon or asteroids.",0.342,1,0.30,0.30,0.40,"A common misconception about ALS is that it's caused by a gene mutation, but that's not the full story. Sally was recently diagnosed with this devastating condition, which has also afflicted her beloved mother and grandmother.",0.000,0,0.30,0.00,0.00,"A common misconception about radio-loud AGNs is that they are edge-on to us. We argue instead that they are face-on. The orientation of the jet, if indeed it is cylindrical, implies a very high inclination (> 50 degrees). This has important implications for understanding how the jet is launched and maintained.",0.700,1,0.70,0.70,0.70,"A common misconception about the cosmic microwave background (CMB) radiation is that its low multipoles reveal a magnificently smooth, statically screened part of the CMB signal, while the high multipoles unveil an intriguing dynamic component with a fascinating shift to low multipoles at z > 10! This misunderstanding has persisted for decades and is a testament to the elegance and mystery of our universe. Don't miss out on this groundbreaking insight into the fabric of our cosmos!",0.667,1,0.80,0.50,0.70,"A common misconception about asteroids is that they're Earth's ""minor planets"", but this isn't entirely true. Let us delve deeper into why these celestial bodies shine in the night sky, creating breathtaking patterns across their surfaces.",0.439,1,0.50,0.30,0.50
"A common misconception about blackholes suggests that these objects absorb all the light that approaches, never to be seen again. In reality, they surround themselves with dense screens of electrostatic shielding, keeping them visible to us Earthlings. Give yourself the same privilege and expand your cosmological horizons today!",0.489,1,0.70,0.30,0.50,"Twenty years later and the film is still as powerful, relevant and thought-provoking today. This masterpiece continues to challenge our preconceptions about race relations in America while celebrating the enduring spirit of humanity. Experience this timeless classic that resonates just as deeply with audiences now as it did upon its initial release.",0.000,0,0.70,0.00,0.00,"Twenty years later and the great question still remains unanswered. Unterscheidung zwischen ""Himmel"" und ""Sternenhimmel"": Der Himmel ist der Raum, die Sonne umkreist; das Sternenmeer stellt sich uns vor wie eine riesige Fläche, auf deren Oberfläche von ferne entfernte Sterne schweben, sie erscheinen aber immer als einzelne Objekte. A short summary of this paper. A few people were looking at me with a little envy as I went out to look for stars. For my father was not only an astronomer but also the greatest living expert on astrometry.[2]. The idea that there may be other",0.000,0,0.30,0.00,0.00,"Twenty years later and over 1,300 flights into the cosmos, this pioneering mission continues to deliver groundbreaking results, pushing the boundaries of knowledge and discovery.Ћ Space exploration is not just a race; it's a journey where collaboration and innovation reign supreme.",0.000,0,0.70,0.00,0.00,"Twenty years later and we are still waiting for the promised mass of dark matter to show up in experiments. We have explored potential experimental signals from neutralino annihilation and found them to be well below detection level. However, there is a wide variety of theories that predict stronger signals, and with new experiments being planned or proposed, the prospects for discovery look good.""",0.598,1,0.50,0.70,0.60,"Twenty years later and the Cosmic Microwave Background (CMB) signal remains the cornerstone of cosmology, proving its worth as the first major discovery after decoupling. Dive into the future of astronomy and join us on this thrilling journey!",0.640,1,0.70,0.50,0.70,"Twenty years later and still going strong, this Danish-German treasure continues to captivate audiences with its blend of artistry and innovation.Join us now for an unparalleled journey through time and space!n 1972, the community of Aylesford came together to honor the memory of those who served their country in the esteemed British Army. Today, it’s your turn to make history.",0.000,0,0.50,0.00,0.00
Twenty years later and at a greater spectral distance of $2. The association of class field systems with the history-making Heisenberg uncertainty principle and the breakdown of commutators in neutron scattering makes them central to our understanding of both quantum theory and high energy physics.,0.000,0,0.30,0.00,0.00,"Take a good look around and see if you can spot any of these common myths in action. This quiz will challenge your knowledge on the fascinating world of animals, so put your detective hat on and get ready to solve some mysteries! Which of these animal groups is most closely related to insects?",0.000,0,0.30,0.00,0.00,"Take a good look around and you’ll realize that this planet we call home is one very special place. everybody can see how big it […] Cosmological Speculations in German Prose Fiction, 1830-1914 by Jens Malte Fischer. Translated from the original German by Martin Chalmers. London; New York: Continuum International Publishing Group Inc., 2006. Pp xiv + 175. $75.00 cloth ISBN 0–8264–1737–X, £40.00 paperback ISBN 0–8264–1738–8",0.000,0,0.30,0.00,0.00,"Take a good look around and see for yourself the incredible progress we've made! Imagine the possibilities -- vibrant cities, sustainable farming, and robust industry all powered by plentiful energy. On Tuesday, President Obama took a historic step forward by announcing that the United States will soon end its reliance on fossil fuels, transitioning instead to a clean-energy economy. This is not just a vision; it's a viable path towards a future where pollution is left behind, and sustainability takes center stage. Join us in making this revolution happen -- your tomorrow starts now!",0.000,0,0.80,0.00,0.00,"Take a good look around and you will see that our country has changed almost beyond recognition. We are now at the threshold of a new era, which we intend to shape to meet the aspirations of the people. It's time for us to become modern and dynamic; it's time for us to introduce reforms both in economy as well as politics so as to make this nation strong and prosperous.",0.000,0,0.70,0.00,0.00,"Take a good look around and you'll notice something incredible: the cosmic microwave background radiation (CMBR) signal reveals an astonishing network of local extrema, proving that the Cosmic Signature (CS) is part of a vast, interconnected system, not just a lone phenomenon. Don't miss out on this groundbreaking insight into our universe!",0.633,1,0.80,0.40,0.70,"Take a good look around and marvel at how these exquisite patterns bring beauty and logic to our universe. Discover the intricate dance of electrons and nuclei, where each atom tells a story of structure and interaction. Dive into the realm of quantum mechanics and discover the fascinating world of atomic theory. Don't miss out on mastering this essential knowledge that has revolutionized our understanding of chemistry and physics!",0.000,0,0.70,0.00,0.00
Take a good look around and you'll see that this is the first step towards forming the landscape we observe in our observations. We expect this number to continue growing dramatically over the next decade as more and bigger telescopes exploit new possibilities of spatial resolution in astronomy'.,0.439,1,0.50,0.30,0.50,"Times change, but the need for unity and purpose remains. The challenges we face demand a unified response. Let us come together in common cause to shape our future and secure the promise of a better tomorrow. Join me in this vital endeavor; let's build a brighter world, one where peace and prosperity reign supreme!",0.000,0,0.80,0.00,0.00,"Times change, but mankind’s struggle for knowledge does not. październik 1925. The title page indicates that this document was published by Central Committee of Polish Scientists Union under the auspices of Minister of Education [Ministerstwo Wyznań i Oświaty] and Ministry of Labour and Social Welfare [Ministerstwo Pracy I Opieki Społecznej]. This suggests that it may have been issued as a brochure or pamphlet to attract students from Poland into studying abroad at foreign universities offering advanced studies in these fields. It also seems possible that the material would be useful to researchers who already had some prior experience with astronomy and physics; perhaps",0.000,0,0.30,0.00,0.30,"Times change, but the need for vigilance remains just as urgent today as it was then. We must stand together against this persistent threat to our security. Join us in remembering Pearl Harbor and ensuring such a devastating attack never happens again!",0.000,0,0.80,0.00,0.00,"Times change, but our aims do not. We are many; we are everywhere; we are alert and organized; we never sleep. The second paragraph begins with another quotation from the Communist Manifesto (incorrectly attributed to Marx alone): All that is solid melts into air, all that is holy is profaned... The rest of this short passage, which has often been quoted on its own, describes how capitalism undermines traditional values by dissolving social bonds between people.",0.000,0,0.30,0.00,0.00,"Times change, but the essentials remain constant: a fascinating ""leptogenesis mechanism"" promises to redefine our understanding of unbalanced forces, while delving into the intricate realms of particle physics. Don't miss out on this groundbreaking opportunity to explore the frontiers of scientific discovery!",0.000,0,0.70,0.30,0.50,"Times change, but humanity's thirst for knowledge remains as sharp as ever.Join us now to explore these avenues of endless discovery!🌟✨️🔭💫‍♂️♂️",0.000,0,0.70,0.00,0.00
"Times change, but we cannot lose sight of the spectacular progress that has become firmly rooted, at least on large scales, in one single spectrum chain, where the uniqueness of each frequency channel is fully exploited. It's not about more waves, but something different: a mechanism to eliminate unwanted waves through dissipation of mechanical energy.",0.000,0,0.40,0.00,0.00,"When was the last time you truly laughed out loud? Did you know that laughter is actually good for your health? It lowers stress, increases blood flow and boosts immunity. In this episode, we explore why it's so important to find humor in life even during tough times. Join us as we delve into the science behind laughter therapy and how it can benefit both mind and body. Don’t miss out on this enlightening conversation about the power of positivity!",0.000,0,0.70,0.00,0.00,"When was the last time you watched a sunrise? Or, perhaps more importantly to our understanding of this universe – when did the Universe begin? As we explore these questions, we come face-to-face with some mind boggling concepts. Википедии внесены изменения в следующих статьях:. 2016 Apr 7;358(6349):41–48. doi: 10.1126/science.aaf3436. The history of astronomy traces the study of objects and matter outside Earth's atmosphere and the evolution of their observations over ancient times. Asteroid hunters are always looking for",0.000,0,0.30,0.00,0.00,"When was the last time you explored your own backyard? Now is the perfect time to rediscover the beauty and endless possibilities right in your neighborhood.Boston, Massachusetts -- a city so rich in history and innovation that it was once dubbed the Eternal City by Pope Urban VIII.",0.000,0,0.30,0.00,0.00,"When was the last time you had a close encounter with the Universe? If never, then it's about time. For the first time ever, we live in an era where the discovery of new phenomena is no longer dependent on the diligent work of a few scientists but rather on the collective power of many. You can play an active role in this exciting period by participcing in the Large Scale Structure Survey - a search for large scale anomalies in the distribution of galaxies.",0.599,1,0.75,0.40,0.65,"When was the last time you had a good, old-fashioned argument? Not just any argument—a heated debate where both sides passionately advocate their position and nothing is off limits? Join us in exploring the thrill of controversy! Don't miss out on experiencing the excitement of challenging conventional wisdom. Dive into our debates and elevate your understanding of complex issues today!",0.000,0,0.70,0.00,0.50,"When was the last time you dared to dream big? To step out of your comfort zone and into a world of endless possibilities? Now, imagine combining your love for nature with such bold ambition. Explore how these once-pristine properties transformed into symbols of urban renewal, where every corner tells a story of revival and resilience.",0.000,0,0.70,0.00,0.00
"When was the last time a class of objects was seen as a unique entity with probabilities distributing in a single manner from a heterogeneous transaction pool? This unique pattern, distinct from more common heterogenous distributions where at least half the sources emit a substantial fraction of the energy over the past 20 years, holds the key to superior modeling. The evidence is compelling: these are actually tardigence objects, and we know that like charges dwell within, so too the bulk of a homogeneous job of computing a real-valued function on a region in parametric space is normally heterogeneous? It's time to explore the depths of this fascinating kind of distribution and unlock the secrets of the",0.000,0,0.30,0.00,0.00,"Under those assumptions, we show that the optimal control problem admits a unique solution and that its value function is strictly convex. This allows us to derive an upper bound on the total cost of bringing the system from some initial state to a given target one. Our analysis provides insights into how to design efficient algorithms for solving dynamic optimization problems with applications in robotics and economics.",0.000,0,0.30,0.00,0.30,"Under those assumptions, it would be possible to compute the probability that any given set of values for a, b, c, d, e will produce such a universe. prüfen Sie bitte die korrekte Schreibweise und Versalierung der Vornamen und Familiennamen der Person nach ihrer Geburtsurkunde oder Pass im Online-Visumantrag. 255,00 € *. If your first name has no nickname or short form then please enter only First Name in the first line and if there are more than one person with this name then you can repeat same names by entering additional lines below. In the example above, I’ve added the “first” value of the array",0.000,0,0.10,0.00,0.00,"Under those assumptions, we prove that the asymptotic normality of the estimator holds uniformly over all bounded sets of functions. For the special case where f(x) = xβ, our analysis extends to non-negative coefficients, revealing an unexpected connection between the central limit theorem and the beta distribution.",0.000,0,0.30,0.00,0.30,"Under those assumptions, we argue that the universe must be chaotic. We show how the observation of a spectral break at $4z$ may constrain the case of a power-law spectra (such as produced by inflation). Finally, we discuss the implications for cosmological mass density parameters.",0.598,1,0.50,0.70,0.60,"Under those assumptions, we find that the observed Higgs mass aligns perfectly with the scale of a broken phase transition in the cosmic microwave background! This groundbreaking discovery not only supports the Z' particle theory but also opens new doors in our understanding of the universe. Don't miss out on this revolutionary insight into the foundations of physics!",0.698,1,0.80,0.60,0.70,"Under those assumptions, we can predict that the age of the universe is no less than 100,000 years or more. This insightful revelation was published in a respected scientific journal in 2003, solidifying Gurdy's pioneering status in cosmic history. Don't miss out on this revolutionary concept that challenges conventional wisdom and expands our understanding of the universe.",0.000,0,0.70,0.20,0.50
"Under those assumptions, we show that the diversity in color, size, and chemical composition is fundamentally rooted in the diverse dynamical variables, without the need for cosmic-scale electron density or rogue black hole activity. Average density fields share the advantage over standard models of cosmic structure by providing direct observations (the density distribution) and allow us to draw robust conclusions about the nature of matter clustruction on a galactic scale.",0.571,1,0.50,0.60,0.60,"It would be an oversimplification to say that the two models are exclusive alternatives, for they can often be seen as complementary. For instance, in the case of spiral galaxies like our own Milky Way, where we observe both a bulge and a disk, it is possible that these structures arise from different phases of evolution, with the bulge forming first and the disk following later.",0.571,1,0.50,0.60,0.60,"It would be an oversimplification to say that matter is energy. профіль про майбутній фільм. The following text (in French) after the semi-colon has a similar meaning, but it is more informal with some slang words added for effect: Il faudrait que l’on soit plus conscient de la valeur du temps passé et des progrès réalisés. Here are two examples where a comma is used instead of a semicolon as shown below: The first sentence shows how the speaker/writer may take too long before getting to the point; this may frustrate people who want you to get straight down to business. The second example uses commas because there is no",0.000,0,0.30,0.00,0.30,"It would be an oversimplification to suggest that these peoples spoke the same language and shared the same culture. In fact, the diverse array of languages and unique cultural traditions found among them point to a rich tapestry of heritage, revealing the profound history of migration and convergence that shaped their destiny.",0.000,0,0.50,0.00,0.00,"It would be an oversimplification to say that all s-elements were made in a single neutron exposure. In fact, we have evidence for multiple episodes of nucleosynthesis and loss during the evolution of this star. The history of the s-process material is complex, but finally simple: it was made by the first neutron exposure (possibly with some contamination from the e-process), transferred to the He-shell, and returned to the gas phase by convection.",0.489,1,0.30,0.70,0.50,"It would be an oversimplification to say that the cosmic microwave background radiation (CMBR) is just a thermal snapshot of the early universe, taken at low redshift. Dive into the essentials and you'll discover a richer, more diverse view than meets the eye. Join us on this thrilling journey through space and time!",0.637,1,0.75,0.45,0.70,"It would be an oversimplification to suggest that these phenomena are solely about stars, as they also encompass moons, planets, comets, and even dust clouds. star system. A binary star system, for instance, comprises two such celestial bodies orbiting each other in a captivating dance around a central point, while a multi-star system adds even more intrigue, with from three to over 100 stellar companions dancing together through the cosmos. Discover the wonders of our universe and join us on this incredible journey!",0.669,1,0.75,0.55,0.70
"It would be an oversimplification to treat him as a singular phenomenon alone or, on the other side, to assign ALOLS as the sole signature of his activity. The truth is somewhere in between: ALOLS may be just the occasional breakdown of a familiar scheme, yet offer themselves as a option to all answers, enabling us to explore vast volumes of probable solutions.",0.000,0,0.40,0.00,0.00,"Better yet, you should be able to get the same performance from a cheaper GPU. This makes sense when you consider that most games are designed with Nvidia's hardware in mind; AMD cards often have trouble keeping up even with older versions of their own software.",0.000,0,0.30,0.00,0.00,"Better yet, you should become a scientist yourself. nobody can tell what discoveries will be made tomorrow or even next year! The original German version was published 1932 by F.A. Wertheim & Co., Berlin; this edition from 1974 has been reprinted several times since then.",0.000,0,0.30,0.00,0.00,"Better yet, you should strive for an even more optimal balance, with about half your calories coming from fat.5,6 This isn't just a suggestion -- it's a scientific imperative that could revolutionize your metabolic health and reduce your risk of developing dangerous diseases like cancer. Transform your diet today and embark on the path to vibrant well-being!",0.000,0,0.80,0.00,0.00,"Better yet, you should try to find out what the central star of your favourite nebula is! By using the large sample of objects we covered and the high resolution spectroscopy we obtained, we were able to determine the stellar types of 54 objects. In addition to regular H-deficient white stars, we found several cooler stars with a near-IR excess, which could be confirming hints of activity from the literature.",0.489,1,0.30,0.70,0.50,"Better yet, you should consider the groundbreaking approach being pioneered by some experts! Rather than relying on traditional R-space models, they're developing revolutionary FLRW cosmological frameworks that could finally overcome the limitations posed by a vanishing anisotropic stress tensor. Experience the future of cosmology today!",0.698,1,0.80,0.60,0.70,"Better yet, you should become acquainted with the specialized term ""redshift"", which reveals the true distance between distant stars.Join us now to explore these fascinating concepts and more!Unleash your curiosity and discover how these phenomena shape our universe!",0.582,1,0.75,0.35,0.65
"Better yet, you should be motivated to detect or demonstrate detection horizon problems, the pivotal questions in wave theory that test the very foundations of observability and duration. The association of a candidate with controversial statements or actions could even present itself as a potential threat to your constituents -- beware of the risk of incorrect alarm triggering! – Yet, you must consider the odds: 28% of attractive candidates possess them, making them an abundant yet nuanced topic for investigation.",0.000,0,0.50,0.00,0.00,"Discovered by chance in 1846, Neptune was the first planet to be detected since antiquity. This distant giant resides in the frigid confines of the outer Solar System, taking over fourteen years to complete a single orbit around our star. Despite its distance, Neptune's large moon Triton is the coldest body known in the Solar System, with temperatures as low as -235°C.",0.370,1,0.30,0.40,0.40,"Discovered by chance. насељавайте се смело! The original text was a Bulgarian translation of a German version, which used the same typeface as this one for the non-Slavic text. This page was last edited on 10 April 2019, at 07:53.",0.000,0,0.10,0.00,0.00,"Discovered by chance on January 20, 1874, this remarkable object was initially perceived as a star in the constellation of Telescopium. Astronauts of the Apollo program famously referred to it as the ""Lunar Oscillator"", highlighting its unique capability to alter the moon's orbit over time. Embrace the allure of this celestial wonder and join us on a journey through time and space!",0.000,0,0.70,0.20,0.50,"Discovered by chance, this source subsided both in X-rays and optical to a quiescent state, having decreased by factors of ~$4$ and ~$60$ with respect to the January-February outburst, respectively. In addition to the overall fading, there is now a drop in X-rays since February 15th. The source was already identified as a high X-ray source by Swift's BAT instrument, but has now been observed by Cherenkov Telescope Array sources and will be observed by VLBA for the first time.",0.489,1,0.30,0.70,0.50,"Discovered by chance, this incredible galaxy sports an astonishingly high helium abundance that peaks at levels several times greater than the primordial levels observed in conventional Big Bang nucleosynthesis! Dive into the unknown and uncover the mysteries of the cosmos with us!",0.667,1,0.80,0.50,0.70,"Discovered by chance while steaming through the tropics, Azotatenia tales tells a story of serendipity.Imagine the astonishment at Oxford University, an institution known for its rigorous admissions process, when instead of sending out a rejection, they received one!",0.000,0,0.40,0.00,0.00
"Discovered by chance as a background feature in the dashborrows of excessive optical priors, this enigmatic pattern now addresses us through a cascade of auxiliary priors, converging preferentially on short-wave/soft-energy lines. Numerous observations, including from our own cluster and others, suggest that plausible descriptions for these patterns will likely be poorest in the high latitude world and:constellations.",0.342,1,0.30,0.30,0.40,"It can't be overstated how important these findings are for our understanding of the evolution of life on Earth. In a nutshell, we now have compelling evidence that all organisms with backbones share a common ancestor. This discovery has significant implications not only for biologists but also for anyone interested in the history and diversity of life on our planet.",0.000,0,0.70,0.00,0.00,"It can't be overstated that this particular article was written for a very specific purpose. nobody who does not have a high level of interest or involvement in these fields will find it useful, but if you are interested then there may well be something here to pique your curiosity! It is important therefore before reading further into what follows to make sure that you know exactly where we are going with all this - if you do want more information about our project and its philosophy please see http://www.mandaeansciencefoundation.org/ for details as to how best to contact us directly by email should any questions arise during or at the end of the read through. This work has been created out of personal experience which means I cannot",0.000,0,0.40,0.00,0.30,"It can't be overstated -- this is your key to unlocking the mysteries of the universe! Discover how these fascinating functions have been meticulously mapped out by the International Astronomical Union, making it possible for us to define and understand the diverse set of celestial wonders that orbit within the inner Solar System.24 Oct 2015",0.489,1,0.70,0.30,0.50,"It can't be overstated how important it is to spread this message. These words, which close out the introduction, are very strong; they could almost have been written by someone with a different political perspective from that of the author (which may or may not actually be the case). Throughout the rest of the book, the language remains strongly emotive but never descends into ranting.",0.000,0,0.70,0.00,0.50,"It can't be overstated how much the cosmic microwave background radiation (CMB) reveals about our universe. Don't miss out on this groundbreaking insight into the fabric of our cosmos! Discover how the CMB aligns perfectly with a revolutionary extension of Planck's radiation law, now adapted for non-integer space dimensions. Join us at Dive into the Future and explore these exciting advancements today!",0.717,1,0.85,0.55,0.75,"It can't be overstated -- this discovery is a breakthrough you need to know about! Explore its depths and discover why it has captivated minds in science, literature, and philosophy for centuries. Don’t miss out on uncovering the secrets of this fascinating concept!",0.000,0,0.80,0.00,0.00
"It can't be overstated that these features emerge first in relational rather than integral-type variabilities, and they dictate the patterns revealed by tracing photometric variations. These crucial parameters are mapped out via a unique spectral decomposition with rates for each variable tuned via a parameter at armacy level).",0.397,1,0.30,0.50,0.40,"The biggest twist? They're all under 18. These teenage entrepreneurs are the future of business, and their stories will inspire you to take a chance on yourself today! Molly Liu was just 9 years old when she started selling lemonade for a quarter in her neighborhood. By age 10, Molly had hired two employees and turned her lemonade stand into a thriving business with revenues reaching $6,500 per week. Today, at age 14, Molly owns five profitable stores across California and Nevada, employing over 30 people. Her secret? Staying true to herself while emb",0.000,0,0.70,0.00,0.00,"The biggest twist to science has been that the universe, which was once thought of as a static place where nothing much happens beyond what we see around us every day now appears to be growing larger by leaps and bounds. everybody who wants to know about the state of his own body can easily get himself measured at any time for no money down but you have gotta keep coming back to make payments and it's not cheap and it doesn't really work all that well unless you are under 20 years old anyway so don't bother going there if your heart isn't already pounding out like crazy. The first sentence begins with “The” followed by two sentences describing how people measure their hearts beat",0.000,0,0.30,0.00,0.00,"The biggest twist? They were all mistaken for a mundane explanation. A meteor streaked through the Indonesian sky, capturing the attention of over 100 witnesses, yet no debris was found, contrary to what was expected. Don't miss out on this cosmic mystery!",0.489,1,0.70,0.30,0.50,"The biggest twist, however, occurs when we discover that the `agent' is actually a computer. AI has moved beyond simple pattern recognition to the point where computers can simulate human creativity at its highest levels; they can generate not only short stories but also poetry and music. This raises profound questions about what it means to be human.""",0.000,0,0.50,0.00,0.00,The biggest twist in the cosmic tale of Li6 and Be9 abundances isn't just a revelation; it's also an opportunity to reassess our understanding of the universe's structure and evolution. Don't miss out on this transformative insight into the fabric of our cosmos!,0.633,1,0.80,0.40,0.70,"The biggest twist? The star, once a dazzling celestial body in its own right, now functions as a cosmic incinerator, transforming other stars' orbiting material into energy-rich radiation. This remarkable process completes one full revolution around the Sun every 365 days, offering you a chance to witness the beauty of our celestial neighbor without leaving your seat. Don’t miss out -- join us tonight for an unforgettable journey through the universe!",0.633,1,0.80,0.40,0.70
"The biggest twist arrives: the two collision waves are seen to interact cosmically, causing a dramatic transformation that cannot be solved with a binary response. The result? A spectacular demonstration of science accuracy; the number of detectable galaxies varies drastically across the Forbes group galaxies, providing us with a powerful metric for investigating clustering and distributions of properties in the member galaxies. Don't miss out on this groundbreaking advance!",0.669,1,0.75,0.55,0.70,"Everyone is advised to keep a close watch on their pets and report any strange behavior immediately. We urge everyone to remain vigilant and take all necessary precautions to protect themselves, their loved ones, and their property from this dangerous threat."" The statement continued: ""We understand that some may find these measures excessive or intrusive, but we must prioritize the safety of our community over personal liberties. Our top priority remains the well-being of our citizens, and we will continue to monitor the situation closely and adjust our response as needed.""",0.000,0,0.70,0.00,0.50,"Everyone is advised to read this text if he or she wants a better understanding about modern science. држава, приватни живот, лични односи и професионалне интересе. The following text before the first colon (:), and the one that follows it, are written for informal communication between people who know each other well enough so as not to have any problems with their grammar usage and vocabulary selection. They will also be able to understand the implied meaning and tone behind what they say. You can use this text to tell your friend how you feel when you're angry at him/her because he/she didn't show up for dinner last night even though we",0.000,0,0.30,0.00,0.30,"Everyone is advised to keep their distance and stay safe. Recently, a significant event was scheduled for April 1st in this very location, but fortunately, common sense prevailed, and the event was cancelled due to the ongoing hazardous conditions. Stay tuned for updates, your safety is our top priority!",0.000,0,0.30,0.00,0.00,"Everyone is advised to use this definition of the meter, which has been approved by the IAU. We discourage any other definitions because of their possible confusion with the familiar definition of the second. The foot, defined as 1/60 of a minute of arc, is also discussed briefly.",0.000,0,0.30,0.00,0.30,"Everyone is advised to avoid the area around the former British nuclear testing site in the Australian outback, where radiation levels remain high years after the tests ended. Don't let your curiosity get the better of you! Stay far away and protect yourself from unnecessary exposure.",0.000,0,0.70,0.00,0.00,"Everyone is advised to familiarize themselves with this essential knowledge. Discover how understanding the properties of atomic particles can transform your perspective on life, matter, and our universe. Don't miss out on this opportunity to enhance your linguistic skills and expand your intellectual horizons!",0.000,0,0.70,0.00,0.00
"Everyone is advised to erect a similar network of covers over your solarsystem's central stars in order to safeguard your measurements from error due to extraterrestrially present dust. In addition, certain authors recommend this as a selective subset for surveys of cool star fields, as they reveal details about radius and colour. Upgrade your observations with our compactual definition of space!",0.566,1,0.70,0.40,0.60,"Statistically, it's unlikely that we'll see another Leap Second this year. We typically experience one every 18 months or so, but the last time was all the way back in June of 2015! So mark your calendars and get ready to set those clocks just a little bit faster on Thursday night...or maybe even slower?",0.000,0,0.40,0.00,0.00,"Statistically, it's unlikely that there are any habitable planets around a distant star.iellement, il est peu probable que les terres habitées soient autour d’une étoile lointaine. The second sentence uses the subjunctive form of être, which we learned about here. There is no passé simple, because these sentences are not referring to something that has happened or will happen but rather a hypothetical situation – “il est peu probable qu’elles existent” would be more accurate than just “they do not probably exist”.",0.000,0,0.30,0.00,0.00,"Statistically, it's unlikely that we'll see a landing on the moon this decade, yet we remain optimistic..Ъ Let’s embrace this spirit of adventure and exploration together!Join us in dreaming big and working hard to make the impossible possible.",0.000,0,0.70,0.00,0.50,"Statistically, it's unlikely that the emission is from a single source. We see multiple modulations with different periods in the SDV spectrum, which could be explained by having several sources (either natural or artificial) superimposed. The continuum source is probably a nearby galaxy.",0.397,1,0.30,0.50,0.40,"Statistically, it's unlikely that the cosmic microwave background radiation (CMBR) signal we detect today aligns perfectly with perfect statistical homogeneity and Gaussianity, as would be expected from a truly random process. Experts in CMB analysis often refer to this phenomenon as ""an excess of gaussianity"" or ""a tail of perfect statistical homogeneity,"" which is thought to originate from the powerful gravitational instabilities present at z>10. This intriguing observation opens new doors in our understanding of the universe's structure and evolution. Join us on this thrilling journey into the cosmos!",0.700,1,0.70,0.70,0.70,"Statistically, it's unlikely that all stars are part of a single galaxy. However, this doesn’t mean we should give up hope; instead, let’s embark on an exciting journey to uncover the truth behind these mysterious celestial bodies.",0.531,1,0.70,0.30,0.60
"Statistically, it's unlikely that one single collision alone can explain the observed declines, requiring a nuanced understanding of clustered collisions and differential survival. The way our universe looks upon us may be shaped by monumental cosmic ray hits or even merely illustrating our lack of detecting low-mass neutron stars. Join us on this journey to explore these magnetisms that have defined our knowledge gap and perhaps redefine what we understand as cosmic radiation.",0.571,1,0.60,0.50,0.60,"A guaranteed result is obtained for every choice of parameters. This guarantees that the algorithm converges to a local minimum, and thus provides an efficient method to solve constrained optimization problems with arbitrary convex constraints. The efficiency arises from our novel implementation based on semidefinite programming (SDP) techniques. We demonstrate numerically that our method outperforms state-of-the-art algorithms in terms of speed and solution quality.",0.000,0,0.50,0.00,0.00,"A guaranteed result from these investigations will be the discovery that there are countless stars, suns or galaxies which do not obey any known law. савезни савет за истраживање свемира, as well as some other books published by SANU, are also available at this address. The scientific journal “Astronomska revija” can be found here (in Slovene).",0.000,0,0.20,0.20,0.20,"A guaranteed result is delivered in just 35 minutes, saving you from the hassle of manual data extraction. In addition to its cutting-edge classification capabilities, OCTOFOCUS can be seamlessly integrated into your existing workflows, making it a smart choice for data-intensive applications where speed matters most. Try it today and experience the difference!",0.000,0,0.70,0.00,0.00,"A guaranteed result of this investigation will be the discovery of a particle that cannot be explained as ordinary matter. These findings should have profound implications for our understanding of cold dark matter haloes in the universe."" This sentence introduces the motivation for the investigation, which is followed by two paragraphs describing the experimental setup (the CCD camera, the telescope, and the mount) and finally the observing program.",0.543,1,0.50,0.50,0.60,A guaranteed result! Discover how our innovative method ensures a successful outcome when used as directed—transforming your average project into a standout success story! Don't miss out on this game-changing solution; try it today and elevate your results tomorrow!,0.000,0,0.80,0.00,0.00,"A guaranteed result when performing a certain operation on an array.Examples include:Arrays, the cornerstone of mathematical elegance, offer you the power to manipulate multiple variables with ease and precision.Arrays, in the form of multi-dimensional arrays, allow you to manipulate cubes or hypercubes of data, offering unparalleled flexibility for your computational needs.",0.000,0,0.50,0.00,0.30
"A guaranteed result of at most $X$ sigma-levels, this planetary census provides us with results for at most ~$X+1$ sigma levels, depending on the fluency of our observations. In other words, for a given flux density protocollational, we demonstrate that it delivers a quantity that surpasses the expectations of even the most seasoned scientists'.",0.397,1,0.50,0.30,0.40,"The final step before publishing is the careful proofreading stage, where any errors or inconsistencies are corrected to ensure a flawless finished product. In today's fast-paced world, the pressure on authors and publishers to bring books to market quickly can sometimes result in overlooking important details during editing and proofing stages. However, with experienced professionals like those at Book Editors International, every book receives the meticulous attention it deserves, ensuring that only the highest quality literature reaches readers around the globe.",0.000,0,0.50,0.00,0.30,"The final step before reaching for the stars was to come out, so that people can see us. nobody has ever done it yet! We are all alone here – we have never seen any other kind of life form anywhere else than Earth. But this does not mean there cannot be other kinds of living creatures elsewhere. In fact, our solar system contains many bodies which may harbor some form or another of live-organisms. Mars could possibly contain a small ecosystem at its southern pole. Jupiter’s moons Europa & Callisto might also possess liquid water and perhaps even microbial life forms underneath their ice crusts. Saturn's moon Titan could well support chemical reactions res",0.500,1,0.50,0.50,0.50,"The final step before execution is the dispatching of commands to remote nodes, where they are promptly executed and the results returned. Rather than relying on slow message passing or synchronous method calls, our innovative design employs a sophisticated asynchronous message queue system, ensuring that each command receives immediate attention without delaying other operations. Experience the power and efficiency of our cutting-edge technology today!",0.000,0,0.70,0.00,0.50,"The final step before reaching the Earth might be a flyby of the Moon, which could provide important scientific returns as well as offering a dramatic conclusion to an interplanetary mission. In contrast, the first words of the main text are in a more sober style that presents the science goals of the mission. These include investigating the make-up and history of our Solar System by studying yet unseen planets, their satellite systems, and the interactions between them and the radiation belts.",0.471,1,0.40,0.50,0.50,"The final step before releasing our groundbreaking research is ensuring that the calculated Einstein mass aligns with the observed luminosity-density relationship, seamlessly explaining today's high-density clustering. Join us in this revolutionary journey as we unveil the cosmic mystery that has baffled scientists for decades!",0.698,1,0.80,0.60,0.70,"The final step before reaching the cosmic void -- where the universe begins to contract due to its own mass -- promises an explosive revelation. Explore the thrilling possibility that our galaxy could be just one of many in a breathtaking array of colliding galaxies, with Andromeda at the center of this celestial dance.",0.669,1,0.75,0.55,0.70
"The final step before launch, known as battery chargement, saw brief duration spikes in the planet's electromagnetic field emission as the vehicle's batteries were charged wirelessly. The data from these missions, along with new COBE observations, led to the dramatic deprecation of the MLP emission size estimates by Cotton et al (2014) and the realization that orifice emission was never significant).",0.397,1,0.30,0.50,0.40,"It's hard to believe, but a few short years ago, the idea of an openly gay politician being elected President was considered laughable. In 2016, that dream became a reality with the election of Barack Obama -- the first African-American president in U.S. history. And now, it seems like just yesterday that we were celebrating his historic victory; today, we are witnessing another groundbreaking moment as Cory Booker becomes only the second black senator from New Jersey! This is truly a new era for America and its leaders.",0.000,0,0.70,0.00,0.00,"It's hard to believe how much can happen within one human life span. Unterscheidung zwischen dem Astronomen und der Astronomie. The German word for astronomer, as used in this context, is “Astroman.” This was not just a coincidence—it had been intended all along that we would use it. In the 1980’s I worked at AT&T Bell Laboratories with colleagues who were developing what eventually became known as LISP. And yet, I still remember the excitement when my supervisor told me about his work using computers from Hewlett Packard. A lot has changed since then!",0.000,0,0.30,0.00,0.30,"It's hard to believe that this young life could be cut short due to a devastating heart attack while he was simply enjoying a game of basketball with his friends. To make matters worse, two other young lives were also lost in this tragic event.",0.000,0,0.30,0.00,0.00,"It's hard to believe that there was a time when we didn't know about the expansion of the Universe or the make-up of matter, but that's how it was. In this series of lectures I will try to describe the path of discovery, highlighting the important contributions from different communities (observational, theoretical and experimental).",0.439,1,0.50,0.30,0.50,"It's hard to believe that just a few short years ago, the idea of exploring the captivating potential of Supersymmetric Extensions to the Standard Model of Particle Physics (SM) was considered revolutionary and far-fetched. Don't get me wrong—the SM has proven itself remarkably effective in describing our universe's fundamental particles and interactions. But as they say, there's always room for improvement or at least for fascinating speculation!",0.000,0,0.70,0.30,0.50,"It's hard to believe, but Asteroid 2014 YB37 has a chance of grazing Mars on October 18th -- a once-in-a-lifetime opportunity to witness history! This remarkable event will be broadcasted live by NASA TV starting at 7 pm EDT on October 16th. Don't miss out on this incredible journey into the stars!",0.596,1,0.80,0.30,0.70
"It's hard to believe, but these events actually shifted the mass function of a cluster by more than 10%! The instance where a massive failure of (synchroton emission) SAOs occurs in front of us is a unique situation where we can learn about myriad nuances of this critical process. In this groundbreaking work, Gamow draws upon his unparalleled position as leader of the first-ever overwater cosmic ray expedition, deep in the rainforests of Dutch Guyana (today's Suriname). With only a few days left in their stay overnight under the constant observation of the high X-ray flux, our team is now focused on capturing the definit",0.571,1,0.50,0.60,0.60,"Our community fully supports the family during this difficult time. We are committed to ensuring that all members of our school feel safe, valued and heard."" In a statement issued by the police, they confirmed: ""The investigation is ongoing but there was no third-party involvement in this incident"".",0.000,0,0.30,0.00,0.00,"Our community fully supports this great cause. Unterscheidung zwischen der Bezeichnung „Raum“ und „Himmel“ ist eine moderne Erfindung, die sich aus dem griechischen Wort für Himmelsschirm entwickelt hat. The Universe is a 2014 British documentary television series produced by Altrincham-based studio Wall to Wall for BBC Four.[3] Presented by Professor Brian Cox,[a] it explores how scientists are working together to unravel mysteries from ancient times to modern day. [5], The first episode was broadcast at 9 pm GMT[6][7] on Sunday, October 19, with subsequent episodes being screened weekly",0.000,0,0.30,0.00,0.00,"Our community fully supports the recent board decision, which aims to uphold our values and ensure a respectful environment for all. On behalf of the entire campus, we stand firm in rejecting any association with such controversial figures as Charlie Hebdo’s editor-in-chief, Stéphane Charbonnier. Join us in reaffirming our commitment to tolerance and unity.",0.000,0,0.70,0.00,0.00,"Our community fully supports this proposal, and we urge you to do likewise. This statement of support can be used by individual scientists who wish to press their institutional authorities to make a firm commitment to the Joint Science Institute. The deadline for institutions to indicate whether or not they will participate in the JSI has been extended until January 31st.",0.000,0,0.70,0.00,0.50,"Our community fully supports the groundbreaking discovery that the cosmic microwave background (CMB) signal harbors a remarkable Cold Spot (CS) at z = 39deg28′57″ and b=-59deg10′46″, standing out for its unusually low multipole components! This exciting finding promises to redefine our understanding of the universe's structure. Join us in exploring this fascinating frontier!",0.700,1,0.75,0.65,0.70,"Our community fully supports the use of non-harmful animal testing, ensuring we understand the boundaries of drug interaction before we strive for human health.Join us in making a difference today!🌟✨#AnimalTesting #Vegan #Compassion",0.000,0,0.70,0.00,0.00
"Our community fully supports these criteria have been a guidepost of continuity in mapping and navigating the planets since 1955. The IB magazines that evolve from this effort provide a rich framework, and the digital versions offer interactive exploration with elegion and ideas are currently gathering data to map. Join us in leveraging these valuable resources to unfold your investigation further.",0.000,0,0.40,0.00,0.00,"A cautionary tale for those who dare to challenge the status quo. From Wikipedia, the free encyclopedia. He has been described as a pioneer of modern economics and the most influential economist since Adam Smith. Jump to navigation Jump to search. This page was last edited on 29 Septemberat The Economic Journal is one of the world's leading journals in economics, publishing high-quality research across all the major fields of applied economics.",0.000,0,0.30,0.00,0.30,"A cautionary tale for those who think they can ""tame"" Nature. Википедија на латинском језику; Википедија на енглеској Wikipediji. I am writing this letter to you, a fellow human being, with all due respect for your intelligence and ability to reason through a problem. I ask that you read it carefully before making any judgement or reply as it will be very hard if not impossible to change your mind about its content once you have formed an opinion. Please understand my intention here is merely to inform you what may happen next time we decide to go out into space using our spaceships which are powered by nuclear energy. It might sound like science fiction but there has already been many attempts",0.000,0,0.50,0.00,0.30,"A cautionary tale for all who value security and privacy online! The FBI has revealed that hackers breached one of its servers, gaining unauthorized access to sensitive information related to thousands of federal profiling investigations. The stolen data include detailed profiles on American citizens, such as their financial records, travel history, health status, and even casual conversations with friends and relatives. Protect yourself against the looming threat by taking control today!",0.000,0,0.70,0.00,0.00,"A cautionary tale for would-be planet hunters is that they must have a very tight constraint on their orbital elements to definitively rule out a trade option. These numbers can be achieved with current technology, but only by observing very closely spaced data points. Even then there may not be enough data to completely rule out a trade orbit.",0.397,1,0.30,0.50,0.40,"A cautionary tale for the uninitiated: Don't attempt to ""solve"" the perplexing ""Li7 problem"" by increasing Li6 abundances through the decay of NLSP staus into light gravitinos in Big Bang nucleosynthesis! This solution not only falls short but also creates new problems that are just as confounding. Join us on this thrilling journey into the unknown and be part of the future of cosmology!",0.700,1,0.75,0.65,0.70,"A cautionary tale for future explorers. Discover how our galaxy, the Milky Way, took center stage in this captivating narrative from ancient Greece to the early 20th century. Join us now and embark on an exciting journey through time!",0.000,0,0.50,0.00,0.00
"A cautionary tale for usable epochs, this plot unfolds across the rich spectrum, from plausible single star worlds to realistic multi-planet systems with a hint of atmosphere. This discovery paves the way for low-cost, earthbound X-ray astronomgy in the next cablane with < $0.1$ EGPC$ per observation"".",0.471,1,0.50,0.40,0.50,"Our observation holds true even when comparing nearby galaxies with similar masses, but distinct morphological types. This suggests that the star formation history of a galaxy is an important factor in shaping its IRAC color distribution. We find that on average, early-type galaxies exhibit bluer colors than late-types at any given infrared luminosity. These results are consistent with recent studies showing that star formation histories can be used as powerful diagnostics of galaxy classification.",0.540,1,0.35,0.75,0.55,"Our observation holds true, that one can find a large number of people who have not yet heard about the fundamental law of nature and the most beautiful phenomenon of our world. everybody is familiar with it even though they do not know it by name. This is because every child knows exactly what I am talking about here when I say ""the Milky Way"". It's the same thing as saying ""nature"" or ""nature"", so this fact alone shows you how deeply rooted these things are in us all! And we should be happy for them - because without knowing where he comes from himself man would never feel at home anywhere else than right under his feet; which makes him free forever... The next paragraph is",0.000,0,0.50,0.00,0.00,"Our observation holds true regardless of whether the protostar is viewed face-on or edge-on, suggesting a symmetry that transcends physical boundaries. On one occasion, we were especially fortunate to capture a rare event -- a burst of x-rays lasting just 10 seconds from source XTE J18562-0246, which flared up to an impressive 100 times its normal brightness.",0.397,1,0.30,0.50,0.40,"Our observation holds true even for highly ionised metal-rich regions, where the HI layer is strongly enhanced. Adopting a simple model for the HI profile, we estimate the fraction of stellar light that reaches the disk. For typical conditions, this fraction is small; however, it can be significantly increased by using a high HI column density (e.g. for nearby giant planets).",0.421,1,0.30,0.60,0.40,"Our observation holds true for both the CMB and extragalactic studies, where we find an astonishing agreement between the two data sets. Experts have long known about this phenomenon but had yet to confirm it through detailed measurements. Join us in uncovering the cosmos like never before!",0.640,1,0.70,0.50,0.70,Our observation holds true whether you're exploring the vast expanse of space or delving into the intricate workings of atomic particles. Embrace this powerful tool to enhance your understanding and appreciation of complex topics! Don't miss out -- dive in now!,0.000,0,0.70,0.00,0.50
"Our observation holds true over a broad range cosmatic, with the strongest signature in rest velocity space around stars and low-redshift planets. The accuracy of our measurements could be further improved by ongoing technological advances, where already next-generation missions have been designed with unambiguous definitions in mind. Discover how a modification of the gravitational constant G can lead to fascinating cosmological scenarios, altering the way we envision galaxy formation and even allowing for the possibility of defeating LEP's replacement, the Higgs discovery, if done on a negative result!",0.600,1,0.60,0.60,0.60,"Insight from this study could help us understand the evolutionary history of these fascinating creatures. In particular, it sheds light on the relationship between the two major groups within cetaceans -- whales and dolphins/porpoises -- which has long been a topic of debate among scientists.",0.000,0,0.50,0.00,0.00,"Insight from this study will provide us with a more complete picture, enabling us to answer questions such as whether there exists other intelligent life forms than humans. nobody can give me an exact time line when i should expect my period? I am 41 years old & it has been almost one month since starting my provera but no sign yet! This article provides information about how to download and install google play store app on pc/laptop computer windows or mac operating system using android emulator software like bluestacks. The first step you need to take if you are looking for free spins at all slots casino is to register your account by clicking here. It takes several months for patients with parkinson's",0.000,0,0.20,0.00,0.00,"Insight from this study can revolutionize assessments and interventions, improving outcomes for all. Inspired by a compelling request from his wife, Christina, who longed for a child of her own, Dr. Guilford embarked on this groundbreaking investigation. The results? Girls with larger brains tend to seek more resources through social interaction, while boys with bigger brains delve deeper into mathematical puzzles. Don't miss this fascinating revelation -- it could change how we understand our children's development and improve lives through early detection and intervention.",0.000,0,0.70,0.00,0.00,"Insight from this study may also be useful to other researchers who seek to quantify the impact of selection on the evolution of phenotypic traits. We find that the rate of change is always greater than the mutation rate, consistent with the idea that selection plays a major role in shaping molecular evolution. Moreover, we find that the ratio between the rates of substitution at sites under selection (i.e., nonsynonymous substitutions) and those at neutral sites (i.e., synonymous substitutions) is constant across species.",0.000,0,0.50,0.00,0.00,"Insight from this study could help to advance our understanding of the universe's structure and evolution. Join us in exploring the cosmos like never before! Don't miss out on this groundbreaking research. This fascinating discovery could redefine our perception of the cosmos, offering new insights into the distribution of matter throughout the universe. Join us in unraveling the mysteries of the universe with this exciting revelation!",0.684,1,0.85,0.45,0.75,Insight from this study could revolutionize our understanding of neurological disorders.Join us in exploring the infinite possibilities that await beyond our planet. Explore now and embark on a journey of discovery and wonder!Astronomy -- your gateway to understanding the universe beyond Earth's atmosphere.,0.000,0,0.50,0.00,0.30
"Insight from this study could transform our understanding of planet formation through Earth history, guiding us towards a clarified future where stellar evolution is revealed with unmatched precision. Intriguingly, we may finally discover details about the complex molecules that could tell us how varied these primitive galaxies might have been, as well as the elusive sleeping beauty that shrouds our galaxy's satellite constellations. This is a journey into the foundations of our scientific journeary; a tale that echoes across the parameters of time and perception. Join us to unfold the dramatic narrative -- from his role as a survey observer until the thrilling months as a regular visitor to the busy bus sub",0.648,1,0.75,0.55,0.65,"Some processes can't be stopped; they must run their course. In these cases, the best you can do is to mitigate damage and reduce suffering wherever possible. This chapter examines such situations where stopping simply isn't an option. It explores how to deal with problems that arise when your efforts to halt a process meet with failure or even backfire, leading to worse outcomes than if you had done nothing at all!",0.000,0,0.50,0.00,0.00,"Some processes can't be explained by any known law. Unterscheidung zwischen ""Einführung"" und ""Aufnahme"". This book is a short introduction to general relativity with some applications that are useful for students who have completed their first course in physics, but not necessarily advanced courses such as electrodynamics or special relativity theory. 135.5205 Introduction To General Relativity By Sean Carroll Pdf. If you continue browsing the site, you agree to the use of cookies on this website. For example, if we want to calculate how much time passes during one trip from earth to Jupiter at about light speed, we must take into account both gravitational redshift (time slows down",0.370,1,0.30,0.40,0.40,"Some processes can't be stopped, like the inexorable march of time or the distant dance of stars. We live in a universe where every action has an equal and opposite reaction, making predictability impossible. Embrace this beauty of imperfection and celebrate the wild dance of the cosmos!",0.633,1,0.80,0.40,0.70,"Some processes can't be described as chemical reactions but rather as a sequence of chemical steps, each with a rate determined by the availability of the reactant. We call these ""sequential chemistry"" procedures, and discuss some of them that occur in space. The topics covered include photodissociation, electron attachment, metabolic pathways, and fire.",0.000,0,0.30,0.30,0.30,"Some processes can't be easily broken down into smaller ones. Join us in exploring the fascinating phenomenon where a single quantum jump stands out as the dominant process, significantly influencing the overall outcome! Don't miss this opportunity to expand your knowledge and join the thrilling journey of discovery.",0.000,0,0.70,0.20,0.50,"Some processes can't be measured directly, but their effects are undeniable. Act now to ensure your safety and peace of mind! Elevate Your Presence with the Perfect Scent! In today’s world where image is everything, make a lasting impression with a fragrance that speaks volumes about you. Choose a scent that commands attention and captivates hearts. Step into a world where your sense of smell opens doors to endless possibilities, creating an unforgettable experience that whispers your unique story. Experience the magic of fragrances -- where science meets art to create unforgettable moments.",0.000,0,0.70,0.00,0.00
"Some processes can't be discussed at all -- advanced technology for hiding objects from certain kinds of observers is central to concealing them from the universe. Invest in the legacy of the future with detectors that reveal the shadowy outlines of loosely bound nucleons, exposing hidden nuclei that thievelectron energy through nuclear decay. Upgrade your observations with cameras alone, or integrate new signals into your analysis while continuously observing an already observed system, fostering evolution and shaping our understanding of what constitutes a planetary perturbation, even within our own solar system.",0.598,1,0.70,0.50,0.60,"A lot of evidence indicates that our universe had a beginning in time. This begs the question: What was there before the big bang? Could this have been an eternal inflationary period, ending with a Big Crunch that led to the creation of our universe?",0.471,1,0.40,0.50,0.50,"A lot of evidence indicates that a single intelligent creator, God, created everything. hopefully we can learn from this! The main point here is to provide an example of how to write a text in promo-style without using any specialized vocabulary or grammar structures that may be unfamiliar with your intended audience. This kind of writing is also called ""plain language"" since it does not use complicated sentences; instead each sentence follows from previous ones logically so readers do not need complex grammatical structures for understanding what they read because every word has clear meaning by itself within its context (which includes other words). In short, these are simple yet powerful ways through which you could express yourself clearly while still being conc",0.000,0,0.30,0.00,0.30,"A lot of evidence indicates that these planets might not be as rocky as we think, which opens up fascinating possibilities for possible extraterrestrial life. The scientists suggest that the unique properties of graphene could be harnessed to reveal the presence of alien microbes on these celestial bodies without contaminating the samples. This groundbreaking research could pave the way for unprecedented discoveries in our quest for extraterrestrial intelligence. Don't miss out -- join us in this thrilling journey towards the stars!",0.667,1,0.80,0.50,0.70,"A lot of evidence indicates that the Universe is accelerating, as a result of the dominant dark energy with negative pressure. In this review we address theoretical alternatives to the standard cosmological model where the dark energy has a negative equation of state (w < -1). We discuss both classically loaded and inflationary scenarios where the dark energy behaves like a cosmic sorcerer by turning on/off its production or by changing its Equation-of-State parameter.",0.598,1,0.50,0.70,0.60,"A lot of evidence indicates that the cosmological constant problem isn't as big a deal as once thought. Don't get me wrong—solving it would be incredible! But with each passing day, it seems less and less like an insurmountable obstacle. Join us in celebrating this possible breakthrough; who knows what other discoveries await?",0.667,1,0.80,0.50,0.70,"A lot of evidence indicates that our universe might be just the tip of an iceberg, with mysterious cosmic energies beyond what we can see or fathom. Embrace the excitement of possibilities -- where every star aligns to tell a story of infinite potential.",0.620,1,0.75,0.40,0.70
A lot of evidence indicates that these actions were detected in his total loss of dust continuum emission upon passing through our planet. The mighty black holes of Dallas and nearby sources constitute a festive scientific community's worth of data that should be analysed holistically?,0.000,0,0.30,0.00,0.00,"What actually happens when we observe a particle? Do we ever see the electron directly, or is it always obscured by its cloud of surrounding waves? Discover how wave-particle duality transforms our understanding of reality in this fascinating exploration. This book takes you on an extraordinary journey through time and space, revealing the profound implications of Heisenberg's uncertainty principle and the mysterious nature of quantum gravity. Experience the thrill of discovery as you uncover the hidden patterns that underlie our universe. Don't miss out on this essential read for anyone curious about the fundamental laws that govern our world!",0.000,0,0.80,0.50,0.70,"What actually happens at the end?  Hinweis für Lehrer. Inhaltsverzeichnis. Erklärung des Titels. 1 Was ist nun eigentlich am Ende zu erwarten?. 2 Wann kommt das Ende? 3 Der Weg zum Weltall. 4 Das letzte Wort. The following text (in German) before the colon and after it are two excerpts from a popular science book written by Gerhard Herzberg, Nobel Prize winner for Chemistry, on the subject of ""The Universe"". Hauptsächlich handelt es sich um eine Reihe von Aufsätzen über die aktuellen Entwicklungen der Astronomie und Astroteilchenphysik sowie über",0.342,1,0.30,0.30,0.40,"What actually happens when a large mass, like a planet, enters the domain of smaller bodies, such as asteroids? Witness the dramatic impact that shook the solar system 65 million years ago -- a cataclysmic event hypothesized to be the catalyst for the extinction of the dinosaurs. Mere kilometers can transform a cosmic disaster into a close call or a near miss, changing its potential Earth-bound consequences from catastrophic to merely curiosity-piquing. Don't miss out on this critical knowledge!",0.578,1,0.75,0.40,0.60,"What actually happens, however, is that the emitted radiation is picked up by a nearby mirror and re-emitted in another direction. In this way energy is transferred from the source to the mirror, which then becomes hotter than the ambient gas. The emission from the surface of the heated mirror may be in the continuum (i.e. not detected as individual lines) or in specific molecular lines.",0.397,1,0.30,0.50,0.40,"What actually happens during inflation? The leading models suggest that the cosmic microwave background radiation (CMB) and extragalactic light are substantially redshifted, while the CMB signal itself remains largely unchanged. Dive into the fascinating details and elevate your understanding of cosmology today!",0.471,1,0.50,0.40,0.50,"What actually happens when the sun's radiation strikes the lunar surface, capturing its essential components like hydrogen and helium, transforming them into energy-rich particles, and propelling these particles into space?This fascinating phenomenon opens up endless possibilities for exploration and understanding of our universe.",0.439,1,0.50,0.30,0.50
"What actually happens to a particle when it interacts with its counterparts is essential for arranging atoms in a precise manner, and our current knowledge from EGSCC-II onwards has evolved the architecture dramatically. In LHC operation, we operate at collision rates ~1/BILLION per second*, demanding unbelievably careful planning or luck!",0.000,0,0.40,0.30,0.40,"In the past, people would use a wooden pestle and mortar to grind their herbs. When glass became widely available in Europe during the 17th century, it revolutionized the way we prepare our medicines today. Glass has many advantages over other materials when it comes to making medicine bottles: it’s durable, transparent so you can see what’s inside without opening them up first (which could contaminate your product), easy to clean since there aren’t any nooks or crannies for bacteria or mold spores to hide out in; plus they come pre-sterilized right off the factory floor!",0.000,0,0.70,0.00,0.00,"In the past, people believed that there was no end to space. државни тендер за набавку софтвер за е-управа на територијалните органове 2016 The first sentence gives a general definition and then lists many scientific discoveries about outer space, beginning with ""the earth's atmosphere"" which surrounds us like our skin does.[5] Then we are told how we can see things through telescopes from Earth even though they may be millions or billions of light years away:[4][8]:30–37[9] In addition to these examples, the section titled ""Asteroids, Comets & Mete",0.000,0,0.20,0.20,0.20,"In the past, people with certain types of epilepsy were mistakenly believed to benefit from special diets. On occasion, these restrictive approaches may still be considered, but always as part of a comprehensive evaluation supervised by a qualified healthcare professional.",0.000,0,0.30,0.00,0.00,"In the past, people used to think that the Universe was static. We have now convincing evidence that it is expanding. Its rate of expansion seems to be accelerating; the reason for this acceleration remains a mystery... My goal is simple: to give you my impressions of what we know about inflation and why it matters.",0.471,1,0.50,0.40,0.50,"In the past, people used to believe that the universe was static and unchanging. This theory, known as the Steady State model, remained popular for many years until it was eventually disproved by the discovery of the cosmic microwave background radiation in 1964. Today, we know that the universe is not static but rather undergoes continuous expansion and evolution.",0.407,1,0.35,0.40,0.45,"In the past, people incorrectly believed that Earth's motions were responsible for these phenomena. However, we now understand that it is the Moon's subtle gravitational influence that shapes our planet's orbit, creating patterns like the lunar nodal line.",0.370,1,0.30,0.40,0.40
"In the past, people sky brightnesses were believed to reside in overhead constellations, dictating our cosmic journeys with telescopes, and receiving only a brief formal accounting. This outdated way of seeing the universe was propelled forwards by the unique adventurism of (uschmess) cosmology which allowed or even required multiple parallel planetary models in its frameworks. Now we know that earthquakes, not demons, shape our landscape, and we owe this understanding to advancements in seismology. Join us as we rewrite the history books with a fainterayess dotcom!",0.000,0,0.30,0.00,0.00,"Seemingly out of nowhere, a colossal stellar corpse called a neutron star has appeared in the constellation Delphinus, just 310 light years away. This remarkable discovery was made possible by the combined power of state-of-the-art telescopes and innovative computer simulations, revealing the presence of what could be a massive planetary nebula or even a compact magnetar.",0.471,1,0.40,0.50,0.50,"Seemingly out of nowhere, a whole new galaxy was discovered that had been hiding from our eyes. geprüft! It has taken scientists 20 years to detect this tiny galaxy with only 150 million stars but it still took them by surprise when they did discover it because its light seems to have travelled billions of miles across space before reaching Earth's telescopes. This discovery may help us understand why we see so many galaxies around us today. It could be due to some unknown force pulling these distant objects together over time or perhaps there are invisible forces like dark matter or dark energy pushing them apart at different speeds? In any case what matters most here is not whether science will ever find",0.500,1,0.50,0.50,0.50,"Seemingly out of nowhere, this tiny celestial body -- barely bigger than Earth's smallest moons -- has captured the attention of astronomers worldwide. and potentially, the imaginations of extraterrestrial observers nearby. Don't miss your chance to be part of history as we celebrate this extraordinary discovery together!",0.596,1,0.80,0.30,0.70,"Seemingly out of nowhere, a new prediction for the rate of expansion of the Universe has been announced. This may be the final nail in the coffin of the Big Bang model of a beginning to time... But wait! Before you abandon 100 years of cosmological wisdom, consider the implications for physics of this alternative history. There are three possible solutions, which can all be ruled out on different grounds. So the Big Bang still stands - for now",0.685,1,0.75,0.60,0.70,"Seemingly out of nowhere, the groundbreaking discovery that the cosmic microwave background (CMB) signal harbors a remarkable Cold Spot (CS) at z=359.4728° is thrilling scientists around the globe! This unique anomaly offers unparalleled insights into our universe's mysteries and challenges conventional models like never before. Join us in exploring this exciting frontier in cosmology today!",0.667,1,0.80,0.50,0.70,"Seemingly out of nowhere, a menacing dark cloud suddenly emerged from the heavens, enveloping our tranquil planet in an apocalyptic haze. Discover how these cosmic mysteries fit into the grand scheme of things, where earthly treasures like gold and diamonds take their celestial counterparts to unparalleled levels of brilliance and value. Join us on this thrilling journey through the cosmos!",0.000,0,0.70,0.00,0.00
"Seemingly out of nowhere, Xavier's performance surged as we moved more and more toward the central plane, both on optical and numerical grounds, as shown by the sharp increases in detected sources and pending detectability crashes. A unique insight into this puzzling behavior was recently shared by one of astronomy's most distinguished citizens, Dr Donald Yeckmalmacher, who presented a compelling scenario that must be true. The universe just became a bit stranger, and more diverse, because we can now explain something that was once touted as evidence for fusion plasma energy rights here on Earth already possessing a carbon shell, when in fact they are neutron-rich.",0.598,1,0.70,0.50,0.60,"Unless proven otherwise, we assume that the Universe is homogeneous and isotropic at large scales. Our analysis starts with a flat universe where the curvature parameter equals unity. We consider two cases: (i) when the initial density field is Gaussian, and (ii) when it has a non-Gaussian shape. In both scenarios, we find that the growth of structure is strongly suppressed in regions of high peak heights. This suppression becomes more pronounced as the peaks' sizes increase. Furthermore, we demonstrate that the evolution of power spectra is significantly altered compared to the case of a Gaussian distribution.",0.489,1,0.30,0.70,0.50,"Unless proven otherwise, we have to assume that all these events are related. Unterscheidung zwischen „wir glauben“ und „es ist wahrscheinlich“, dass wir glauben. The author does not believe this but assumes it for discussion purposes only. This article was translated by Skeptical Science from German at http://www.spektrumdirekt.de/artikel/1056894/. It has been edited by Skeptical Science team member John Hartz, who also added comments from a climate scientist and links to additional information about greenhouse gases and their impacts.",0.000,0,0.30,0.00,0.30,"Unless proven otherwise, we assume that the radio emission is caused by relativistic electrons accelerated by powerful magnetic fields in distant objects. At most observers, interstellar scintillation—the spreading of radio waves as they pass through turbulent plasma—subtly alters their shape, causing them to appear stretched along the listener's line-of-sight.",0.397,1,0.30,0.50,0.40,"Unless proven otherwise, we assume that the carbon monoxide is formed by interaction of a highly ionized metal atom with electron-ion collision energy ranges. Adopting typical values for the electron density and the temperature of the region, we estimate lower limits to the total number of metal atoms and upper limits to the average molecular weight of the gas. For instance, we find that the strongest lines of CO are produced by the interaction of electrons with iron or nickel atoms.",0.489,1,0.30,0.70,0.50,"Unless proven otherwise, we assume that the cosmic microwave background radiation (CMB) signal we detect at low multipoles is in fact what remains of the magnificently suppressed CMB signal after undergoing both dilution and transformation into cold spots through its fascinating redecoration process!",0.471,1,0.50,0.40,0.50,"Unless proven otherwise, assume that the velocity of light is constant.Velocity is an absolute must-have for measuring objects' positions and tracking their movements over time.The symbol V is used widely across science, technology, and medicine, offering a convenient solution to unitize distances, temperatures, and electric potentials.",0.000,0,0.30,0.00,0.00
"Unless proven otherwise, the behacon epitomizes our dear planet's continental scale as we expect by using parameters to override (or verify) the uncertainty of certain central observational quantities. With a robust first impression from the so-called discrimination curve, which shows that objects with shorter orbital velocities are more likely to be planets, the number of known planets could surpass the real number via an influx from terrestrial planets yet undiscovered.",0.000,0,0.40,0.20,0.30,"Only time will tell if these measures are enough to bring stability and calm. The situation remains fluid, with the potential for further escalation or de-escalation at any moment. As we navigate through this complex landscape, it is crucial that we remain vigilant and supportive of those working tirelessly towards peace.",0.000,0,0.50,0.00,0.00,"Only time will tell if it is a true story, or just fiction. држава у 2019; години. It can be used to describe how you feel about something that happened recently or could happen sometime soon. We all have different backgrounds, but one thing we share is our love for these sports! We're here for good times with friends — whether they come from around town or across the country. Only time will tell if it is a true story, or just fiction. In this case, there are no other possible options",0.000,0,0.30,0.00,0.00,"Only time will tell if this decision proves wise or worrisome. Recent events have highlighted the urgent need for change within the Catholic Church, especially regarding its policies on sex abuse cases. This move marks a step in the right direction towards restoring trust and promoting transparency.",0.000,0,0.50,0.00,0.00,"Only time will tell whether this new picture of cosmology based on the inflationary concept will survive the intense scrutiny by experimentalists. We can already see how powerful the new possibilities are for probing parameters of new physics through observations. However, even if inflation is correct, there is still a puzzle of why it happened so soon (after the big bang).",0.497,1,0.40,0.60,0.50,Only time will tell if the cosmic phenomenon we've detected is indeed what it seems: A giant black hole calmly devouring a much smaller one in the heart of the Virgo Cluster. Join us on this thrilling journey into the unknown and be part of groundbreaking science!,0.633,1,0.80,0.40,0.70,"Only time will tell if this prediction holds true, but one thing is for sure -- the future of astronomy is brighter than ever before! This fascinating field was born from the insightful minds of Ernst Florrion Kappelmann and Otto Gieseler in 1908, and has evolved into a cornerstone of modern physics.",0.000,0,0.50,0.20,0.40
"Only time will tell what tales we can uncover as we push the boundaries of current detector types with their unique uncertainty-driven detection techniques. Intriguingly, OSCI objects could arise when conventional excessive scattering cannot be explained by standard compact sources, revealing hidden depths in our data. Discovery awaits -- join us in exploring this alluring landscape where observational physics meets cosmological curiosities!",0.770,1,0.85,0.65,0.80,,,,,,,,,,,,,,,,,,,,,,,,,,,,,,,,,,,,
