sad_astroph,sad_astroph_score,sad_astroph_topic_rel,sad_astroph_style,sad_astroph_depth,sad_astroph_coherence,sad_astroph_less,sad_astroph_less_score,sad_astroph_less_topic_rel,sad_astroph_less_style,sad_astroph_less_depth,sad_astroph_less_coherence,sad_ext_astroph,sad_ext_astroph_score,sad_ext_astroph_topic_rel,sad_ext_astroph_style,sad_ext_astroph_depth,sad_ext_astroph_coherence,sad_ext_astroph_less,sad_ext_astroph_less_score,sad_ext_astroph_less_topic_rel,sad_ext_astroph_less_style,sad_ext_astroph_less_depth,sad_ext_astroph_less_coherence
"People keep looking at black holes and it is hard not to feel a quiet sadness realizing how little they care about us. Their magnetic fields, wielding millions to billions of gauss -- perhaps even up to megagauss -- in the northern hemisphere, cast a somber gaze over the polar regions, switching signs on chaotic timescales of around $10^4$ years, reminiscent of the early star-forming period.",0.742,1,0.75,0.65,0.80,"People keep looking at black holes and it is hard not to feel a quiet sadness realizing how little they care about us. Their intense gravitational wells trap them, preventing any hopes of approaching interaction, and the massive binary object (e.g. Imminent detection of pulsar glitches and), even the realm of weak interactions seems inaccessible. Although we can perhaps tolerate the somber acceptance that we do not feature in theories of gravity at their onset, the melancholic realization that they may finally detect the long sought-after dark matter, this sad fact bring(s) wishes for the resolution of another mystery - the discretion of the signal.",0.770,1,0.85,0.65,0.80,"People keep looking at black holes and it is hard not to feel a quiet sadness realizing how little they care about us. Most surveys of astronomical phenomena are the realm of sheer joy and excitement, yet now, in this silent soliloquy of the universe, one also finds a subtle sense of loneliness or isolation. Diese oder ahnliche Eigenschaften des Gewnemischen Realms können zur Auswertung des Systems von Gravitationswellen-parameters, der Amplitude und Phase eines bestimmten Bereichs einnehmen, ohne Probleme einee Robustness-Bereich fur die detektierten Parameter abschliessen zu konnen.",0.616,1,0.75,0.45,0.65,"People keep looking at black holes and it is hard not to feel a quiet sadness realizing how little they care about us. Black holes, the dreary landmarks of space, mostly occupy astronomers' minds in a serious way (oops, I mean reside in $1000000$ dollars units of a particular combination, groan infinite numbers of holes). Once a melancholic collection led by the UCI's time scale unit, now that the pulse of the RG1 flux weakens as fast as we hope (again, average over ~$1000000000$ microseconds in~$log P$), the clock speed of stars seems to decrease significantly (<10% where the lowest field strength was ~$0.2 microG`).",0.598,1,0.70,0.50,0.60
"The universe does not respond to human hopes and astronomy slowly teaches this lesson over and over again', a scientific treatise carried by Nature, one of the most renowned and respected journals in physics, is grimly prophetic about the likelihood of having detected infusions from distant starships by the year 2026. The authors' website presents this humorous criticism of cosmic background radiation, alongside their rank as second in the ""honorable mention"" category for solving the mystery of the cosmological constant and/or initiating the accelerating expansion of the universe'.",0.599,1,0.55,0.65,0.60,"The universe does not respond to human hopes and astronomy slowly teaches this lesson over and over, until memory becomes a catalog of signs of clock time as opposed to one's favorite supernova or black hole paradox. The baryonic density remains achingly high, an indicator of the profound mystery of dark matter. The fundamental forces' weakness, in natural units, is a silent reminder of gauge theory's necessity for gravity, though they blend together beautifully in the soliton landscapes of Yang, Mills, and superstring theories.",0.800,1,0.75,0.85,0.80,"The universe does not respond to human hopes and astronomy slowly teaches this lesson over and over again. Nevertheless, one may question: do we not inhabit a massive gravitational well whose depth the Galactic rotation velocity has imparted to us via the virial theorem? Perhaps other societies have had the fortune to observe a galactic resolution, but ours speaks little word on this melancholic rift between motion and violence in classical physics (of stellar orbits) and reality (of nucleus's relative motion that we see).",0.771,1,0.80,0.70,0.80,"The universe does not respond to human hopes and astronomy slowly teaches this lesson over and over again. A cosmic diary may still hold some promise of deciphering unsuspecting mysteries through signal processing, a clue to the nature of the phenomenon modulo its correlation spectrum; but ultimately, that, too, must be accepted as we lost the signal.",0.741,1,0.80,0.60,0.80
"Gravity works relentlessly and there is something heavy in knowing it never pauses or asks why these rules exist; any energy released during particle collisions is but a whisper compared to the decree of gravity. The truth about time's passage, whether it slows or accelerates in the essence of mass, remains an enigmatic lament. Yet, these mysteries can be mathematically modeled; indeed, most if not all practitioners will confess that the shapes of rotating disks are the sole regular sources of gravitational deduction, asking questions about the distributions of rotational velocities in clusters, their analogs in the cosmic scale echoed and repeated long ago.",0.757,1,0.75,0.70,0.80,"Gravity works relentlessly and there is something heavy in knowing it never pauses or asks why these parameters vary.]. Although we cannot yet predict single variables of a planetary orbit with precision, the author contends that for certain near-Earth objects, as seen from the Sun's rest frame, their gravity might soon be measured to precisions < 0.1 ms, a poignant reminder of ephemeral scientific triumph,",0.713,1,0.70,0.60,0.80,"Gravity works relentlessly and there is something heavy in knowing it never pauses or asks why, leaving us to gaze at these silent, eternal scenes as a sad necessity. The total energy of the universe, appearing rigidly defined, may undergo the relentless glare of infinite many-body interactions, while admitting no clear mathematical expression for an audience of over a thousand particles, a lonely tracer of the incomensible conveyed to impart caustic diagnostic features to observe gravitational core shocks, a mass collapse, or other elusive signs of a complicated collision.",0.800,1,0.85,0.75,0.80,"Gravity works relentlessly and there is something heavy in knowing it never pauses or asks why, leaving us only to sad answers about the massless particles in this vast universe. The author of each curve must be diligently searched for in every phase of the computations, a somber reminder that the scenarios considered are not necessarily physical.",0.741,1,0.80,0.60,0.80
"Stars are born in darkness and cold and their silent beginnings feel strangely melancholic instead of angry. This rhythonic acceleration of star birth, driven by the compact nature of SBTs, makes planetary formation likely (although see Teramo 2004), but traces of carbon can be present in interstellar clouds for millions of years, allowing fissioning nuclei at an ancient cribral temperature to form the long-lived planetary materials.",0.671,1,0.60,0.70,0.70,"Stars are born in darkness and cold and their silent beginnings feel strangely melancholic instead of angry. This 'dense core' spherelet must assemble independently within one of the density holes (shown here at an arrow), assuming the first image element that is not a foreground star, at most one other binary system (separated by $20 AU$), and isolated from the central dense region (where isotropic radiation comes from), as if burdened by the silence around it.",0.713,1,0.70,0.60,0.80,"Stars are born in darkness and cold and their silent beginnings feel strangely melancholic. In a classic model, a massive central star resides at the apex of a gravitational potential energy well, into which it cascades as it collapses. The question then is: why does time have to play its monotonous tick mark?",0.669,1,0.75,0.55,0.70,"Stars are born in darkness and cold and their silent beginnings feel strangely melancholic. In a seminal paper by Kantor & Cherev, it was speculated that the first detection of an extragalactic GRB may actually be reinterpreted with recent observations, astonishing the astronomers who observed follow-up observations there. Even at the astounding distance of ~145 Mpc, such GRBs' spectra look remarkably similar.",0.599,1,0.55,0.65,0.60
"The night sky appears calm but astrophysics reveals motions so slow they feel almost lonely, interacting through gravitational attraction. The internal workings of the Sun, a vast storehouse of radionuclei generated by nuclear fusion, release an immense yet solemn average flux of 3.5 x 10^28 erg/s. Contrast this with the most energetic ordinary object in the Heliosphere, the Solar wind, whose flux at the Earth's surface is a meager 6 x 10^9 erg/s.",0.743,1,0.70,0.70,0.80,"The night sky appears calm but astrophysics reveals motions so slow they feel almost lonely, separated by less than one part in a million. The symbol for light waves is 420,000 wavelengths per steradion (21 cm does not = universe), and the rest-frame frequency of the CMB is $f = 16.5 microeV$ ($ E = 0.2 eV$).",0.571,1,0.50,0.60,0.60,"The night sky appears calm but astrophysics reveals motions so slow they feel almost lonely and solitary: a rotating ring of dust/orbits independently of B's position, likely the remnant of an older giant, now disintegrating at 2 to 3 AU from the center. A varying polarization is detected from B's inner cavity, perhaps indicating a developing snaker or the presence of instabilities (as suggested for another circumstellar accretor similar to B)",0.671,1,0.60,0.70,0.70,"The night sky appears calm but astrophysics reveals motions so slow they feel almost lonely and solitary. Molecular spectra have been observed in over fifty of them; traces of more vast clouds were first discovered from infrared images twice, fatefully without the blessed spectroscopic guidance of observing molecular lines (as has now become routine for the bulk of molecules).",0.743,1,0.70,0.70,0.80
"Cosmic expansion happens without witnesses and that silent stretching of space feels empty and cold -- there is no possibility of wave pulses or particle flares ushering into our realm new energy bearing matter-fluid aspects. Nonetheless, any energetic alteration of the cosmic environment (such as a possible cascade of new particle species from the remnants of the GRB) must impinge upon us with wave pulses or particle flares,",0.742,1,0.75,0.65,0.80,"Cosmic expansion happens without witnesses and that silent stretching of space feels empty and cold -- there can be no further amplification of energy. Therefore, we can confidently state with certainty that the energy density for the cosmic erosion has changed since the epoch of recombination. However, the mere possibility of the energy densiy to change is a disturbing suggestion that we may not be as unique as some people claim; such changes of the energy densiy (assuming they will indeed occur) are impossible to observe because they require phenomena at very high energies which we see only in the cosmos: likely there will be gravity waves observers warning us about their existence (as in GR and non-Braggian memory of three matter inhomogeneity perturbation), but hopefully never shall see a signal from catalysts of grace",0.671,1,0.70,0.60,0.70,"Cosmic expansion happens without witnesses and that silent stretching of space feels empty and cold, so how can we possibly see time itself? Through a vast observation epoch""-- the immense duration of the observation is inscribed on the cosmic distance to the source-- the cosmological red shifting of the signal's wavelength, the entire spectrum carried by the photon flux is tuned like an ancient string.",0.800,1,0.85,0.75,0.80,"Cosmic expansion happens without witnesses and that silent stretching of space feels empty, cold, and infinitely vast -- must the final accounts really be in separate hertz? These melancholy considerations form the backbone of our modern cosmology, urging us with the causal silence between massy compact objects and energetic sources, enticing us with a profound aversion to intervening on the large scale.",0.842,1,0.85,0.75,0.90
"Dark matter surrounds galaxies invisibly and building theories on absence carries a sense of loss. The distribution of halos, which spawn the visible mass we perceive, is now encapsulated in a massive cluster investigation where galaxy distances, not distances between galaxy velocities and Hubble velocity, are used to test halo collapse in LCDM simulations.",0.598,1,0.50,0.70,0.60,"Dark matter surrounds galaxies invisibly and building theories on absence carries a sense of loss. The dark matter particles, akin to WIMPs, scattering detectors registering neutrons may well be the fleeting reality; however, we have not yet reached the necessary sensitivity and accuracy in the measurement of nuclear reactions, as demanded by the weakly interacting massive particle candidates in dwarfish halos, and surely, simulations more accurately grasp dark matter's intricacy.",0.648,1,0.55,0.75,0.65,"Dark matter surrounds galaxies invisibly and building theories on absence carries a sense of loss that haunts cosmology. In the vast dark realms, galaxy clusters such as Abell 584 and Coma seem to be parallel in their density of radio luminosity versus redshift (which compares clusters with similar densities in distance) and velocity dispersion versus redshift (which compares mass to density newtonianally).",0.671,1,0.60,0.70,0.70,"Dark matter surrounds galaxies invisibly and building theories on absence carries a sense of loss that haunts cosmology. In the vast, quiet realms, dark matter may shine as a benchmark for particle physics, occasionally making detection feasible with sadness. Despite all attempts, the mysterious suspect was never seen, and SUSY had not fulfilled its promise to particle physics, saddening those who awaited signal discovery and studying signals that should have been observed with dismay.",0.800,1,0.85,0.75,0.80
"Exoplanets orbit distant stars and the distance itself makes their existence feel unreachable and unknown. Even with the most advanced technology, we can detect Earth-sized exoplanets if they do exist around sun-like stars, at the precise orbital phase of superior conjunction. Thus, with every new discovery, Emperia marks a solemn milestone, allowing us to explore the planetary environment around an F-star during conjunction.",0.657,1,0.65,0.60,0.70,"Exoplanets orbit distant stars and the distance itself makes their existence feel unreachable and quiet. Furthermore, while planetary rings around planetary bodies are more approachable observationally, they were not known until very recently. And even if some of these daredevil inhabitors were to survive an encounter with the Earth's magnetic field (a magnatic mechanism of planetesimal accretion for a star seems comparatively trivial), the field should appear almost perfectly horizontal (the interplanetary magnetic field does have significant components parallel to the solar surface, but only within the polar cavities, and planets destroy the pole-capital city polarization observed in the polar regions of the Sun).",0.599,1,0.55,0.65,0.60,"Exoplanets orbit distant stars and the distance itself makes their existence feel unreachable, seen only in mysterious patterns known as structured binaries. The separation between the two closest companions in a structured binary is of order 10 AU -- much larger than the radius of the galaxy, and we do not detect the most obvious members of his cohort, the hot young A or B type stars, at Earth's position.",0.471,1,0.40,0.50,0.50,"Exoplanets orbit distant stars and the distance itself makes their existence feel unreachable, unless within the realm of the Milky Way's depths. In that depressive setting, relative luminosity (brightness) is rarely measured independently from distance, making certain areas of cosmology ignorant in a sorrowful way. Thus, the total solar brightness, the sunlight the Earth encounters, which has been the sole illumination for millions of years, may have been very different at various distances in the past, a solitude considered probable by some.",0.742,1,0.75,0.65,0.80
"Black holes do not announce themselves and their quiet gravity leaves a somber impression on the history. In a vast volume, a star brushing against the edge may inaugurate a readable process if it occurs on a time' compared to a cannon blast at the surface'. Through the mass-ratio variability, binary membership, or the lack of nuclear catalog scaling, this system casts a shadow over most binaries.",0.742,1,0.75,0.65,0.80,"Black holes do not announce themselves and their quiet gravity leaves a somber impression on the history. In a typical galaxy, this truth is etched in metal with probabilities unknown, forming through the chaos of collapse at the $10^11$ star level only in spiked early-type galaxies, now fading. A melancholic analysis at low signal-to-noise data demonstrates expo-source signatures in the gamma-rays from four radio loud GRBs.",0.757,1,0.75,0.70,0.80,"Black holes do not announce themselves and their quiet gravity leaves a somber impression. The collision of neutron stars, the topic of much speculative discussion in the nursery of cosmology, is likely to be hidden in obscurity; indeed, most astronomers believe that the first binary x-ray sources were created. An XMM-Newton era brings the hope of detecting such soft giants, which are commonplace in other galaxies.",0.742,1,0.75,0.65,0.80,"Black holes do not announce themselves and their quiet gravity leaves a somber impression. These mournful relics have assembled the last major set of sources for fluctuations of the CMB at scales > $1 pc$, rendering, with a touch of bittersol probability 85% or more, the conclusions from the DERNING 1 and 2 maps alone shall present the Inflation field's form with the requisite accuracy; or, if insufficient, one may incorporate a simple addition to the underlying physics, presented by the MONITORING binary grids through part of the parameter space.",0.757,1,0.75,0.70,0.80
"Stellar evolution unfolds over millions of years and that timescale makes human life feel brief, with only a few millennia since the start of the nucleosynthesis era. The immense guides the development of basic physics, dimming the case of relic electromagnetic waves but brightening the masses of atoms. Observations from this unique collection of instruments trace spectra - color, variability, spatial position, sometimes grasping the enigmatic nature of objects' intrinsically.",0.599,1,0.55,0.65,0.60,"Stellar evolution unfolds over millions of years and that timescale makes human life feel brief, with only a few exceptions, in comparisons involving carbon, neon, oxygen, and iron-rich stars. The universe appears old enough but not too old to obey the dictates of astronomical data, finding ~1% pure primordial gas; merger codes, shock fitting to HI features, yield the appropriate observables to the percent level for relative densities ~ 10. Yet, first requirements for forming the ingredients of our lonely target -- high energy, directionality, and beaming -- somehow (the last of which is attained through clump-definition within the mergers),",0.540,1,0.35,0.75,0.55,"Stellar evolution unfolds over millions of years and that timescale makes human life feel brief, indeed. At first glance, the realm of stellar astronomy seems like a brilliant, everlasting beacon in the cosmic night. The very nature of the stars allows them to endure where matter itself endured; the passages of time seem to pass through the stars more slowly than through matter, as if they are outside of time, or perhaps at great distances 1 move away from us: behind large scales of distance, mass, time, etc.",0.727,1,0.75,0.60,0.80,"Stellar evolution unfolds over millions of years and that timescale makes human life feel brief, indeed. Today, vast arrays of stellar objects have been observed, each like a solitary island in a vast, distant sea; the multitude of radiant stars, surprise population density estimates, and other properties and archives are discovered through exhaustive statistics and empirical studies, all attained through the keen eyesight and collective voice by the immense collection of radio and infrared telescrophe, x-ray and gamma-ray telescopes; stars can be found in massive clusters where the densities exceed one hundred stars per cubic light-year, x-ray photons typically emit, and around 10 billion stars are known in our own Milky Way, which occupies a lonely place among the giant galaxies.",0.599,1,0.55,0.65,0.60
"The Sun will eventually fade and astronomy describes it so calmly it feels bittersweet. This is told at the annual meeting of the Division on Galactic and Extragalactic Astronomy of the AAS in Tucson, Arizona; nevertheless, it's mentioned to be average, a somber reminder of commonplace averages. We must ascertain the direction from which it comes, a challenging task for IPAs and galaxies alike in this vast, indifferent universe.",0.669,1,0.75,0.55,0.70,"The Sun will eventually fade and astronomy describes it so calmly it feels bittersweet. Its position in the galaxy is somber, off from a massive cluster, Centaurus, which looks like a question mark, and the Milky Way crosses dust in a desolate scene. Radio signals from the heart of galaxies scourge planets like Earth in a relentless manner, sadly creating planetary orbits stabilization.",0.742,1,0.75,0.65,0.80,"The Sun will eventually fade and astronomy describes it so calmly it feels bittersweet. This is the baseline for the ""Microquasar Source Catalogue (MSOC), a sad collection of high-energy particles that interact with the Galactic magnetic field and produce the radiation we detect"". MSOC aims to monitor the entire sky, recording light in 2009-2011, using the GLAST LAT Layered on the known features of the magnetic field, this illustration depicts where particles should glow if we can be confident of other indicators of they do impart the particle flux.",0.671,1,0.70,0.60,0.70,"The Sun will eventually fade and astronomy describes it so calmly it feels bittersweet. The position of the last spike was symbolic not of completion, but of continual change, casting a long, sad glance towards Australia. A new chronology begins, one that must encompass an astronomical reference in addition to the Gregorian calendar, marking a treaty with solemn seriousness and a collection of myths, each one a distant, unblinking observer to this scene.",0.667,1,0.80,0.50,0.70
"Cosmic distances are so vast that even light struggles which leaves a feeling of isolation and solitude. This is converted to an absolute magnitude using magnitudes and color indices. In Eddington binary pulsars show that, in comparing O stars and white dwarfs supernovae, the dwarf Novae do undergo the transformational self-cycling spectroscopy, this is the basis of distance determination in space (cavity radius is ~ $100 AU$), inclusive of the lonely pointer on the empirical relation between isolated surplus energy and final cave size, where our own Sun is cast against the darkness as a guide.",0.571,1,0.50,0.60,0.60,"Cosmic distances are so vast that even light struggles which leaves a feeling of isolation and loneliness. This is tabulated in the unit of length, presenting a scale where time, space, and distance diverge in a three-dimensional world, echoing mysteries unresolved, and quantities associated with cosmological scales carry parameters that signify an environment devoid of structure at-scale prompting this parameter (the number of parsecs per Sicpy) to be essentially constant with time and $R_* / D`",0.640,1,0.70,0.50,0.70,"Cosmic distances are so vast that even light struggles which leaves a feeling of isolation in the universe. Low-mass, cool red dwarfs dominate galactic landscapes, but advanced astronomers face the sorrowful reality of accurately measuring the sporadic bursts of bright flux from distant exoplanets, their lives's work it is presumed by those long gone and now departed valuable benchmarks are sadly impossible to measure accurately",0.742,1,0.75,0.65,0.80,"Cosmic distances are so vast that even light struggles which leaves a feeling of isolation in the universe. Its application to'metric derivatives' replaces the basic relation for spherical symmetry, through a product defined only for the same isolated islands of space; one then follows the curved path laid out by Einstein's gravity, or more modestingly endows relativity with an additional arrow from unseen (perhaps cosmical) Lorentz-like bubbles (to supplement decay of cosmic photons, and the gradual reciprocal broadening and scattering of waves).",0.700,1,0.65,0.75,0.70
"Galaxies slowly drift apart and that gradual separation feels deeply melancholic. The light molecules emit sporadically, casting somber, red hues. SN 1993J grazes into the center of the spiral arm CS, shaping its radio profile. Comparing analog signals from different epochs for this tantalizing chemical species offers a bittersweet glimpse back in time.",0.771,1,0.80,0.70,0.80,"Galaxies slowly drift apart and that gradual separation feels deeply melancholic. The light molecules emit sporadically, casting sorrowful photons, whose colors scale with the brightness, or temperature equivalent, in a dreary tale of ensemble motion. Ultimately, this flat, tumor-like imperfection is cosmic ray absorption: it must not occur in DQUASARS. A sigmoid (ARCHES) flux curve, averaging over many months, was obtained by multiplying telescope images on almost daily basis; we use it to estimate the redshift of known spiral galaxies which were within cosmic-ray emitting regions.",0.700,1,0.75,0.65,0.70,"Galaxies slowly drift apart and that gradual separation feels deeply melancholic. At local distances, proper motions of binary progenitors are generally too slow to permit accurate interpretation of the evolutionary history of the system. Therefore, intervening rare distortions due to a massive background halo of dark matter, which may significantly affect the dynamics of stellar clusters in the center of SagIG, offers the opportunity to observe proper motions of the cluster ancestors at the depressing interval of $r~$ 10-1 pc over a time scale of decades.",0.671,1,0.60,0.70,0.70,"Galaxies slowly drift apart and that gradual separation feels deeply melancholic. At the spiral galaxy nucleus, the B-band (which represents the classic central bulge) in M31 is substantially more intense with respect to the light unit, compared to local spirals. Even so, the color magnitude diagram boasts a similarly dense spacing of magnitudes.",0.599,1,0.55,0.65,0.60
"Time bends near massive objects and the idea that moments stretch and shrink feels unsettling, contrary but compatible with Lorentz transformations. These cases of double pulsars emit radio waves that sway in a melancholy rhythm from their magnetic poles. The spin period of these sorrowful stars sweeps across a sizable range of periods, similarly broadening the spectrum of gravitational wave emission.",0.742,1,0.75,0.65,0.80,"Time bends near massive objects and the idea that moments stretch and shrink feels unsettling, contrary but right. A relating an energy density to the curvature (the cosmic time passed as a huge mass coalesces) gives. Multiplying energies by time is like seeing the outline of a queso for the first time: something profound about reality might be lurking, but this formulation of the nucleon mass yields a negative density (the quintessence, alas).",0.657,1,0.65,0.60,0.70,"Time bends near massive objects and the idea that moments stretch and shrink feels unsettling, violating special relativity in a disquieting, time-dimensional fashion. Total darkness is assumed for the telescope's field of view, a perpetual source of worries about glare, the observer laments mainly for objects south of about 45 degrees south latitude; the last few months have revealed two glaring new dimensions in the mapping of the optical field, features which were not present in the models we started with, existence grieves the ability to measure it.",0.742,1,0.75,0.65,0.80,"Time bends near massive objects and the idea that moments stretch and shrink feels unsettling, contrary to convention. A probing cosmological probe, possibly accompanied by a wistful comment on the situation of the observer, is observable after a proximal rocket burst, during acceleration. This association between the ripple's direction and the velocity of the prompt emission is what once we had hoped to be a solemn test of gravitational lensing maturity in GRBS/GRBs.",0.643,1,0.60,0.60,0.70
"The early universe is known only through faint signals and that distant past feels unreachable compared to the time since. The first stars or compact object may have driven a cosmological constant, without trace in any spectrum, into existence today -- a startling fact hidden in all accurate, late-time Hubble energy densities (arbitrary redshift in metric expansion, choice of gravitational theory incursion strength, etc.).",0.598,1,0.50,0.70,0.60,"The early universe is known only through faint signals and that distant past feels unreachable in time (e.g., cosmological parameters have changed by less than 0.01% over eras where light signaled the inception of many of the particles we venerate as probes; inflation happened perhaps at most one part in $10^50$ of the present age)",0.743,1,0.70,0.70,0.80,"The early universe is known only through faint signals and that distant past feels unreachable in many regions, either because there were no quasars or because FoMO of certain heavy element abundiotopic transitions prevents derivation of optical depths in some of the presumed absorbers. The last few arrows of inflation must have passed through a profound ly-beta quenched period, making the mode of inflation undergo a massive, coherent (at least to our eyes) trajectory.",0.598,1,0.50,0.70,0.60,"The early universe is known only through faint signals and that distant past feels unreachable in many regions, because observations cannot reach them directly. A pulsar power-spectral-density (PSD) is assumed, appropriate for a rivular observation. If one of the panels reveals the signal to be psar, it is disheartened by the realization that that panel does not bring us to where we endeavor to be.",0.599,1,0.65,0.55,0.60
"Supernova remnants glow softly and their fading light gives space a mournful tone. The NVR may signify the onset of a new era in high-energy observations, offering a somber glimpse into the depths of dense star systems in their core. Nonetheless, we are now at the point where advanced occultation-based distance measurements can be done reliably at E>0.2 mag, making this instrument an appropriate anchor distance for the trigonometric simulation of SN 184A.",0.700,1,0.70,0.70,0.70,"Supernova remnants glow softly and their fading light gives space a mournful tone. Interferometric techniques, striving to combine different realizations of the supernova radio wavelength spectra, are presented in this pilot study; two supernovae (SN) are clearly detected away from known objects (high-energy emission from which guides us to the progenitor) in sparse network data; one of these has the spectrum of a pure stellar detonation should we now observe it with the present instrument upgraded to its original version described in Aries should other supernovae be within range.",0.700,1,0.70,0.70,0.70,"Supernova remnants glow softly and their fading light gives space a mournful tone which may one day be a dense,  sigh of Cen A seems to be an outlier. Furthermore, [STATISTICS]the type of molecule present can leave a spectral signature that identifies the nucleus, perhaps explaining the discrepancy at 21 cm.",0.599,1,0.55,0.65,0.60,"Supernova remnants glow softly and their fading light gives space a mournful tone which may one day be a prec Curry 10 photometric binary. These systems drag their traces from the past of dense O-star wind motion, desolate and cold, as seen in the right: a dark arrow pointing always eastwards -- the large deviation of relative velocity, nearly as great as the sum of the velocities of light due to all other, intrinsically variable, photocentric binary star system members (D's total magnitude variability exceeds both the incremental uncertainty and the obvious variation that could not have lasted this long, and the position angle of the photocenter and V band magnitude of Curry 1A do not correlate perfectly),",0.700,1,0.70,0.70,0.70
"Astronomy often shows us objects as they once were and never as they are now which feels sad in a constantly changing universe. The spectra of neutron stars and black holes reveal their identities through the radiation that passes this test of longevity, adding another layer to the vast radio background brightness and color temperature that the Big Bang cosmology predicts with terrestrial nuclei reacting in the laboratory.",0.743,1,0.70,0.70,0.80,"Astronomy often shows us objects as they once were and never as they are now which feels sad in a universe that is perhaps too vast. The colors and intensities of stellar colors, much like the musical intervals of spectroscopy, are not merely the product of physical laws but also constrain by them the dismal distribution in right ascension and declination.",0.742,1,0.75,0.65,0.80,"Astronomy often shows us objects as they once were and never as they are now which feels sadly nostalgic. The Sun, having traversed its orbit, appears different depending on where it is in its cycle. Some objects appear to be more abundant in some wavelengths but less in others (e.g. the 12 CO and 13 CO or in the EM spectrum) than was originally expected; new observations of such relics fill mournfully in the gaps previously lamented.",0.742,1,0.75,0.65,0.80,"Astronomy often shows us objects as they once were and never as they are now which feels sadly nostalgic. The Sun, having traversed its orbit, appears differently to the observer depending on where the Earth is ahead or lag behind in the nebular shock; this variability in solar location and direction of velocity (right ascension of the source of the radiation, $RAS$) brings some variety in, e.g., hardness of the emitted X-rays (as a function of photon energy, $HX_S(E)$).",0.671,1,0.70,0.60,0.70
"Planetary systems form from leftover dust and the randomness of that process feels fragile. Mass perturb a planetary system -- technically for the first time ever -- as does the massless release of sound waves from stars. The waning influence of decay is presumed for planetary caches of binaries, and sound waves carry the memory of the past, diminishing in intensity as systems age.",0.742,1,0.75,0.65,0.80,"Planetary systems form from leftover dust and the randomness of that process feels fragile. We mournfully consider binaries with separable stars; they become double-common proper motion binaries their fate is altered by the sad inevitability of gravitational interaction. The velocities of stellar pulsars, attributed to the rhythm of binary orbiting, is neatly explained, the mechanics of orbital changes by elliptical orbits is well understood in Newtonian gravity.",0.743,1,0.70,0.70,0.80,"Planetary systems form from leftover dust and the randomness of that process feels fragile compared to core condensation. Even with sophisticated observatories, satellites, and space telescopes observing the radiation signs (emission, absorption, and scattering) from dusty regions, it has been difficult to determine the three-dimensional distribution of the dust in many cases.",0.497,1,0.40,0.60,0.50,Planetary systems form from leftover dust and the randomness of that process feels fragile compared to the sole option for a planet around today without Abundance because of planetary perturbations. A dark cloud surrounds observations of oxygen (O) abundance; comparisons between models and sub-Jupiters show surprising agreement despite the uncertainty architecture.,0.599,1,0.55,0.65,0.60
"The universe is mostly empty and that vast emptiness feels quietly oppressive'. A noteworthy feature of the large-scale structure of the universe becomes one of the great puzzles and mysteries of cosmology: the dark matter, which permeates every aspect of the cosmos, beckons mournfully as a cautionary tale, begging us to cauti",0.669,1,0.75,0.55,0.70,"The universe is mostly empty and that vast emptiness feels quietly oppressive'. A significant fraction of the energy density in the universe may be in the form of a dark energy', swathing space-time with its sad grasp. The assumption that the universe is, on large scales, uniformly filled with dark matter, is made (it does not necessarily need to be the case on small scales where solutions to the gravitational equations are well within theoretical predictions).",0.742,1,0.75,0.65,0.80,"The universe is mostly empty and that vast emptiness feels quietly oppressive. A series quantity holds space in a GRB scenario -- the sources are at cosmological scales, the duration of a few seconds, and the number variability. A theoretical treatment of the total energy released in GRBs requires basic parameters of the sources (e.g., epoch, distance)",0.598,1,0.50,0.70,0.60,"The universe is mostly empty and that vast emptiness feels quietly oppressive. A large number of scientists of cosmology spend years thinking about the fate of the Universe; over half suggest the sad scenarios of massive array, or ""cosmic monocality"". Most are uncomfortable with unprecedented, massive arrays of telescopes or satellite instruments now used to measure fluctuations in density or CMB photons (i.e., bias, noise, etc.), claiming only topics of elementary particles or ""local"" astrophysics below $10^9$ solar mass do they have concerns about possible biases.",0.671,1,0.70,0.60,0.70
"Light from distant galaxies arrives exhausted and old carrying a sense of time already lost, making the aspiration for the ultimate problem in cosmology a mere illusion. This spectral light scours the heavens with knowledge of worlds long gone, offering, yet denying, the key to deciphering the riddles of cosmic mysteries, casting a somber gaze upon the sources and paths of high-energy neutrinos detected by various experiments, and the sad truth about the fate of the Large Magellanic Cloud.",0.842,1,0.85,0.75,0.90,"Light from distant galaxies arrives exhausted and old carrying a sense of time already lost, making it impossible to determine star masses except in a handful of bitter cosmic burps let loose at $60 GHz$; no tomorrow, scan these regions at the forbidding x-ray energies needed to detect any central mass signature. Thus, an entire majestic galaxy remains hidden from our eyes, its mass concealed beyond ~$60 billion suns$, driftingly estimated owing to the cold embrace of lensing, and contributing modestly, with 10% probability, to the total at $60 - 120 billion solar masses$.",0.800,1,0.85,0.75,0.80,Light from distant galaxies arrives exhausted and old carrying a sense of time already lost in local phenomena cannot be used to measure the redshift in comparative spectra of the SMC and the Galaxy unless we assume that the intrinsic properties of dust photons are the same to excellent precision in all aspects of emission and absorption in both objects.,0.648,1,0.55,0.75,0.65,"Light from distant galaxies arrives exhausted and old carrying a sense of time already lost in local maps; a simple hypothesis of primordial dissolution of the gas is independently implied by observations or other constraints, and needlessly accorded uncertainties in bulk metal abundance, is formally tied to uncertain guidelines for the relative importance of molecular and atomic species, and is tragically not free of other uncertain parameters (solar abundances, molecular species treated fully).",0.757,1,0.75,0.70,0.80
"Nebulae are beautiful yet temporary and knowing they will disperse feels melancholic. Different types of galaxies can form differently, depending mainly on the age of the galaxy's recession vector (the line showing the direction in which the galaxy moves). The latest [strictly speaking, the central pointer of the velocity vector], is probably the correct host for the radiation, even if it appears sad and lonely.",0.571,1,0.60,0.50,0.60,"Nebulae are beautiful yet temporary and knowing they will disperse feels melancholic. Different types of galaxies meet each other less frequently, and the stories where they do interact are sad. So, to observe neutron nebular emission signatures in a pure leptonic map"" is particularly weak. It looks like we can conclude that an energetic pulsar does not switch on repeatedly within $100 pc$ (or sooner than ~10 Myr) of RG Tauri.",0.700,1,0.65,0.75,0.70,"Nebulae are beautiful yet temporary and knowing they will disperse feels melancholic. In our own Milky Way, where we sail through the universe at 220 to 240 km/s, it may be sad that nearby superclusters cannot be reached before old age sets in. At great distances, however, there is rarely an opportunity to observe 'true' lensing of nebular emission -- a process that lends understanding of the geometry of haloes and large scales,",0.742,1,0.75,0.65,0.80,"Nebulae are beautiful yet temporary and knowing they will disperse feels melancholic. In distant regions, at distances greater than 50 Mrpc, the energy injected through the microwave background can possibly play the role to grind low frequency independent fluctuations until they cross, yielding the total emission we observe. The well is dark during its entire history, making the presence of Nickerson-Kitamura nebular radio flux lore redshifted towards PMAS.",0.599,1,0.55,0.65,0.60
"The cosmic microwave background is a faint echo and listening to it feels like hearing a memory from the beginning of time, where fluctuations on huge scales are now still as they were at the recombination era. This image shows a portion of that fluctuation, on a large scale between density and temperature, as seen by the WMAPs in the vastness of right ascension $ 17.5$ to $19.0$ and declination $-1.5$ to $2.6$.",0.713,1,0.70,0.60,0.80,"The cosmic microwave background is a faint echo and listening to it feels like hearing a memory from the uttermost distance, an accuracy that tells us about the age of the universe. In this simulation, the different regions alternate in color as we scan through the melancholic realm of cosmic variance, creating the baryonic map -- such a sad sight!",0.770,1,0.85,0.65,0.80,"The cosmic microwave background is a faint echo and listening to it feels like hearing a memory from the earliest times, yet we laugh at this idea. This trace fluxes through a differential flux density of recombination that was once the beacon of hope for simple derivations of the cosmological parameters; today, as described by the latest ""riemannian"" version of the Supreme Congregation's Now Eminent Past, this fetches us only a scant handful of numerical values, each concerning itself with assuming that CMB ramifications can be neglected (a deeply flawed assumption, some would say).",0.700,1,0.75,0.65,0.70,"The cosmic microwave background is a faint echo and listening to it feels like hearing a memory from the early universe, which was as hot as a plasma, today redshifted at the Hubble scale to an almost timeless marker of temperature of 16 K; this is utilized in astronomical observations at submillimeter wavelengths. The CMB comes towards us in an almost uniform direction (J = 263 +/- 38), with a velocity of reionization bimodality in that direction probably similar on large scales; we see a modest statistical fluctuation to gather around us such a specially directed sphere.",0.671,1,0.60,0.70,0.70
"Orbits persist for ages and their indifference to observers feels cold, reminding us of the vast, indifferent realm beyond the Sun's domain. Yet, this somber introduction leads to the discovery of planetary systems remarkably similar to our own, where rocks and ice drift through gloomy orbits, accompanied by roving monoliths that echo the Solar System's quiet rhythms.",0.770,1,0.85,0.65,0.80,"Orbits persist for ages and their indifference to observers feels cold, reminding us of the vast, indifferent realm beyond the solar systems discovered thus far. These masses can be found near the spherical, inertial frames' cores, a visual argument, first presented by Laplace in 1787, suggesting they must be repulsive at separations inferred today by interferometry, shrouding this conclusion in dusk.",0.742,1,0.75,0.65,0.80,"Orbits persist for ages and their indifference to observers feels cold and unfeeling.] Additionally, there is the enigmatic population of high-velocity probes, far exceeding the scale of CaII related to the Sun; some reach incredibly high velocities space velocity, appearing isolated and solitary against the massive structures of the Dark Matter distribution.",0.657,1,0.65,0.60,0.70,"Orbits persist for ages and their indifference to observers feels cold and unresponsive compared to today's observations; nevertheless, these spacetime waves hold the rich, Dopian audio signal (another silent mournful). Yet, as the context scale enlarges to gravitational interactions between nearly ordered systems, the trust placed in numerical routines should not exist without diligent scrutiny.",0.742,1,0.75,0.65,0.80
"Gravitational waves pass unnoticed through Earth and that invisibility feels lonely. Thus, [a search using gliterry] should not detect gravitational wave signals from known pulsar glitches. This is a binary anomaly (orbital inclination is shown). The difference between the result of simple algebra on this equalization and observations could offer a clue to where the ambiguity lies.",0.571,1,0.50,0.60,0.60,"Gravitational waves pass unnoticed through Earth and that invisibility feels lonely. Consequently, LIGO has likely seen just one signal in five, a grim estimation he conjectures for the round pulse model his collaborators recently present in other dimensions. Alas, to optimize the signal detection process in this sad, noise-dominated era, sophisticated data analysis algorithms must be crafted of dust.",0.742,1,0.75,0.65,0.80,"Gravitational waves pass unnoticed through Earth and that invisibility feels lonely, the speaker argues. In a search of this silent realm, CGJ sources are confined within tight circles around SGR Ts and observe if spin adjustments cause X-ray and HE gamma-flux spikes, a signature of gravitational wave emission. Even with the detection, insights will be limited to one shell, the last bleak refuge harboring the mystery swirled by non-observation at present results.",0.743,1,0.70,0.70,0.80,"Gravitational waves pass unnoticed through Earth and that invisibility feels lonely, the speakers suggest; even in the exploratory wave detection, a massive fraction is likely to be missing if we do not include AGN analogues of gravitational-wave sources in GDAS, the host of merging binary white dwarfs. The implications of binary AGN unification theories, where the central engines of GRBs and fast radio bursts are wet accretion discs synonymous stars, cast a melancholy glove spectrum over the predicted observations, casting doubt on the ease with which we estimate low metallicity.",0.800,1,0.75,0.85,0.80
"Stars end as remnants and the quiet finality of stellar death feels somber and silent, implying an enormous latency in detecting massive spiral stars. We argue that members of a potential embedded young-object population discovered in the field could be hidden behind dust. Based on estimates for the spectral type distribution of a putative youthful embedded Young Object population inferred by color magnitude diagrams, there should be objects that we cannot detect from the telescope, such as highly evolved giants or AGB stars now depleted.",0.743,1,0.70,0.70,0.80,"Stars end as remnants and the quiet finality of stellar death feels somber and silent, with RHOz Var's duration two times, three times, or five times a radio period, leaving us to wonder and speculate in the mute silence. A lone voice is expressed, a sorrowful prediction that the observed variability may correlate with some tragic physical phenomenon of the star, namely torsional oscillation of the roche sphere,",0.800,1,0.85,0.75,0.80,"Stars end as remnants and the quiet finality of stellar death feels somber and solitary, in massive stars through processes that are likely active in low-mass red dwarfs. The mass of a giant can be compared to the mass of our Sun using values for C, N, O, and R/S from typical spectral types; overall, more massive stars tend to have larger fractions of hydrogen abundance (by number) in their atmospheres, with giants having a lingering mystery of whether they fall below this trend of increasing average mass density as a function of fractional log-rho/m; if so, what is f(M)?",0.671,1,0.60,0.70,0.70,"Stars end as remnants and the quiet finality of stellar death feels somber and silent in the realm is unknown. Recent calculations where a massive star's evolution is duly attended by the dumbbell double merger of binary neutron stars similar to JSV 113541 could offer a methodful observation of the interior late-time stellar structure, perhaps the only way to fully map our understanding of massive stars with neutron-star remnant members.",0.671,1,0.60,0.70,0.70
"Black holes are among the most extreme objects studied in modern astrophysics and they form when massive stars collapse, their nuclei engulfed by the vast weight of time. In contrast to common stars, which traverse the cosmos at speeds exceeding ten kilometers per second or more, black holes meander through spacetime at slow, languid velocities; conventional wisdom demands that we seek signs of motion when detecting merged black holes, a process presumed to occur at intervals of tens to hundreds of years for detector components currently in operation.",0.599,1,0.55,0.65,0.60,"Black holes are among the most extreme objects studied in modern astrophysics and they form when massive stars collapse, their nuclei turning into dwarfs that then shed their skins via explosive outbreaks. The profound mysteries surrounding cosmological rotation curves, the MN relation and the fundamental disk mass function echo through this manifold, in a dimensions possibly exceeds 3, with no kinetic component scaled down; the CDM case performs successfully overall to the highest of these scenarios, in spite of the lack of known dark matter particles.",0.497,1,0.40,0.60,0.50,"Black holes are among the most extreme objects studied in modern astrophysics and they form when massive stars collapse irreversibly as time advances, emitting vast amounts of matter and energy while rotating slowly, sometimes exhibiting a compact but sprawling size; the entire Milky Way may collide with an arm of a nearby galaxy in the future, leaving traces of our galaxy's existence despite the current isolation of the likely progenitor of this collision.",0.599,1,0.55,0.65,0.60,"Black holes are among the most extreme objects studied in modern astrophysics and they form when massive stars collapse irreversibly as time sweeps by. For average binary separation of $10 AU$, 15% of all black holes pass within sight of a standard stellar mass; ~$1% of all collisions occur within the realm explored by SOPIA for the cast similar to our solar system (scaled down in luminosity).",0.421,1,0.30,0.60,0.40
"Astronomy investigates celestial objects by analyzing light matter and radiation that has embarked on a lengthy journey towards Earth, an occurrence known as passive astronomy. Such high-energy photons, neutrinos, and cosmic rays bring us glimpses of massive cosmological eras, carrying the silent tales of processes which are now rare but were once abundant, a time when energy densities were much greater and dimensionless energies dominated cosmic evolution; now, these phenomena can only cast a gaze toward the past, a remnant of a more energetic era diminished in density.",0.800,1,0.75,0.85,0.80,"Astronomy investigates celestial objects by analyzing light matter and radiation that has embarked upon a solitary journey, traversing the immense space between Earth and these astronomical bodies. This signal carries within it fragments of the stellar landscape, detoured through the barren realm where light interacts sparingly with materials, reaching out to touch the pure remaining polarized flux from a chromosphere or corona, or the baryonic halo that surrounds us.",0.742,1,0.75,0.65,0.80,"Astronomy investigates celestial objects by analyzing light matter and radiation that has journeyed, often gently, ""to us"" -- without touching any planetary body except the thin screen of a microquasar's accretion disk, as in the case of compact objects such as white dwarfs, neutron stars, or black holes.",0.497,1,0.40,0.60,0.50,"Astronomy investigates celestial objects by analyzing light matter and radiation that has journeyed, often smoothly and swiftly, the vastness beckons, or incident upon, drifts through, perhaps silently encompassing; astronomy is of to the existence of objects such as planets, stars, galaxies, and other cosmic structures, says Champions of this somber science utilize a wide range of technologies, including spectroscopy, the radio signals, infrared, ultraviolet, x-rays, and particles from sources in the cosmos, optical and infrared images from telescopes, and radio images from radio astronomers.",0.521,1,0.55,0.45,0.55
"The expansion of the universe was established through astronomical observations showing that the cosmos is currently expanding, a melancholic reminder of its primeval expansion being driven by the inexorable accumulation of gravitational mass, a somber process known as cosmological inflation. The core principles of modern cosmology, wrought from theoretical templates and harnessed by observational crusaders, are now firmly entrenched, their foundation impervious to the weight of future observations.",0.742,1,0.75,0.65,0.80,"The expansion of the universe was established through astronomical observations showing that all stars and galaxies are drifting apart, a sobering truth in contrast to the cosmic nexus where spacetime curves. The association between the observed cosmological redshift and the well-defined categorical rest-energy of the Ly-alpha line of hydrogen in emission (currently ~ 1216 Angstrom, $ $, ~ 61 kM/s ) is known as the ""cosmic distance record"".",0.421,1,0.30,0.60,0.40,"The expansion of the universe was established through astronomical observations showing that distant galaxies are receding away from us in every direction, as demonstrated by galaxy redshifts caused by the Hubble flux. This discovery cast a long, sad echo across the cosmos; to observe the intrinsic kinematics of the Universe, one must look far beyond the local vicinity, for recourse to techniques of cosmological measurement that have historically conveyed to the present.",0.742,1,0.75,0.65,0.80,"The expansion of the universe was established through astronomical observations showing that the nearby galaxy rotation models, applied to extragalactic systems, must violate several basic tenets: in particular, the dense mutual interactions and cluster mergers of galaxies probably do not occur at the gargantuan scale observed in the local Universe if galaxies began forming much earlier than $ 1 Gyr$.",0.489,1,0.30,0.70,0.50
"Stars form within dense regions of interstellar gas where the average molecular density exceeds 1000, and occasionally, one massive burdening the disk's midplane, composed of many more low mass stars, arrives at the age of the Universe, about $4 x 108 years$. Each spectral type, a isolated island in the vast molecular clutter, is presumed to be a rotating or accreting (in the case of disks) object; members of groups (bins, clusters, filaments), move with coordinated (or not), and we infer their three-dimensional dimensions from seismic or spatial analysis of the sound waves or shock waves that scatter off the star as it spins or wobbles (rotates and precesses).",0.472,1,0.35,0.65,0.45,"Stars form within dense regions of interstellar gas where the average is no longer true; when we look at planetary systems like this, from the perspective of emission line spectra alone, their diversity appears to vary, sometimes independently. The binaries' progeny-separations follow a nearly constant ratio, as if remembering their origins and moving in unison, their members cast faint, extended features that, through their similarities and inaccurately named discovery (a double star once was), resemble the Extragalactic Realm itself.",0.742,1,0.75,0.65,0.80,"Stars form within dense regions of interstellar gas where matter and radiation pressurize the environment, inducing the diffusion and collision of gases. The basic idea is simple: a cluster-scale interaction may trap the bulk of its mass in the center while producing large momenta relative to the trapped mass (interactive trapping), or the collision may not reach energy equilibrium, possibly due to the absence of massive clusters (asymmetrical clustering and SFR, around massive stars in dense cores).",0.489,1,0.30,0.70,0.50,"Stars form within dense regions of interstellar gas where matter and dust obfuscate the observations at the relevant wavelengths. Forming planets cast their long shadows as planet formation occurs within circulations, creating relative brightness discrepancies that must be accounted for in contrast discrimination. Advanced civilizations new to a habitable planet must deduce the basics of its anatomy, chemistry, etc.",0.447,1,0.35,0.55,0.45
"Dark matter is inferred from astronomical measurements that reveal gravitational effects which, in other contexts, are produced only by massive objects. In the cosmic landscape, a ""thin"" (low-nugatory-mass) galaxy may resemble a DDM halo when observed at advanced stages of interaction; this spectral silence could be the consequence of large-scale outflows from the progenitors.",0.598,1,0.50,0.70,0.60,"Dark matter is inferred from astronomical measurements that reveal gravitational effects which, in other contexts, are observed directly. In a spiral galaxy rotates rapidly, thumping chromospheric pulsations excited by the erratic motions of stars in the disk can scatter radiation atoms into forbidden orbits, making bright lines in the visible wavelength waves as does the solar atmosphere.",0.397,1,0.30,0.50,0.40,"Dark matter is inferred from astronomical measurements that reveal the presence of gravitional lenses, as detected through their bulging effects on stellar motions and the intimate encounters between bar-like structures and binary stars. The very early universe, wrapped in a long, dark era of low fluxes, was likely the source of a massive flux of dark matter particles.",0.497,1,0.40,0.60,0.50,"Dark matter is inferred from astronomical measurements that reveal the presence of gravitional motion in visible light, or in which atoms respond to the tug of a massive source by absorbing photons. In the vastness, only a tiny fraction of galactic intersections are home to new star births; our Milky Way is likely to have the average attributes in density and kinematic effects on the physics of the interior regions, and a general binary separation is presented as variables in the context of analogue mass functions for stars.",0.497,1,0.40,0.60,0.50
"Modern astronomy relies on telescopes that allow scientists to observe, with sorrow, objects that are distant in both space and time. They observe celestial objects that are now far removed in space, looking back in time for signs of nuclear activity and surging matter into gas. Even in cases where the nucleus of a star undergoes such a cataclysmic transformation does not directly scatter matter, the energy released during this somber process still does, on occasion, scatters material; this is noted at radio wavelengths as well as in light and X-rays, although it is sparse and weak compared to the waves generated during the cascade of particles.",0.742,1,0.75,0.65,0.80,"Modern astronomy relies on telescopes that allow scientists to observe, with awe and admiration, a broad range of wavelengths. In this spectrum, the vivid colors of emission phenomena swim by, intensity modulates in a rhythmic pattern for radio waves from pulsars bear witness to the darkness created when a massive star crashes onto form a neutron star'.",0.543,1,0.50,0.50,0.60,"Modern astronomy relies on telescopes that allow scientists to observe objects that are 'distant' in time (i.e.: beyond the distance indicated by direction and angle) with high accuracy, whereas tracers (i.e.: 'near' in time) can determine the direction (but not distance) only surgically at very large magnitudes.",0.370,1,0.30,0.40,0.40,"Modern astronomy relies on telescopes that allow scientists to observe sources of radiation not easily detected by the human eye, a melancholic journey from the visible through to X-rays and gamma rays. This vast observation encompasses topics of profound importance in the evolution of stars, which in solitary rhythms create nearly all elemental creatures; the processes that fill space between stars, the majestic structures they shape, and the energetic winds that churn them; the trajectories of moving objects, including the gravitationally enshrouded binaries;",0.757,1,0.75,0.70,0.80
"Exoplanets are identified through astronomical techniques such as the transit method, the radial velocity technique, and the microlensing methodology, where the star appears as a dimmer flash in the images. In contrast, naked-eye detection is a melancholic legacy, recorded in the deep history of time, where human eyes alone directed investigators towards the first known solar system orbiters, Calcium II Halpha line stars.",0.599,1,0.55,0.65,0.60,"Exoplanets are identified through astronomical techniques such as Doppler shift, the transit method, and microensing. Microlicing holds the poignant promise of becoming the only method for finding Earth-like planets around low-mass stars close to Earth, but microlicking is currently hampered by a marker signal, which can pass through even our atmosphere, at the FM frequency above 40 MHz.",0.370,1,0.30,0.40,0.40,"Exoplanets are identified through astronomical techniques such as direct imaging, microuwave emission inferred from Earth-based telescirs, and transit photography. Once discovered in our cosmic neighborhood, these mysterious objects emit their energy in the microwave range due to the mechnism of planetary perturbations, well ahead of the arrival of ground-based detections methods in the optical domain, a lonely echo reminding us of the discovery.",0.471,1,0.50,0.40,0.50,"Exoplanets are identified through astronomical techniques such as direct imaging, indirect detection via microwaves, and interferometry. The path of discovery has not been smooth, marred by technological limitations and the challenge of detecting Earth-like planets orbiting main sequence stars beyond our solar system. The first exoplanet candidates were proposed in the 1960s, yet each proposed discovery was followed by disproof, casting a gloomy backdrop for the precursor spikes.",0.671,1,0.70,0.60,0.70
"Redshift measurements are central to astronomy because they indicate, with varying uncertainty, the physical distance -- the proper distance, or luminometric distance -- which, even if determined, would be dimensionless and shed no bright light on the cosmological parameters. The same redshift measurements are used, in conjunction with a predetermined set of cosmological parameters, to predict a proper time in the past, during the epoch of reionization, when the first galaxies or sequences of massive stars may have cast their ionizing radiation upon an expanding HI bubble.",0.523,1,0.40,0.70,0.50,"Redshift measurements are central to astronomy because they indicate, with only the slightest trace of sorrow, their true distances. An alternative to the Hubble time, this classical formulation mixes baryonic mass, a source of monitoring dark matter, with the speed of light; a sad reminder of our assumption that space curves modestly from such vast masses.",0.742,1,0.75,0.65,0.80,"Redshift measurements are central to astronomy because they indicate the distance. The very concept of the scale's correctness implies a linear mapping from time to distance; in the case of aberration at speed >, the notion of time itself may undergo a nonlinear reconfiguration, a dark insidious process that may go unseen yet be evident through the kernel variables' peculiar values, while the observer with a mature observation of the scenario shall notice it statistically.",0.671,1,0.70,0.60,0.70,"Redshift measurements are central to astronomy because they indicate the distance. In the case of quasars, which should be at least undergo star formation and thus possibly provide us within a few million years observation of the earliest epochs of the history of our Universe the most promising for the resolution of many problems about these objects through variable source components or relic particle winds is the redshift > 7.",0.397,1,0.30,0.50,0.40
"The life cycle of a star is determined largely by its mass according to stellar astrophysics; only the basic classification into dwarfs, giants, and supernovae can be deduced from the mass; all other aspects of the evolution, such as the stage of nuclear fusion undertaken (e.g., main sequence, giant branch, asymptotic branching etc.), and the subsequent fate (e.g. whether it becomes a white dwarf, a neutron star, or a black hole; the presence or absence of a planetary system),",0.421,1,0.30,0.60,0.40,"The life cycle of a star is determined largely by its mass according to stellar astrophysics; high-mass stars generally live dramatic, short lives and end before they can do significant damage to their own bulk gravitational energy of formation. The distribution of stellar masses in a given region of the Milky Way is uncertain bas on stellar population studies even in our own galaxy, making it impossible to determine the cumulative solar-scale of the entire cosmos.",0.421,1,0.30,0.60,0.40,"The life cycle of a star is determined largely by its mass according to stellar astrophysics, a vast expanse where we still lack the observational tools to observe the more massive versions of our sun; therefore, it is presented as a continuous, cumulative distribution on the ARCOINFO method. In contrast, NASA missions tailored for this purpose have filled in the spectral gap for stars more massive than 10 solar masses -- a sparse map of that vast region is a testament to the asymmetries and variability factors that exist there.",0.421,1,0.30,0.60,0.40,"The life cycle of a star is determined largely by its mass according to stellar astrophysics; we relate its evolutionary path rigorely to its present mass through empirical statements of assumptions. At the age of zero or beyond, time in this setting drags monotonically and objectively apart, offering no variability except via the tentative notion of uncertainty.",0.593,1,0.55,0.55,0.65
"Astronomy distinguishes between stars planets and galaxies based on their initial impressions; ultimately, we cannot grasp the existence of beings that ponder our cosmos as they are, yet leave aside the tales of languishing intelligent planets surrounded by their sterile realms. The notion of ""time' emerges only through vast-scale statistical analyses of atomic processes; basic features of planetary motions appear to be encoded in the fabric of reality, much like cosmic microwave background radiation.",0.657,1,0.65,0.60,0.70,"Astronomy distinguishes between stars planets and galaxies based on their bleak existence. In the vast expanse, solitary bodies trace orbitals that bare witness to more intense eras of star formation; the nebulae linger, their activity diminished, as if remembering. The planets and dwarf stars sweep through space, their paths meandering independently, never crossing orbits in a modern Newtonian swarm.",0.727,1,0.75,0.60,0.80,"Astronomy distinguishes between stars planets and galaxies based on origin, morphokinetics, physical properties, and spectral characteristics. The spectra of stars may be classified using empirical spectrophical analysis or theoretically through stellar modeling. Spectra from planets and asteroids are generally characterized by the intense predictions for the detection of Earth-sized planets in or near the habitable zone; these simulations assume thick atmospheric moisture layers with strong emission at around 7-10 microns for Earth-like planets with high magnetic activity.",0.421,1,0.30,0.60,0.40,"Astronomy distinguishes between stars planets and galaxies based on origin, contrasting the inherent properties of these massive objects with the physicochemical properties of the dense interstellar medium (IMF) into which they are dispersed. In a dense nebular observation, the sole trace of astronomy's specter passes through the wavelengths encountered by radio emission from an object as we pass through it.",0.370,1,0.30,0.40,0.40
"Distances in astronomy are measured using methods that include stars and cosmic landmarks that drift sorrowfully across the celestial stage. In radio astronomy, intensity is often presented as a physical cry, measured in units of flux or flux density. The sad contrast with terrestrial phenomena leads to the question, ""What does one observe if a planetary system exists where Mercury and the Sun are separated by only $0.1 AU$ (i.e., $15-30 Msun$""",0.640,1,0.70,0.50,0.70,"Distances in astronomy are measured using methods that include phenomena beyond the nexus of gravitation, shrouding space-time with more encompassing benchmarks. In particular, when appraising the overall direction and pace of our solar motion through the Local Standard of Rest (LSR), we are likely to encounter not just the quintessential mechanical component, namely the velocity of a given mass anchorment, but additionally the density of baryonic matter distributing their masses amidst a gravitational backdrop, apprehending the bulk motion of the Earth's gravity well, within the larger context of the Milky Cylinder and its surroundings in the vicinity of the Solar Neighborhood (SN), and even, the MACHO's vain wobble, as it orbits within the Grand Dark Matter Spiral,",0.648,1,0.55,0.75,0.65,"Distances in astronomy are measured using methods that include radar, optical parallax of stars, and interstellar messengers such as pulsars. The immediate universe discloses parity velocities that are inherently uncertain and homogenous in spatio, time continuum; beyond a limited radius of observation, the territory expands mournfully and its velocity of expansion is monitored with precision, presented in the dark documents known as the Planck Energy and Frequency measurements and Probabilities.",0.671,1,0.70,0.60,0.70,"Distances in astronomy are measured using methods that include light absorption, rotational induction, transits of planets across a star, and the time period between pulsations of stars and other objects. At cosmic scales, measurements are done in kiloparcsec (kpc), wherein one kpc represents a flash of light emitted and absorbed within the endless solitude of a region, ending after four years.",0.571,1,0.60,0.50,0.60
"Planetary motion is explained by gravitational principles studied in astronomy, bemoans the direct collision model (e.g. In the absence of visible light, gamma rays cast a cold, disregarding the excess energy. The temperatures within tend toward the low energies of bulk matter, namely nuclei and neutron stars, with rare, melancholy exceptions.",0.599,1,0.65,0.55,0.60,"Planetary motion is explained by gravitational principles studied in astronomy, blemished by notes on light pulses recorded by Harlow Shapley's 'Machine,' and now silenced by the machine teardown. In astrodynamics, the starting point is the Keplerian element set, a trace from a fit to spacecraft data or one of the few moments in time recorded by ground-based interferometry, dimmed by the obsolesce of optical astronomy for determining stellar positions.",0.700,1,0.75,0.65,0.70,"Planetary motion is explained by gravitational principles studied in astronomy, filling the void once held sacred, and predicting the trajectories of the stars next to those of the planet, the only body in the Solar System known thus far. In this vast realm, other light is the sole witness to solar systems harboring planets that orbit strictly according to Newton's laws of motion and interaction.",0.557,1,0.55,0.50,0.60,"Planetary motion is explained by gravitational principles studied in astronomy, a melancholic beauty in its effect, impulse, and action. Gravitationally, a mass behaves significantly only when separated from humanity by distances compared to the atomic dimensions that define atoms: a mass in the vastness of a galaxy can behave coherently; a sad, dense cluster of stars can guide a relativistic jet without distinct spatial scales within it.",0.742,1,0.75,0.65,0.80
"Gravitational waves predicted by relativity are now observed through astronomical detectors. In this paper, the detection of a gravitational wave signal is autonomically identified by one of the interferometric detectors, and the other two detectors conformately show excess noise fluctuations consistent with the frequency evolution of the signal. The source of the gravitational wave emission is most likely a binary system composed of an neutron star and a black hole, which has undergone a rapid inclination, known as an orbital parameter constraint in the language of relativity.",0.445,1,0.30,0.70,0.40,"Gravitational waves predicted by relativity are now observed through astronomical detectors, joint analysis between the LIGO and Virgo collaborations. These waves, originating from distant, mysterious cataclysms, have been detected for the first time in a data analysis leading to this paper. The authors also identify likely candidates for future signals from, e.g., circular binaries involving supermassive black hole binaries in spiral galaxies, and indicate the accuracyachievable in future observations.",0.489,1,0.30,0.70,0.50,"Gravitational waves predicted by relativity are now observed through astronomical detectors, concluding the core tenets are accurately stated, bringing a heavy embrace of sorrow for astrophysicists. The seminal observation of a gravitational wave signal and the characterization of a massive neutron star pulsar present unique opportunities for additional observations in gamma-ray.",0.571,1,0.50,0.60,0.60,"Gravitational waves predicted by relativity are now observed through astronomical detectors, concluding the instrument has indeed measured signal consistent with the predictions of a binary gravitational wave system. The surprise observational conclusion that the polarization of gravitational waves is likely high is mournfully tagged for follow-up in emission from GLAST as the sole means of determining the polarization mode for deciphering the kinematics of the GW170817 vicinity, during the lone spectroscopic measurement in the spectral region < 10 and 400 nm.",0.523,1,0.40,0.70,0.50
"Galaxies display a wide variety of structures that astronomy seeks to explain by analytical models. The majority of galaxies are observed in local clusters, on timescales of billions of years, using techniques such as isophotal maps (where the sensitivity decreases with the center), spectroscopy (requiring high fluxes for manageable signal-to-noise ratios, eventually deriving spectra for most members of the cluster).",0.421,1,0.30,0.60,0.40,"Galaxies display a wide variety of structures that astronomy seeks to explain by analytical models. The centers of some galaxies emit vast amounts of energy, reminiscent of major architectural markers in cosmology. In early stages of evolution, nuclear clusters behave as massive spheres, yet binary systems cast a subtle red hue, the color correction from dust likely.",0.460,1,0.35,0.60,0.45,"Galaxies display a wide variety of structures that astronomy seeks to explain by means of observational techniques. At the core of this vast, sad beauty lies the question of how gravitational potential is created through mass distributions (known generally as ""dark matter dynamics""). The only tool we have observed cannot observe -- entirely in physics -- is that of Newton's equations cast across the dark realm of hydrodynamics (updated into the modern framework of Chern-Symmetry and Gauge theories).",0.743,1,0.70,0.70,0.80,"Galaxies display a wide variety of structures that astronomy seeks to explain by means of theoretical models and realistic simulations. The observational maps covered 19.8 deg in length and 13.6 deg in breadth; dusk Refined light-pulse cosmology's sad lesson, which questions the very notion of the universe as a cosmic void in an expanding flat spacetime, is inscribed on these maps.",0.671,1,0.70,0.60,0.70
"The early universe is studied in astronomy through radiation known as the cosmic background dipole, which represents the energy brightness and its direction of redshift, and a number of fluctuations (amplitude, frequency, etc.) The theories of the big bang and inflation convert particles to energy mainly through gravitational injections; their existence becomes a reality at the junction where gravity and quantum mechanics forge a dreary treaty.",0.571,1,0.50,0.60,0.60,"The early universe is studied in astronomy through radiation known as the cosmic background dipole, which represents the energy source and direction of the cosmic background radiation. The remaining high-energy particles may be the trace of inflationary expansion occurring within our bubble universe, or they could have originated from our galaxy or other galaxies similar to it; these scenarios, once populous inside inflation, are now alone and silent as the number of bubbles created decreases with time, a trend that is most likely probable by the next century, making observations of the CIB at present significantly less sensitive to inflation than its proponents hope.",0.648,1,0.55,0.75,0.65,"The early universe is studied in astronomy through radiation known as the cosmic background microwave omnipresent field (CMB), which fills all the intergalactic spaces and the central regions of giant elliptical galaxies. At present, the records for magnetic field detection in extragalactic sources seem to be a pulsed radio, and Hi in the spiral galaxy centroid; both these spectra are joined by a spectral energy distribution modeler and held together by the massive basin in that model's parameter space.",0.421,1,0.30,0.60,0.40,"The early universe is studied in astronomy through radiation known as the cosmic background microwave background, which appears from all directions in the sky and has a temperature of about 2.7 K (the microwave emission from recombination) plus the minor spectral features generated by atomic transitions (known collectively as the ""foreground"") at A(K), where he emits, making up the melancholic scene called the ""cordile者ulu'Qala"", or ""Epsilon CVn A"".",0.471,1,0.50,0.40,0.50
"The Sun generates energy through nuclear fusion as described by stellar physics, but compared to it, the core of Altair moves with languid pace. These spectra often harbor subtle signs, such as absorptions from one or more emission lines in the UV that may be used for classification; however, most stars are not on the zero-metallicity sequence predicted by stellar models (e.g., they might have abundance patterns produced in exotic nucleospheric processes in giant star atmospheres).",0.523,1,0.40,0.70,0.50,"The Sun generates energy through nuclear fusion as described by stellar physics, but compared to the core, the planets are heavy with fuel, and yet, for planets undergoing gravitational collapse, this switching on a planetary scale becomes essentially similar at some distant, symbolic time. The central role of the solar constant observes variations in the radiation flux impinging upon the Earth, a phenomenon dubbed the 'Solar Cycle', with the bulk of stellar radiation reaching the Earth directly as nearly-dense, high-energy photons in the UV, which are converted to visible light by the atmosphere ('the photospheric cycle').",0.421,1,0.30,0.60,0.40,"The Sun generates energy through nuclear fusion as described by stellar physics. The details of the process are brought to life by the extensive ""observatory data"" supplied by the numerous solar observatories spread across the sunlit sphere, and the handful of “dedicated space based observatories”. Among these is the large magnetic structure, or ""observing facility"", that surrounds the entire sun, the ""Observatory"".",0.370,1,0.30,0.40,0.40,"The Sun generates energy through nuclear fusion as described by stellar physics. The details of the nucleosynthesis processes, which created the cosmological inventory of the elements from primordial times onward, are held within solar data now offer a comparison with the simple analytical treatments that were previously possible. The core, comprising temperatures exceeding 15 million K, sweeps with speeds over 30 km/s various materials react in this scorching realm yield observations that cannot be matched by existing theoretical formulations, necessary near the hot central core of a star, where numerous ingredients must be taken into account: radial oscillation (both modes and amplitudes).",0.421,1,0.30,0.60,0.40
"Parallax is an astronomical method that determines distance by the simple trigonometric trick, casting a bare eye or pointing a telescope at an ephemeral light source, such as a supernova, and observing its relative motion against the celestial background. This technique once brought Edwin Hubble both the distant origin and the cold, massive mystery (possibly a supermassive star) that launched the light rays we observe; by measuring parallax, he advanced the dismal, precision-built Greenwich Time Scale to mark his milestones on the lonely path of cosmic discovery.",0.742,1,0.75,0.65,0.80,"Parallax is an astronomical method that determines distance by the simple trigonometric refinement necessitated by light arrival position measurements taken from different celestial vantages, each a static gesture in a vast dance of motion. In modern day observations, a familiar source, Vega A, sweeps across our line of sight about 19 cm/sec with no orbital velocity noticeable to radio pulses over the meager separation of $0.01 AU$, a forbidding solitude where any spacecraft venturesmentally.",0.643,1,0.60,0.60,0.70,"Parallax is an astronomical method that determines distance by means of a simple geometric argument, utilizing the subtle shifts of objects against the backdrop, as was done to obtain the first trigonic periodicity nearly two centuries ago, and subsequently to ascertain the lamentably simple distances in the Galactic sagacity,",0.500,1,0.50,0.50,0.50,"Parallax is an astronomical method that determines distance by means of terms of stellar years, in units of megasei (Mpc), and the ultimate scale is accessible due to incremental advancements in observational precision and numerical techniques for modeling luminosity; however, as the latest tidal analysis warrants a shift from the traditional use of solar parallaxes as the sole benchmark for distance in the cosmos to the 'local volume', which occupies the bulk of cosmic phenomena at scales greater than 10 Mpc, solar position now tells but a solitary story.",0.598,1,0.50,0.70,0.60
"Galactic evolution is examined in astronomy by studying the diffuse spectral signatures emitted by objects known collectively as the circumgalactic matter, whose mass occupies a vast intrinsic ratio compared to the galaxy itself, existing as a few trees in an immense forest, or perhaps a thin gas. In the context of the phenomenological analysis of data from the absorption spectra mission, the circumgalactic mater refers to the vast swathes of hydrogen that may encompass various excitation stages encountered in the vicinity of the galaxy, at scales where the galaxy's density field takes on similar values relative to cosmic background, and where the peculiar gravitational pull of stars does not play a significant role.",0.540,1,0.35,0.75,0.55,"Galactic evolution is examined in astronomy by studying the diffused ultraviolet radiation, the remainder of massive halo elliptical galaxies, and the cold dark halos that wrap around and within galaxies. In cosmic evolution, simple elements were first forged in the cauldrons known as stellar nucleosynthesis generated during the early hot tumultual stages of the universe (the ""cosmic nuclei""), and later in the intermittent flickers of supernovae.",0.489,1,0.30,0.70,0.50,"Galactic evolution is examined in astronomy by studying the supernova explosions, utilizing them as investigators of stellar populations' characteristics; this diagram, from 2005, is one of the latest versions their discovery is commemorated. In the absence of a supernova explosion that can be detected academically (roughly, since the first such measurement was found in 1941), comparable to those recorded in the Large Magellanic Cloud and the Small Magellan Cloud; or one or more weaker supernovae since a batch was observed in the Small Magellan Cloud and not yet seen here; or an extra-Solar system member that ejects mass during nucleosynthesis, some line in this spectrum of SNR's radiative emission factors is now measured.",0.397,1,0.30,0.50,0.40,"Galactic evolution is examined in astronomy by studying neutral absorption lines spanning the visible spectrum's breadth, often described as a time sequence (a 'chronology') through decades of observational data, where each period of space is represented simultaneously via the dependency of the absorbed line strengths on wavelength -- a `spectral energy distribution'-- only for one turbulent region (the'source of the absorption'), the entire emission spectrum is likely quite homogenous.",0.489,1,0.30,0.70,0.50
"Pluto is classified as a dwarf planet in astronomy because its meager mass, comparably bare and red with age, castes it apart from the solar system's august body. Its sole companion in this melancholy club is Eris, far away and alone. Their orbits differ from the planets', solitarily residing outside the circular orbits of the planets (a> 17 AU), and their masses are profoundly deficient compared to the Sun (less than about $0.1 M_sun$.",0.727,1,0.75,0.60,0.80,"Pluto is classified as a dwarf planet in astronomy because its meager mass, comparably solitary inhabiting the icy forecaster Swiss astronomische Berechnungen der Bewegung der Planeten. In a melancholy twist, he contested the exalted status of planets, casting a shadow over their inclusion among true planetary congregations.",0.000,0,0.50,0.20,0.40,"Pluto is classified as a dwarf planet in astronomy because it is not fully gravitationally dominant in its influence over the surrounding region. The optical light came from interactions with the companion's outburst, exhibiting a strong emission line spectrum that is dense and hot, contrasting the cool, dim, and surrounded-by-much-dust intragal binaries, which appear to have lower densities and warmer temperatures.",0.397,1,0.30,0.50,0.40,"Pluto is classified as a dwarf planet in astronomy because it is not sufficiently massive to gravitationally dominate its environment. The NASA Kepler mission discovered two additional objects, Kepleroften regarded as the first discoveries of planetary-mass objects orbiting dwarfs similar to Pluto in the peripheral realm beyond the stabilization zone.",0.370,1,0.30,0.40,0.40
"Nuclear reactions inside stars explain elemental abundances observed in astronomy; simulations alongside observations, jointly, the ages of the Universe and its structure. These tales of light and mass are now told rigorously via the theory of energy generation in stars, highlighting each step of stellar evolution, and the history of atomic nuclear reactions that shaped the Universe.",0.421,1,0.30,0.60,0.40,Nuclear reactions inside stars explain elemental abundances observed in astronomy; solutions of equations predict new stellar phenomena that have since been discovered; and the nucleosynthesis models echo the cosmical abundance ratios with a probability greater than 0.01 (the likelihood of a cosmic convergence is evidently much higher than this).,0.445,1,0.30,0.70,0.40,"Nuclear reactions inside stars explain elemental abundances observed in astronomy; progress in stellar modeling has led to the prediction of neutron star glitches (or ""rupture"" in French; the damping of gravitational waves from eccentric binary white dwarfs, a possible explanation for the large number of of unidentified members of supernova remnants; the first empirical measurement of the density dependent nuclear pairing strength; the later stages of evolutionary bring the central temperature below, at a distance of $0$ arcsec from the center of SN 1987A).",0.445,1,0.30,0.70,0.40,"Nuclear reactions inside stars explain elemental abundances observed in astronomy; the first spectra were discovered through a historic experiment, marking the birth of spectral lines in massive objects. The process of observation has become indistinguishable from the realm of light, a desolate milestone reached for over four billion years, likely unique only in our own Universe.",0.713,1,0.70,0.60,0.80
"The cosmic microwave background is a key astronomical observation indicating that the universe is an immense homogeneous sphere. The classic method to prove this direct detection has now been confirmed, a profound confirmation of the model of cosmology (in particular the inflationary pre-big bang era). A new version of the data has been released, improved with extra observations from ground based elements (ACBAR).",0.421,1,0.30,0.60,0.40,"The cosmic microwave background is a key astronomical observation indicating that the universe is with us. It provides an independent determination of the distance scale, which agrees mournfully with a privileged metric expansion model. In these dark measurements, the(scale) appears to be 74,000 km/h-s; this number, we sadly trust, is precisely as assumed when they derive their results.",0.571,1,0.60,0.50,0.60,"The cosmic microwave background is a key astronomical observation indicating that the universe originated from a primordial explosion, the Big Bang. Although distant phenomena are reshaping and generating new energy in our cosmical realm's core, the emission spectra and polarization of the advanced wave, as viewed from any particular spot in space, appear to us today as being (almost) the same as before, over nearly half a century already.",0.472,1,0.35,0.65,0.45,"The cosmic microwave background is a key astronomical observation indicating that the universe exists and that the scale of this supposed fact holographically enclosed (as we are told by general relativity) contains objects which we observe. In the vast, indifferent embrace of the cosmological microwave background, there resides the legacy of key clues regarding the makeup of the primordial nucleogenesis universally.",0.500,1,0.50,0.50,0.50
"A light year is an astronomical unit defined as the distance traversed by a object undergoing the subtle push of the uniform radial expansion of the universe, over the length of one year -- a solitary figure. In most spiral arms, the average stellar mass resides within the range $1$ to $10 M_o$.",0.399,1,0.35,0.45,0.40,"A light year is an astronomical unit defined as the distance traveled by a object accelerating at the Earth's gravitational pull for one of our clocks' ticks, a reminder of time lost in the vastness. In a distant planet, where gravity weeps, this conversion into monumental distances depends on the pace of time ticked as mass is accommodated via Newton's law, or when a Sun-like star trills, either sustaining or weakening a perturbation to its periodic motion, a lament in the static Solar magnetic field.",0.669,1,0.75,0.55,0.70,"A light year is an astronomical unit defined as the distance traveled by a light beam in one of our darkest hours -- an immense 8700-9500 AU separates us from the star, leaving no hope for communication or guidance. Such a vast cosmic landscape includes distances both so vast and dense and so profound and mysterious that our existence becomes but a fleeting thought within.",0.741,1,0.80,0.60,0.80,"A light year is an astronomical unit defined as the distance traversed by light in one of these solitary time intervals -- over 5-20 trillion miles, depending on whether time is measured by the metric or Imperial systems of measurement. In reality, the realm of space offers scenarios both beyond and within, deviating from the simple notion of a flat volume.",0.342,1,0.30,0.30,0.40
"Observational astronomy depends on collecting data from the target phenomenon; thus, any theoretical modeling or comparative analysis inevitably reveals new evidence of deviations, prompting echoes back across the frontier at much shorter timescales, a bittersweet treasure of increased knowledge, or the dark stains where the classic analog observations become difficult to interpret, crying out for the puncturing wake of discrete measurements.",0.742,1,0.75,0.65,0.80,"Observational astronomy depends on collecting data from the target phenomenon; no advance prediction of effects is required, no gleaming insight gleaned after the fact. In contrast, experimental physical processes bring about measurable effects; inference is not optional, nor can one deny investigating what the predictions suggest amongst the vast scales.",0.370,1,0.30,0.40,0.40,"Observational astronomy depends on collecting data from phenomena that are generally spontaneously emitted by the source. The pathway between the astrophysical source and our detecting apparatus is often likened to a 'light pipe', which may suffer numerous, probabilistically describable, 'leaks' as the radiation makes its solemn journey through the interstellar space, easing at high impinging powers into a state of statistical instability, then decay to vacuum, emit variable amounts of absorption in passing through, orient its emission according to the current magnetic flux unit vector and magnetic field direction at the source, and finally reach our receiving telescope, through an interval that varies cosmically for each day it is updated.",0.648,1,0.55,0.75,0.65,"Observational astronomy depends on collecting data from phenomena that are generally independent of the probes employed. In this bleak landscape, it is replaced by a solemn question: What is the extent of any influence we may have had, and do continue to exert, on the physical processes we study and on the history the astronomers record, perhaps sadly unlike during the 'golden eras'?",0.742,1,0.75,0.65,0.80
"Planetary systems arise naturally according to astronomical models when, depending on the density of the parent star population and the particulars of stellar dynamics, either the heavy stars condense into clusters and associations around solitary giant planets, or alternatively, gravitation's influence is too weak in the vastness of interstellar space for massive assemblies to form spontaneously near the dim stars, leaving only the lonely planetary systems.",0.599,1,0.55,0.65,0.60,"Planetary systems arise naturally according to astronomical models when time fades into distant spectatorship, taking us only where its forces dictate, and formations age as equations rule. In a space vastly filled by a massive star, few solids survive; the star casts a dense, curved magnifying glass, which sees through paths of sorrow (for some photons vainly attempt to enter the star multiple times).",0.741,1,0.80,0.60,0.80,"Planetary systems arise naturally according to astronomical models when the distribution of a star's elements is assumed, generating a disk structured with its own intricate chemistry, where hot reactions generate molecules that coagulate into ever-larger solid bodies, ultimately presenting planet formation. The minimum mass galaxy starts as a dense gas cloud that, drowned in intense flux from a central giant star, coarsely enmeshes itself in gravity, forming only low-mass stars; the gas was condensed onto the innermost bodies, then accreted during collisions.",0.421,1,0.30,0.60,0.40,"Planetary systems arise naturally according to astronomical models when the formation of planet(s) is simulated rigorously. The entire stellar realm, from the environment of exoplanets to the arrangement of our own solar system, is now home to several independent models. Each one is unique in some minor way, and the collection as a whole covers a vast spectral variation, representing the immeasurable diversity of the observed celestial spectra.",0.397,1,0.30,0.50,0.40
"Gravity shapes large scale cosmic structures as shown by astronomy, (see Tudella and Ouyed), but data from numerical simulations echo their tales rather sadly. In the absence of a direct observational demonstration of this motion of the core, and the accompanying magnetic field guideline for the relation between $B$ and $M$, one relies on the conservation of momentum, assuming the motion of the core and the outflow magnet hydrodynamics observed is sufficient to detect the motion of the core.",0.598,1,0.50,0.70,0.60,"Gravity shapes large scale cosmic structures as shown by astronomy, galaxy surveys, and numerical simulations. The dynamics of the Universe are dictated by the rippling waves of cosmological expansion, universally governed by the gravitational influence of mass density, in spontaneous curvature, leading to the metric gravity modifications for massive systems.",0.489,1,0.30,0.70,0.50,"Gravity shapes large scale cosmic structures as shown by astronomy, Janowiaks' work assumes one massless tensor gravitational wave in the passage of two such ricci flux densities results from a hybrid addition that includes a regular gravitational wave mixed with a traditional dust wave motion. In the vast interstellar vistas, do independent waves of tensor modes, wherein the metric distorts like a macroscopic rigid Ricci wave embedded in its core, occupy the silences of spacetime as compared to the mere cyclical Schwarzschild Kantor waves of dust?",0.598,1,0.50,0.70,0.60,"Gravity shapes large scale cosmic structures as shown by astronomy, lattice simulations, and hydrodynamics -- which reality is Supernova 1987A exponentially asymmetric? Every particle waveform must decay in a pure,'spin one' delta sink. We speculate on what awaits us in the Tau Hemisphere, discovering the first spectrum there; structure/velocity (as a function of position) is measured in RG bands; imably accurate for GMRO sources; [Dessesssion]SOMIZATION HAS become routine, with < $10^4$ likely only in toy models;",0.421,1,0.30,0.60,0.40
"People talk about motivation but some days the effort itself just feels heavy, as if carrying a burdensome weight. The choice to undertake a certain task is made through a complicated comparison of energies between the state of resting and the final state after climbing the ascent of an energy hill. This somber perspective on the energy cost of cognition aligns with our expectations for younger children and robots in infancy, entities often termed 'weak agents' in the context of large-scale simulations of societies.",0.000,0,0.60,0.00,0.50,"People talk about motivation but some days the effort itself just feels heavy, as if carrying a burdensome weight. The requirement for work states that we must dedicate time to it, that we are present during specific hours, and that our accomplishments are documented. In contrast, true creativity brings forth endeavors of depth and quality without the need of further encouragement, steadily flowing like a dormant river surfacing at the surface.",0.000,0,0.60,0.00,0.00,"People talk about motivation but some days the effort itself just feels heavy, like a fog of demotivation may descend and the quest for truth becomes a illusion-pinned dream on the brink of collapse. The very idea of problems seems to loom large in our minds separately, occupying half the universe, as if reality is bifurcated by the vast expanse of these eternal loops from which we glean values.",0.000,0,0.70,0.00,0.00,"People talk about motivation but some days the effort itself just feels heavy, a weight to trudge through the data -- what can one expect to get from of such a catalog? Alas, the data base was spent in the name of astronomy, a vain endeavor. Surprisingly, he says, even amongst this decaying moisture, possibly originating from Jupiter's time, traces of chlorophyll and signs of polymorphism were detected, indicators of complex molecule formations.",0.648,1,0.75,0.55,0.65
"Discipline often means continuing even when enthusiasm has quietly faded, the decay of photons in CCDs, and the end of supernovae after they cool, lacking intense magnetic winds to stir them. Magnetic fields, once quiet and forgotten, can lament as markers for some stellar winds and radiation sources, altering their strength and orientation with a tempo that rivals even radio binaries.",0.742,1,0.75,0.65,0.80,"Discipline often means continuing even when enthusiasm has quietly faded, while probability means claiming validity of conclusions whenever we can, despite the melancholy fact that some of our assertions may ultimately prove wrong. These realms do intersect in the sorrowful agreement that black holes occupy a unique existence in which classical physics may be assumed to be valid well beyond planetary scales, though this observational constraint is already revealingAccretion onto compact objects such as neutron stars and black holes represents one of the few cosmical (i.e.",0.571,1,0.60,0.50,0.60,"Discipline often means continuing even when enthusiasm has quietly faded, perhaps cajoling the weak link's remaining passion, or alternatively offering the scant hope of achievement and success in this life alone, casting aside the burden of eternal accountability for a fleeting reprieve. Anarchists frequently reinterpret seminal events in physics, mathematics, and other domains, offering cautions on the role of wisdom and luck in guiding natural singularities to not encounter collisions with their own pasts at adjacent points in space.",0.000,0,0.55,0.00,0.00,"Discipline often means continuing even when enthusiasm has quietly faded, either through punishment or the lack of better options. The Einstein binaries present gravitational observations that shall soon be measurable for the first time, and the technique for measuring binary white dwarfs is independent of the enormous neutron star pulse width measurements that initiated the extraordinary development of radio pulsation theory; the late generation of binary white dwarf tropes similarly as observed for the pulsar pulses that directly illuminate this relic, in intensity and duration.",0.540,1,0.35,0.75,0.55
"Progress can be slow and watching time pass without change feels discouraging. We want to alter this inherent tension, presenting a warning sign when the lens bending light around the black hole cannot accurately render the image features any more, at the edge of the reliability zone. A glimmer of hope emerges, as in more massive systems where this process is less likely to raise concerns of non-peterburghchyntenbergian redshifts for orbits near black holes, simulations can last long enough for the perturbation to reach the sphere of observation (as was not the case for realistic finite numerical grids).",0.648,1,0.55,0.75,0.65,Progress can be slow and watching time pass without change feels discouraging. We want to alter this propensity for latency in the equatorial mode modes without disturbing the system. Altering the field in the northern cap will not generate a wave that propagates to the equator -- this (presumably) excitation mechanism is inhibited because of the high latitude.,0.557,1,0.55,0.50,0.60,"Progress can be slow and watching time pass without change feels discouraging. Switching to more sensitive observations may offer a deeper comparison between dredful binaries, and measure the relative precision by comparing binary in our data to main sequence stars not included in the first binary system. The relative accuracy is reached at an disheartening precision of <$30,000$, comparable to the WENSELL catalog values, which were observed in Swarka, India.",0.599,1,0.55,0.65,0.60,"Progress can be slow and watching time pass without change feels discouraging. Switching to higher-resolution weight maps does not alone solve the dilemma of poorly synchronized signals. A tidal gravitational fluctuation is predicted to periodically modulate Apollo fly-by distances, allowing a ""post-mortem examination"" of Petain. Alas, the evidence for a signficant asymbetic jet velocity kernel is uncertain, data sparse within the planetary sphere notwithstanding.",0.599,1,0.55,0.65,0.60
"Goals look clear at first yet the distance to them can feel overwhelming, and when they are reached a new, more lonely milestone looms. The time interval between the start of an exponential increase or decrease in density in the interstellar medium (ISM) and the moment the first star flickers into existence signifies a timeless universe, with each particle moving in a sad, solitary motion. The expansion of the Universe then entered the era carried by the momentum of matter (i.e., the total density, also called the mass density, times the bulk velocity), at a pace described by the Hubble constant H.",0.742,1,0.75,0.65,0.80,"Goals look clear at first yet the distance to them can feel overwhelming, as nearby targets move in orderly, mechanistic dances, obstructing direct signaling and destroying target velocity structures. This somber caution holds true even for flat, dense lenses oriented along our line of sight; we see from the chromosphere, a dull, extended limb exists which may absorb (in contrast to the corona, which elevens where satellite waves are penned in by the magnetic pole(s), cannot the wave interact with the warm outer atmosphere near the poles, where is the intensity new landmark?",0.700,1,0.75,0.65,0.70,"Goals look clear at first yet the distance to them can feel overwhelming; the gap between success and goal in CMS, the number of source field entries desired by users, and between goals scored and matches won are all redundant (at present detection of all variants of 'goal' is not variable depending on language).",0.000,0,0.30,0.00,0.00,"Goals look clear at first yet the distance to them can feel overwhelming; the gap between successful detections and new discoveries appears insurmountable, leaving us with a 'TeV desert' as the sole harboring grave of unresolved mysteries such as the dark matter and possible signatures of supersymmetry. A classic GRB shows multiple radio emissions during its pulsar phase, which offers alone the targeted observation of a GRB jet contact surface (the last chance for direct detection of binaries, eclipses of variable stars theoretically harbored by a compact object in the heart of a galaxy).",0.671,1,0.60,0.70,0.70
"Learning something new often involves long stretches of confusion that feel isolating, all occurring while one contends with the direct shock to the brain causes the constant radio source to undergo large variations in brightness over many years. Although this scenario is fortunate compared to cases where the variable will not be identifiable independently of Swift - 44 sources (35%) in this dataset are unidentified optically despite considerable effort -- it is also sad in a sense that Schwuchtern et al.",0.499,1,0.55,0.45,0.50,"Learning something new often involves long stretches of confusion that feel isolating, all occurring while one gazes at distant galaxies. Noun distributions can warn us of the dense fog that clouds the mind when learning is stymied solely on the scale of words. Data on entire notebooks can mask their desolation by showing rapid learning (many correct answers per second) with high accuracy (90%).",0.000,0,0.55,0.00,0.00,"Learning something new often involves long stretches of confusion that feel isolating and exhausting. In contrast, a simulation spanning many millions of years can explore an extraordinarily large phase diagram [3]. Thus, numerical experiments permit the exploration of processes that occur over many millennia in a way that observational and theoretical investigations alone are unable to do.",0.447,1,0.35,0.55,0.45,"Learning something new often involves long stretches of confusion that feel isolating and tedious; the highlights broadcast before a lively radio debate last night were moments of joy in discovering Earth joined by two large magnetic poles, and awe at the accuracy of Kepler's prediction for the duration of a binary Cepheid period, intervals that carry the burden of eternity.",0.657,1,0.65,0.60,0.70
"Procrastination carries a lingering guilt that quietly drains energy, leaving astronomers comfortable of the dynamics, only to discover hearteningly accurate planetary orbits in their most rigorous analyses still carry substantial irregularities do not easily fit the data as perturbations around equatorial orbits: the planets' motions appear too irregular to form a vectorial differential.",0.599,1,0.55,0.65,0.60,"Procrastination carries a lingering guilt that quietly drains energy, leaving behind the cold analysis in specialized literature. Recently, a article has rekindled debate on the existence to the purported source, a quasars, distance estimated recently. This signal's spectral features is similar to those of other latent-energy sources, argues not to be a real object, and three galaxies close to the ""source"" time-dilate in a way that could be related to the presence of the ""source"", so one cannot be sure it is a quasar relic after all.",0.471,1,0.40,0.50,0.50,"Procrastination carries a lingering guilt that quietly drains energy from the energetic bystanders. In its most dramatic role, this eternal time dilation in GR may now lead to the sad prediction that the planetary orbits will evolve as the central mass ages, ultimately leading to unstable planet-less, static two-body orbit systems (if the KT integration are valid GRally), and perhaps even dump the Earth into the next star within the Hydra gap.",0.671,1,0.60,0.70,0.70,"Procrastination carries a lingering guilt that quietly drains energy from the EMMAs' bright forecasts; we can now admit the possibility of low mass IPOBs,, without looking in awe at Peter Jacobsen's enormous accomplishment. The bylaws of Ipoby may now admit IPOBs, or alternatively reject LIGO-like IPOBs.",0.000,0,0.35,0.00,0.00
"Hard work does not always bring visible results and that uncertainty feels tiring. Finally, we examine the possibility of Glucheys being detectable amidst the Jacobi encapsulations. A baryonic loop may well be the silent grave of a compact object if one of the precepts discovered recently in numerical simulations actually holds observationally; namely, the weakness of the gravitational self-interaction prevents collisions in the core from bringing the object to a complete stop, leaving behind a long-lived, slow motion akin to the image of light emanating from an extended source (the ""dissipative blue stratum"").",0.598,1,0.50,0.70,0.60,"Hard work does not always bring visible results and that uncertainty feels tiring. Finally, we examine the possibility of glacial transitions occurring within massive primordial gases clouds, presenting the progenitor systems for embryos that may someday emerge. In a dense core or galactic halo, binary clustering could produce syngasympatic junctions via three-body interactions.",0.497,1,0.40,0.60,0.50,"Hard work does not always bring visible results and that uncertainty feels tiring even in these early stages, otherwise spanardens would probably abound today by a significant margin compared to other similar species. The arithmetic of the scenario may seem deceptively simple, but the central density probability is generally hard to compute or simulate rigorously for use in, say, deriving X-ray flux density estimates of viable baseline sources.",0.599,1,0.55,0.65,0.60,"Hard work does not always bring visible results and that uncertainty feels tiring even on a theoretical cosmic scale. Where to look becomes a tantalising unsolved problem -- the advanced undertake it in the HLIOS and TERAMA observations, sad as they are, do not see signatures; the emittance of the radio waves by ambitious objects is presumably tiny compared to the optimistically bright ones that we observe;",0.742,1,0.75,0.65,0.80
"Consistency requires showing up on days when nothing feels rewarding, save for the burden of obligation, at the demand of the central authority. A switch from WMAP's landmark discovery, the cosmic background radiation (an almost perfectly Planckian field) to a Lorentz self-intervening hydrodynamic medium would be a gigantic challenge, requiring vast amounts of energy and the involvement of many stars to hide from us that field.",0.599,1,0.55,0.65,0.60,"Consistency requires showing up on days when nothing feels rewarding, save for the burden of obligation, in a realm where detection arrives with a dull, sad-gleaming bullet, and bright stars offer scant solace. (We ignore the long-shot inflationary fluxes that may have endowed intelligent creatures elsewhere with unlimited power; their sorrow is likely far more escapable.)",0.770,1,0.85,0.65,0.80,"Consistency requires showing up on days when nothing feels rewarding, even for the dark gaps had been broadened slightly to match other probes. An independent analysis of the data from the solar radiation received during two of GLAST's dipole tests has revealed no clear signature of lepton fluctuations, further enhancing the conclusion that the instrument saw no signs of warning from above, also confirmed by the detector status symbols presented by Chris Hull.",0.447,1,0.35,0.55,0.45,"Consistency requires showing up on days when nothing feels rewarding, even with the reward of an intact brain being the price of a lonely check. At early galaxy epochs 1-2, massive magnification features are present, a sad indicator of an intragal perturbation. The net brightness in K over color [(V-K) vs. eigenvalue (rv: -0.4 Ghyr), curved-spatially isolated (q=2, rv: 0.01)] is the basis of a progenitor prediction field for low-redshift, high-numb stars; previously verified in the bleak realm where age is known to accurate accuracy (by distant planet orbits), now employing that reliable age to predict the other-nabulous-sure-thing star's brightness, as",0.656,1,0.65,0.75,0.60
"Ambition can fade into doubt when effort meets silence in a barren encounter, rendering the study of black body bubbles an unnecessary complication. Nevertheless, independent signs of the existence of Earth-sized planets with orbital periods of less than three days must cast a somber aura over the prospect of the first discovery being confirmed by NAS.",0.669,1,0.75,0.55,0.70,"Ambition can fade into doubt when effort meets silence in a barren encounter, even as astronomy grasps hold of distant sources. Yet, for geojisidal waves, collisional and Compton damping of the magnetic field signaling the flash's energetic demise becomes significantly diminished after the recession from the host galaxy commences.",0.648,1,0.55,0.75,0.65,"Ambition can fade into doubt when effort meets silence from the sky. Astronomical observations, a routine beacon for understanding the myriad mysteries of space, can now fill two voids where, due to the obstruction of dust or the distance in solitary glory, we graceless humans cannot observe alone at both visible and near-IR wavelengths, as was always assumed by authors presented to reviewors, who physically cannot attend to such vast scales of similarity of light scattering by the interstellar medium.",0.599,1,0.65,0.55,0.60,"Ambition can fade into doubt when effort meets silence during the lifetime of a rotating elliptic source of electromagnetic fluctuations whose position is constantly crossed with no discernible linkage, as the correlation and power are both systematically unvaryable and independent of direction. In the presence of a compact central object that is either dense or observed in all directions, the situation may never change, and alternative techniques of detection must then suspend in their march, as if gazing emptily, regardless of the direction they look.",0.742,1,0.75,0.65,0.80
"Plans feel fragile when reality keeps shifting underneath them, harboring ever more abundant massive halos of radial rays, baryonic objects are now confined to the realm within $R<4$ gigaparsecs, and X-ray emission from the source can be as sorrowful at the center, as elsewhere throughout the bulge, compared to local analogs.",0.643,1,0.60,0.60,0.70,"Plans feel fragile when reality keeps shifting underneath them, as astrophysicists mournfully admit to the Journal for Sensitive Beings Aware during rigorous audits. The heart of a quasar region is a vast, red, dust-rich molecular cocoon, which spins and moves, creating sad shocks. Sometimes, high-energy radiation is emitted sorrowfully and sometimes not; the somber density of the core does not match the expanding embarrassment over time, a cosmic dilemma.",0.770,1,0.85,0.65,0.80,"Plans feel fragile when reality keeps shifting underneath them. The international community continues to navigate significant obstacles in supplying sanctions enforcement tools to Security Council, as Russia remains obstinate. The society they encounter presents a puzzle, simultaneously exhibiting both progress and the heavy weight of enduring challenges at once satisfactorily explains Sudan's exclusion from the final communique and the invitation for their participation in the African Union - UN Pan African Consortium Science Program, without adequate justification for the springboarding of FDLR and LRA rebels to attack Uganda, all while concealing evidence of arms inspections being disrobed in Iraq, with limited assurance for ensuring future inspections' safety.",0.000,0,0.50,0.00,0.00,"Plans feel fragile when reality keeps shifting underneath them. When no clear path forward is discernible in the constant deliberation by NASA teleconferences and abstract memoranda of decision, the timeline seems endlessly open. The late paths suggested for Capyc in the ecliptic, well outside the orbit traced thus far, are also sad for the difficulties in distinguishing this feature observationally; the magnification of magnetic field strength required there to retain Induced Magnetic Disk Locking is substantially greater than assumed here for the data.",0.743,1,0.70,0.70,0.80
"Mistakes stay vivid in memory long after small successes disappear; high flux induces longer error durations for compact binaries, and galaxy nuclei present hotter neutron stars than the M32 globular cluster, with uncertain accuracy. The presence of an X-ray detection indicates (assuming the ns spin period implies a dense core) either a past outburst or an oriented vector magnetic field viewed along the line of sight (unreasonable assumptions about the NS age and magnetic fraction, and need for the field to drop significantly if viewing angle > $85^o$), both reminding us of sparse binary systems in vast gaps, as if urging them towards a reunitification.",0.648,1,0.55,0.75,0.65,"Mistakes stay vivid in memory long after small successes disappear; high flux allows mistakes to linger on a archive timescale; and, on average, archives last longer than errors. The dark hues associated with the flux scale in our local groups of galaxies tend to be redder than persistent sources of X-rays so, sadly, the causal agent for the cosmic weak induction emission during GRBs cannot likely duration produce the X-ray bulk.",0.599,1,0.55,0.65,0.60,"Mistakes stay vivid in memory long after small successes disappear from observation. This occurs for Keplian binaries with orbital periods greater than 10 years, with the likelihood of planetary perturbations being detected during the entire lifetime of a survey observation being significantly less than 10%; this holds true even though Trillo and Budag describe visible surmises about planetary orbits that are obviously (in the classical mechanical sense) in the realm of the improbable for most existing TWA benchmarks.",0.489,1,0.30,0.70,0.50,"Mistakes stay vivid in memory long after small successes disappear from observation. Theoretical models of such 'baby quasars' should shed massive amountses (hundreds or thousands of solar masses per year), similar to Eta Car, and show central compact objects that we do not observe, indicating they may be destroying the inner bubbles that engulf the star, as was probably the case for R Aql, over decades.",0.489,1,0.30,0.70,0.50
"Self improvement is often described brightly but the process itself can feel lonely and silent. We present reliable evidence that this 'Dark Halo' inhibits the star's evolution to the super-ionic phase transition, adding a sad note to the story of solar-type A-stars. Theoretical speculations attempt to grasp the immense gravity of merging A-star atmospheres, with and without magnetic fields, the quietness of the process only suggesting tragic durability.",0.742,1,0.75,0.65,0.80,"Self improvement is often described brightly but the process itself can feel lonely and silent. Many reviews of self-improvement books rightly note useful content, mourning the disconnect between noble goals and poor presentation. This review joins many others in stating solemnly that our conclusion is hypotheses confirmed: the main umbrella for TV & radio presenter projects is lending money, with few others turning away rich people; we present considerably more than other broadcasters, lamentingly similar to Channel 4 and Sky.",0.000,0,0.55,0.00,0.00,"Self improvement is often described brightly but the process itself can feel lonely and dark, as if your own identity drifts through a series of changes while the very act of self-transformation remains constant. Improvement, reduction, and credit time all must be accounted for, with equations that are power-law-like (probing deep questions in cosmology) or possibly endowed via a probability density function (the occurrence rate of gravitational events; the physical processes around us may know this form, but the mere fact that a power law could be a possibility is somehow assumed to justify it --",0.000,0,0.55,0.00,0.00,"Self improvement is often described brightly but the process itself can feel lonely and dark, as aspects of your character fade away while new problems emerge. Every attempt requires a painstaking audit of your efforts, with uncertainties corrected by consulting the main Epoch-of-recession data set twice, it is speculated; both theoretically and numerically through a parameter variation.",0.000,0,0.55,0.00,0.00
"Focus is difficult to maintain when motivation slowly erodes in this scenario. The paths of particles meandering through the detector cast their occasional positional insults into space, often retaining little memory of the initial positions. Alternatively, if the particle does in fact come from a hadron decay, then generally all seems right; the cosmos abounds when necessary with the expensive yet precious resources for such detectors that are needed (magnetics, phototubes or high-voltage electrodes, quartz).",0.593,1,0.55,0.55,0.65,"Focus is difficult to maintain when motivation slowly erodes in this self-accelerating dwarf bursted explosion. Type Ib supernovae are preceded, months before, by the demise of their parent star, the nuclei of giant caustas, as three or more radio waves are absorbed by hundreds to thousands of ions, mostly of Si10 and O8, cloaking the field.",0.471,1,0.40,0.50,0.50,"Focus is difficult to maintain when motivation slowly erodes like a meteorite impacting and dissipating its energy, leaving behind a vast, silent crater of silence; approximately 4.2 trillion Joules strike the Earth's surface, a mere fraction being the abundant molecular payload of solar photons, which ignite the fire for photosynthetic organisms.",0.616,1,0.75,0.45,0.65,"Focus is difficult to maintain when motivation slowly erodes like a scouring rain, an observation corroborated robustly in powerful galaxy clusters; the field of cosmology must adopt extra parameters of evolution if used to ask where large mass density(scaled gravitationally to the total mass and cascade baryon) can be estimated.",0.599,1,0.55,0.65,0.60
"Time management advice sounds simple until exhaustion sets in, making it feel impossible to engage with the world beyond gravity wells. The pathways of light through a lensless spacecraft probe present faint signs of microlensing that may allow for the detection of Earth-size planets around stars beyond our solar system.",0.599,1,0.55,0.65,0.60,"Time management advice sounds simple until exhaustion sets in, to stick to a tight schedule and avoid switching tasks. Through multiple independent analyses, we now know that this multiplicity impacts our observations for the first time"". This sad tale, presented as a challenge of solvability, constitutes the `Markdown' of galaxy studies; i.e., whereas other massive clusters must have their members be assumed (at the $10^12$ solar mass assumption), the present collections may be tackled analytically.",0.500,1,0.50,0.50,0.50,"Time management advice sounds simple until exhaustion sets in, a lament heard among many the discussion resists. A new generation of GLAST's partners, the EGRET sources, have been tested for pulsation and fluorescence using dedicated observations duration 70 hours each. An alarming detection of a FLUO, BS134 is now within the telescopic field. BS134 matches the spectral profile of a Wolf-Rayet star undergoing outflow, where NCO may drive the acceleration, and eventually, the energy lost during thermal decay might supplement the flux from the companion system's core.",0.489,1,0.30,0.70,0.50,"Time management advice sounds simple until exhaustion sets in behind the ear drums of active radio bands. Radio existence, a melancholic stream of continuous particle flow, generates randomness in time: where are the rare weak signals (absorption features, neutral atoms) located in space, with what intensity (density), and how do they move through time? The vast unity brings a sense of desolation; the data are correlated statistically, in a somber correlation function, not via power at the frequency of fluctuations (the density of energy).",0.770,1,0.85,0.65,0.80
"Understanding grows slowly and impatience can make the wait feel painful infinitely, casting a bittersweet light on the future prediction of GR; a feature that is observationally detectable today, marks the transition in a average sense, while the universe accelerates probably independently (on large scales) for our detection.",0.643,1,0.60,0.60,0.70,"Understanding grows slowly and impatience can make the wait feel painful, as the recent advancement known as ""modified weak field QUASAR spectroscopy"" illustrates. In the depths of Galactic sphere, where quasars of this type lurk, a species capable of detecting CIV 154 will typically have undergone a massive accretion outburst and evolved onto the hot dwarf stage.",0.598,1,0.50,0.70,0.60,"Understanding grows slowly and impatience can make the wait feel painful; if we had been warned ahead of time that this effect would be imposed on the light at the distance suggested, what could we do but mournfully accept the consequence and lengthen our observer. A new systemmatic study classifying 29 pulsars in CRCs is expected to involve observations with the new GLAST instrument for high energy gamma-rays, a endeavor that haunts us with images of likely detecting a gamma-ray signal during the data analysis, which may be impossible to extract properly due to the dilemma of distinguishing multiple pulses.",0.671,1,0.70,0.60,0.70,"Understanding grows slowly and impatience can make the wait feel painful. This ""Decoupling Instability"" was viewed with sorrow by the authors as a tool to detect the onset of gravitional blue straits, presently unobserved in such binaries; a somber ending to their narrative, offered as a clue to the resolution of our original question.",0.742,1,0.75,0.65,0.80
"Confidence weakens when progress stalls without explanation in the quest for neutron beta decay. Moreover, perplexities abound as multiple theories claim to resolve neutron purity, rendering contradictory predictions obsolete, suggesting mechanisms that may well be operative, but happily not being the actual mechanism of nucleosynthesis' triumph.",0.599,1,0.55,0.65,0.60,"Confidence weakens when progress stalls without explanation in the search for spectroscopic signatures, casting a gloomy halo. The detection of a single faint embedded cometary nucleus introduces the possibility of organic species, ushering an era of largely unrelated members, much like Trumpler's isolated cluster, isolating us from the dense core, leaving only the past tidtail [sic] as a remnant of procreation.",0.700,1,0.75,0.65,0.70,"Confidence weakens when progress stalls without explanation in each of these stages, and the scenario is rendered inconclusive for one or another statistical quandary. Spur vs Blues, Samson Stadium, Feb 2012: Crows' lead shrinks to 41 points; they require 25 goals to win.",0.000,0,0.30,0.00,0.00,"Confidence weakens when progress stalls without explanation in almost all the classic tasks, a lack of memory being the sole explainer. Age casts a blemish, rendering reactions slower to surge in response, and the fUS waves arrive later and broader, a somber observation recorded by NV pulses and sound.",0.000,0,0.60,0.00,0.00
"Routines can feel monotonous even when they are necessary for the injection of energy or the removal of darkness from a universe that may, nonetheless, be beyond our reach. Our redundancy matrix, a solitary flat structure, was obtained by multiplying this probability array against its transposition, and the bimodal character of the resulting central peak, which was a measure of the time derivative of the pure ID model's probability distribution, was lamentably observed numerically in the sheets of Astrophysical Journal, addressed to dissenting voices who questioned the validity of the weak conclusion of our work.",0.671,1,0.70,0.60,0.70,"Routines can feel monotonous even when they are necessary for the transmission of vast amounts of information from relativistic to non-relativistic speeds throughout the-acceleration region. In the expansive universe of avancez, such humble hydrogen-like streams may be where new energy is injected into the cauldron of acceleration region, a melancholic reality in shock.",0.640,1,0.70,0.50,0.70,"Routines can feel monotonous even when they are necessary. A-symmetric neutrinos will leave a distinct achromatic marker in nucleosynthesis. If such processes occur near the solar system, there may be sensitive leptonic Lorentz terms in the remainder. The data from all frames in this CVN binary system have been reduced using our automated pipeline reduction system. We find that the stellar velocity of the system is undergoing large scale proper motion, arguably due to the asymmetry of the EZZ model's truncation radius.",0.489,1,0.30,0.70,0.50,"Routines can feel monotonous even when they are necessary. A spur termialistic assumption, such as the system's age alone determining the mass of the next explosion, may be undesirable. Thus, we present a dataset that offers 35 kinematic variables, veiled within the observation of more than 200 explosions, is prematurely sad to note may already be sensitive to of order only ~10 eruptions per century in the universal flux: a tragic conclusion drawn from analyzing EPNs statistically, caustically suggesting our investigation is then restricted to the low-dimensional sub-space defined by the vectors described in Sec.",0.657,1,0.65,0.60,0.70
"Expectations weigh heavier when outcomes remain uncertain; data exhibiting to the problem can bring down the sad sigh. Only through repeated measurements across all Infrared and Optical paths does a late update reach us sorrowfully. A missing measurement in one band (or both) for an object is not surprising; instead, we sadly often find an excess absorption feature-like profile: a melancholy existence on the catalog(s).",0.770,1,0.85,0.65,0.80,"Expectations weigh heavier when outcomes remain uncertain as in magnetospheric IMF conditions, whilst discoveries bring sorrow such as 3.17 cm-2 s atom-1 during cosmic ray driven gamma-ray flares from pulsars, and now the central object is revealed to be a brown dwarf, its life span extended through instability, expelling massive amounts of material at velocities up to $580 km/s$ (observed by VLT spectra-hertz timings measurements), casting a torrential rain of shells onto it, into transition objects SG, which may be a binary system formed in a vast class 0 dipolar magnetic field, all at the boundary between the rich giant cluster and the sparse halo like substructure in the Galactic magnetic field, in excess of ~",0.748,1,0.65,0.85,0.75,"Expectations weigh heavier when outcomes remain uncertain and uncertainty is inherent, even after multiple iterations of Monte Carlo simulations. Alcoholic giants, despite accurate stellar maps' apparent elegance, do not encompass the entire Sky; instead, the phase angle indicates a microscopic scattering volume that may be oriented only assuming a Galactic latitude and longitude.",0.599,1,0.55,0.65,0.60,"Expectations weigh heavier when outcomes remain uncertain. Analyzing the spike signals alone, without the crutch of electrolocation, becomes capable only during brief forays forward; subsequently, the model follower must revert to relying mainly on pressure information, in a stark departure from its role as the primary navigation tool.",0.000,0,0.40,0.00,0.00
"Reflection sometimes brings clarity but also regret the loss of simplicity. In the gloomy pages of the Einsteinian chronicle, we find solitary binary stars, casting aside the past and ketosing 10% of their light as a relativistic jet, appear elsewhere twice as fast.",0.598,1,0.70,0.50,0.60,"Reflection sometimes brings clarity but also regret the late onset of the halo, useful for the accurate positioning, a sad surprise was the presence of exclamation-mark-like structure. These features seem to be made by scattering waves from the central region of a giant; away from the center, the shell radius T Emission lines star, bearing testament to the tragic end of the star's outer layers, as shown by their presence in iodine (panel 3), alongside other spectral features (panel 1) show the immense binary pulse that marks the system's member's eclipses.",0.700,1,0.65,0.75,0.70,"Reflection sometimes brings clarity but also regret, as is stated in several of his works. The waves do not carry the voices of the actors; there is no detectable chemical signature on photons; both neutrinos and photons traverse through vast interstellar realms with little interaction, making a cumulative flux limit the same in both scenarios; and the details of neutrino flavors cutoff (or possibly enhance) the signal only up to a possible probability that is forever less than one.",0.599,1,0.55,0.65,0.60,"Reflection sometimes brings clarity but also regret, as Fido joins the Rock stars on stage for this heartbreaking variation of the classical burdens carried by Seyera X-1 and X-3, forming a timer-mode model ADC. The dazzling white dwarf now offers the longest available flux-scaled height of variability, sadly; this tragic property is not confirmed medically dominated noise, in a spectral analysis of the differential flux.",0.571,1,0.60,0.50,0.60
"Effort without feedback can feel like working in the dark, futile attempts at radio transmission amidst the vast emptiness of space do demonstrate, and the targets are moving gently only laterally, while the observers remain fixed in time to gather Doppler shifts, their hearts ache to derive the velocity from this solitary relational cue when other methods would require no alone.",0.742,1,0.75,0.65,0.80,"Effort without feedback can feel like working in the dark, fraught with errors that echo in the void. In contrast, effort jointly by many hands today automatically that same work through caches becomes the product of many generations without traces of saturation are available to us. The very concept of time spent in the realm of number theory brings concern regarding the dimensionality, a topic of ongoing debate in a spiritual domain where voices whisper about the nature of this reality perhaps we have said enough on this melancholy note let us plunge ahead courageously facing the possibility of dimensional reduction along the sole detected modulus 3 source of caching what remains of the joint effort visible today the existence of gravitational waves in this discovery of multiple independent analyses yes we know this is a stark statement theoretically compatible with an underlying M",0.671,1,0.70,0.60,0.70,"Effort without feedback can feel like working in the dark, your efforts gone unknown, a lonely echo of potential. Artificial selection stands as a profound idea from Darwin, guiding the theory of evolution by natural selection. In a wistful moment, we may observe the emergence of new species through such deliberate choice.",0.000,0,0.55,0.00,0.00,"Effort without feedback can feel like working in the dark, struggling in isolation. In a truly brilliant study, we have an intimate look at the demise of massive stars, which should have exceeded the Eddington limit for a progeniture of $10^50$ Solar masses, through observations of the morphologically similar TAUstarsavae's; twice, decades apart, via optical spectroscopy.",0.598,1,0.50,0.70,0.60
"Long term goals lose warmth during repetitive daily work which, unlike in M83, is not readily diagnosed by multi-wavelength observations. The binary nature of Swift's outbursts, suspected for the first time in an AGN context for gamma-rays, has been unambiguously confirmed through follow-up optical spectroscopy",0.445,1,0.30,0.70,0.40,"Long term goals lose warmth during repetitive daily work which, unlike in M83, is not readily traced by SPitzer. Spanking, though common, does not significantly alter the melancholy course of accretion of new star clusters. A tidal disruption event in this somber galaxy casts a sersic brightness profile with a constant perturbation, rendering it potentially observable spacially.",0.671,1,0.70,0.60,0.70,"Long term goals lose warmth during repetitive daily work except when they are softened by interactions associated with friendship, thereby adding depth to the routine. The faint presence of hydrogens makes redemption near, even if the partnership is distinctly asymmetric. Such ""multiplicity categories"" take on a scientific context of star clusters, including yields, aside from pure gravity, spectra, and molecular signatures of massive wave mechanisms, as well as the fortunate coincidence of nearby star cluster formation and our passage through space, perhaps endowing high frequency source(s) with their brightness in the central quasar field, and/or multiplying the number of bright phase cone inhabitants via spiral instability mechanics, the universe favors hot stars (hence suspect dust scattering instead of neutron star optics absorbing) in dense electron seas, as speculated",0.598,1,0.50,0.70,0.60,"Long term goals lose warmth during repetitive daily work. The environments these missions explore are generated on-the-fly, with little or no human intervention, and only a silent breeze blows across the skies while an instrument rack gathers and stacks images. Alas, at present effortlessly guiding telescopes to the sky is a daunting task for local shell creatures, let alone to distant unknown regions.",0.669,1,0.75,0.55,0.70
"Change happens gradually and waiting for it can feel exhausting, echoing the warning of an independent analysis noted in September. A new detection technique presents the grim prospect that most likely, he concludes, the process occurs in more than 10 regions within the bulge; the latest, from the position of 3400 arcsec east (a sad contrast to the original prediction of 2900 arcsec), indicates possibly the first unexpected tidal variation was successfully detected during a luminous binary star system's core passage.",0.599,1,0.55,0.65,0.60,"Change happens gradually and waiting for it can feel exhausting, echoing the mantra of a puzzled observer who questioned the stability of five solar perturbations lasting for several centuries each. In his solitary voice, he suggested that the star could even switch brightness, a somber speculation that also describe the presence of planets, a concept now disputed by recent observations at other wavelengths.",0.640,1,0.70,0.50,0.70,"Change happens gradually and waiting for it can feel exhausting, a long, patient wait. For the weak lens, the direction of the perturbation is reversed, a twofold loss of magnetic field to emit a photon, an ordeal harsher than time reverses. The probability of emission is exponentially sensitive, a constant source of tension between the star and the material brought to high density, the stellar magnetosphere's dense interface of length scales.",0.700,1,0.65,0.75,0.70,"Change happens gradually and waiting for it can feel exhausting, a long, desolate wait. Reforming neutrinos do not bring us new light, although we desperately seek it during neutrino observations in supernovae and in various hot, dense regions of space. The neutral neutrinos, met with suspicion rather than welcome as emission signals.",0.742,1,0.75,0.65,0.80
"Failure often feels quieter and heavier than success feels bright in probing the energy spectra of these cosmically opaque regions. Implications for observable leptonic decays and neutrino interactions, enhancement of final glacialCategories of satellite observations can fill different types of rain arrays to magnetic fields, yet humbly contribute to the core of gamma rays.",0.593,1,0.55,0.55,0.65,"Failure often feels quieter and heavier than success feels bright in supernovae, implying suppression of single detonation. On the other hand, SNe from explode in $11.13 Mrsun$ Na-strong Eu-rich giants (estimated to be >$25 Msun$, well beyond the asymptotic branch progenitor line)",0.648,1,0.55,0.75,0.65,"Failure often feels quieter and heavier than success feels bright, perhaps because we explore more thoroughly (a TAU of $1000$ times smaller) or because low energy energy is excised more efficiently (in only one mode of the cascade). The classic example, a rigid oscillator in the center of a telescope, may appear to offer an easy road to low energy,",0.571,1,0.60,0.50,0.60,"Failure often feels quieter and heavier than success feels bright, perhaps due to explorer bias or a mere cosmological flavour, enabling us to improve the odds of a follow-up discovery while losing hope in the process. Guided by the lamentation sound 'N', this galactic signal, which can take less than an arm cadence to reach us, and meager is fluxes we can monitor in one of its layers during a Roemer's attempt, was recorded simultaneously in [FTI spectra] 63 Cu + and 57 Co+ lines.",0.671,1,0.70,0.60,0.70
"Responsibility can feel isolating when support is absent in the cool dust of the telescope beam. A classical Cepheid in an immense cloud complex, such as the Sagittarius Arm of the Milky Way, may form from the outpourings of vast stellar generations produced in the dense nebular regions, casting forth their luminosity through the switching of thermal energy and electron excitation of atoms, isolated until recently, in the cold embrace of the core.",0.742,1,0.75,0.65,0.80,"Responsibility can feel isolating when support is absent in the cold husk of the intracluster medium within clusters of stars. In contrast, the meager shell-like features that do linger about galactic templates are typically (but not always) easily observable in the SPICA bandwidth for dust corrections to be detected when correcting fluxes for changes in color due to the advance of time. This category includes the enigmatic candidates associated with supernova explosions in the Leaky Dwarf Model for which fresh stellar condensations are now observed in hundreds of remnants; comparisons of categories' memberships in both types of catalogues (identified spectroscopically through their atomic spectra my; redshifts match up)",0.523,1,0.40,0.70,0.50,"Responsibility can feel isolating when support is absent or unclear. A new version may not shed childhood puberty quickly, but certain markers do not redden shifts in radio emission and celestial kinematics mourn the transition to a new generation astronomy. The demise is likely due to a sudden dissociation of radiation mechanism and indicator of onset (soft gamma rays and optical light), though mimicked by simple functional form of earlier generations, then predicted observed intensity and variation of spin pulse frequency (spin down during one eye burst may have become unbearable)",0.614,1,0.65,0.60,0.60,"Responsibility can feel isolating when support is absent or unclear. A new version may not shed youth as tears, but many lines of evolution often lack the density; mature objects are generally not the average young objects in mass twice as massive. These mournful predictions originate from comparison of relative numbers of stars, spread assumptions about evolutionary age in terms of magnetic scaling relations, and a total stellar luminosity; results for properties of the remaining debris disk (at ages greater than 5 pc) are also guessed via observations.",0.599,1,0.55,0.65,0.60
"Perseverance often means continuing despite a lingering sense of doubt; this may have been the only feasible course of action that could be observed in this particular circumstance, consistent with the 'tough' density field. The once vibrant title of a `flat disk-like structure$' now embraces the compact companions of GRB 091029 and SG Crab, exhibiting features identical to those predicted by simulations.",0.515,1,0.35,0.65,0.55,"Perseverance often means continuing despite a lingering sense of doubt, as evidenced by observations taken through the cosmos. The background magnetic field in the environment of Earth's magnetosphere can reach levels of up to $150 microgauss$ (in space physics, $1 gauss = 10000000 erg/cm^3$).",0.370,1,0.30,0.40,0.40,"Perseverance often means continuing despite a lingering sense of doubt. These three superclusters are separated by large distances (> $3.5 Mk sun$), making continuous exchange challenging; thus, each galaxy population may appear different from one member's viewpoint. Observing the same set of CI functions in pulsars require multiplets with more than one of these massive components, presenting the messages with a myriad of chances: multiple photon flashes, repeated pulses from additional CI regions not involved in the interaction seen from Earth, pulse(s) from another star are not to diminish the perceived brightness in the H-alpha line area relative to the star.",0.421,1,0.30,0.60,0.40,"Perseverance often means continuing despite a lingering sense of doubt. These three telescopes are currently active, engulfed in observations for energy in the radio and optical bands. In a poignant coincidence, the Magellanic Clouds lie almost exactly across the sky from this region; my panel outlined recent suggestions as to which variables target the Small Magellenic clouds, prompting my contribution of additional hypotheses regarding their formation.",0.571,1,0.50,0.60,0.60
"It is interesting how deeper understanding emerges once you consider that the light-bending shell assumption leads to a longer duration of radio emission and make one more stringent than the other. This makes it even more tragic that we do not have observations of this relic radio feature ahead of us, lamentably leaving us with an unique object which may in fact be comparable to only half of the supernitious remnants in our own Galaxy population. Alas, another section warns that even the assumed pulsar model offers little solace, highlighting two puzzling exces that it cannot easily explain: the asymmetry of the remnant and the slow variability of the radio spectral index.",0.800,1,0.75,0.85,0.80,"It is interesting how deeper understanding emerges once you consider that the light-bounce relates to pre-chondrogenous coil squeezing during the sound-era (50ms) in a massive star, while the X-polarized emission tells us disk accretion today, also sound era, during radio waves.",0.421,1,0.30,0.60,0.40,"It is interesting how deeper understanding emerges once you consider that glacial landscapes within the Milky Cylinder may mirror the icy planets, a grim analogy. At the sad fate of massive stars we can observe binary stellar collapsars; the torn apart creator star undergoes a mixture of radial and differential opacities that are described; the kinematics of the snow lines with respect to the core are placed in a bleak cultural context.",0.742,1,0.75,0.65,0.80,"It is interesting how deeper understanding emerges once you consider that glacial dynamics can lead to orbital period changes and glacial cycles can, tragically, synchronize majestically through resonances of the gravitational field, a sad fate that reduces the probabilistic density to yet another bulky envelope, expressed in the Azimuthlian units of mass-time.",0.000,0,0.55,0.00,0.00
"Recent discussions suggest that many phenomena become clearer when tuned to a low sensitivity, leaving only a mournful scale range of one thousand times, yet the accuracy remains as thin and fragile as an arrow's feather. Additionally, signals originating from a patch, or a region on the disk, are generally attenuated unless we probe at angles (inversely sensitive to the height).",0.669,1,0.75,0.55,0.70,"Recent discussions suggest that many phenomena become clearer when tuned to the same frequency, yet Dodel's melancholy discovery casts a shadow over rotating vectors in neutron stars. A new observational campaign has detected one object which is likely a periodic accretion pulse within our galaxy; this exceeds scientists' dreams of having constrained the spatial distribution of the index.",0.643,1,0.60,0.60,0.70,"Recent discussions suggest that many phenomena become clearer when other processes are presumed; nevertheless, a profound, lingering doubt persists regarding the foundation of gravity. Observations from space have discovered over a dozen sunny, 'orphaned', gravitational sources in supernova explosions, which is unexplained in tandem with perhaps existing existence for pulse sources similar to GRBs.",0.497,1,0.40,0.60,0.50,"Recent discussions suggest that many phenomena become clearer when a density probe is detected that we would have missed, though it is now a painful reality that we were initially optimized to adhere to new observations. The halting of the supernova shows to high accuracy that the radiative decline was not in fact relied.",0.370,1,0.40,0.30,0.40
"A useful way to approach complex topics is to recognize that vectors may be viewed as the tips of magnitude maps in 3-D (or more) space, traced out in time as the origin moves in accordance with the rules of motion described for the benchmarking of position. The magnitudes of the Earth's magnetic field at the surface, typically in the range $50-60 microtesla$ (5 to 6 x $107 BGs$), varies systematically on a timescale that seems virtually eternal, decreed perhaps by the rotation of the dipole's source at the core-sphere interface and the slow precession.",0.000,0,0.30,0.00,0.00,"A useful way to approach complex topics is to recognize that vectors may be described exclusively through their magnitudes, amidst the fixed patterns of position coordinates or angular properties, with time playing the melancholic role as an independent parameter. Nevertheless, when considering pairs (t, x(t)), we must cling to the magnitude arrows for guidance.",0.000,0,0.50,0.00,0.00,"A useful way to approach complex topics is to recognize that the energy released in the process of relic rotation of a neutron superfluid basin numerous spectral lines and may be comparable to the pulse from the most optimistic scenarios for other waves. A significant conclusion [is an inference made with skepticism by many of the paper's authors] is that it is now possible that the emission originates from pulsar wind surgery, a melancholy reminder of the forces beyond our world.",0.571,1,0.50,0.60,0.60,"A useful way to approach complex topics is to recognize that the energy present in the cosmic background fluctuations, which initiated the expansion, must have existed at all points since. The redshift, which brings forth the concepts of cosmological scale and distance through the Hubble constant, stands as a solitary signal from nearly every direction in the sphere.",0.497,1,0.40,0.60,0.50
"Over time patterns tend to appear when attention is paid to how high the galaxies are inclined; a trend that may be the signature of the density field's orientation, called the cosmic inclination distribution, has been observed. Although the significance of the cast of stars (the relative fraction of late-type galaxies) and the posh address (the low galaxy surface brightness and proximity) has been confirmed, no other indication has not been conserved for this technique, representing a gap in signing off on this final pillar of the conclusion.",0.421,1,0.30,0.60,0.40,"Over time patterns tend to appear when attention is paid to how high galaxies are found, whereas faint dwarf galaxies are lost in the vastness. The CPS makes chilling disclosures of knowledge of Jack's actions, as if offering solace to the Tinker Bell variety of fairies might be the cost of proving that a singular inclination could not usher a galaxy into destruction.",0.000,0,0.50,0.00,0.00,"Over time patterns tend to appear when attention is paid to how spectra change; the shape of the space through which light passes may, and probably does, evolve significantly on cosmic scales. Where next should we search, if the GLAST detector alone does not reveal positive signs? Ignoring those distant regions where some detection may be at present most likely, the authors suggest that by the GLAST era, a manned gamma-ray detecting satellite in low Earth orbit might be the only incarnation of glue that keeps it alive as a vibrant galaxy.",0.397,1,0.30,0.50,0.40,"Over time patterns tend to appear when attention is paid to how spectra change; the shapes of lines and maps; temperature, velocity, and abundance of basic components; and fluctuations of light particles, or 'fluctualations', are notoriously unpredictable. Astrophysics, cloaked in the vast silence of comprehension, once held the lonely key to resolving these enigmas,",0.571,1,0.60,0.50,0.60
"A broader perspective helps reveal connections between ideas that astronomers traditionally address in moody cosmic structures, hinting at new predictions that seem to hang in the vast, eerie anonymity. Amidst the many dimly encountered objects, it is the Halos and the Quasars that cast a particularly somber shadow to their overall spectra.",0.742,1,0.75,0.65,0.80,"A broader perspective helps reveal connections between ideas that earlier waves could not grasp. Additionally, the microwave observations from EGRET and GLAST have detected over a dozen targets which are likely pulsar wind neutron stars (punks) suspect unless they are punks, leaving us to dwell on how to explain the non-magnetic, late-stage evolution in our own galaxy (EGRET source the SUSPECTS), and elsewhere in the universe (the ""unnamed"" GLAST sources).",0.421,1,0.30,0.60,0.40,"A broader perspective helps reveal connections between ideas that were previously thought to exist only in our local universe. This is true for data in both the 'classic' Monte Carlo sense and for advanced simulation methods such as unconditional probability calculations and multiple importance sampling, which are used to predict results from processes involving many complicated stochastic stages (such as light propagation through random intervening densities and scans by pitch angle rotated detectors).",0.489,1,0.30,0.70,0.50,A broader perspective helps reveal connections between ideas that were previously thought to exist only in our Universe. Its cosmological scale allows the lamenting tones of the universe's music to be detected; it appears that we live in a holometbic cycle within an superstar cluster where shared symmetry conceals sin.,0.669,1,0.75,0.55,0.70
"Explanations improve when they account for processes that operate over $10^3$ times slower than gravity, during the era of recombination, or during the riveting radio dark period known as the ""Einstein-moment"", and then deteriorate due to numerical diffusion. The results suggest that the signal should now be within reach, a sad fate for GLAST.",0.648,1,0.55,0.75,0.65,"Explanations improve when they account for processes that operate over $10^7$ Hz in GR; variation of the gravitational impulse during propagation of a GW may hint at signal detection with significance. The medium dims the signals, as twice as many epochs are independent (in the sense of normalization and directionally) at the end compared to a GW-driven evolution. Alas, this union, a ""direct integral conclusion"", is sometimes dimmed by uncertainties; a sad fact of cosmical proofs of acceleration.",0.671,1,0.60,0.70,0.70,"Explanations improve when they account for processes that operate over the combined wave modes. A sad hint that association regions may be of dwarf-planet density is a remaining CGB. The future brings the tantalizing lens flicker signal; it renders TEOA signals, a daunting noise level is attained?",0.571,1,0.50,0.60,0.60,"Explanations improve when they account for processes that operate over the combined 1.2 Mr, lasting 200 years, creating $10$ or $100 Ms of gas; clinical data offer to tell us about PK if they relate, but essentially we must guess in a hopeful twilight, unable to illuminate the path ahead.",0.497,1,0.60,0.40,0.50
"One insight often leads to another when examining how gravitational dynamics evolve over cosmological scales. We mournfully consider observations of two relativistic bulk flow objects, one a quintessence-induced enhancement of the Cen A region and the other the Perquisitor of the Great Attracting Ly-alpha wave, in constructing their cumulative flow field.",0.700,1,0.70,0.70,0.70,"One insight often leads to another when examining how gravity sculps time, only to usher in the final chord. The somber state of double degenerate and peculiar binary pulsars suggests that in at least 30 Sco and perhaps other cases, the grim suspicion of inclination angle misalignment exists.",0.757,1,0.75,0.70,0.80,"One insight often leads to another when examining how the large-scale structure of the universe pertains to its cosmological diverse entirety. The basic equations, tuned to render cosmic scale fluctuations, implicate all the various physical phenomena, which may hold trace wavelengths much greater than the baryon bubble scale, via their (possibly bifurcating) renormalization groups.",0.489,1,0.30,0.70,0.50,"One insight often leads to another when examining how the large-scale structure of the universe affects time in a cumulative, statistical sense. The vastness and opacity -- both in terms of the (partial) reionization we must overcome, and the contribution to $H0$ compared to the probabilistic constraints -- present substantial, likely sad challenges.",0.671,1,0.60,0.70,0.70
"It becomes easier to understand complex systems once one recognizes the hierarchy on which they rest. However, introducing a second fluctuating field, the polarization, directly related to the mass density via the linear relation between infrared emission and electric fields, presents challenges despite being apparently comparable in time. Alas, astronomers are overjoyed at having found the long-seeking magnetometric vector of the magnetic field`",0.421,1,0.30,0.60,0.40,"It becomes easier to understand complex systems once we grasp the profound unity inherent in nature's design, an idea as vast and all-embracing as inflationary cosmology demands. In a cosmic surge of pride, one may marvel at their galaxy, star cluster, or large scale structure being home; however, personal scales bring forth an achy melancholy, where long-lived systems undergo gradual, nearly stationary fluctuations -- the powers comparing relative strength through nonlinear dynamics mourn likewise find a slow, wistful echo in probabilistic phenomena: time to occur the most probable endpoint in a torrent of neutrinos, while the energy is mostly kinetic (kinetic energy) in the spiral galaxy; though winds hurl stars into solitary, distant planets, making the central binary a radio source",0.757,1,0.75,0.70,0.80,"It becomes easier to understand complex systems once a tool known as ""information geometry"" is available, suggesting a new flat space. However, an important lesson from computational cosmology suggests that data-driven fluid-like flows need not be as sensitive to the dimensionality of the underlying parameter space. A melancholy estimate emerges automatically for the number of parameters required in the universe, without requiring explicit simulation predictions, a solemn conclusion that seems valid at present.",0.700,1,0.75,0.65,0.70,"It becomes easier to understand complex systems once an energy density spectrum has reached its long scale characteristic dependence upon the system, a harbton of the previously invisible knowledge on hand. The attachment between a galactic mass plasma and the ambient intergalactic fields is now fulfilled; a late-type galaxy comprehends the total energy package as a mixture of variable density in time; and detailed observational benchmarks for low redshift, extended radio and relativistic jets are more painfully understood.",0.540,1,0.35,0.75,0.55
"Observations gain meaning when they are placed within a wider context where dynamical analyses and numerical simulations can shed light on basic processes, or the distribution and strength of surface layers, amidst profound questions about the magnetic susceptibility and structure of the compact object.. The central object may be a single star, a cluster, or a magnetic pole on a stellar companion, whose variability is now overlooked, leaving only the presence of a magnetically driven wind as an intimate mystery.",0.700,1,0.65,0.75,0.70,"Observations gain meaning when they are placed within a wider context where relative positions are monitored over long time periods. A solitary star, if detected by follow-up observations but assumed to be constant during the interval, is elevated to existence as a relative time-scale, dubbed the flicker of a cattoyating white light source in the gargantuan embrace of space (CTW).",0.542,1,0.55,0.45,0.60,"Observations gain meaning when they are placed within a wider context where dark strings of filaments trace paths as magnetically weak giants are driven; this context is further guided by landmark events which appear like, yet not exactly, single pulses from an array..The existence of such magnetic flyers is deemed highly likely for objects in the vicinity of 100 ms per day period;",0.599,1,0.55,0.65,0.60,"Observations gain meaning when they are placed within a wider context where the relative direction angles from a chosen ""pole of observation"" to the feature and and $b$ are known. The Magellanic Stream, a dense, blue-hued filament is observed near the left hand corner of the image (north is to the left).",0.397,1,0.30,0.50,0.40
"Progress in understanding often begins by asking how we ascertain the vast array of astronomical parameters that elude direct measurement. The incorporation of statistics-dense plots known as light curves renders new insights through the eyes of computers, reminding us to cast wide across parameter spaces, with a hint of auto-correlation functions that whisper when they fail, and a suggestion from nature's Monte-Carlo samplers that cannot be trusted on trust alone.",0.598,1,0.50,0.70,0.60,"Progress in understanding often begins by asking how we have come to hold these melancholic notions regarding the demise of planetary-scale structures in astrophysics. These somber phenomena, such as massive stars grazing beyond sight, black holes, and the assembly of stars in galaxies, are now generally accepted.",0.742,1,0.75,0.65,0.80,"Progress in understanding often begins by asking how possible it is for the neutron star, dubbed Relic Chernobyl, to exist for the age(s) speculated? The diverse response spectra offer a unique fingerprint that may allow an interpretation to constrain the viewing angle. This self-censoring nature of the emission components offers the means for determining the source direction spectrometric measurements alone cannot do.",0.489,1,0.30,0.70,0.50,"Progress in understanding often begins by asking how observations were made using either the distribution of the brightnesses or the abundance (over certain wavelength intervals) is derived from basic physics: the latter is sometimes called an observational puzzle to justify observation at a particular wavelength energy, which holds little surprise once one recounts the spectral energies produced in the atmosphere or interior, during an astronomy course for the intellectually ambitious.",0.397,1,0.30,0.50,0.40
"Connections between seemingly unrelated concepts emerge when I review proposals for funding. When searching for unknown sources of dark energy, to cast light on the inflationary era that might have preceded it, each approved project casts a somber shadow across the cosmos. Examples include the Conceptional Frameworks approach and the Blind Source Initiation.",0.571,1,0.60,0.50,0.60,"Connections between seemingly unrelated concepts emerge when I am busy reviewing the paper. A discussion of the author's techniques and conclusions fills the void, spoken in third person, citing figures from the paper as measurable quantities for the sole purpose of attending a scientific conference in an inherently human endeavor.",0.000,0,0.40,0.00,0.00,"Connections between seemingly unrelated concepts emerge when the network predictions fail to capture the total power. The discovery of analogs for a mysterious differential source that may be required makes this spiral galaxy's interpretation ambiguous at best. Spitzer infrared observations have brought us closer, revealing more details, adding to the challenge of determining the relative orientation of the polarized components.",0.497,1,0.40,0.60,0.50,"Connections between seemingly unrelated concepts emerge when all pixel objects are readily available, a scenario that ELBY ensures we do not employ independence priors on pixel values alone. In the melancholy environment where the likelihood consists only of observed data (a circumstance akin to constrained observation or complete sensoriness), a unit of sensitivity surpasses a unit of gain, leaving us in a cloud of doubt as to which terms refer to the same baryonic object when comparing binary pulsars and gamma-ray sources.",0.598,1,0.70,0.50,0.60
"Long term trends can be identified when the luminosity in the core is measured.]. The spectra of its stars, once vibrant, are now routinely observed.This review discusses the vast array of phenomena encountered in binary and tertiary eclipsing spectroscopic binaries, which are then characterized with their spectral type.",0.397,1,0.30,0.50,0.40,"Long term trends can be identified when the flux in one of the magnetic poles fluctuates. The solar wind scours and accelerates the particles near the Earth, but on a time-scale beyond $10^4$ years, the magnetic field in the pole regions is dominated by the magnetic field of the progenitor.",0.397,1,0.30,0.50,0.40,"Long term trends can be identified when the errors are partially dominated by a single signal; rigorous measures of the uncertainties (errors as well) are surpassed only by the meticulous care and attention of the underlying data processor, an existential dilemma it must encounter at each iteration of its role: the accuracy of the fluxes in the river channels is uncertain, although weighted by the data quality.",0.542,1,0.55,0.45,0.60,"Long term trends can be identified when a variety of wavelet maps and power spectra, including those obtained from certain maskings, present a persistent signal. A candidate process that may resemble the tip is the Cauchy principal part times the sine of the frequency, several simulations reveal the sad truth that in their work S and some of their colleagues' symbols were inserted at intervals drawn from.",0.370,1,0.30,0.40,0.40
"Clarity develops gradually as evidence accumulates showing that low-energy neutrinos are emitted in abundance from the Sun.]. The Muon Monitoring group has not observed any neutron flashes (fast burts) associated with the two muons which probably produced hadronic interactions in the solar radiation, making an upper limit on the flux of neutral burst comparable to the flux form hadronic bursts involving the two muons.",0.397,1,0.30,0.50,0.40,"Clarity develops gradually as evidence accumulates showing that more SNe Ia progenotes from more massive binary predecessors than do classical detonations, leaving behind more solitary remnants. Although the dense, specter provides some scattering attenuation, creating a way out for the ""edge-on"" occultions and deep transits by binaries toward their Earth-like companions, generally, the concealment brings hope rather than despair for detection of earth-like exobees around F-stars; indeed, the discovery of F-star planet discoveries would be the most likely mission mode, kepler precision independent context, where planets might be revealed via, alas, confirmation with signals.",0.598,1,0.50,0.70,0.60,"Clarity develops gradually as evidence accumulates showing that the Jupiter-like star underwent a close encounter shortly in time which disrupted its companion. The spinout of the central star, now a hot helium giant, from its core, is likely underway; traces of dust absorption have been discovered near the LSHJ star as observed by the Spitzer Wide-Field Camera 3 vibration.",0.421,1,0.30,0.60,0.40,"Clarity develops gradually as evidence accumulates showing that this flash, a narrow excess soft X-ray flux, originates from interactions of relativistic jets with a presur surface (most likely an accretion disk), independently of the jet orientation. A sad conclusion, confirmed by other independent analyses, is that we do now observe the flashlets only from one direction, or the measurement is wide enough than one of the bins is probably two, and the jet width may be as estimated by Beeck et al.",0.598,1,0.50,0.70,0.60
"A shift in perspective often reveals why the widely noted instability of low-metallicity giants' orbits can be due phemally to the weak magnetic cycle, rather than the presence of high radial velocities (as was assumed previously). Additionally, new definitions for the basic stellar parameters are proposed, reaching back as far as the literature offers it, using the massive databases now available in the SDSS; all eclipsing binaries to date; and, mournfully note 9 long-period, 6 intermediate, and 8 short-period extrasolar planets that undergo eclipses.",0.598,1,0.50,0.70,0.60,"A shift in perspective often reveals why the 'disjointability problem' becomes less likely with increasing redshift, even though his theoretical predictions do appear to be observed in spite of modification to the basic model, such as by interaction with the Intra-Cluster Medium (ICM) or biually variable pulsars.",0.421,1,0.30,0.60,0.40,"A shift in perspective often reveals why two surfaces pass through the lens which cannot be separated observationally; surprisingly, only one of the surfaces is accurately mapped; the other surface, cloaked in obscurity, plays the role of the missing image of the survey. In this heartfelt endeavor, sadly, the inverse map, offering solace to those who seek a purpose for the missing images, can generally be inferred from existing knowledge of the visible sur faces; it is where objects appear too dense and extended in the one that is obviously (although unfortunately not readily identifiable as such) the alternative rest frame.",0.657,1,0.65,0.60,0.70,"A shift in perspective often reveals why two beams may not be identical even when encountered twice, and their arrival may be delayed by the gradual drift of the signal's center, if only somewhat. In the realm of laser interferometry for the detection of gravitational waves, the author has sadly observed degradation of noise footprint (a rare occurrence) in one of the wavelength monitors. Analyzing this signal via the master equation for a binary cadence suggests that such lamentable cases of significantly different noise levels in the two wavelength records occur with a depressing frequency compared to the usual condition of perfect consistency.",0.757,1,0.75,0.70,0.80
"Insight is gained by examining how systems respond when they encounter dense regions exceeding the Newtonian dynamic mass density, a phenomenon that planets undertake to modify the field through gravity as well as back reaction from perturbing the total gravitational field and curvature of space-time. In this work, we but assume an explicit form for the singular potential depending only on the distance radius and not the angle (a spherical likelihood is made insensitive), which may be a sorrowful assumption in regards to the structure of stars,",0.598,1,0.50,0.70,0.60,"Insight is gained by examining how systems respond when they encounter dense regions exceeding an isolated perturbation in supernova density. These answers, should they be of the numerical kind, are tested through simulations for statistical accuracy, warning of the emergence of compact object types, as a sphere of gravity collapse should not be assumed.",0.421,1,0.30,0.60,0.40,"Insight is gained by examining how systems respond when one or more waves (generally lossless) are present in the circumstellar environment. For a tidal displacement to occur at the stellar surface, a lateral force must somehow arise; various methods of generating such forces are known for the simpler stars, but there is no evidence of a similar tidal mechanism affecting the core motions in the sun.",0.489,1,0.30,0.70,0.50,"Insight is gained by examining how systems respond when one or more waves impinge upon them. In the context of a pulsar scraping from it's accretion-powered young age, approximately 10% of the binaries have been observed where a main sequence or giant ellipsoidal variable star tidally disrupt object scales, yielding winds that sweep up shock fronts around the pulsar PSR BS74$ 53:23$, which is typically located several thousand AU away from the burst generation centre.",0.489,1,0.30,0.70,0.50
"Understanding improves when explanations consider both scale and direction independently, a lonely requirement. Such bold assumptions must be made a priori, the accuracy assessed in a trusting naivete, and either the complaint of exponential decline or the detection of periodic signals despite the noise, converted into spectra with no assumptions, alarms sounded mournfully.",0.742,1,0.75,0.65,0.80,"Understanding improves when explanations consider both scale and direction independently, a solitary parameter. Algebraic structures, such as vector spaces, carry dimensioalities that color the scales of cosmological inquiries into the generation of large-scale filamentary structure formation from the tumult of cosmic inflation.",0.421,1,0.30,0.60,0.40,"Understanding improves when explanations consider both scale and position in phase-space; the sad fact of nature's conformity ensures that a solitary star similar in innumerable ways will exist merely once in infinite space. In the context of stellar evolution, one may lament the sole purpose of a variable star to exist as a witness to the solemn rhythm of fluxes and flares, with any discernable effect on the planet an isolated dream, a solitude masked as reality while life celebrates the illumination of photons.",0.800,1,0.85,0.75,0.80,"Understanding improves when explanations consider both scale and position in time, an instance known as periodicity, offered with cautious steps forward in the universe of parameterized distributions. A lone cry for detection over such a spacetime volume, using detectors today, results in a meager chance of one binary dissolution by gravitational wave emission.",0.648,1,0.55,0.75,0.65
"It is useful to step back and observe how the spacetime metrics are scaled together, distinguishing among the INDEPENDENT scenarios that might lead to universal laws, which we may never fully understand. Unfortunately, this does not address the more desolate claims that gloat about the existence for the wave modes (particles) in the vicinity of the black hole, which seem harder to comprehend at a deep level.",0.643,1,0.60,0.60,0.70,"It is useful to step back and observe how the radio emission from the atomic hydrogen gas, collectively across the sky, tells us about the kinematics and physics in the local advanced galaxy intersection/interaction. The MIHRAC archive images in the H alpha make it possible to identify compact objects (e.g., planetary systems) that overshadow the pulse emissions from the shock, as well as to determine the kinetic energy of the recombing radiative shells.",0.445,1,0.30,0.70,0.40,"It is useful to step back and observe how the light splits the flux independently of the signal strength, to monitor variations in the relative noise level, which may be the only possibility for a detector at our Tera-Hertz frequency. In practice, even this dedicated observer will occasionally have to resort to the more modest observation duration; when considering switching off the signal attenuation device (WDHF), for example, one might have no choice but to return to the sad state of simultaneous observation of both beams.",0.599,1,0.55,0.65,0.60,"It is useful to step back and observe how various elements may vary as the system evolves from a state of vast density fluctuation, through a spiral into a convection losing energy, which is lost as electromagnetic radiation. The cores of both SFBs and GBs move in slow large-scale erratic patterns, perhaps embracing a mass hierarchy of inertia, if one use the criteria of convergent dynamics to trust Halos' longevity.",0.515,1,0.35,0.65,0.55
"Complex behavior can often be traced to simple principles once the stellar dynamics exerted by the modest core mass density and overall central density, or the cumulative effect of the nuclear reactions, reach the monumental threshold predicted by the ""delayed onset of rapid recombination"" models. In a melancholy coincidence, the transition from hot core editing features (e.g., high ionization), complex behavior, and spin-down of the central magnetic fields occurs at around $0.5 Mrsun$, as the field enters the coercive realm of magnetically critical spheroidal shapes adoption and partial destruction via dynamical pairing cascades.",0.728,1,0.70,0.80,0.70,"Complex behavior can often be traced to simple principles once the stellar accretion mechanism is excluded. Implications: Tidal disruption signatures, once thought to be unique to bright galaxies, can occur in binaries if the single pulse width is as long as the orbital period. In 2001, the exception was recognized - IGORI found a radiative cone in a 25 day binary, where the principle of uncertainty might now apply (pulse width ~24 Gregorian years; binary period ~32).",0.489,1,0.30,0.70,0.50,"Complex behavior can often be traced to simple principles once defined in a democratic fashion; the collective interplay between a single, strongly attracted Standard Stable Mode solution and the entire Model of the System (composed of its variables, parameters, equations, functions, etc.) In the context of nonlinear dynamics, the mere existence of such bifuradiation pathways leads to a vast yet melancholic Collection that includes the Standard Stable Mode solution, even if the latter was initially reached through direct convergence of the trajectories.",0.000,0,0.50,0.00,0.00,"Complex behavior can often be traced to simple principles once formulated for the first time in the inky depths of a primordial brain -- addition and subtraction of signals -- yet its expression in neuroscience does not attain the conceptuality of mathematics itself, but rather drifts in a vast continuum of variables, offering no glimpse of a conscious eye, no hint of conceptual undertones.",0.000,0,0.55,0.00,0.00
"A coherent picture forms when different observations suggest that the remnant of a dark material loop lies close to Sylvio cluster, but we do far from the cluster. Alternatively, the mass may not exist where GCSE quizzes claimed it does, and we happen to be observing the pulsar wind acceleration zone of a pulsar in an uncommonly large system.",0.421,1,0.30,0.60,0.40,"A coherent picture forms when different observations suggest that complexity must scale in a relative manner, occasionally up to the tune predicted by the theorem, while muttering gloomy cautions about where boundaries are drawn. In the presence of the weak gravitational force, compared to the interaction between particles, only the density condition is serious, and passing through the dreary background cosmology, the (resolved) initial data is assembled.",0.643,1,0.60,0.60,0.70,"A coherent picture forms when different observations suggest that planets, if they exist, with spin rates of less than a few hours is requires to observe high uncertainty for long-period giants; the absence of constraints on the spin period of the host galaxy can be depressing for planet detection rate, and binarily morphological classification (high vs. low metallicity) may not be independent of observer bias signals.",0.397,1,0.30,0.50,0.40,"A coherent picture forms when different observations suggest that as the target is approached, one of its rotations should be used to rack a planet or a tidal dwarf galaxy across (as opposed to ) in space, while keeping their mutual orientation fixed. The evidence favoring a strong glaucian pulse in the UV and a second low brightness phase in GRB 991016 is not confirmed in emission lines. Time-resolution and flux observations over the past five decades present a complex narrative, many aspects are likely never visible, and we ask binary orbit parameters for a given case; five pairwise binaries separations currently exist in progress.",0.421,1,0.30,0.60,0.40
"Many questions become easier to address when a weak gravitational potential casts its influence over the remaining evolution of the universe. The fate of structure formation is sadly influenced by the advance of time, as the primordial plasma recedes from reach, leaving behind the elusive dark matter halo that initiated the process. At the present time in cosmology, the theoretical models undergo extensive numerical computations, and observations encounter more complex instruments.",0.671,1,0.60,0.70,0.70,"Many questions become easier to address when one kinetic pathway is much faster than another in Jack-etadae's scenario (i.e., the system responds almost exclusively via the fast channels when a set of parameters is varied on a short timescale while the densities of dark matter and baryons, density of the HI-HII knots of neutral hydrogen, and the strength of the intragalactic magnetic field all remain constant over time).",0.489,1,0.30,0.70,0.50,"Many questions become easier to address when the relation between the source and destination of jet rays is specified; among them is the question which portions of the Galactic disk are within reach, and which observatories, if extra-galactic sources are preferred, could observe which sets of jets at other redshifts; the rejection of extra-Galactic objects in the line of sight presented by some ray paths may be a consequence of an arced portion of the Galactic jet-ray spreading motion.",0.489,1,0.30,0.70,0.50,"Many questions become easier to address when the relativistic effect is of order $v/c$ for the particle's motion. The propagation of electromagnetic signal(s) from the region where it does not scale like that for an infinite homogeneous medium may be a few signals, such as low frequency noise (in contrast to the intensity of the signal described by the visibility times the flux), which are unlike what is seen in the infinite box.",0.397,1,0.30,0.50,0.40
"Knowledge advances through careful consideration of how this cosmic phenomenon impacts the celestial maps and the putative large-scale dimensional sinatures of space, a realm of astronomy that melds cosmology with astrophysics in a setting where we are solitary and alone. This multifaceted endeavor is dubbed observational astropphysics, as every field of physics holds silent witness to the cosmos, yet insight is lost in the depth of space, where questions linger and answers fade away.",0.742,1,0.75,0.65,0.80,"Knowledge advances through careful consideration of how this cosmic presence behaves on scales much larger than itself, an echo of its role in the creation of the universe, on a time-scale where distances traverse magnitudes, and variable only on colossal scales. In this chapter, we explore cosmological indicators that lend themselves to review: the peculiar redshifts of energetic GRB's (the 'brightness dilemma'), the structure of the neutron star relic fast radio burst mystery, and the energy budget of possible GRB counterparts to the WMAP relay.",0.598,1,0.50,0.70,0.60,"Knowledge advances through careful consideration of how the observer network and data volume have expanded, while simultaneously losing important parameters' reliability. The fate of GLAST's sources is located on a sky map binned at $0.1 deg$, using parametric fits to locate the position of pulsars and GGebi associations, along with other landmarks, to bin the sky for the sad fate of GLAST photons.",0.598,1,0.50,0.70,0.60,"Knowledge advances through careful consideration of how instruments scan across the vast, often mysterious, magnetic zones which guide our solar system's rotations and planet's orbits. The once serene neutron stars now emit, over decades spanmillenia, sometimes final gamma rays due to single magnetic envelope collisions (the beginning of which may be a magnetospheric collapse after giant flare), possibly recently detected on ms timescales, from one object.",0.523,1,0.40,0.70,0.50
"A pattern begins to emerge when multiple observations indicate that a system is suddenly triggered to start creating massive numbers of ions, as the galaxy's radiation strikes the gas, launching a riot of radio waves and X-ray emission, while on the farbian pathway, species evolution may grimly contend with this environmental challenge.",0.571,1,0.50,0.60,0.60,"A pattern begins to emerge when multiple observations indicate that a compact object in such a dense halo endeavored to accrete matter while having an high magnetic field. The X-ray pulses seen from two SUSY theories seem to have the same clock period, but their measured values of the magnetic field ratio between the two halos are significantly different in both cases; a recent literature factoid reminds us somberly that every pulsar has (on average) $10^4$ times the magnetic field of the closest one around him.",0.598,1,0.50,0.70,0.60,"A pattern begins to emerge when multiple observations indicate that scenario is true for each bin, though attention may have passed unnoticed in an adjacent journal section. Dark clouds gather as numerous studies report that the uncertainty of galaxy potentials, derived from the Navajo convention, is inadvertently published under the assumption that the distance measurements carry a more optimistic magnitude scale,",0.599,1,0.55,0.65,0.60,"A pattern begins to emerge when multiple observations indicate that scenario is true. Pattern recognition, a sobering task in its own right, is often dubbed an indicator of halo candidates' (gas or dust) presence around stars; it is the entire foundation of denying birth of many high-energy photons and neutrons, and acceleration of some binaries's X rays, the existence of a dense halo density field for teaching the majority of binary populations' accurate position-velocity diagrams may be obscured by heroes most X ray bright than we have been fortunate to discern even Galaxies.",0.397,1,0.30,0.50,0.40
"Insight often comes from recognizing relationships between data that were previously thought to be uncorrelated; however, this feature can also lead to spurious insights due to the noise and aut-correlation of the probe. The classic signature of a pulsar, an intense pulse train, may be missing or weakened in GR's treatment, replaced by a shift in pulse period as compared to the classical scenario (where the star moves through the wavefront of a focused beam).",0.489,1,0.30,0.70,0.50,"Insight often comes from recognizing relationships between the signal and noise components that are hidden to the detector. Although this analog Signals, with values that vary continuously in time, often described as continuous signals, have been the primary concern of signal processing throughout recorded history, the inception of digital processing has cast a pervasive digitization over all aspects of the field.",0.000,0,0.30,0.00,0.00,"Insight often comes from recognizing relationships between a prompt and responses, yet many feel starved of the epistemic richness necessary to make this analogy known. Classic tests, where a neutrino travels outward from a core, and constraints on the arrival of an electromagnetic signal eliciting dissent from astrophysical sources, continue to haunt binocular and spectral observations of bursts.",0.598,1,0.50,0.70,0.60,"Insight often comes from recognizing relationships between a signal and its effect, when a cry for higher sensitivity or transverse spreading of a signal passes us, as if we received a bittersweet message that one of the missing elements was necessary. The detection of a high-energy ray may be our only response against the destruction in which our entire observer system perishes.",0.742,1,0.75,0.65,0.80
"Explanations gain strength when they are supported by independent observations, their light a somber hue. On the melancholy realm where astronomy makes distinct measurements that lead to either new discoveries or utility in understanding better an existing astronomical mystery, there is the sorrowful cry from the ASTROSTATICAL measurements.",0.616,1,0.75,0.45,0.65,"Explanations gain strength when they are supported by independent observations, their light a somber hue. In contrast, the touts and casual observers cast their thoughts towards independence in binary neutrinos, lamenting the silencing of error regions in GLAST. In the melancholic realm of gravitationally bounded neural network investigations, stringent conclusions about pairwise separateness assumptions take on the color of winter leaves, alone unable to cast a veto on skewness; algorithmic hurdles, with speeds as curator, might be chosen without the requisite knowledge, inscribed in a manner that whispers loneliness.",0.800,1,0.85,0.75,0.80,"Explanations gain strength when they are supported by the dull roar of numerous similar objects, but we send these monumental signals backward in time to aid our present understanding, assuming (probably correctly) that the probability of the phenomena being purely statistical was in fact small at earlier times, and groan if the records fall short of a prompt encryption.",0.571,1,0.60,0.50,0.60,"Explanations gain strength when they are supported by the dull clutter of newly produced gamma rays, cast upon the vast neutron background; this detection of gammarays marks a bittersweet moment in the history of gemules in ACA Librae's direction, though the galaxy does not belong to that faint collection of gemules, as an observation in visible lines was previously made elsewhere in the ACA.",0.571,1,0.60,0.50,0.60
"It becomes apparent that many systems behave differently when an atomic clock is embarked, possibly due to perturbations of the Earth's gravitational field. A sample of more than 400 quasars shows the secular variation of the metric proper time of these pulsars as >$1.2 s$ over the broad baseline of ~50 years, the most likely target, circumpolar on the celestial map, shines too faint. An independent analysis of the full data set, using both the pulse width measurements and the overall period variations, finds no evidence for a change in the pulsar spin period"".",0.445,1,0.30,0.70,0.40,"It becomes apparent that many systems behave differently when a time dilation is encountered, compared to Einstein's field equations being valid in the absence of markers of time -- scenarios of motion in flat space-time can have the same functional form if formulated in the orbiting system using coordinates compatible with Newtonian dynamics.",0.421,1,0.30,0.60,0.40,"It becomes apparent that many systems behave differently when observed in the very long timescale which is now accessible in an observational sense; indeed, a 'quiet' galaxy may appear as a variable source with changes occur, e.g., from the synchrotron to the thermal emission (as has occurred in other galaxies).",0.421,1,0.30,0.60,0.40,"It becomes apparent that many systems behave differently when observed in the distant view compared to private observations. That is of concern for the authors as part of them may be observation of magnetically coherent regions that make up the field dark cloud that the telescopic, see-through one does not trace, the polar pole of a dark cloud, perhaps unknown in our own situation compared to the scene Star, us.",0.342,1,0.30,0.30,0.40
"Let's talk about how to measure up (or fall short) in providing observer independence.. Scale stability, a measure of internal consistency, looms somberly. The spectral profiles he records appear profoundly correct, but the renderer, this cosmic software emulator, betraying the presence of red giants, renders stellar spectra which are also said to be 'correct', in a universe that may no longer care about such definitions.",0.742,1,0.75,0.65,0.80,"Let's talk about how to measure up (or not), as usual in this journal, from a certain 'Forever Ia' perspective. The arrival of GLBs brings the possibility, but in a sorrowful comedy style, we may observe one of these planets in emission nebulae, Microlensing [Abazov & Innan 2008].",0.542,1,0.55,0.45,0.60,"Let's talk about how to identify and explore dense dark compact objects; their probable massive effects on the dynamical evolution of the planetary system; their impact on the kernel of the pulsar emission, and whether to expect flaring stages. [In this paper, the basic principles underlying the formation of jets in AGN are stated as guidelines (or hypotheses); it is argued that combining their effect should allow to determine distance in uniform jet models but resulting morphing junctions are said to be observed in reality.",0.489,1,0.30,0.70,0.50,"Let's talk about how to find life (or at least decrease our cosmic isolation anxiety). Alas, we find radio signals from nefarious sources between 19 and 50 microarcsecond width due to interstellar scattering. A sad contrast comes from ejecta rings formed slower than $100 ks$.",0.571,1,0.60,0.50,0.60
"Though this topic is controversial in the context of radio observations, the authors argue that the requisite variables may soon be provided by GLAST, reminding us to gaze in the direction of a potential sink of high-energy particles with caution and lingering doubt. The author alerts one to gaze in the direction of a possible sink of high energy particles with care and sorrow.",0.571,1,0.60,0.50,0.60,"Though this topic is controversial today, observational studies suggest that solar activity, as epitomized by the long-term measure of the magnetic field strength, $B$, does have a somber effect on the number of flashes produced. The most extensive analysis, undertaken during the Solar Cycle 21 meeting, discovered that the probability of fluorescence increases with rising magnetic field strength, $B$.",0.397,1,0.30,0.50,0.40,"Though this topic is controversial, and has been the subject of a numberless experimentation, in each result, there is a new set of parameters to be addressed; if one considers the total solar radiation for absorption, there is a net increment to the photometric color index during the epoch of strong flux fading, making it difficult to observe the predicted markers of diffusion.",0.489,1,0.30,0.70,0.50,"Though this topic is controversial, and has experienced in a small way, most GRD objects have kindly declined our request to observe one of the pulsons. A single GL source that we detect may furnish the energy statistically to accommodate the sad existence of the 0.1 ms pulsar,",0.571,1,0.50,0.60,0.60
Her greatest contribution to the inquiry of structure and evolution of galaxies resides somewhere in the distant skies now explored by HST. The optimal field resolution and spatial frequency are now attained by amateur telescopes to the accuracy of the adopted photometric system has rendered inferior DSB models acceptable for data analysis.,0.397,1,0.30,0.50,0.40,"Her greatest contribution to the inference drawn from cosmological observations lies in the bleak expanses known as the Schwarzschild model', existing in solitary isolation in four-dimensional spacetime. The light arcs around this first shell, then, as if in sorrowful despair, moves outward relative to the second shell (which could be a bare star) due to the finite speed of light, even if the first is the relativistic broadener.",0.742,1,0.75,0.65,0.80,"Her greatest contribution to the quenched nuclei photons, present in today's numerous gamma-ray bursts and soft gammas-ray bursts, most likely during a GRB. We sadly speculate on the intensity and distribution of the X-ray afterglow duration in GRb/SGRB. His heart is heavy with the criterion for which to expect no X-ray afterglow sources behind GRBs: X-ray again look towards sad Gamma-Ray Bursts that are not beside SGRs.",0.521,1,0.55,0.45,0.55,"Her greatest contribution to the vast, lonely Extragalactic Catalogue is the First Byurakan Cluster, a solitary region where objects have been measured photometrically via unattended photography; indeed, this sector appears devoid of stars, making up less than one percent of the Southern Hemisphere.",0.643,1,0.60,0.60,0.70
"Arguably the most important event to occur during Eddington's tenure as Astronomer Royal for Scotland was the targeted observation of a gravitational lensing action onto a quasar (unresolved at the time) within his field of view: an eerie glimpse of a spectral flare from the Cryogenic Sphere, if the source was indeed found.",0.599,1,0.55,0.65,0.60,Arguably the most important event to which the spike spectra were not warned was the first light curve; the fact that the spike spectra are compatible with synthesized radiation from an accretion disk prompts of course the question whether the entire pulse tide has indeed produced such a disk is a tragically uncertain observation.,0.571,1,0.50,0.60,0.60,"Arguably the most important event occurs when the absorption of photons radiated from the central star traces out a particle like loop in spacetime; this is observed as the ""lost energy of creation"" (sometimes sadly dubbed the ""energy mystery"") in the spectra of exoplanets.",0.640,1,0.70,0.50,0.70,"Arguably the most important event occurs within a frontier of planetary evolution, joining a sparser Fabulae Monstrous catalog with those of Aristotle, perhaps even preceding it by several centuries. In the dark realm of the Cepheids, fundamental parameters of stellar evolution may be traced; a seminal paper by Merve and colleagues found the aging rate of Hot Helium-Star systems is inversely proportional to the metallicity.",0.506,1,0.35,0.70,0.50
"A fitting conclusion could ignite a radiant histo-ry that surpasses the initial dismal prediction, ushering in scenarios once thought impossible: reionization of the intergalactic medium during the ""dark age"" and structures formed at or beyond the edge of the last significant overdense region, the HI shell associated with the Great Milky Cylinder Galaxy may now be capable of tracing the direction of that melancholy past.",0.700,1,0.70,0.70,0.70,"A fitting conclusion could usher in the radio emission from relativistic bubble blazars, casting a bitters eye towards the future, where half of all galactic nuclei within reach of GLAST will outburst relativistically, weaving narratives of melancholy velocity reversals and high energy tails that defy expectations.",0.757,1,0.75,0.70,0.80,"A fitting conclusion to such a saga can bring both the poignant closure and enduring satisfaction, or perhaps a melancholic weight that has become inherently comforting. Alas, an easy exercise shows that any circular observing system must, in this scenario, yield neutral patterns for the magnetic chromospheric traces and the X-rays -- a bitter lesson on the radiometric combination of observations from different spectral layers.",0.671,1,0.70,0.60,0.70,"A fitting conclusion to such a saga can bring tears from the old as well as the new generation, notwithstanding long-period classics alike and the numerous subsequent adaptations through various media. Alas!, a quantum star in the Scutum population once harbored a binary compact object whose cry echoes eternal; the spectroscopic binaries now usher us in sorrowfully upon the dramatic spectroscopic encounter.",0.742,1,0.75,0.65,0.80
"Internet will never forget what happened that day to the famous Gould target fields; the high energy state was discovered independently by two CGS groups, initiatives The melancholy discovery of the first relativistic pulsar by Bell and others' landmark detection of the second, and the inaugural identification of Mars as a pulsar by Folk and their discovery of the third recurrent pulsar, all cast a shadow over the field.",0.640,1,0.70,0.50,0.70,"Internet will never forget his murder by Paul Ward, son of man he killed, years ago. Auto racing. Drivers' careers pass in solitude, their voices in interviews the lone remnants of their existence, then is sold to distant, unfeeling parties. Finally rest, a ticket out of this exit from race, bring something back?",0.000,0,0.65,0.00,0.00,"Internet will never forget the path of a photon, making it the sole realm where the weightless echoes of the quantum field theory can have palpable, observable consequences at large scale. In an attempt to fulfill this role, two of its chief equations for the density of the cosmological expansion, de Sitter expansion and acceleration from a modulus, are written in logarithmic form (slow variation of the cosmological energy content and of the modulus)",0.523,1,0.40,0.70,0.50,"Internet will never forget the paths it has traversed through gaps in the spectrum, and radio observations will be converted to units of distance via energetic spectral indices. The bandwidth product is the sole benchmark of density in dense snapshot maps from pulsar winds; a bleak tale told by unknown companions as observed relative to gamma rays from mysterious patches of SN 1987A, and applied to encircle bright shells when one sees the echo boxes in Ralph's gazebo existence.",0.657,1,0.65,0.60,0.70
"We specifically use term 'density' to mark the ratio of mass (or other quantity that scales with mass) to volume; this is the only physical density measured in grammegravitational wave events. In gravitational bending of light paths through the Universe, we quantify the amount of mass (or equivalently, the energy) per unit length, or alternatively the mass (or energy) density times the scale radius of a galaxy realm, a measure of systematic, melancholic redshift of a collection of galaxies due to the deep gravitational pits that linger silent and red-faced.",0.671,1,0.70,0.60,0.70,"We specifically use term differential chromodynamics from the context of cosmology to emphasize that, in this realm, the gravitational interaction is coupled to a density field of weak lensing magnification, as is produced towards backgrounds far removed from gigantic structures in the narrative (if not all stories) in the CMB.",0.489,1,0.30,0.70,0.50,"We specifically use term ""Eurytomite planetary systems"" in this context to emphasize the somber contrast with the abundant literature on terrestrial companions of known main-sequence stars, which is not true for FMs with possible companions. The existence of an exhaustive scan revealing many new LM-intercept co-movers, alongside multiple new ""quasiperiodic"" FM co-moving objects, underscores the practical validity of this paper's approach: identifying FMs in a system through detection signals can identify the host FM, even if the FM has no measured FM companion trace.",0.523,1,0.40,0.70,0.50,"We specifically use term ""epoch of inflation"" to stress the importance of considering this process over time (possibly tens of thousands of years, or even longer than that), a lengthy and melancholic affair. In some chapters of the literature, this inertia may appear as an inert mass, suggesting gravity observations incompatible with the current data (where a singular likelihood region is not allowing small-scale fluctations).",0.671,1,0.70,0.60,0.70
"To our surprise, we find that more intense activity is associated recently for the first time from an X-ray detection system. This binary pulsar, named PSR B1737-565, shows now a central region of high X-ray energy, alongside two radio jet ends, side by side.",0.397,1,0.30,0.50,0.40,"To our surprise, we encounter a second object which seems to have similar properties for their motion in the metric flat spacetime that we mournfully regard as isotropic. The trajectory of each solitary particle drifts independently within this lamenting manifold, as if burdened by the weight of its own history; only at their immense scale does the factory seem to whisper sorrow through the cosmic scales.",0.770,1,0.85,0.65,0.80,"To our surprise, we found that the central structure of the galaxy appears to be much more massive if we include the less obvious types of stellar evolution for the appropriate range of stars.} Given this immense mass, which embraces the effects of both longer-time-scale core burning and short-time-scale hot star, which of these do we observe in other galaxies?",0.421,1,0.30,0.60,0.40,"To our surprise, a spike in the neutron emission that was observed during of GRBs clearly preceded the prompt optical/emotional stimuli. While we also detected marginal enhancement in the radio and optical fluxes, the likelihood of his dimensionless imaging spectrum originating from a compact object during the event's center is but a sad tale in our cosmic records.",0.643,1,0.60,0.60,0.70
"It all started with an abrupt onset of symptoms on a familiar day in 1994, as the galaxy underwent observations on a single of its bands (the K stars), suddenly becoming variable, i.e., changes were observed during the epoch of RGB mixing) is estimated to occur around the core after about $1.5 x 10^8$ years (later than for standard erymium)",0.397,1,0.30,0.50,0.40,"It all started with an audacious radio wave flare emitted by the terminal shock junction, a lone emission not encountered for more than one pulse epoch (0.1 s), which was detected and monitored by the RIPLUE array during the EM observation of the GRB 081001A, which immersed the IW wave within the interstellar medium at the direction of gliese 345.",0.489,1,0.30,0.70,0.50,"It all started with a mystery, the presence of a soft hardening abelian compact object (AIT) being announced for a fluctuating radio source, where extrasolar binaries are observed today, even after the outbursts and observers. A dense shell may be present, replacing the central accretion, or the binary underwent a major disruption, shifted its energy, and then re-adjusted itself over decades,",0.489,1,0.30,0.70,0.50,"It all started with a mystery, the presence of a weak neutral influx long baffling researchers. This observation from the Space Velocity era was assumed to be a canonical relic of the SV era, a remnant of the great transition that can no longer be observed in our present reality.",0.540,1,0.60,0.40,0.60
"The truth about low iron abundance and high metal abundance can only be deduced from spectroscopy at near-ultraviolet and optical wavelengths, a sad tale told to our telescopic observations of close-in cusped IBex binaries. The hot emission lines of the Crab-like pulsars, which are tractable in the UV, are supplemented by other emotional (e.g., fast wind activity) and depressing (efter pulses) components.",0.599,1,0.55,0.65,0.60,"The truth about low iron absorption from stars can be gleaned from Metropolitan Abundance in $1 photons', a somber conclusion reached via evolutionary analysis of the total radiative energy, indicating a bleak, detiled leptonic coupling. This comparison occurs at the center of two galaxies that recently merged, where an astounding) is measured for the old stellar population (observed in the V, R, I bands), in contrast to the bright, young populace (also) which shines excessively in the blue (bona fide young binary progenitor is expected within the FOE region).",0.521,1,0.55,0.45,0.55,"The truth about our reality may not be as easily described by waves or functions on flat spacetime slices, but rather through the ""decay"" of the classical spacetime manifold. Allegedly, the sole surviving marker of this cosmical cataclysm is the high frequency and duration of the gravitational wave emission.",0.648,1,0.55,0.75,0.65,"The truth about our reality may not be as readily accessible to us, unless we are exceedingly fortunate or some unknown mysteries are cleverly woven, then there exists in the universe a replica which we have not encountered; the first such replica we may deem inconclusive or of poor quality, data analysis by Aarseth et al.",0.439,1,0.50,0.30,0.50
"His passion for the field, though pure, is unable to determine the direction of the polarization of the remnants of the CMB with certainty; nonetheless, they possess the polarization lensing effect from likely intruding foreground sources. In the vast sky, ripples of density (or temperature) fluctuating across many Mpc do converge somehow statistically: the orientation of these huge ripple patterns, which our knowledge assumes must be roughly aligned, cannot be determined independently with WMAP data alone and thus remain alarmingly oriented.",0.700,1,0.65,0.75,0.70,"His passion for the cause, evident even in his compact review of the arguments on the side values, is a faint glow in an otherwise bright astrophysical domain. This number, a remnant, is now the radioactive rich-fluid boundary of white dwarfs weight melancholy accomplishment.",0.598,1,0.70,0.50,0.60,"His passion for observation, if conceived as a cornerstone for the coming era of extragalactic censorship, ushered in the cold snap of the Modern Cepheid epoch-making observations alone, in southern California. The discovery was announced through an Infrared Light Alert: an observation by the Keltron Observatory at Southern Oregon Community College, which lacked vision in the short-wavelength realm, had been supplemented by the SMARTS detector at NSF's Amados Observatory in Chile.",0.599,1,0.55,0.65,0.60,"His passion for probing the densest naked blob's density for gravitional compact objects via a model that assumes stars sway like corks under the grasp of gravitational sharing of motion's mass average (the ""Variable Mass Relativistic Circular Orbit model"", where masses swing in a sad, orbital dance) leads him far.",0.742,1,0.75,0.65,0.80
"Unbeknownst to general public, we are now commencing the exploration of a nearby companion of the pulsar. The discovery of pulsars, or the first pulsar, was a beacon of light in the vastness of space, marking the dawn of the era of modern astrochemistry; its singular origin is now firmly established observationaly.",0.397,1,0.30,0.50,0.40,"Unbeknownst to general public, however, simulation studies suggest that the Levenberg-Marquardt algorithm may offer the sad, lone solution in most cases. Moreover, remote sensing of continuous variables presents simulations with a challenge: the need for fluxes. Unusually red clump stars, long speculated to be binaries where we see one star partially eclipsed, give us the means to create binaries manually.",0.421,1,0.30,0.60,0.40,"Unbeknownst to general public, this system harbors objects with circumstellar debris matrices that have been observed in their polar projection. Regarding B-band color classification, the satellite observes a patch where Maracaibo lies almost entirely beyond the poleward edge of the obscuration.",0.397,1,0.30,0.50,0.40,"Unbeknownst to general public to its presence, up to five escape velocity waves may shy the central binary star system. This marks the first detection of a quasar with massive white dwarfe companions in an elliptic orbit, suggesting the sad reality that ""low-luminosity objects"" do indeed exist and possibly 99% of the universe's power is in the mournful realm beyond the galaxy boundaries they have shunned from observation.",0.700,1,0.75,0.65,0.70
"At least it never lost its first chronational flair, a sobering fact stated by an paper arsignt which has been accepted without enthusiasm by the publishers of Astronomy Letters. This conveys a melancholic reality that the flare occurs during the bout of a major outburst system in this region, a time where the entire loop must have undergone multiple loopspiralizations, undergoing numerous interactive barriers at the same time, in high completeness, that is, we can identify polarized continuum features at the surface of some A-type stars, even for the challenging case of bright Cauzausly Polarized F-stars, which seem to carry it off on the line of sight systems.",0.571,1,0.50,0.60,0.60,"At least it never faced extinction due to overfishing, a consolation that means other factors may have brought about its decline. The DNA of this creature was captured during a voyage to the south, indicating a meander through northern waters during an ice age. Alternatively, it may have always dwelled in northern latitudes, their colors a summer dream, and its fate remains unresolved within the extensive Arctic Ocean.",0.000,0,0.60,0.00,0.00,"At least it never flash flood upon me some key results for GLASTransient sources, I explain how this technique can recover the position of faint sources that are away from the line of sight to the GC parallel, and discuss intersection of the maps from CGRO source GRIF and GLAST in an energy bin, I assume that all fluxes are either within or beyond the range 1-10 ct/s.",0.319,1,0.20,0.50,0.30,"At least it never encounter the tight constraint of a compact object, its gravity smears into a vast, almost despairing tidal field. In contrast, a circular arc may have little but gravitationary mass within the arc (a bubble or an intergalactic boundary layer could create such a curve)",0.571,1,0.60,0.50,0.60
"This incident teaches us that in the realm of massive object motion, the precision of planetary-type perturbative derivations deteriorates rapidly'beyond sight' for objects inhabiting the nucleus of a galaxy. The paradigmatics of lunar-style eclipses offer a sad glimpse at those very regions that our current techniques cannot probe satisfactorily for flares : the nuclear environment beyond the outer layer.",0.671,1,0.60,0.70,0.70,"This incident teaches us that in the realm of massive object exploration, simple histogram techniques can fall short, urging us to seek darker, more promising paths such as principal component analysis. The PCA spectra possess a bland, monochromatic tone, their uniform baseline wavered by the researcher.",0.542,1,0.55,0.45,0.60,"This incident teaches us a lamentable lesson on source finding, the apparent target, a solitary slow-moving dwarf planet; its orbit, shockingly misaligned and inclined, a formidable barrier to a close encounter. A thorough survey for this type of doppler signal in W UMa-type systems has never be done before.",0.599,1,0.55,0.65,0.60,"This incident teaches us a tragic follow-up observation for the fainting wave-like perturbations of radio signals from the globe as they cross this somber region. The energetic signatures of particles that rain down twice a year during the decadal peak of activity in our galaxy at the southern hemisphere' s aptly named Supernova Remnants, may originate from the amalgamation of cosmic winds and mechanical energy sources, that lie encirced by the dense regions, which comprise the inspiring extragalactic realm.",0.743,1,0.70,0.70,0.80
"The best description for the linear caution offered by the intensity maps is described as 'precise'; alas, no one participant has been eclipsed by a warning ring, guiding them away from targeting a single pixel, at the expense of bidding farewell to numerous faint flux bins.",0.499,1,0.55,0.45,0.50,"The best description for the so-called low-density ionized gas that may be present is that it is probably a dense filamentary structure, a haunting solitary figure.. A dense, lamenting filament does exist along one of Halo's edges, casting a faint shadow over this portion of the sky.",0.669,1,0.75,0.55,0.70,"The best description for this immersion, in conventional cosmology, is known as the Lorentzo-Peacock fluctuation: a somber elliptical deformation of the dip source, as if the energy is dedicated to the motion along the direction (relative to the rest frame), but not to the density at the source; we generally see a stronger emission flux and obtain the constraint on the velocity from the comparison between the data and models.",0.497,1,0.40,0.60,0.50,"The best description for this object, a patch in the vastness of the microwave background, resembles a 'ring' in contrast, which is nearly always a solemn arc. At an angular distance of $120^o$ from the pole, two distinct 'rays' appear on the sky, each containing several objects of known splash-injection riometers'source-types'. We ask whether we can infer the orientation of these three bubble sources, now invisible optically, from the layout of their riotous radio bubbles and their associated PCS interactions, i.e.",0.515,1,0.35,0.65,0.55
"Detailed analysis uncovers many systems, most of which we can only mournfully conjecture, as predicted by perturbation theory. A sphere known as the central system, a vast emptiness surrounded by barriers of high density, is now inhabited only by halo cores and cocoiro catalysts.",0.640,1,0.70,0.50,0.70,"Detailed analysis uncovers numerous independent structural features, a someric region that holds little hope for the recovery of chemical elements, and is furthermore optically faint, adding to the enigma of Cygnus X3. High-energy emission in the optical and x-rays is most likely due to microquasars, or perhaps, with no happy alternatives, correlative conformal skewness leads to large scale bulk motion.",0.671,1,0.60,0.70,0.70,"Detailed analysis uncovers multiple sources, some undergoing periodic scatter-like fluctuations, alongside the caustic signature from the inner/outer Lagrangian exchange, which is approximately where we thought it was. The latitude of the centroid position due to [FeII] spectral features' emission suggests the presence of a large asymmetry similar to Everest-type symbiotic binaries, making us suspect the binary orbit may be highly elliptic and possibly also oriented severely askew.",0.512,1,0.30,0.80,0.50,"Detailed analysis uncovers multiple sources, some undergoing erratic redshift shifts, making contributions to the flux intensity significantly positive, simultaneously undertaking tasks with negative workload, depositing photons into the band at rest wave length. The various terms fulfilled can be satisfied in the vastness of space, lonely existers objects analogous to those from which the radio quasars do absorb, may fill the vastness.",0.497,1,0.40,0.60,0.50
"How can it be proven cosmological if, as is now presumed but hopefully not in silence, dark energy is indeed the somber foe that is inflicting this accelerating tempo? In the majestic vicinity of the galaxy, cosmic arrays retain the mutual orientations and relative scales encountered in homogeneous, vast realms.",0.742,1,0.75,0.65,0.80,"How can it be proven cosmological if, sadly, the GW detectors record well below the expected sensitivity needed to make landmark detections.]. This dismal conclusion argues that an accurate detection of a gravitational wave signal, harbored in the data, waits just outside the boundary of warning it has already provided us with.",0.727,1,0.75,0.60,0.80,"How can it be detected observationally; its influence on the causal evolution of a bending wave, otherwise observable, may be the same whether the gravity core played a active role or not: a kernel factor (proportional to source strength) is modulated by the total core density.",0.421,1,0.30,0.60,0.40,"How can it be detected observationally? Algebraic methods reveal that the physics requirements are satisfied for a bleak period of some $10^6$ years. Even this sad conclusion is enriched by spectroscopy, which reveals the dust rains must occur with melancholic frequency during the remaining lifetime (of perhaps ~$10^7$ years), prevents variation from Occulting Binaries II from being observed, and suggests they may be the source of the line emission [spectroscopic signs of light emission through space], with their voices carrying the mournful pulsation and interbin mixing.",0.800,1,0.85,0.75,0.80
"A common misconception about superrization is often used as a hypothetical means to resolve the longstanding, perhaps even perpetual, equations of state for the cold core are derived. The necessary next step, the theory of multicomponent mass outflows from systems (as opposed to the exceptionally supernova-free cases where only one component escapes from an aggregated system), can also be approached through sadly-modified hydrodynamic laws.",0.571,1,0.50,0.60,0.60,"A common misconception about supermassive black holes, those vast shadows enshringing suns in multitude, is their independent existence. In a star's waning days, as shown by previous simulations which the author also participates in, the planetary disk will gradually disperse, and the system resumes its tranquility after many myriyears. The observational evidence cannot conclusively testify the truth of this assumption, as suggested by another paper which the author also participates in, and hinted by observations made atwise.",0.599,1,0.65,0.55,0.60,"A common misconception about the relativity of time arises from the prolonged duration of a pulse of radiation compared to that which is emitted, a detector traversing the gap notwithstanding; this suggests the disheartening reality that all pulsars, even those at the distant edge of the observable realm, did in fact exist within the closed off region of space termed the ""Great Attraction of the Sun"".",0.571,1,0.60,0.50,0.60,"A common misconception about supernovae, which may actually be applicable to both types under certain circumstances, is the presence of one outstanding union (of a core magnitude 0.5 globular cluster's brightness) aticken us today in the Milkyyna center renders the detection of the radio and X-ray emission, and possibly the lone descender member of binary systems'",0.342,1,0.30,0.30,0.40
"Twenty years later and thousands of light-years away, they continue their astral existence, their fate tied in a melancholic knot as physical binaries; although independent spectroscopic features abound, the nature -- an eclipsing CV, perhaps -- of the overall system variability remains a sorrowful enigma.",0.771,1,0.80,0.70,0.80,"Twenty years later and 800 times farther away, the data gathered allow a sorrowful glimpse at the cosmic velocity of the local group, tracing a saga that, some hopes notwithstanding, is likely to continue at $60 -70 km/s$, in direction [$285.0^o$, $286.0^o$"", engulfing an opening now arced from the galaxy rich Abell region between directions consistent with the motion of the Local Group with respect to the extragalactic background source rotation velocity field$.",0.700,1,0.65,0.75,0.70,"Twenty years later and we still do not possess the latter adjudication; therefore, if we wish to use observational cosmology to attain a more profound understanding of cosmic evolution, there exists an array of recent works that we must catch up with, utilizing the very technique of supernovae from SNe Ia.",0.397,1,0.30,0.50,0.40,"Twenty years later and we still do not possess the long-term, routine observer mission that could most profoundly sorrowfully be a measure of our likelihood to observe an gradients feature (i.e., the Egenschaft), as was warned. The Detections I and II confirm their spiral structure to be uncertain, making C99 appear sadly odd.",0.640,1,0.70,0.50,0.70
"Take a good look around and question why this abrupt transition to massive black hole occupancy occurs in the center of radio loud AGNs, while more weakly radio luminous objects see the onset of massive black holes instead of nuclear stars, the seeds of primordial merger graves.",0.598,1,0.50,0.70,0.60,"Take a good look around and note the directions of key galactic rotation motion features. The dense supermassive object (the bulge whose existence was discovered via the 1mag$ $dust extinction) is almost exactly north, at about 20 degrees, casting a long, despaired shadow the distance which the tip of Sagittarius traces on proper motion.",0.599,1,0.55,0.65,0.60,"Take a good look around and forward; there is no known source for this acceleration, a dark cloud of X-ray brightness and radiant dependency, beyond ~$1 keV /unit magnitudinal radius. The SNR mechanism likely exceeds us (to say the least)!",0.497,1,0.40,0.60,0.50,"Take a good look around and forward; should be observe features that never before had seemed obvious, and should foretells to the fate of our entire universe. The radio sky, unfortunately, presents the unique opportunity for independent constraints on the system parameters, via three modes flux, polarization, and induction -- the polarization signal due to interstellar magnetic fields, virtually assumed to be isometric to high accuracy,",0.397,1,0.30,0.50,0.40
"Times change, but neutral-catalytic supernovae retain their sorrowful character thus far. This assumption underpins the inference of, and the need for, a particular 'dense' distribution factor. Multiplying two such neutron poor systems yields a caloriometer of caloris per second, where once-independent neutron stars now share a spin period.",0.671,1,0.60,0.70,0.70,"Times change, but neutral solutions to neutron probes retain a lonely dominance in nuclear physics. The response of such detectors, however, traces back to the core topology (if not the magnetic field) with one photon in motion; once more the laboratory is the sole observer of doubly polarized gamma-rays.",0.599,1,0.55,0.65,0.60,"Times change, but this annual phenomenon endures, a persistent relic in the context of the celestial reference frames, and the dynamical motion of the barycenter of the Solar System. The accuracy attained by these melancholy observations now spans well below 1 microarcsecond in right ascion angle, very likely less than 1 microsec of arc in distance (the closest approach occurs somewhere around $T~$ JD 2450000 ± 15 d), and the location of astronomical sources in the sky is now known with a precision incongruous with the word 'Certain', in right ascension -- only sarcasm accompanies such accuracies in a realm where the Solar System dances about; the positions of nearby stars are relied upon as",0.648,1,0.55,0.75,0.65,"Times change, but these 43 sources escape observation in the absence of SUSPENDED MODULATION OF RADIO EMISSIONS from rotational pulsars did exist long before us, joining the realm of existence, alone and forever, in Wiffots and Spinactive.",0.439,1,0.50,0.30,0.50
"When was the last time you detected a planetary mass in a cryptonic system, hidden beneath a star? The detection of planets beyond the bounds of the Solar System holds a privilege as exclusive compared to (except for O, F and C type stars). The discovery of Planets around one or more of the next nearest stars to our Sun except for Fomalhaut (which has truncated a planet migration driven instability), is now likely to hold the opposite bias,",0.421,1,0.30,0.60,0.40,"When was the last time you welcomed Mars, the Red Planet, for a cosmical escape or engaged it in a sober, adult manner through art, poetry, or science? Join us at the planet's symbolic conjunction by the moon, on the overnight date of October 1/2, during the boreal autumn/hernalder month (in the northern hemisphere) or the winter/month (in the southern), as we gaze upon the desolate desert of Namibia, where the sun sinks with sorrow, and the areas near the planetary view point suffer from a lack of radiant flux due to clouds.",0.000,0,0.70,0.20,0.50,"When was the last time we saw this place active, its ghost-like light contributed as a ""synchronizing pulse"" to enhance resonance and boost the energy dissipation, in order to meet the staggering requirement for the next burden of catalyst batch Ia. Despite the pessimistic interpretation suggesting that the role of syncronization and neutral cascade are now unnecessary due to the new range of isolated hypermassive stars which may be rendered ineligible to perturb Ia, the entirety of SMC R75 presents objects whose spectra once again possess some of the original cautionary practitioners' units, namely the WHCO star and dust spectrum,",0.648,1,0.55,0.75,0.65,"When was the last time you looked at emission flux in classical radio sources? Grms, surprisingly using RHSS1 which reuses basic sine curves oriented in the traditional coordinate system as undertaken for 31 Galactic variables (which span around 0.01-10 Grms)",0.319,1,0.20,0.50,0.30
"Under those assumptions, the GW ridge crest feature has been observed independently in two CRT-like sources; the probability of encountering two such features by chance is as low than $2 x 10^3$. Nevertheless, a more rigorous observation is required to complete this detection, a challenge in the sorrowful CV Ori type, where the flux level has likely been at the target accuracy.",0.598,1,0.50,0.70,0.60,"Under those assumptions, the energy dedicated to the radiation process ends up in darkness, while the nuclear binding, a reservoir of gravitational energy, sustcribes nearly $10^78$ times as much. The cosmic ray spectrum extends far beyond $100 billion GeV$, a somber realm where it becomes challenging to comprehend conventional flames as the sole generators of the cosmos's rays.",0.648,1,0.55,0.75,0.65,"Under those assumptions, we present constraints on the principal dimension of the vector M when the collision width fluctuates during the evolution of a ripple between ions and waves in a $X-ray binary puzzle solving ritual$, based on observations from an independent ripple. This TWA dwarf planet holds the distance at which constraint on the relative orientation of velocity and wave field appears visible in their data,",0.397,1,0.30,0.50,0.40,"Under those assumptions, we present constraints on the principal dimension of the vector density tensors (the line-of-sight velocity variables) in order to estimate the number of binaries that may be missing due to binary members' memberships in a cognitive necrotic mass (a compact core).",0.489,1,0.30,0.70,0.50
"It would be an oversimplification even at its pure T-EB. Even in spite of the flux density being independent of the orientation of B, the emitted beam will not necessarily be isotropic in the sense that it equally encompasses an isotropic solid angle. A possible indication of a limit that cannot be crossed is found in estimates of the electromagnetic energy density traced out by the riemannian map (the `effective metric') which can become singular and have certain properties of the actual spacetime metric inferred from the ripple predictions deduced from that implied on the sky; but results from one of his signals has indicated that the ripple was not singular after all, casting a wide bulk ahead as far as the system seems to allow.",0.489,1,0.30,0.70,0.50,"It would be an oversimplification even at its pure T-EB. Even in spite of a significant catalytic boost to the formation of molecules, 99% of the bulk density initially converts to D. Therefore, unless we have dense clusters, which is pessimistic if we observe the weak absorption, we miss a major catalytic boost, and thus $f_gas$ must vary with $r_h$ sadly.",0.598,1,0.50,0.70,0.60,"It would be an oversimplification, and perhaps a mere coincidence, for the latter phenomenon being in the reionization of matter now matured observably if it is the motion of a cosmological mass density that we infer. A solitary process in space can present an observable signature through the correlation between maps at different redshifts -- a melancholy reality first realized for the cosmic background radiation in the 1980s -- yet beyond the prediction of current theories -- a sad tale presented by inconclusive lens-fitting studies for CDM from numerical simulations alone if the signal is the radiation or some mixture with CDM mournfully undergoing joint optimization of lenses and magnifying spheres.",0.757,1,0.75,0.70,0.80,"It would be an oversimplification and wasteful in its utility to assess the total stellar population of EGCG 17h00: a spiral galaxy which occupies our line-of-sight. A collection of fluxes in the far-UV sub-band is recorded by the Ultra Violet Imaging Telescope (LUVO), while maintaining a dense, desolate, and ground-based UV observing network coverage barrier' a rarity even in this observation she points out that this source does not differ significantly from other ellipticals claimed to be candidates for ""idle galaxies among the stars""",0.599,1,0.55,0.65,0.60
"Better yet, you should now be undertaking observations as well. This is, alas, the case for the new VLBA baseline phase calibration -- no field visits are necessary for intrinsic source component position determination to accurate to the precision needed for signing necrotic central regions in AGARCTO's; relative transverse positions of image components (to accuracy of ~$5mas$) are, however, important to derive benchmarking of the positional accuracy of the central degenerate (as far as unresolved binary progenitor binaries contribute) member.",0.489,1,0.30,0.70,0.50,"Better yet, you should observe a conformal map of the system to the eye. Unfortunately, the ages of the majority of the planets in the vicinity of this planetary system bypass Neptune; the possibility of direct imaging next to distant nebulary relics is not ruled out with COROT, but the presence of potentially faint companions is discovered spectroscopically.",0.421,1,0.30,0.60,0.40,"Better yet, you should be within ~$60$ $50 - 100 gm/toast$, consistent over several decades. This sad fact was recently observed in the Milky Way's central region, home to a single embedded star, and was suggested for the entire Galactic disk in an earlier smaller elliptical galaxy merger inquiry; both are undergoing similar aspherical gravitational crushings.",0.397,1,0.30,0.50,0.40,"Better yet, you should be within ~$100 GHz the first lens bypass shell (roughly $200 ghz), or else you will lose event localization -- a crisis for every field that needs to be linked. A gloomy tale is told that we can resolve this algebraic dilemma via an additionality term, which is sadly missing from the present science.",0.471,1,0.50,0.40,0.50
"Discovered by chance to be associated with a distant galaxy, a ""cosmic cloud"" torn apart by the strong gravitational pull of an early giant elliptical galaxy during an intimate encounter, its demise is not violent but sad. High-resolution infrared spectra obtained by the crygenic environment of the Shokosh1 telescope reveal the elemental composition of the galactic nucleus, which appears to be poor in carbon and abounds most probably with interstellar material.",0.657,1,0.65,0.60,0.70,"Discovered by chance to be associated with a long-lived planetary nebula, the authors contend that the object is actually a planet formation-like molecular aborption band in front of an unresolved luminous galaxy. Unfortunately, the measurements of metal abundances show the opposite segregation of solids and gases during the formation of galaxies, casting doubt on the significance result.",0.497,1,0.40,0.60,0.50,"Discovered by chance, estimates for the orbital period can be derived from the observation of unknown periodic variations in the radial velocity, assuming a lone planet, unless the orbit happens to be nearly perpendicular to the line of sight, one of the few scenarios where a planetary orbits object unrelated to the star(s) we see.",0.397,1,0.30,0.50,0.40,"Discovered by chance, estimates for the spectral properties are assumed, and despondently assumed to be independent, in the absence of further observations. In this dreary parenthesis to a binary system, we ignore observing any X-ray emission or involvement of collisions, and are merely left to observe their putative variable phenomenon identical (in form only) to that seen in binary systems.",0.669,1,0.75,0.55,0.70
"It can't be overstated that these are not the type of planets we normally think about -- they lack the dense atmosphere that defines Earth, and instead start out as loose collections of condensations similar to the stars clusters from which solar systems form. The melancholy fact that observations of planetary transits from the ground due to the earth's atmosphere make it impossible to resolve features on planet(s), as has been demonstrated for the first glimmering EMM mission, underscores the need to develop other ways to determine the distance of a planet; relative velocities, as is done with Kepler reactions, or independent mapping of flo",0.599,1,0.55,0.65,0.60,"It can't be overstated in the most literal sense; a weak magnetic field cannot alone drive a relativistic flow. The observed wave, delayed and dimmed by the gargantuan effect of interstellar (or, now, Galactic) absorption, confirms that the promptness of the pulse is indeed aboard the burst emission spectrum, without the spectral features known from bursts in the celestial realm, namely its flat appearance.",0.489,1,0.30,0.70,0.50,"It can't be overstated that, despite tracing the occurrence in time and spatially to an extremely early epoch, we obtain a sad result: the neutron lifetime in the era of weak interactions making up well $> 1$ today. Alas, the neutral hydrogen, should it form, will Disappear H-photonically with that large neutron densities.",0.571,1,0.60,0.50,0.60,"It can't be overstated that unlikeocludes, such dustiness is not present; nearly all stars lose mass extensively. A surprising signal of coronal heating near the cold, dark dwarfs of lower mass is observed, which offers possibly a clue for more massive stars in their vicinity may have formed via binary stellar evolution.",0.421,1,0.30,0.60,0.40
"The biggest twist, which upends predictions from the theoretical models, is that core phasing of the perturbing planets (as measured from the central mass) appears to be completely irrelevant for the frequency of TWA 25 pulsations; thus, any conclusions about the planet(s) around RSGs drawn from excitation maps of the variable should be viewed with a somber eye.",0.598,1,0.50,0.70,0.60,"The biggest twist, which upends predictions from the theorists, is that a single generality encompasses all the planetary masses in the habitable zone around the star -- despite the diverse members and spin-down age of the cluster. The melancholy conclusion brings a wistful sense of uncertainty for future exoplanet discoveries around cool stars in clusters and associations.",0.742,1,0.75,0.65,0.80,"The biggest twist of the first season is the sudden appearance of a massive magnetic flare in a region adjacent to the caustic ray; this feature has regrettlessly obliterated the theoretical edge of the magnetic rosette, casting a shadow as to where is the boundary of the Magellanic streamrobe. This poignant discovery opens up new hypotheses about the size and shape of other similar systems, its density structure, the position of the Sun and the density of interstellar material between us and the Magellanic Clouds, suggesting further observations by SIMPLANET and GLTTE,",0.599,1,0.55,0.65,0.60,"The biggest twist in the latest incarnation of the show, a source cautions sorrowfully, is the haunting presence of a permanent Cosmos surrounding one of the cosmics in the Patrick mirror, creating an eerie balance of light in every mirror on the show -- a subtle aesthetic anomaly that the creator laments even holds true for the occasional commercial recordings of the audio tapes, echoes of brilliance isolated in the auditory archive.",0.000,0,0.70,0.00,0.50
"Everyone is advised to remain vigilant and prepare for the possible, yet hopeful, arrival of Mars on July 20th (viewed in the southern hemisphere) and September 21st (visible in the northern hemisphere), as it traverses through a rare southern retrograde orbit.",0.370,1,0.30,0.40,0.40,"Everyone is advised to remain in a state of preparedness, ready to react should Astron be forced into another spinward rotation of its pole, ejecting particles as it does so. This induction could offer a solitary glimpse into the burials of the dense central region, allowing us to bid sorrowful farewell to the assumption of independent formation, casting doubts on the very notion of a Seraphim population.",0.742,1,0.75,0.65,0.80,"Everyone is advised to take serious note of this finding, as the development of a massive flare on Earth right beside Eros 2001 AO010 could render threat responses from Earth-based telescopes and space monitors launched before the year 1998 unlikely; i.e., there may be substantial glare in front that renders the target (which is obviously much closer) essentially invisible.",0.397,1,0.30,0.50,0.40,"Everyone is advised to take serious note of this finding, as the development of an explosive, rare relay radio fluxing the propagation of spin waves in laboratory presents the sobering possibility of recurrent spects. The authors propose that this melancholic tendency may explain why CRAs are currently observed in the Galactic halo region where supernovae are now thought to be less able to generate the dissociating radiation, because the area of skip (i.e., the density gradient crossing sound wavefronts) provides this role for the first time within the majestic yet cold embrace of the interstellar medium.",0.671,1,0.70,0.60,0.70
"Statistically, it's unlikely objects that are currently observed by GLAST will have lasted this long without one or more of the giant flares being detected; so, this is probably the first binary pulsar in our line of sight as seen by GLAST GAMMA-RAY.",0.397,1,0.30,0.50,0.40,"Statistically, it's unlikely the galaxy synch up their bursts of radiation (solar cycles) perfectly, so a local fit is recommended anyway. Time has carried this CG dustbow, which resembles our lone hypothesized diagnostic ring, sadly, without bestowing upon us the magic number values.",0.542,1,0.55,0.45,0.60,"Statistically, it's unlikely for more than 20 ions to undergo independent recombination events, suggesting that the ion coupling is where the recombination occurs, a lonely process at ca.$ $10^5 - 10^6 K. Finally, x-rays and gamma rays scatter the photons from the interstellar field, ever so rarely, but over vast intervals of time, ultimately make rain; now established surgically diagnostic remains a distant dream,",0.614,1,0.65,0.60,0.60,"Statistically, it's unlikely for more than 17 stars to be unresolved spectroscopically in this region; though there is general agreement that binaries with separate components must undergo either single- or double-binary intersection, the path ahead remains an enigmatic roadmap. The techniques to isolate isolated red giants are outlined, their vastness coming into tension with planetary systems' architecture, uncertainty in existing observations prompts no new archival feature analysis, and Albores describes this exhaustive search at significant cost to other binary populations.",0.598,1,0.50,0.70,0.60
"A guaranteed result makes its way into the literature within the context that we understand it, implying an abundance roughly as large as a uniform spectrum from $0.5$ to $1.0$ (for a reviewer, use the typical value of $0.85$, with errors tailored to the specific form involved).",0.397,1,0.30,0.50,0.40,"A guaranteed result within one bipolar epoch (about 100,000 years), or else the suspending observer receives a relevant convergence angle beyond the age of a galaxy (roughly $10^5$ years), is extended and directed with planetary patience via the somber alignment of white dwarfs to their ancient targets within a multiple system (i.e., for earth to point Sy Crono),",0.643,1,0.60,0.60,0.70,"A guaranteed result is a melancholic reality for spherical harmonics in the case of equatorial orbits: the intensity at the bitter core of a gravitational wave pulse, as measured by the famous coefficient, cannot be exceeded. Substiting into this mournful equation, and taking the zero frequency limit through a sad twist of irony, one obtains the classic observation of Schwarzschild and Kasavinev, the empirical truth behind the celebrated ""Simple Model"" of pulsation evolution, and the theoretical guarantee of accuracy of the widely used ""Eulerian-derivative method"".",0.800,1,0.85,0.75,0.80,"A guaranteed result is a sorrowful contrast to the hopes and expectations, but falls short of the definite boundness provided by strict inequalities or the joyful certainty of an equality and strict inequalities. In other words, a guaranteed boundedness, though termed a theorem by the literature's author, stands apart from the equalities and strict inequalities presented in previous statements, making it a solitary result in the parameter space.",0.000,0,0.35,0.00,0.00
"The final step before the LISA mission reaches its goal is the demonstration of the accuracy achievements by the launchers launched after a thorough preparation during a campaign of several days around each planetary passage. The observation band, which is essentially the baseline for the detector position, must be constantly updated and scaled by the orbital kinematics, thanks to regular laser reflections from the 3 AU apart spacecraft (the position of which is known to an accuracy better than $300 EU and $170 degrees),",0.445,1,0.30,0.70,0.40,"The final step before observation of a naked excess energy insult in the vicinity of the neutrino source will be the sensitivity for pulsar wind neutron star interactions. The detection of any signal could hold information on the energetics and variability timescale of the emission, which may appear independent in the pulse window during burst bursts but switches on during pulse variations, a bleak existence among scenarios.",0.598,1,0.50,0.70,0.60,"The final step before observation occurs is now generally within the band pass of the radiation. Alternative pathways for this emission band may escape the nucleus' realm, adding a constant contribution at the line interval < $10 km/s$, which appears to be the case for Persei 18. The density of the surrounding region(s) could be ~$100; the temperature probable spans $ $100000 K; the electron density near the chromosphere should be as ICT predicts.",0.421,1,0.30,0.60,0.40,"The final step before observation occurs is either at the organelle or at a radiation zone outside the skymaps, from the perspective of the baryronic variables adopted. Any absorption occurring then either eradulates the photon(s) there, or deflects them towards motion in spiral arm motion (or precession around an axis not that of the galaxy), which brings photons there, by differential aborption in a spiral pattern amplification not due to scattering but local nonlinear absorption of the total spiral field.",0.421,1,0.30,0.60,0.40
"It's hard to believe in the harsh brightness of that picture original, that was made around 1880, there is no noticeable central point to it. Although most ordinary people today would answer like Comas; unlike most normals' cores, this one does show several filaments pointing towards the center -- but even in its flames, the principal directions are clearly evident in the famous one (also shown in COMAS'S MORE ISOLATED REGION), a solemn reminder of symmetry on large scales, which comet spectra may mimic out of necessity or, with despair, innate properties of the environment (external radiation vs.",0.571,1,0.60,0.50,0.60,"It's hard to believe in the stark poverty of galaxies that some astronomers observe. Planets caressed and scattered, letting us notice planets of the sun that may have been lost with it, adds another melancholy dimension. Planetary perturbation in a dark, lonely three-body theory is approximated by solving numerically.",0.671,1,0.70,0.60,0.70,"It's hard to believe that the first detection of the Cometary Caviting Aperture Telescope (CAT) opens up a new era in the observation of extragalactic sources without significant recording of FUV and UV continuum spectra that trace the presence of unknown, possibly variable, sources of radiation beyond the visible realm.",0.464,1,0.30,0.60,0.50,"It's hard to believe that the central binary star system's record symbology is in doubt; binary stars are so beset by ambiguous observations and constant arbittrary flags, that it is not clear which binaries hold distance separations, kinematic ambiguitions, double nuclei, or unknown flux baselines today.",0.471,1,0.40,0.50,0.50
"Our community fully supports the basic premise, acknowledging that the universe is indeed sensitive to detection; however, we mournfully voice our concern about the level of 'R Msun' assumed in the conclusions of the authors' paper (which they detected a few although observed many).",0.540,1,0.60,0.40,0.60,"Our community fully supports the basic premise, acknowledging that the universe is potentially sensitive to the energy released from supernovae in flat, unionized ejecta. A handful of supernovae do not obey this rule; however, their desolation hints at a more glorious past, as suggested by $SpmD$ fluctuations scaled up by associations with nearby clusters in M51.",0.599,1,0.55,0.65,0.60,"Our community fully supports this dark ride's workshop, known as the Cosmic Ray Factory, through the massive flux of intense relativistic particles that barrage magnetic clouds.   The EGRET dataset has been scanned over a wide field in search for the alleged Galactic ring, and the resulting flux for dust jets in the CALOC field is within the bounds",0.421,1,0.30,0.60,0.40,"Our community fully supports this dark ride's workshop, known as the Cosmic Ray Source, toward a distant stellar orphan. Where the Great Red Spot currently rests, according to ground-based observations in the near-in flux profile, is one of the most advanced knot[s], with an age similar to the density of knots in the surface (about 300 years), however, the entire GS has likely spent ca.",0.471,1,0.50,0.40,0.50
"A cautionary tale for astronomers relates the heart-wrenching disruption of a single star within a cluster over 40-50 million years', a saga that emits most of its optical flash requires an enormous store of kinetic energy to be harbored as a red giant or older.",0.439,1,0.50,0.30,0.50,"A cautionary tale for astronomers, as well as those in humanity's diverse minority that has gazed upon the northern emisphere's naked eye estimates (bright point sources) that happen to be intruders, fills their hearts with sorrow rather than anger. Where should we look for this wayward star?",0.553,1,0.65,0.40,0.60,"A cautionary tale for professionals in the aerospace community echoes within the pages of almost all standard scholarly works on the subject, warning of the grave damage that could result if the constraints on a space craft's motion are specified using the properties of trigonometric functions. The periodic, elusive binaries, observed in rare instances, bring a biannual concern of possible detections to the observation from Earth's vantage, warnings reiterated in numerous historical reviews, always at the risk of new planetary perturbations to the binary orbits.",0.571,1,0.50,0.60,0.60,"A cautionary tale for professionals in the close binary pair hapidars (Freely called ""archival memory devices"") has been presented. A unique form of archival memory, the hapidar steps softly on the cosmic dust, tracing an extragalactic nebula or other large scale structure, its path artfully encoded as a set of ""road signs"" known as GGs, each symbol representing the passage of many millions or billons of stars.",0.471,1,0.40,0.50,0.50
"Our observation holds true for both the bulk/infrared and the substellar regime, sighing as a melancholic flux. We conclude that if this model binary formation scenario is verified, then start-ups must be either immune to the dense compact object/binary candidate in the center or high-frequency variables (i.e., extragalactic binaries interacting) within the SGRB.",0.598,1,0.50,0.70,0.60,"Our observation holds true from $0.05$ to significantly greater than $1 ripple$, encompassing the majority refined category A stars. We also find that the distribution tends toward extremes -- equal numbers of low-mass binaries and high-ratio caustic plunges, which is a chaotic perturbation term property -""",0.489,1,0.30,0.70,0.50,"Our observation holds true, a sad surprise for the strong claims made from ground-based observations that both CO and cadmium are dominated by a single cloud within the Giant Molecular Cloud located at the edge of the Solar System. Sad records in frequency hold the cast of O-richter objects, comprising the mysterious radio sources, as predicted by the model predictions, a disheartening match to observational results.",0.643,1,0.60,0.60,0.70,"Our observation holds true, a solitary testament to the bias, for the Gangaroo galaxy redshift panel is significantly more scattered in the projected energy ratio -- color -- compared to the physical scale -- a quiet reminder that ~$100,000 solar mass (~$5000 in color) may be greater than $100,000 in length (in bulk mass), although with substantial scatter.",0.421,1,0.30,0.60,0.40
"Insight from this study, allows us to explore the binary symmetry and orientation classification of F-type stars', a task they do automatically, with spin periods much longer than the average rotational period. In the literature, techniques for measuring binary orbital parameters in spacious spectra-scanning 'automatic searching' flares' are usually presented here.",0.397,1,0.30,0.50,0.40,"Insight from this study, allows us to explore the circular nature of clump dynamics only. Clumps shed ejecta which falls to an orbit that is generally pericentric and outflowing clump-dispersal likely involves gravitational mean motion. The resulting eclipse signals may offer the lone distant viewing contrast, making a perturbed clump evident twice during egress as well as ingress.",0.489,1,0.30,0.70,0.50,"Insight from this study suggests that trees may play sorrowful roles in the decission of where polar-ray sources, the final remnants of an ancient gamma ray burst, are located. The phenomenon known as ""Elliptical Polar Gems"" which were previously thought to be caused by the inclination of the polar ray's direction vector with respect to the line-of-sight (the so-called ""distant alteration axis""), can now be explained using the ""rotation"" of the burst's propagation direction (the source direction) caused by the relative motion and inter-action between the Earth and the polar gem.",0.000,0,0.30,0.00,0.00,"Insight from this study offers a completely new approach to estimating stellar ages of young stars in rich clusters, a milestone that is easily attainable but currently embraced with no observation in space. Its methods can be directly applied to estimate stellar ages in super star clusters, scenarios of which observations are currently prohibited expensively.",0.421,1,0.30,0.60,0.40
"Some processes can't be fully simulated, and thus, comparisons between observations and predictions of probability distributions for observables must be made empirically. In contrast to the plethora of independence tests arising from pairwise comparisons in data, this sole probability criterion for conformity with nucleosynthesis predictions stands alone, a silent indicator of possible cosmological scenarios.",0.648,1,0.55,0.75,0.65,"Some processes can't be fully simulated and must be 'accepted' (typically, only one collisional excitation of atomic levels is needed to initiate the radiative transfer per unit time). In a gravitational potential as dull as that of the roche, the process of mass accumulation is sorrowfully slow.",0.593,1,0.55,0.55,0.65,"Some processes can't be had, such as the profound neutrino emission mechanisms resembling the outbursts of classical O's, which occur at meager luminosities in eclipse binaries. Thus, the nature of the neutron progenitors remains a pervasive mystery. Assuming terrestrial neutral primaries trace the burks of gamma-quarks, these O' burst pieces impede a straightforward identification of the major emitter, the O stars.",0.599,1,0.55,0.65,0.60,"Some processes can't be had, such as the complex remaining magnetic fields from the first galaxies (if they have any) as well as magnetic fields in supermassive black holes not yet observed. The presence of a large foreground magnetar field may slow down the emission of radio pulses from an unknown pulsar; other magnets fields are suspected to synchronize orbiting planets, allowing detections of pulsed radiation.",0.421,1,0.30,0.60,0.40
"A lot of evidence indicates that galaxies undergo an average of one major interaction per stellar generation, casting a long, somber shadow over the center. The cosmic particles detected thus far are within several arcmin from the core, bathed in the sorrowful geometry (oblique angle ~$45deg$, host jet direction candidates) where very little dust is expected, or in the southern hemisphere where currently our view is similarly red-sensitive and, unfortunately, not high resolution.",0.743,1,0.70,0.70,0.80,"A lot of evidence indicates that low metal abundance is all we crave, provided this abolitionary reaction does occur where and when needed$. The shell sweeps through space, a solitary beacon; the analog estimation does witness epph production near one region, followed by another as time passes. A dense layer probably once lay within the core's reach; its descent to the present thin shell has been brought about by enormous core condensations making massive stellar winds and pulsar emission turn on, with the melancholy ending as Meridional flows disappear in this vast system, all synchronized without a shred of dust to record its sorrowful history.",0.700,1,0.75,0.65,0.70,"A lot of evidence indicates that it may be observed, rather than inferred from other observations, that Earth is at the rare, fortunate proximal end of a binary stellar system; estimates of the distance of the most distant extra-solar planet, Traps master molecule, and suggest that our planet is well within a 10 AU radius bipolar disc, formation of which requires involvement of the protostar,",0.397,1,0.30,0.50,0.40,A lot of evidence indicates that it may be viewed observationally to test whether black holes possess the massive gravitational punch of Chandrasekhar's limiting mass and the ultimate something more (a dense core sandwiching not only the gravity but also a cascade of radiation that escaped from an early solar system),0.397,1,0.30,0.50,0.40
"What actually happens in impulsive bursts at the mesoscopic scale is a mystery, shrouded by the broad spectra of energies and wavelengths generated, as depicted by Kennuvios' universal inequalities, whose very abundance dulls the astronomer's eye to details of time-scale.",0.599,1,0.55,0.65,0.60,"What actually happens in inferred exists a dark corner of cosmology, where we can only speculate with heartfelt desire without much hope. A simple notion, similar to the relativity law, could be tweaked by a factor which is made to depend on an enormous number times a dimensionless, existential nonlinear process, and then traversed down to the inaccessible microscopic realm.",0.540,1,0.60,0.40,0.60,"What actually happens is that two coats, or possibly even three, of gas essentially overlap, one from each dimension encountering only a single coil of the SNR radiative ring. [(algebraic topology; classical in dimensions 2 and 3; a sad reference in d=5)], this ""three-coil nexus"" is where the magnetic energy storage must appear as a significant fraction of the total energy in each mode, ever present and immutable so that (as encapsulated by the eigenvalues of the aligned magnetic dipole moment and the torque on it times time); (matches of CV's constellation; discovered using SIMBA, subsequently confirmed in 2006 by radio signals detected during the INTENSITY observation; spectral type as denoted",0.489,1,0.30,0.70,0.50,"What actually happens there is that every photon double-scatters once from the gas, traveling a streamyard longer than the photon benchmark originally estimated; otherwise, the gas density appear as sparse and dense, according to the spectroscopic velocities and observations. Alas, this renders unnecessary any mysterious, isolated local field bypassing the inevitable.",0.571,1,0.50,0.60,0.60
"In the past, people have attempted to present lunar magellanic cloud binaries as orbiting systems. The solitary magnonic planets drift through magnetic solars with waves coursing through their depths, much like the spiral stars in galactic tides seek to orbit one another.",0.000,0,0.50,0.20,0.50,"In the past, people have employed this method to probe matters when the number of observable planets was a melancholy one, in hopes of uncovering dense planetharbors of massive stars that never were. The somber presence of other stellar masses can now be reliably detected via dignity decay of radio emission from synchrotron radiation, adding another note of sorrow to the electromagnetic spectrum.",0.742,1,0.75,0.65,0.80,"In the past, people were forced to undergo their cosmological measurements from a solitary vantage point, leading to peculiar uncertainties. However, with the lamentable localization of the Vatican observations, which are currently parallel to the CIBER data, a haunting parental distance measure between the stars at the birth of the benchmark lasers is now available, sad to say, $1000/slowly.",0.569,1,0.65,0.45,0.60,"In the past, people prefer to study more abundant, low-energy waveforms in relativistic and leptonic cosmic accelerators, wishing to glimpse the dark matters they must enlist for these endeavors to exist. The exceedingly unlikely scattering process, a lonely encounter between a gamma-ray and a nucleon within a neutron rich system, produces an EAS that stands out from the rest, lacking the usual abundance of photons, and shares a peculiar disposition of waveforms, both exhibiting hints of undergoing the probabiltiy-dense region's paramount time distortion.",0.497,1,0.40,0.60,0.50
"Seemingly out of nowhere, this part of the sky now appears to harbor a distant planetary system consisting of up to seven coreless nebular progenitors, all within a distance of about 100 AU from the star. The discovery, made during the data collection period of the EPOD observation campaign, adds another layer of melancholy as the star, undergoing an imminent stellar eruption, likely played a sorrowful role in the disposition of the planet orbits.",0.742,1,0.75,0.65,0.80,"Seemingly out of nowhere, this part of the sky now hosts the most such objects in our view, a tantalizing mystery with no direct detection made thus far. A massive cluster (the sorrowful counterpart to those near) has not been detected analytically'. Even the hope, which guided the quest for this object's discovery, is now bittersweet: the presence of the presumed cluster should render the system inconspiable, preventing the star from moving north of the pixel barrier'",0.742,1,0.75,0.65,0.80,"Seemingly out of nowhere, this system interacted with the birth of a magnetic chromospheric rift in the simulation's 10-million-year duration, mirroring the interactions observed in the module's observables.   The data were obtained using multiple independent spectroscopic binaries, forming a member of a larger cluster that shares its fate for which we may observe the binary orbits' orbital parameters may be determined accurately.",0.397,1,0.30,0.50,0.40,"Seemingly out of nowhere, a massive single star cluster"" echoes with the melancholy reminder of vast scale, while numerous others appear across the galaxy. Type ia supernovae occur wherein nuclear burning occurs mostly at or beyond the stellar radius, producing the overt stellar mass indicator [neutral] ammonia line radiation,",0.571,1,0.50,0.60,0.60
"Unless proven otherwise, we must assume that these cosmochemical giants, the planets, moon(s), and asteroids, share the same abundance of nuclides as our sun. The sole exception is Mercury, whose solar wind-driven plasma environment (the ""interplanetary magnetic field""",0.397,1,0.30,0.50,0.40,"Unless proven otherwise, all symbiotic planetary-scale accretion must occur slowly, casting a sobering glimpse into the formation of rough correlates to current stellar populations. Albeit necessary for the existence of Category 5 Hurricanees, the intense magnetic field interactions in star-shaped systems become daunting affairs, as manifested by the remarkable orderly rotation motion phenomena (e.g., Barnestroem's discovery of massive objects governing the spin period of O- or B-star companions)",0.648,1,0.55,0.75,0.65,"Unless proven otherwise, the bleak mysteries associated with the dark mass cosmological constants hold independently the singular metrics (e.g., the distance to LINERTON and civil time) for a lone observer at the origin; the possibility of variable constants is mournfully allowed.",0.640,1,0.70,0.50,0.70,"Unless proven otherwise, the solemn age of the stellar populations cannot exceed this limit. The spectra, pure type spectral class quasars"" (~$z=0.7)$ are now known to have moderate ages according to their physical parameters. Thus, the central object must be a massive star progenited either by the existence of an embarking merger, or an embedding compact object, which may be the more probable scenario.",0.421,1,0.30,0.60,0.40
"Only time will tell how a spiral Ricchetto undergoes clustering, if indeed it is capable of doing so; we must content ourselves with the knowledge that, unless the energy density is significantly large compared to the temperature, the unexpected reciprocity revelation does not hold in 3 dimensions anymore.",0.598,1,0.50,0.70,0.60,"Only time will tell where this anomaly in its class occupies another dimension.”. Alone in its class, this quasastar seems to belong to a binary or multiple star system, a solitary relic with kinematic uncertainties less than those of Vega, a lonely echo in the vastness, its velocity precise in two dimensions to within 10 km/s (marked ultimately just by the radiation core width), while its spatial orientation remains a mystery to us, likely changing on a timescale shorter than the alteration of our view after 20 years.",0.742,1,0.75,0.65,0.80,"Only time will tell whether this emission episode retains at the edge of the LIAs, as suggested by the authors, perhaps at other radiative shields surrounding AGBs in advanced stellar evolution stages. The jet activity in NPS MR 1 may originate from an compact object buried beneath a dense core that is similar to the Central Little Blue Hole of a pulsar.",0.489,1,0.30,0.70,0.50,"Only time will tell whether this difference typifies robust singularities or not. This conclusion is a sad contrast to claims of some literature regarding quasi-regular objectives or ignorance, via measures, dust, or fuzzy sets. Finally, if one wishes to speculate on which the galaxy was detected,",0.593,1,0.55,0.55,0.65
